-- phpMyAdmin SQL Dump
-- version 5.1.4
-- https://www.phpmyadmin.net/
--
-- Host: mysql-co-api.alwaysdata.net
-- Generation Time: Jul 08, 2023 at 11:58 AM
-- Server version: 10.6.14-MariaDB
-- PHP Version: 7.4.19

SET SQL_MODE = "NO_AUTO_VALUE_ON_ZERO";
START TRANSACTION;
SET time_zone = "+00:00";


/*!40101 SET @OLD_CHARACTER_SET_CLIENT=@@CHARACTER_SET_CLIENT */;
/*!40101 SET @OLD_CHARACTER_SET_RESULTS=@@CHARACTER_SET_RESULTS */;
/*!40101 SET @OLD_COLLATION_CONNECTION=@@COLLATION_CONNECTION */;
/*!40101 SET NAMES utf8mb4 */;

--
-- Database: `co-api_comobdb`
--

-- --------------------------------------------------------

--
-- Table structure for table `coct_capacites`
--

DROP TABLE IF EXISTS `coct_capacites`;
CREATE TABLE IF NOT EXISTS `coct_capacites` (
  `capacite` varchar(20) NOT NULL,
  `nom` varchar(50) NOT NULL,
  `limitee` tinyint(1) DEFAULT NULL,
  `sort` tinyint(1) DEFAULT NULL,
  `type` varchar(5) DEFAULT NULL,
  `description` text NOT NULL,
  PRIMARY KEY (`capacite`)
) ENGINE=InnoDB DEFAULT CHARSET=utf8mb4 COLLATE=utf8mb4_general_ci;

--
-- Dumping data for table `coct_capacites`
--

INSERT INTO `coct_capacites` (`capacite`, `nom`, `limitee`, `sort`, `type`, `description`) VALUES
('5050', '50/50', 0, 0, '', 'Dans son domaine, le personnage divise par deux le coût et le temps nécessaire pour accéder à du matériel, de plus il peut obtenir du matériel rare ou illégal.'),
('a-lecoute', 'A l\'écoute', 0, 0, '', 'Le personnage sait écouter et mettre les autres à l’aise pour obtenir leurs confidences. Il gagne un bonus de +2 par rang atteint dans cette voie aux tests de PER effectués pour analyser l’état émotionnel de ses interlocuteurs et aux tests de CHA pour obtenir un aveu.'),
('acrobate', 'Acrobate', 0, 0, '', 'Le personnage reçoit un bonus de +5 pour tous les tests de DEX destinés à grimper, sauter ou tenir en équilibre. De plus, il ne subit pas de malus en attaque lorsqu’il se trouve en équilibre précaire et réduit tous les DM des chutes du rang atteint dans cette voie.'),
('adaptation-heroique', 'Adaptation héroïque', 0, 0, '', 'Le personnage augmente de +2 ses valeurs de PER et de CON.'),
('aide-psychologique', 'Aide psychologique', 0, 0, NULL, 'Lorsqu’un allié est victime d’une crise de folie passagère, le personnage peut tenter un test de CHA difficulté [10+PF de la victime] pour le ramener à la raison (action limitée, une tentative par tour). Le personnage peut réduire le score de folie d’un allié de 1 point en passant 1d6 jours avec lui. Un seul point peut être récupéré de cette façon par un même allié. Un nouveau point peut être récupéré par cet allié lorsque le personnage atteint le rang 5 dans cette voie.'),
('ajuster', 'Ajuster', 0, 0, '', 'Le personnage obtient un bonus de +2 en attaque avec les armes à feu jusqu’à la portée de base de l’arme.'),
('ami-de-la-nature', 'Ami de la nature', 0, 0, '', 'Le personnage a l’habitude de se déplacer dans la nature. Il obtient un bonus de +2 par rang atteint dans cette voie à tous les tests de survie en milieu naturel et +1 par rang atteint dans cette voie à son initiative lorsqu’un combat survient dans un tel environnement.'),
('analyse-personnelle', 'Analyse personnelle', 0, 0, NULL, 'La formation du personnage lui permet de renforcer sa santé mentale. Le personnage obtient un bonus de +5 pour résister aux crises de folie. Il réduit le nombre de point de folie acquis de 1 point (s’il n’en a pas encore, il pourra ignorer le premier point de folie acquis). Il enlève un second point de folie lorsqu’il atteint le rang 4 dans cette voie.'),
('appel-a-un-ami', 'Appel à un ami', 0, 0, '', 'Une fois par jour, le personnage peut demander de l’aide à un ami : renseignement, coup de main, etc. Il doit réussir un test de CHA difficulté 10 si le service est du domaine de la routine, de 15 si le service est difficile ou s’il peut présenter un risque, et de 20 si le service fait appel à une information secrète ou s’il met ouvertement l’allié en danger.'),
('arme-de-predilection', 'Arme de prédilection', 0, 0, '', 'Le personnage choisit une arme de prédilection (arme de contact), il gagne un bonus de +1 en attaque lorsqu’il utilise cette arme. De plus, lorsqu’il utilise une arme légère (couteau, rapière) ou qu’il combat à mains nues, il peut choisir son Mod. de DEX au lieu de celui de FOR pour calculer son score d’attaque au contact.'),
('arts-martiaux', 'Arts martiaux', 0, 0, '', 'Lorsqu’il combat à mains nues, le personnage inflige [1d4 + Mod. de FOR] DM (létaux ou temporaires, au choix). Le dé de DM passe à 1d6 au rang 3 atteint dans cette voie et à 1d8 au rang 5. De plus, le personnage obtient un bonus de +1 par rang en DEF contre les attaques au contact (sauf en cas de surprise) et à tous les tests de DEX destinés à esquiver.'),
('as-des-as', 'As des as', 0, 0, '', 'Le personnage lance deux dés et garde le meilleur résultat à chaque fois qu’il réalise un test au volant d’un véhicule (pilotage, évitement, attaque, etc.). De plus, il augmente sa valeur de DEX de +2.'),
('attaque-deloyale', 'Attaque déloyale', 0, 0, '', 'Quand il attaque un adversaire dans le dos ou alors que celui-ci est Surpris, le personnage inflige 1d6 points de DM supplémentaires (ces dés ne sont pas multipliés en cas de critique). Ce bonus passe à 2d6 au rang 5.'),
('au-pied-du-mur', 'Au pied du mur', 0, 0, '', 'Le personnage ignore les effets des blessures graves sur ses tests d’attaque et de FOR, il continue à utiliser un d20 au lieu d’un d12. De plus, arrivé à 0 PV, il peut encore effectuer une dernière action à son tour (attaque ou mouvement) avant de sombrer dans l’inconscience.'),
('beau-parleur', 'Beau parleur', 0, 0, '', 'Le personnage sait convaincre, séduire ou mentir. Il gagne un bonus de +1 par rang atteint dans cette voie aux tests de CHA ou d’INT en rapport avec ce type d’actions.'),
('celebre', 'Célèbre', 0, 0, '', 'Le personnage est à présent un artiste reconnu. Sa célébrité lui donne accès à bien des lieux de pouvoir et les gens simples considèrent sa seule présence comme un honneur. Il obtient un bonus de +5 à tous ses tests de CHA et, une fois par aventure, le MJ peut accorder au personnage l’intervention d’un personnage puissant en sa faveur.'),
('charisme-heroique', 'CHArisme héroïque', 0, 0, '', 'Le personnage augmente sa valeur de CHA de +2 et il peut désormais lancer deux d20 à chaque fois qu’un test de CHA lui est demandé et conserver le meilleur résultat.'),
('chirurgien', 'Chirurgien', 0, 0, '', 'Le personnage sait opérer et il est formé à la chirurgie traumatique de terrain. En passant une heure au chevet d’un blessé, il peut lui permettre d’ignorer les effets d’une blessure grave en réussissant un test de DEX de difficulté 15. Si une nouvelle blessure grave survient, elle ne peut plus être traitée de la sorte.'),
('corporatisme', 'Corporatisme', 0, 0, '', 'Le personnage obtient un bonus de +5 à tous les tests de connaissances associés à son corps de métier, et +1 par rang aux tests de CHA effectués auprès des membres de sa corporation.'),
('customisation', 'Customisation', 0, 0, '', 'Le personnage est capable d’améliorer tout ce qu’il touche. Une fois par jour, en travaillant 1d6 x 10 minutes, il peut faire bénéficier un objet d’une amélioration de +2. Ce peut être +2 en attaque ou aux DM pour une arme, +2 à tous les tests effectués lorsque le véhicule concerné est utilisé, etc. Le bonus est valable pendant 1 semaine, ensuite l’objet se dégrade et nécessite une nouvelle intervention du mécano.'),
('debrouillardise', 'Débrouillardise', 0, 0, '', 'Le personnage obtient un bonus de +1 par rang atteint dans cette voie à tous les tests destinés à obtenir des renseignements, négocier, trouver un hébergement ou à manger et à tous les tests de langue étrangère à l’oral. Il obtient un bonus de +5 aux tests pour comprendre et reproduire les us et coutumes locales et éviter de commettre un impair.'),
('degotter-du-matos', 'Dégotter du matos', 0, 0, '', 'Le personnage obtient un bonus de +5 pour trouver un fournisseur de n’importe quel type de matériel (outillage, véhicules, armes). Une fois par aventure, après 3d6 heures de recherche, il peut se procurer du matériel lourd (un avion, un véhicule blindé léger, une mitrailleuse, etc.). Le MJ détermine les limites du raisonnable, en fonction du lieu.'),
('discretion', 'Discrétion', 0, 0, '', 'Quand il essaie de passer inaperçu, le personnage bénéficie d’un bonus de +2 à son test de DEX pour chaque rang atteint dans cette voie.'),
('double-attaque', 'Double attaque', 1, 0, '', 'Le personnage peut effectuer deux attaques au contact pendant ce tour. Toutefois, le joueur utilise un d12 au lieu du d20 pour le test de la seconde attaque.'),
('embuscade', 'Embuscade', 0, 0, '', 'En quelques minutes, le personnage peut cacher tous ses compagnons dans n’importe quel environnement extérieur. Tant qu’ils ne bougent pas, le personnage et ses compagnons sont totalement indétectables. S’ils attaquent des adversaires, ces derniers sont considérés comme Surpris au premier tour du combat.'),
('en-un-seul-morceau', 'En un seul morceau', 0, 0, '', 'En cas de crash ou de sortie de route, les passagers du véhicule conduit par le personnage subissent seulement la moitié des DM prévus. De plus, le véhicule est HS seulement sur un résultat de 1 au d6 (voir les Règles de véhicules p. 45). S’il s’agit d’un véhicule volant, le véhicule n’est pas automatiquement HS. Lancez un d6, sur un résultat de 6 il peut repartir et sur un résultat de 5 il et réparable (en 2d6 heures).'),
('enchainement', 'Enchaînement', 0, 0, '', 'Une fois par tour, lorsque le personnage réduit un adversaire à 0 PV avec une attaque au contact, il bénéficie d’une action d’attaque gratuite sur un autre adversaire à portée.'),
('endurant', 'Endurant', 0, 0, '', 'Le personnage peut réaliser une période de marche supplémentaire par jour sans fatigue tout en portant une charge jusqu’à deux fois plus lourde, quel que soit le mode de déplacement (course, marche, ski, vélo, etc.).'),
('entrainement-de-haut', 'Entrainement de haut niveau', 0, 0, '', 'Le personnage augmente de +2 la valeur du score de la caractéristique choisie au rang 2. Désormais, il lance deux d20 à tous les tests basés sur cette caractéristique et conserve le meilleur résultat.'),
('esprit-danalyse', 'Esprit d\'analyse', 0, 0, '', 'Le personnage obtient un bonus de +1 par rang atteint dans cette voie pour chaque test de recherche d’indices (voir les règles à ce sujet p. 37).'),
('etoiles-propices', 'Étoiles propices', 0, 0, '', 'L’art de la divination permet au personnage de prendre les bonnes décisions ou de profiter des faiblesses de ses adversaires. Chaque matin, après un rituel de 10 minutes effectué par son personnage, le joueur lance 1d20 et note le résultat. À tout moment dans la journée, il peut remplacer le résultat d’un d20 qu’il a lancé ou que le MJ a lancé pour une attaque ou un test opposé contre lui, par ce résultat.'),
('examen-psychologique', 'Examen psychologique', 0, 0, '', 'En parlant pendant 1d6 minutes avec sa cible et en réussissant un test opposé de PER contre CHA, le personnage peut déterminer l’état émotionnel de sa cible même si elle tente de le camoufler. Le personnage peut notamment savoir si on tente de lui mentir ou de lui cacher des choses (sans pouvoir déterminer lequel des deux). En cas d’échec, le personnage ne peut plus tenter cette capacité sur la même cible pendant 24 heures.'),
('expert-medical', 'Expert', 0, 0, '', 'Le personnage est une pointure dans le domaine de la chirurgie, il obtient un bonus de +5 à tous les tests de DEX de précision manuelle et augmente de +2 sa valeur d’INT. Désormais, le joueur lance deux d20 à tous les tests de médecine ou de chirurgie et garde le meilleur résultat.'),
('expertise', 'Expertise', 0, 0, '', 'Le personnage est spécialisé dans la collecte et la recherche d’indices, dans un domaine particulier en rapport avec son background. Il obtient un bonus de +5 pour les tests liés à ce domaine (cumulable avec le rang 1). Voici une liste non exhaustive de domaines possibles : anthropologie, archéologie, astronomie, autopsie, balistique, biologie, chimie, géologie, paléographie, parapsychologie, photographie, psychologie, sociologie, théologie, etc. Au rang 4, le personnage fait l’acquisition d’une seconde spécialité en rapport avec les aventures déjà jouées.'),
('flair-infaillible', 'Flair infaillible', 0, 0, '', 'Le joueur lance désormais deux d20 pour tous les tests de recherche d’indices et peut garder le meilleur résultat. Si le personnage quitte une scène de crime ou d’enquête en ayant raté un renseignement utile à l’avancée du scénario, le meneur de jeu doit lui signaler que « quelquechose cloche ».'),
('force-dame', 'Force d’âme', 0, 0, '', 'Une fois par jour, s’il est à 0 point de choc, le personnage peut effectuer un petit rituel de prière ou de méditation d’une durée de 1 heure qui lui permet de récupérer 1 point de choc.'),
('formation-artistique', 'Formation artistique', 0, 0, '', 'Le personnage obtient un bonus de +1 par rang atteint dans cette voie à tous les tests en rapport avec la connaissance de l’art. De plus, il obtient un bonus supplémentaire de +5 pour tous les tests en rapport avec une forme d’art de son choix (littérature, sculpture, peinture, musique, chant, danse, etc.).'),
('formation-dhistorien', 'Formation d\'historien', 0, 0, '', 'Le personnage obtient un bonus de +1 par rang atteint dans cette Voie à tous les tests en rapport avec l’histoire. Il choisit une période particulière (préhistoire, antiquité, moyen âge, renaissance, moderne) pour laquelle il reçoit un bonus supplémentaire de +5.'),
('formation-scientifiq', 'Formation scientifique', 0, 0, '', 'Le personnage obtient un bonus de +1 par rang atteint dans cette voie à tous les tests en rapport avec les sciences. Il choisit un domaine particulier (mathématiques, physique, chimie, etc.) dans lequel il reçoit un bonus de +2 par rang au lieu de +1.'),
('frappe-chirurgicale', 'Frappe chirurgicale', 0, 0, '', 'Le personnage connaît les points vitaux des créatures terrestres vivantes. Désormais, il obtient un critique en attaque au contact ou à distance sur un résultat de 18 à 20 au d20 et il ajoute +1d6 aux DM des critiques obtenus.'),
('grosse-tete', 'Grosse tête', 0, 0, '', 'En utilisant son intelligence à bon escient, le personnage peut souvent remplacer un test qui nécessite des qualités physiques par un test d’INT de même difficulté. Par exemple, il évite un test de FOR en utilisant un levier pour déplacer une charge ou est déjà à l’abri plutôt que de devoir esquiver l’explosion d’un bâton de dynamite (DEX remplacée par INT).'),
('guide', 'Guide', 0, 0, '', 'Le personnage est capable d’aider et de guider des compagnons en milieu naturel. Jusqu’à [3 + Mod. de CHA] personnes peuvent bénéficier d’un bonus de +5 à leurs tests de survie en nature ou en milieu extrême. De plus, le personnage est capable de trouver un passage là où personne n’oserait s’aventurer : marais profond, barrière de montagnes, désert infranchissable, etc. Le MJ doit toujours lui indiquer l’itinéraire le plus sûr ainsi que le plus court chemin pour franchir un obstacle naturel : le joueur peut choisir celui des deux qui lui convient.'),
('histoire-et-culture', 'Histoire et culture', 0, 0, '', 'Le personnage obtient un bonus de +5 à tous les tests de géographie, histoire et culture générale concernant un pays dont il parle la langue (langue maternelle comprise).'),
('ignorer-la-douleur', 'Ignorer la douleur', 0, 0, '', 'Une fois par combat, le personnage peut ignorer les DM d’une attaque qu’il vient juste de subir. Il ne perdra les PV concernés qu’une fois le combat terminé.'),
('imprevisible', 'Imprévisible', 0, 0, '', 'Le personnage ajoute son Mod. de CHA en initiative et désormais il peut utiliser son inspiration sur ses tests d’attaque et de DM.'),
('inspiration', 'Inspiration', 0, 0, '', 'Le personnage possède une grande sensibilité, les émotions sont chez lui un vecteur puissant de motivation et de réussite. Il obtient chaque jour un nombre de points d’inspiration (PI) égal au rang atteint dans cette voie. Chaque point d’inspiration peut être dépensé pour relancer un dé dont le résultat ne convient pas au joueur, mais pas sur un test d’attaque ou les DM.'),
('intelligence-heroiqu', 'INTelligence héroïque', 0, 0, '', 'Le personnage augmente de +2 sa valeur d’INT et lance désormais deux d20 lors de tous les tests d’INT, pour garder le meilleur résultat.'),
('intervention-psychol', 'Intervention psychologique', 0, 0, '', 'Lorsqu’un individu est victime d’un état de folie, de colère, de découragement ou de peur, le personnage peut tenter un test de CHA difficulté 10 pour le raisonner (action limitée, une tentative par tour). S’il s’agit d’un adversaire décidé à attaquer les PJ, un test de CHA difficulté 15 est nécessaire et le personnage peut le calmer pendant seulement 1d6 tours, ensuite l’adversaire reprend le combat (ou dès qu’il est attaqué).'),
('intuition-heroique', 'Intuition héroïque', 0, 0, '', 'Le personnage augmente sa valeur de CHA de +2 et il peut désormais lancer deux d20 à chaque fois qu’un test de PER lui est demandé et conserver le meilleur résultat.'),
('joker', 'Joker', 0, 0, '', 'Une fois par aventure, le personnage peut résoudre une difficulté grâce à l’intervention d’un événement inattendu. Le joueur doit inventer une histoire à peu près crédible (même si elle est improbable) pour justifier ce deus ex machina. Par exemple, un militaire peut contacter une troupe de mercenaires de sa connaissance qui traînait justement dans les parages, etc.'),
('joli-coup', 'Joli coup !', 0, 0, '', 'Le personnage ignore les pénalités normalement appliquées lorsque la cible est à couvert ou engagée au corps-à-corps (généralement -2 à -5).'),
('langues-anciennes', 'Langues anciennes', 0, 0, '', 'Le personnage est un spécialiste des langues anciennes, il connaît une langue morte (latin, grec, égyptien, araméen, sumérien, etc.) par rang atteint dans cette voie. Lorsqu’il essaye de déchiffrer une autre langue morte, il obtient un bonus de +5 aux tests.'),
('langues-etrangeres', 'Langues étrangères', 0, 0, '', 'Le personnage apprend à parler, lire et écrire une langue vivante par rang atteint dans cette voie. Il obtient un bonus de +5 à tous les tests réalisés pour déchiffrer une langue inconnue ou tenter de communiquer avec un étranger qui parle une langue qu’il ne connaît pas.'),
('langues-mortes', 'Langues mortes', 0, 0, '', 'Le personnage apprend à lire et écrire une langue morte (latin, grec, égyptien, celte, etc.). Il obtient le bonus culturel en rapport avec cette langue comme avec la capacité précédente. À chaque rang suivant, il peut apprendre une nouvelle langue morte ou se spécialiser dans une langue déjà connue. Dans ce cas, le bonus culturel augmente pour celle-ci de +5.'),
('le-geste-parfait', 'Le geste parfait', 0, 0, '', 'Une fois par jour, le joueur peut choisir de remplacer le résultat obtenu au d20 lors d’un test de caractéristique physique (FOR, DEX ou CON) par un 20 naturel. Il peut faire de même pour un test d’attaque au contact ou d’attaque à distance (critique automatique), une fois par jour.'),
('maitre-darme', 'Maître d\'arme', 0, 0, '', 'Le personnage peut choisir d’utiliser un d12 en attaque au contact au lieu du d20 habituel (il ajoute normalement son score d’attaque). Si une telle attaque est réussie, il ajoute +2d6 aux DM.'),
('mandarin', 'Mandarin', 0, 0, '', 'Le personnage a acquis un statut important au sein de sa corporation. Ses connaissances et sa prestance sont exceptionnelles. Le personnage augmente de +2 ses valeurs de CHA et d’INT.'),
('manipulateur', 'Manipulateur', 1, 0, '', 'En parlant pendant 1d6 minutes avec sa cible et en réussissant un test opposé de CHA contre elle, le personnage peut la faire changer d’état émotionnel (calme/ énervé, joyeux/triste, motivé/démotivé, soupçonneux/confiant). Il ne peut pas avoir d’influence sur les sentiments comme l’amour ou la haine. En cas d’échec, l’état émotionnel actuel de la cible en sort renforcé et le personnage ne peut plus tenter de l’influencer pendant 24 heures.'),
('manoeuvre-devitement', 'Manoeuvre d\'évitement', 0, 0, '', 'Le personnage obtient un bonus supplémentaire de +5 pour éviter les accidents. De plus, son véhicule, lui-même et tous ses passagers gagnent un bonus de +2 en DEF.'),
('mecano', 'Mécano', 0, 0, '', 'Le personnage obtient un bonus de +2 par rang atteint dans cette voie à tous les tests visant à réparer ou à comprendre des mécanismes.'),
('medecin', 'Médecin', 0, 0, '', 'Le personnage sait diagnostiquer les maladies et les traumatismes. Il reçoit un bonus de +2 par rang atteint dans cette voie à tous les tests de médecine, de biologie ou d’anatomie. S’il accorde des soins à un personnage blessé avant une période de repos, il lui permet de doubler le résultat du Dé de vie utilisé (soit 2 DV + Niveau + Mod. de CON).'),
('meme-pas-peur', 'Même pas peur', 0, 0, NULL, 'Le personnage aime le danger ou sait parfaitement gérer les situations à risques. Il gagne un bonus de +1 par rang atteint dans cette voie à tous les tests de caractéristique effectués sous la pression d’un danger mortel, par exemple crocheter une porte tandis que le plafond de la pièce s’effondre, ou sauter par-dessus un précipice ainsi qu’à tous les tests de choc.'),
('memoire-eidetique', 'Mémoire eidétique', 0, 0, '', 'Le personnage a une mémoire parfaite de tout ce qu’il a vu et entendu. Si le joueur le demande, le MJ doit lui rappeler tous les détails relatifs à un lieu qu’il a visité ou une conversation qu’il a entendue. Le personnage obtient aussi un bonus de +5 sur tous les tests de culture générale.'),
('mental-dacier', 'Mental d\'acier', 0, 0, '', 'Le personnage a étudié ses propres points faibles et il est devenu particulièrement résilient. Lorsqu’il obtient un 1 (échec critique) sur le d20 lors d’un test, il récupère immédiatement un point de chance (sans pouvoir dépasser son maximum).'),
('milieux-extremes', 'Milieux extrêmes', 0, 0, '', 'Le personnage est formé aux techniques de progression dans les milieux difficiles et dangereux (haute altitude, froid ou chaleur extrême, marche sur glacier, escalade, etc.). Il obtient un bonus de +5 à tous les tests dans ces milieux, pour l’utilisation de matériel spécifique ainsi que pour les procédures de sécurité.'),
('oreille-fantastique', 'Oreille fantastique', 0, 0, '', 'Le personnage possède un don exceptionnel pour percevoir les sons et leurs nuances. Le personnage obtient un bonus de +5 à tous les tests de perception auditive et de mémoire, ainsi que pour imiter des sons ou des voix. Il peut aussi détecter un état émotionnel en réussissant un test de PER opposé à un test de CHA de sa cible, et détecter les mensonges s’il obtient une marge de réussite de 10 points par rapport au résultat de son adversaire.'),
('par-monts-et-par-vau', 'Par monts et par vaux', 0, 0, '', 'Le personnage devient immunisé au mal des transports et ne subit pas de pénalité de fatigue pour les longs voyages ou les décalages horaires. Il obtient aussi un bonus de +5 pour tous les tests de pilotage de véhicules terrestres et nautiques ou les voyages à dos d’animal.'),
('perception-heroique', 'PERception héroïque', 0, 0, '', 'Le personnage augmente sa valeur de PER de +2. Il peut désormais lancer deux d20 à chaque fois qu’un test de PER lui est demandé et conserver le meilleur résultat.'),
('perception-superieur', 'PERception supérieure', 0, 0, '', 'Le personnage augmente de +2 la valeur de son score de PER. Lorsqu’il combat dans le noir, il peut retrancher son Mod. de PER aux malus subis et il ajoute son Mod. de PER à son score d’initiative.'),
('pilote-emerite', 'Pilote émérite', 0, 0, '', 'Le personnage obtient un bonus de +2 par rang atteint dans cette voie à tous les tests de pilotage (DEX) ainsi qu’en initiative lorsqu’il conduit un véhicule du type choisi (auto, moto, avion, bateau à moteur, voilier…). Il n’a plus besoin de faire de test de pilotage pour éviter une sortie de route lorsqu’il tire tout en conduisant.'),
('polyvalent', 'Polyvalent', 0, 0, '', 'Le personnage choisi une nouvelle catégorie de véhicule (voir Pilote émérite). Il bénéficie de tous les bonus et effets des capacités de cette voie pour cette nouvelle catégorie de véhicule. Il apprend à piloter une nouvelle et dernière catégorie de véhicule au rang 5.'),
('pouvoir-doutre-monde', 'Pouvoir d’outre-monde', 0, 0, NULL, 'Le personnage est désormais capable de pratiquer une forme de magie. Le MJ et le joueur doivent se mettre d’accord sur ce que le personnage apprend. Ce sera probablement un sort ou un rituel particulier avec lequel le personnage a été en contact durant les aventures qu’il a vécu. Attention, un pouvoir puissant a toujours une contrepartie déplaisante. Si vous n’avez pas d’idée, voici trois propositions. \r\n• Une fois par tour, le personnage peut sacrifier 1d4 PV (ou 1d6 au choix) pour obtenir un bonus égal au double de ce montant sur le résultat d’un test (d20, d12). Il peut annoncer cet effet après avoir pris connaissance du résultat. Ce dé est un jet sans limite (comme la règle des DM). \r\n• Le personnage sacrifie 2 points sur la valeur d’une caractéristique de son choix. En échange, il augmente une autre caractéristique de 6 points. \r\n• Le personnage n’a plus besoin de dormir, il n’a besoin que de la moitié de la nourriture et de l’eau que consomme un être humain normal, il est immunisé aux maladies et aux poisons naturels. Enfin, il guérit deux fois plus vite (il double le nombre de PV récupérés) et il vieillit deux fois moins vite. Mais cela a un prix, sa peau devient pâle et froide, et il développe une sensibilité à la lumière vive (elle est considérée comme de la pénombre).'),
('provocation', 'Provocation', 1, 0, '', 'Le personnage maîtrise l’art de se rendre désagréable, voire insupportable. Par un test opposé de CHA contre l’INT de la victime, il peut forcer celle-ci à s’énerver ou à l’attaquer, au choix du joueur, pendant un tour. Une victime énervée réalise des actions stupides qui ne sont pas dans son intérêt : montrer son vrai visage, révéler des informations qu’elle entendait cacher ou prendre une décision inadéquate. Si elle attaque le personnage, elle subit une pénalité de -5 en attaque à son premier tour, en raison de l’énervement. Toute nouvelle tentative de provocation après la première se voit pénalisée d’un malus cumulatif de -5.'),
('recherche-rapide', 'Recherche rapide', 0, 0, '', 'Le personnage divise par deux le temps nécessaire à la recherche de tout type d’indices.'),
('resistance', 'Résistance', 0, 0, '', 'Le personnage reçoit un bonus de +5 à tous les tests pour résister aux maladies et aux poisons et il ne subit que la moitié des pénalités ou des DM lorsqu’il est malade ou empoisonné. Il peut manger n’importe quelle nourriture locale comestible sans tomber malade, il est capable de manger ou de dormir deux fois moins que la normale et continue à guérir normalement, même dans les pires conditions.'),
('resistance-occulte', 'Résistance occulte', 0, 0, '', 'Le personnage commence un entraînement dans le but d’obtenir des pouvoirs magiques. Il obtient un bonus de +5 à tous les tests destinés à résister à la perte de points de choc et augmente de 1 son score maximum de points de choc. De plus, il peut dépenser 1 point de choc (PC) pour annuler la pénalité d’une blessure grave pendant 1 heure.'),
('riche', 'Riche', 0, 0, '', 'Désormais, le personnage gagne très bien sa vie grâce à son art. Il obtient immédiatement 50 000 $ (ou €) et acquiert la même somme chaque année pendant les dix prochaines années. Lorsqu’il atteint le rang 5 dans cette voie, ce bonus passe à 200 000 $ par an.'),
('savoirs-interdits', 'Savoirs interdits', 0, 0, '', 'Le personnage obtient un bonus de +5 pour résister à la peur ou à la perte de points de choc provoqués par l’apparition de créatures surnaturelles. De plus, il obtient un bonus de +5 aux tests pour résister à leurs pouvoirs et +2 en DEF contre leurs attaques.'),
('sciences-occultes', 'Sciences occultes', 0, 0, '', 'Le personnage obtient un bonus de +1 par rang à tous les tests de sciences occultes et un bonus de +2 par rang sur un sujet en particulier (l’alchimie, les créatures des autres plans, les grands anciens, etc.). Mais cette connaissance n’est pas sans conséquence, il gagne immédiatement 1 point de folie et il en gagne un autre au rang 3 de la voie.'),
('se-depasser', 'Se dépasser', 0, 0, '', 'En sacrifiant 1 PV, le personnage obtient un bonus de +5 sur n’importe quel test de FOR, DEX ou CON dont il ne connaît pas encore le résultat du jet de dé. En sacrifiant 1d4 PV (pas de jet sans limite), il peut obtenir le même bonus après avoir pris connaissance du résultat.'),
('secouriste', 'Secouriste', 0, 0, '', 'En passant 5 minutes à soigner un personnage à 0 PV, le médecin lui permet de récupérer 1d4 PV. Il accorde aussi un bonus de +5 à tous les tests de CON tentés par son patient.'),
('sens-affutes', 'Sens affûtés', 0, 0, '', 'Pour chaque rang atteint dans cette voie, le personnage gagne un bonus de +1 à tous les tests de PER destinés à simuler la perception (vue, ouïe, vigilance, etc.).'),
('sens-du-danger', 'Sens du danger', 0, 0, '', 'Le personnage a l’habitude des situations tendues, il obtient un bonus de +5 pour repérer un danger ou ne pas être Surpris. Lorsqu’il arrive dans un lieu, le joueur peut faire un test de PER difficulté 12 (sans le bonus de +5 obtenu avec le rang 1 de cette voie) : en cas de réussite, le MJ doit lui indiquer si l’endroit est sûr ou potentiellement dangereux.'),
('seul-contre-tous', 'Seul contre tous', 0, 0, '', 'Les forces du personnage sont décuplées lorsqu’il se bat contre plusieurs adversaires. Il obtient un bonus de +2 en attaque et en DEF lorsque plusieurs adversaires l’attaquent au cours du même tour.'),
('specialite', 'Spécialité', 0, 0, '', 'Le personnage acquiert une spécialité sportive au choix du joueur (jeux de ballon, jeux de raquette, course, etc.), il obtient un bonus de +5 à tous les tests en rapport avec cette activité (en plus du bonus de rang 1). Le MJ doit déterminer la caractéristique principale utilisée pour ces sports parmi FOR, DEX ou CON. S’il s’agit de la CON, le personnage gagne 3 PV, s’il s’agit de la DEX, il gagne +1 en DEF, s’il s’agit de la FOR, il gagne +1 aux DM au contact. S’il s’agit d’un sport de combat, le personnage peut à la place gagner un bonus de +1 en attaque au contact ou à distance, au choix du joueur.'),
('speleologue', 'Spéléologue', 0, 0, '', 'Sous terre, le personnage sait toujours retrouver la direction de la sortie la plus proche et à quelle profondeur environ il se trouve. Il obtient un bonus de +5 aux tests pour se faufiler dans des espaces étroits et il divise par 2 les malus (-2 au lieu de -5) lorsqu’il doit agir dans le noir (ou s’il est Aveuglé) ou dans un espace exigu.'),
('sportif-accompli', 'Sportif accompli', 0, 0, '', 'Le personnage obtient un bonus de +1 par rang atteint dans cette voie à tous les tests en rapport avec les activités sportives (natation, course, lancer, escalade, saut, etc.).'),
('survivant', 'Survivant', 0, 0, NULL, 'Le personnage s’est déjà tiré de nombreux mauvais pas et a pu regarder la mort en face. Il est capable de trouver en lui des ressources surhumaines pour vaincre la fatigue ou les blessures. Désormais, le joueur lance deux d20 à tous les tests de CON et garde le meilleur résultat. De plus, lorsque le personnage est victime d’une blessure grave, le joueur continue à lancer un d20 pour tous les tests de caractéristiques, au lieu d’un d12. Enfin il peut ajouter son Mod. de CON à tous les tests de choc.'),
('systeme-d', 'Système D', 0, 0, '', 'Le personnage est capable de réparer n’importe quoi avec presque rien. Une fois par aventure, le MJ devrait lui permettre de réparer ou de créer un mécanisme avec des objets improbables. De plus, le personnage ne subit pas de pénalité lorsqu’il ne possède pas l’outillage approprié et, lorsqu’il dispose de tout le nécessaire, il peut diviser par 2 le temps nécessaire à une réparation.'),
('systemes-modernes', 'Systèmes modernes', 0, 0, '', 'Le personnage s’est formé aux dernières technologies (électricité, électronique, informatique, selon l’époque). Il applique son bonus de Mécano aux tests concernés.'),
('tacticien', 'Tacticien', 0, 0, '', 'Le personnage applique le raisonnement logique et les probabilités aux actions à venir et analyse leurs effets à travers le prisme de la science (pensez au personnage de Sherlock Holmes dans le film du même nom, interprété par Robert Downey Jr). Il obtient son Mod. d’INT en bonus à l’initiative et peut utiliser chaque jour un nombre de points de tactique (PT) égal à son Mod. d’INT. Chaque point de tactique peut être dépensé pour relancer un dé dont le résultat ne convient pas au joueur.'),
('tir-de-precision', 'Tir de précision', 0, 0, '', 'Lorsqu’il utilise une action de tir visé avec une arme à feu à deux mains (mais pas une arme de poing), le personnage double le résultat des dés de DM de son attaque (il les triple s’il obtient une réussite critique).'),
('tir-rapide', 'Tir rapide', 1, 0, '', 'Le personnage peut effectuer deux attaques à distance avec une arme à feu pendant ce tour. Le joueur utilise un d12 au lieu du d20 pour le test de la seconde attaque.'),
('tireur-delite', 'Tireur d\'élite', 0, 0, '', 'Le personnage peut choisir d’utiliser un d12 en attaque à distance au lieu du d20 habituel (il ajoute normalement son score d’attaque). Si une telle attaque est réussie, il ajoute +2d6 aux DM.'),
('usurpateur', 'Usurpateur', 0, 0, '', 'Le personnage sait se faire passer pour un autre ou pour un membre d’une corporation dont il n’est pas issu. Il reçoit un bonus de +5 à tous les tests d’imitation et de déguisement, ainsi que pour singer les habitudes et les règles de toute organisation à laquelle il n’appartient pas.'),
('vigilance', 'Vigilance', 0, 0, '', 'Le personnage est passé maître dans l’art de détecter les pièges et de les éviter. Il obtient un bonus de +5 à tous les tests pour détecter un piège et pour résister à leurs effets. Il en divise les DM par 2.'),
('violon-dingres', 'Violon d\'Ingres', 0, 0, '', 'La curiosité naturelle du personnage lui permet de s’intéresser à de nombreux sujets, parfois très éloignés de la science. Il peut choisir n’importe quelle capacité de rang 1 à 3 dans une autre voie de son choix (si celle-ci fait appel à un rang, utilisez le rang atteint dans la Voie des sciences).');

-- --------------------------------------------------------

--
-- Table structure for table `coct_capacites_voies`
--

DROP TABLE IF EXISTS `coct_capacites_voies`;
CREATE TABLE IF NOT EXISTS `coct_capacites_voies` (
  `voie` varchar(20) NOT NULL,
  `rang` varchar(1) NOT NULL,
  `capacite` varchar(20) NOT NULL,
  PRIMARY KEY (`voie`,`rang`),
  KEY `coct_capacites_voies_voie` (`voie`),
  KEY `coct_capacites_voies_capacite` (`capacite`)
) ENGINE=InnoDB DEFAULT CHARSET=utf8mb4 COLLATE=utf8mb4_general_ci;

--
-- Dumping data for table `coct_capacites_voies`
--

INSERT INTO `coct_capacites_voies` (`voie`, `rang`, `capacite`) VALUES
('corporations', '3', '5050'),
('psychologie', '1', 'a-lecoute'),
('danger', '2', 'acrobate'),
('voyages', '5', 'adaptation-heroique'),
('psychologie', '3', 'aide-psychologique'),
('armes-a-feu', '1', 'ajuster'),
('survie', '1', 'ami-de-la-nature'),
('psychologie', '2', 'analyse-personnelle'),
('corporations', '2', 'appel-a-un-ami'),
('corps-a-corps', '2', 'arme-de-predilection'),
('corps-a-corps', '1', 'arts-martiaux'),
('pilotage', '5', 'as-des-as'),
('furtivite', '3', 'attaque-deloyale'),
('danger', '5', 'au-pied-du-mur'),
('discours', '1', 'beau-parleur'),
('arts', '5', 'celebre'),
('discours', '5', 'charisme-heroique'),
('medecine', '3', 'chirurgien'),
('corporations', '1', 'corporatisme'),
('mecanique', '5', 'customisation'),
('voyages', '1', 'debrouillardise'),
('mecanique', '3', 'degotter-du-matos'),
('furtivite', '1', 'discretion'),
('corps-a-corps', '4', 'double-attaque'),
('furtivite', '4', 'embuscade'),
('pilotage', '4', 'en-un-seul-morceau'),
('corps-a-corps', '3', 'enchainement'),
('survie', '2', 'endurant'),
('exploits-physiques', '5', 'entrainement-de-haut'),
('investigation', '1', 'esprit-danalyse'),
('occulte', '3', 'etoiles-propices'),
('psychologie', '4', 'examen-psychologique'),
('medecine', '5', 'expert-medical'),
('investigation', '2', 'expertise'),
('investigation', '5', 'flair-infaillible'),
('occulte', '4', 'force-dame'),
('arts', '1', 'formation-artistique'),
('archeologie', '1', 'formation-dhistorien'),
('sciences', '1', 'formation-scientifiq'),
('medecine', '4', 'frappe-chirurgicale'),
('sciences', '2', 'grosse-tete'),
('survie', '4', 'guide'),
('langues', '2', 'histoire-et-culture'),
('danger', '3', 'ignorer-la-douleur'),
('arts', '3', 'imprevisible'),
('arts', '2', 'inspiration'),
('sciences', '5', 'intelligence-heroiqu'),
('psychologie', '5', 'intuition-heroique'),
('corporations', '4', 'joker'),
('armes-a-feu', '2', 'joli-coup'),
('archeologie', '2', 'langues-anciennes'),
('langues', '1', 'langues-etrangeres'),
('langues', '3', 'langues-mortes'),
('exploits-physiques', '4', 'le-geste-parfait'),
('corps-a-corps', '5', 'maitre-darme'),
('corporations', '5', 'mandarin'),
('discours', '4', 'manipulateur'),
('pilotage', '2', 'manoeuvre-devitement'),
('mecanique', '1', 'mecano'),
('medecine', '2', 'medecin'),
('danger', '1', 'meme-pas-peur'),
('investigation', '4', 'memoire-eidetique'),
('survie', '3', 'milieux-extremes'),
('langues', '4', 'oreille-fantastique'),
('voyages', '2', 'par-monts-et-par-vau'),
('furtivite', '5', 'perception-heroique'),
('langues', '5', 'perception-superieur'),
('pilotage', '1', 'pilote-emerite'),
('pilotage', '3', 'polyvalent'),
('occulte', '5', 'pouvoir-doutre-monde'),
('discours', '2', 'provocation'),
('investigation', '3', 'recherche-rapide'),
('voyages', '4', 'resistance'),
('occulte', '2', 'resistance-occulte'),
('arts', '4', 'riche'),
('archeologie', '5', 'savoirs-interdits'),
('occulte', '1', 'sciences-occultes'),
('exploits-physiques', '3', 'se-depasser'),
('medecine', '1', 'secouriste'),
('furtivite', '2', 'sens-affutes'),
('voyages', '3', 'sens-du-danger'),
('danger', '4', 'seul-contre-tous'),
('exploits-physiques', '2', 'specialite'),
('archeologie', '3', 'speleologue'),
('exploits-physiques', '1', 'sportif-accompli'),
('survie', '5', 'survivant'),
('mecanique', '4', 'systeme-d'),
('mecanique', '2', 'systemes-modernes'),
('sciences', '3', 'tacticien'),
('armes-a-feu', '3', 'tir-de-precision'),
('armes-a-feu', '4', 'tir-rapide'),
('armes-a-feu', '5', 'tireur-delite'),
('discours', '3', 'usurpateur'),
('archeologie', '4', 'vigilance'),
('sciences', '4', 'violon-dingres');

-- --------------------------------------------------------

--
-- Table structure for table `coct_categories_equipement`
--

DROP TABLE IF EXISTS `coct_categories_equipement`;
CREATE TABLE IF NOT EXISTS `coct_categories_equipement` (
  `code` varchar(20) NOT NULL,
  `libelle` varchar(50) NOT NULL,
  `parent` varchar(20) DEFAULT NULL,
  `sequence` varchar(5) DEFAULT NULL,
  PRIMARY KEY (`code`),
  KEY `coct_fk_categorie_parente_idx` (`parent`)
) ENGINE=InnoDB DEFAULT CHARSET=utf8mb4 COLLATE=utf8mb4_general_ci;

--
-- Dumping data for table `coct_categories_equipement`
--

INSERT INTO `coct_categories_equipement` (`code`, `libelle`, `parent`, `sequence`) VALUES
('armes', 'Armes', NULL, '00005'),
('armes-a-distance', 'Armes à distance', 'armes', '00010'),
('armes-de-contact', 'Armes de contact', 'armes', '00005'),
('armures', 'Armures', 'defense', '00005'),
('autres', 'Autres', 'divers', '99999'),
('defense', 'Défense', NULL, '00010'),
('divers', 'Divers', NULL, '00015'),
('grenades', 'Grenades', 'armes', '00015'),
('hebergement-et-resta', 'Hébergement et restauration', 'divers', '00015'),
('materiel', 'Matériel', 'divers', '00005'),
('vehicules', 'Véhicules', 'divers', '00020'),
('vetements', 'Vêtements', 'divers', '00010');

-- --------------------------------------------------------

--
-- Table structure for table `coct_categories_proprietes`
--

DROP TABLE IF EXISTS `coct_categories_proprietes`;
CREATE TABLE IF NOT EXISTS `coct_categories_proprietes` (
  `code_categorie` varchar(20) NOT NULL,
  `code_propriete` varchar(20) NOT NULL,
  PRIMARY KEY (`code_categorie`,`code_propriete`),
  KEY `coct_categories_proprietes_categorie` (`code_categorie`),
  KEY `coct_categories_proprietes_propriete` (`code_propriete`)
) ENGINE=InnoDB DEFAULT CHARSET=utf8mb4 COLLATE=utf8mb4_general_ci;

--
-- Dumping data for table `coct_categories_proprietes`
--

INSERT INTO `coct_categories_proprietes` (`code_categorie`, `code_propriete`) VALUES
('armes-a-distance', 'dm1m'),
('armes-a-distance', 'dm2m'),
('armes-a-distance', 'dmarc'),
('armes-a-distance', 'for-mini'),
('armes-a-distance', 'portee'),
('armes-de-contact', 'critique'),
('armes-de-contact', 'dm1m'),
('armes-de-contact', 'dm2m'),
('armures', 'def'),
('armures', 'rd'),
('grenades', 'dm1m'),
('grenades', 'portee'),
('grenades', 'rayon'),
('vehicules', 'agi-vheicule'),
('vehicules', 'def'),
('vehicules', 'for-vehicule'),
('vehicules', 'pv-vehicule'),
('vehicules', 'rd');

-- --------------------------------------------------------

--
-- Table structure for table `coct_equipement`
--

DROP TABLE IF EXISTS `coct_equipement`;
CREATE TABLE IF NOT EXISTS `coct_equipement` (
  `code` varchar(20) NOT NULL,
  `designation` varchar(50) NOT NULL,
  `categorie` varchar(20) NOT NULL,
  `sequence` varchar(5) DEFAULT NULL,
  `prix` decimal(16,2) DEFAULT NULL,
  `notes` mediumtext DEFAULT NULL,
  PRIMARY KEY (`code`),
  KEY `coct_fk_categorie_equipement_idx` (`categorie`),
  KEY `coct_equipement_sequence_idx` (`sequence`)
) ENGINE=InnoDB DEFAULT CHARSET=utf8mb4 COLLATE=utf8mb4_general_ci;

--
-- Dumping data for table `coct_equipement`
--

INSERT INTO `coct_equipement` (`code`, `designation`, `categorie`, `sequence`, `prix`, `notes`) VALUES
('a-la-mode', 'Tenue à la mode', 'vetements', NULL, '200.00', NULL),
('appareil-photo', 'Appareil photo', 'materiel', NULL, '100.00', NULL),
('arc', 'Arc', 'armes-a-distance', NULL, '200.00', ''),
('auto-4x4', 'Auto 4x4', 'vehicules', NULL, '40000.00', 'Bonus d\'AGI x2 en mode tout-terrain'),
('auto-berline', 'Auto berline', 'vehicules', NULL, '20000.00', NULL),
('auto-citadine', 'Auto citadine', 'vehicules', NULL, '12000.00', NULL),
('auto-sportive', 'Auto sportive', 'vehicules', NULL, '60000.00', NULL),
('autre', 'Autre', 'autres', NULL, NULL, NULL),
('avion-bombardier', 'Avion bombardier', 'vehicules', NULL, NULL, NULL),
('avion-chasseur', 'Avion chasseur', 'vehicules', NULL, NULL, NULL),
('avion-de-tourisme', 'Avion de tourisme', 'vehicules', NULL, '400000.00', NULL),
('batte-base-ball', 'Batte de base-ball', 'armes-de-contact', NULL, '30.00', ''),
('berline-de-luxe', 'Berline de luxe', 'vehicules', NULL, '50000.00', NULL),
('blinde-leger', 'Blindé léger', 'vehicules', NULL, NULL, 'Bonus d\'AGI x2 en mode tout-terrain'),
('boussole', 'Boussole', 'materiel', NULL, '30.00', NULL),
('caisse-a-outils', 'Caisse à outils', 'materiel', NULL, '200.00', NULL),
('camion', 'Camion', 'vehicules', NULL, '50000.00', NULL),
('canon-scie', 'Canon scié', 'armes-a-distance', NULL, '1000.00', ''),
('carabine-a-repetitio', 'Carabine à répétition', 'armes-a-distance', NULL, '2000.00', ''),
('chambre-dhotel', 'Chambre d\'hôtel', 'hebergement-et-resta', NULL, '100.00', NULL),
('char-dassaut', 'Char d\'assaut', 'vehicules', NULL, NULL, 'Bonus d\'AGI x2 en mode tout-terrain'),
('classieux', 'Tenue classieuse', 'vetements', NULL, '800.00', NULL),
('couteau-de-lancer', 'Couteau de lancer', 'armes-a-distance', NULL, '10.00', ''),
('dirigeable', 'Dirigeable', 'vehicules', NULL, '2000000.00', NULL),
('dynamite', 'Dynamite', 'grenades', NULL, '0.00', 'Un bâton de dynamite s’utilise comme une grenade, mais nécessite obligatoirement une action limitée pour être allumé et lanc'),
('epee', 'Epée', 'armes-de-contact', NULL, '300.00', ''),
('foudroyeur', 'Foudroyeur', 'armes-a-distance', NULL, '300.00', 'Inventé en 1972, le Taser ne fait son apparition qu’à partir des années 2000. Les DM de cette arme à impulsion électrique sont temporaires. De plus, la victime doit faire un test de CON difficulté 15 ou être Renversée et Étourdie pendant 1 tour'),
('fusil-a-pompe', 'Fusil à pompe', 'armes-a-distance', NULL, '1500.00', ''),
('fusil-dassaut', 'Fusil d\'assaut', 'armes-a-distance', NULL, '2000.00', ''),
('fusil-de-chasse', 'Fusil de chasse', 'armes-a-distance', NULL, '1000.00', ''),
('fusil-de-precision', 'Fusil de précision', 'armes-a-distance', NULL, '5000.00', 'DM 3d6 en tir couché et visé'),
('fusil-gros-gibier', 'Fusil de chasse gros gibier', 'armes-a-distance', NULL, '3000.00', ''),
('fusil-precision-lour', 'Fusil de précision lourd', 'armes-a-distance', NULL, '8000.00', 'DM 3d8 en tir couché et visé'),
('gilet-pare-balles', 'Gilet pare-balles', 'armures', NULL, '400.00', 'Malus -2 en Initiative et aux tests de DEX\r\nRD contre les armes à feu annulée en cas de critique'),
('gilet-pare-balles-lo', 'Gilet pare-balles lourd', 'armures', NULL, '1500.00', 'Malus -4 en Initiative et aux tests de DEX\r\nRD contre les armes à feu annulée en cas de critique'),
('grand-restaurant', 'Grand restaurant', 'hebergement-et-resta', NULL, '400.00', NULL),
('grenade-defensive', 'Grenade défensive', 'grenades', NULL, '100.00', 'Les victimes peuvent réaliser un test de DEX difficulté 15 pour ne subir que la moitié des DM. Surdité offerte en sus pour 2d6 tours (1d6 si test de CON difficulté 15 réussi)'),
('grenade-lacrymogene', 'Grenade lacrymogène', 'grenades', NULL, '50.00', 'Pendant 10 tours, un personnage (ou une créature) qui reste un tour dans la zone est Aveuglé pour 1d6 tours. Réussir un test de CON difficulté 15 permet de diviser la durée par deux. L’effet perdure même après être sorti de la zone.'),
('grenade-offensive', 'Grenade offensive', 'grenades', NULL, '50.00', 'Les DM peuvent être temporaires ou létaux. Les victimes doivent faire un test de CON difficulté 15 ou être Étourdies pendant un tour. Surdité offerte en sus pour 2d6 tours (1d6 si test de CON difficulté 15 réussi).'),
('hache-2-mains', 'Hache à deux mains', 'armes-de-contact', NULL, '300.00', ''),
('hachette', 'Hachette', 'armes-de-contact', NULL, '50.00', ''),
('haute-couture', 'Tenue haute couture', 'vetements', NULL, '5000.00', NULL),
('helicoptere', 'Hélicoptère', 'vehicules', NULL, '1000000.00', NULL),
('hotel-de-luxe', 'Hôtel de luxe', 'hebergement-et-resta', NULL, '1000.00', NULL),
('hotel-minable', 'Hôtel minable', 'hebergement-et-resta', NULL, '20.00', NULL),
('jumelles', 'Jumelles', 'materiel', NULL, '100.00', NULL),
('lampe-torche', 'Lampe-torche', 'materiel', NULL, '50.00', NULL),
('lance-grenade', 'Lance grenade', 'armes-a-distance', NULL, '0.00', ''),
('lance-roquette', 'Lance-roquette', 'armes-a-distance', NULL, '0.00', 'Recharge = action limitée (L)'),
('luxe', 'Tenue de luxe', 'vetements', NULL, '2000.00', NULL),
('machette', 'Machette', 'armes-de-contact', NULL, '50.00', ''),
('marteau', 'Marteau', 'armes-de-contact', NULL, '30.00', ''),
('menottes', 'Menottes', 'materiel', NULL, '30.00', NULL),
('mini-pistolet-derrin', 'Mini-pistolet (Derringer)', 'armes-a-distance', NULL, '5.00', 'Un mini-pistolet est très facile à cacher, il ne peut tirer que 2 coups puis il faut une action limitée pour le recharger. En revanche, il ne subit un incident de tir que sur un résultat de 1 au d20.'),
('minivan', 'Minivan', 'vehicules', NULL, '30000.00', NULL),
('mitrailleuse-legere', 'Mitrailleuse légère', 'armes-a-distance', NULL, '0.00', ''),
('mitrailleuse-lourde', 'Mitrailleuse lourde', 'armes-a-distance', NULL, '0.00', ''),
('mitrailleuse-moyenne', 'Mitrailleuse moyenne', 'armes-a-distance', NULL, '0.00', ''),
('montre-bracelet', 'Montre bracelet', 'materiel', NULL, '60.00', NULL),
('moto-routiere', 'Moto routière', 'vehicules', NULL, '15000.00', NULL),
('moto-sportive', 'Moto sportive', 'vehicules', NULL, '12000.00', NULL),
('moto-tout-terrain', 'Moto tout terrain', 'vehicules', NULL, '8000.00', NULL),
('pisto-mitrailleur', 'Pistolet mitrailleur', 'armes-a-distance', NULL, '1500.00', ''),
('pisto-mitrailleur-lo', 'Pistolet mitrailleur lourd', 'armes-a-distance', NULL, '2000.00', ''),
('pistolet-leger', 'Pistolet léger', 'armes-a-distance', NULL, '200.00', ''),
('pistolet-lourd', 'Pistolet lourd', 'armes-a-distance', NULL, '800.00', 'cal. 45'),
('pistolet-moyen', 'Pistolet moyen', 'armes-a-distance', NULL, '400.00', 'cal. 38'),
('poignard', 'Poignard', 'armes-de-contact', NULL, '30.00', ''),
('poste-de-radio', 'Poste de radio', 'materiel', NULL, '50.00', NULL),
('premier-prix', 'Tenue premier prix', 'vetements', NULL, '20.00', NULL),
('rapiere', 'Rapière', 'armes-de-contact', NULL, '1000.00', ''),
('repas-rapide', 'Repas rapide', 'hebergement-et-resta', NULL, '10.00', NULL),
('restaurant', 'Restaurant', 'hebergement-et-resta', NULL, '40.00', NULL),
('sagaie', 'Sagaie', 'armes-a-distance', NULL, '0.00', ''),
('semi-remorque', 'Semi-remorque', 'vehicules', NULL, '100000.00', NULL),
('shuriken', 'Shuriken', 'armes-a-distance', NULL, '10.00', ''),
('suite-de-luxe', 'Suite de luxe', 'hebergement-et-resta', NULL, '5000.00', NULL),
('tenue-de-randonnee', 'Tenue de randonnée', 'vetements', NULL, '500.00', NULL),
('tenue-polaire', 'Tenue polaire', 'vetements', NULL, '1000.00', NULL),
('trousse-de-secours', 'Trousse de secours', 'materiel', NULL, '100.00', 'L’usage d’une trousse de secours offre un bonus de +2 aux tests de soins ou aux tests de CON du blessé. La trousse est réutilisable.'),
('vivres-1-semaine', 'Vivres (1 semaine)', 'materiel', NULL, '30.00', NULL),
('zeppelin', 'Zeppelin', 'vehicules', NULL, '2000000.00', NULL);

-- --------------------------------------------------------

--
-- Table structure for table `coct_equipement_profils`
--

DROP TABLE IF EXISTS `coct_equipement_profils`;
CREATE TABLE IF NOT EXISTS `coct_equipement_profils` (
  `profil` varchar(20) NOT NULL,
  `sequence` tinyint(4) NOT NULL,
  `equipement` varchar(20) NOT NULL,
  `nombre` tinyint(1) NOT NULL DEFAULT 1,
  `special` varchar(100) DEFAULT NULL,
  PRIMARY KEY (`profil`,`sequence`),
  KEY `coct_equipement_profils_profil` (`profil`),
  KEY `coct_equipement_profils_equipement` (`equipement`)
) ENGINE=InnoDB DEFAULT CHARSET=utf8mb4 COLLATE=utf8mb4_general_ci;

--
-- Dumping data for table `coct_equipement_profils`
--

INSERT INTO `coct_equipement_profils` (`profil`, `sequence`, `equipement`, `nombre`, `special`) VALUES
('archeologue-cthulhu', 1, 'tenue-de-randonnee', 1, ''),
('archeologue-cthulhu', 2, 'autre', 1, 'Matériel de fouille'),
('archeologue-cthulhu', 3, 'autre', 1, 'Lot de cartes de sites de fouille'),
('archeologue-cthulhu', 4, 'autre', 1, 'Tenue de citadin'),
('archeologue-cthulhu', 5, 'autre', 1, '200$'),
('artiste', 1, 'autre', 1, 'De quoi pratiquer son art'),
('artiste', 2, 'a-la-mode', 1, ''),
('artiste', 3, 'classieux', 1, ''),
('artiste', 4, 'autre', 1, 'Objet symbolique (beaux-arts)'),
('artiste', 5, 'autre', 1, 'Lot de cartes de visite'),
('artiste', 6, 'autre', 1, 'Trousse de maquillage'),
('artiste', 7, 'autre', 1, 'Tenue de citadin'),
('artiste', 8, 'autre', 1, '200$'),
('aventurier', 1, 'tenue-de-randonnee', 1, ''),
('aventurier', 2, 'autre', 1, 'Matériel de camping'),
('aventurier', 3, 'autre', 1, 'Matériel d\'alpinisme'),
('aventurier', 4, 'autre', 1, 'Carnet de notes'),
('aventurier', 5, 'pistolet-moyen', 1, ''),
('aventurier', 6, 'autre', 1, 'Voilier'),
('aventurier', 7, 'autre', 1, 'Tenue de citadin'),
('aventurier', 8, 'autre', 1, '200$'),
('baroudeur', 1, 'autre', 1, 'Véhicule au choix'),
('baroudeur', 2, 'autre', 1, 'Tenue de pilote'),
('baroudeur', 3, 'tenue-de-randonnee', 1, ''),
('baroudeur', 4, 'autre', 1, 'Matériel de camping'),
('baroudeur', 5, 'autre', 1, 'Cartes diverses'),
('baroudeur', 6, 'autre', 1, 'Devises de plusieurs pays'),
('baroudeur', 7, 'autre', 1, 'Photos souvenirs de pays lointains'),
('baroudeur', 8, 'autre', 1, 'Tenue de citadin'),
('baroudeur', 9, 'autre', 1, '200$'),
('chasseur-gros-gibier', 1, 'autre', 1, 'Pistolet au choix'),
('chasseur-gros-gibier', 2, 'autre', 1, 'Fusil au choix'),
('chasseur-gros-gibier', 3, 'tenue-de-randonnee', 1, ''),
('chasseur-gros-gibier', 4, 'autre', 1, 'Matériel de camping'),
('chasseur-gros-gibier', 5, 'autre', 1, 'Cartes diverses'),
('chasseur-gros-gibier', 6, 'autre', 1, 'Devises de plusieurs pays'),
('chasseur-gros-gibier', 7, 'autre', 1, 'Photos souvenirs de pays lointains'),
('chasseur-gros-gibier', 8, 'autre', 1, 'Tenue de citadin'),
('chasseur-gros-gibier', 9, 'autre', 1, '200$'),
('criminel', 1, 'classieux', 1, ''),
('criminel', 2, 'autre', 1, 'Objet symbolique (crime organisé)'),
('criminel', 3, 'poignard', 1, ''),
('criminel', 4, 'trousse-de-secours', 1, ''),
('criminel', 5, 'tenue-de-randonnee', 1, ''),
('criminel', 6, 'autre', 1, 'Matériel d\'alpinisme'),
('criminel', 7, 'autre', 1, 'Tenue de citadin'),
('criminel', 8, 'autre', 1, '200$'),
('espion', 1, 'autre', 1, 'Chapeau ou casquette'),
('espion', 2, 'lampe-torche', 1, ''),
('espion', 3, 'autre', 1, 'Loupe'),
('espion', 4, 'autre', 1, 'Cartes diverses'),
('espion', 5, 'autre', 1, 'Devises de plusieurs pays'),
('espion', 6, 'autre', 1, 'Photos souvenirs de pays lointains'),
('espion', 7, 'autre', 1, 'Tenue de citadin'),
('espion', 8, 'autre', 1, '200$'),
('explorateur', 1, 'autre', 1, 'Lot de romans en langue étrangère'),
('explorateur', 2, 'tenue-de-randonnee', 1, ''),
('explorateur', 3, 'autre', 1, 'Matériel de camping'),
('explorateur', 4, 'autre', 1, 'Cartes diverses'),
('explorateur', 5, 'autre', 1, 'Devises de plusieurs pays'),
('explorateur', 6, 'autre', 1, 'Photos souvenirs de pays lointains'),
('explorateur', 7, 'autre', 1, 'Tenue de citadin'),
('explorateur', 8, 'autre', 1, '200$'),
('garde-du-corps', 1, 'autre', 1, 'Pistolet au choix'),
('garde-du-corps', 2, 'autre', 1, 'Fusil au choix'),
('garde-du-corps', 3, 'poignard', 1, ''),
('garde-du-corps', 4, 'autre', 1, 'Tenue de sport'),
('garde-du-corps', 5, 'autre', 1, 'De quoi pratiquer son sport'),
('garde-du-corps', 6, 'autre', 1, 'Tenue de citadin'),
('garde-du-corps', 7, 'autre', 1, '200$'),
('humanitaire', 1, 'tenue-de-randonnee', 1, ''),
('humanitaire', 2, 'autre', 1, 'Matériel d\'alpinisme'),
('humanitaire', 3, 'trousse-de-secours', 2, ''),
('humanitaire', 4, 'autre', 1, 'Livre sur les médicaments'),
('humanitaire', 5, 'classieux', 1, ''),
('humanitaire', 6, 'autre', 1, 'Cartes diverses'),
('humanitaire', 7, 'autre', 1, 'Devises de plusieurs pays'),
('humanitaire', 8, 'autre', 1, 'Photos souvenirs de pays lointains'),
('humanitaire', 9, 'autre', 1, 'Tenue de citadin'),
('humanitaire', 10, 'autre', 1, '200$'),
('inspecteur', 1, 'autre', 1, 'Pistolet au choix'),
('inspecteur', 2, 'autre', 1, 'Fusil au choix'),
('inspecteur', 3, 'classieux', 1, ''),
('inspecteur', 4, 'autre', 1, 'Objet symbolique (police)'),
('inspecteur', 5, 'lampe-torche', 1, ''),
('inspecteur', 6, 'autre', 1, 'Loupe'),
('inspecteur', 7, 'autre', 1, 'Tenue de citadin'),
('inspecteur', 8, 'autre', 1, '200$'),
('journaliste-cthulhu', 1, 'autre', 1, 'Tenue de citadin'),
('journaliste-cthulhu', 2, 'autre', 1, 'Carte de presse'),
('journaliste-cthulhu', 3, 'autre', 1, 'Carnet d\'adresse'),
('journaliste-cthulhu', 4, 'appareil-photo', 1, ''),
('journaliste-cthulhu', 5, 'mini-pistolet-derrin', 1, ''),
('linguiste', 1, 'autre', 1, 'Lot de cartes de visite'),
('linguiste', 2, 'autre', 1, 'Trousse de maquillage'),
('linguiste', 3, 'autre', 1, 'Lot de romans en langue étrangère'),
('linguiste', 4, 'autre', 1, 'Cartes diverses'),
('linguiste', 5, 'autre', 1, 'Devises de plusieurs pays'),
('linguiste', 6, 'autre', 1, 'Photos souvenirs de pays lointains'),
('linguiste', 7, 'autre', 1, 'Tenue de citadin'),
('linguiste', 8, 'autre', 1, '200$'),
('medecin', 1, 'classieux', 1, ''),
('medecin', 2, 'autre', 1, 'Objet symbolique (médecine)'),
('medecin', 3, 'lampe-torche', 1, ''),
('medecin', 4, 'autre', 1, 'Loupe'),
('medecin', 5, 'trousse-de-secours', 1, ''),
('medecin', 6, 'autre', 1, 'Livre sur les médicaments'),
('medecin', 7, 'autre', 1, 'Tenue de citadin'),
('medecin', 8, 'autre', 1, '200$'),
('militaire-cthulhu', 1, 'pistolet-lourd', 1, ''),
('militaire-cthulhu', 2, 'carabine-a-repetitio', 1, ''),
('militaire-cthulhu', 3, 'autre', 1, 'Uniforme'),
('militaire-cthulhu', 4, 'autre', 1, 'Canne'),
('militaire-cthulhu', 5, 'auto-berline', 1, ''),
('militaire-cthulhu', 6, 'autre', 1, 'Tenue de citadin'),
('militaire-cthulhu', 7, 'autre', 1, '200$'),
('missionnaire', 1, 'classieux', 1, ''),
('missionnaire', 2, 'autre', 1, 'Objet symbolique (église)'),
('missionnaire', 3, 'autre', 1, 'Lot de livres de sciences humaines'),
('missionnaire', 4, 'autre', 1, 'Cartes diverses'),
('missionnaire', 5, 'autre', 1, 'Devises de plusieurs pays'),
('missionnaire', 6, 'autre', 1, 'Photos souvenirs de pays lointains'),
('missionnaire', 7, 'autre', 1, 'Tenue de citadin'),
('missionnaire', 8, 'autre', 1, '200$'),
('occultiste', 1, 'autre', 1, 'Tenue de citadin'),
('occultiste', 2, 'lampe-torche', 1, ''),
('occultiste', 3, 'autre', 1, 'Loupe'),
('occultiste', 4, 'autre', 1, 'Lot de livres anciens'),
('occultiste', 5, 'autre', 1, 'Tenue de citadin'),
('occultiste', 6, 'autre', 1, '200$'),
('ouvrier', 1, 'classieux', 1, ''),
('ouvrier', 2, 'autre', 1, 'Objet symbolique (syndicats)'),
('ouvrier', 3, 'autre', 1, 'Tenue de sport'),
('ouvrier', 4, 'autre', 1, 'De quoi pratiquer son sport'),
('ouvrier', 5, 'caisse-a-outils', 1, ''),
('ouvrier', 6, 'autre', 1, 'Voiture ou Moto'),
('ouvrier', 7, 'autre', 1, 'Tenue de citadin'),
('ouvrier', 8, 'autre', 1, '200$'),
('pilote-cthulhu', 1, 'autre', 1, 'Tenue d\'aviateur'),
('pilote-cthulhu', 2, 'caisse-a-outils', 1, ''),
('pilote-cthulhu', 3, 'auto-berline', 1, ''),
('pilote-cthulhu', 4, 'avion-de-tourisme', 1, 'Biplan d\'occasion'),
('pilote-cthulhu', 5, 'autre', 1, 'Tenue de citadin'),
('pilote-cthulhu', 6, 'autre', 1, '200$'),
('pompier', 1, 'autre', 1, 'Tenue de sport'),
('pompier', 2, 'autre', 1, 'De quoi pratiquer son sport'),
('pompier', 3, 'trousse-de-secours', 1, ''),
('pompier', 4, 'autre', 1, 'Livre sur les médicaments'),
('pompier', 5, 'classieux', 1, ''),
('pompier', 6, 'autre', 1, 'Véhicule au choix'),
('pompier', 7, 'autre', 1, 'Tenue de pilote'),
('pompier', 8, 'autre', 1, 'Tenue de citadin'),
('pompier', 9, 'autre', 1, '200$'),
('therapeute', 1, 'autre', 1, 'Tenue de médecin'),
('therapeute', 2, 'trousse-de-secours', 1, ''),
('therapeute', 3, 'auto-citadine', 1, ''),
('therapeute', 4, 'autre', 1, 'Tenue de citadin'),
('therapeute', 5, 'autre', 1, '200$'),
('universitaire', 1, 'autre', 1, 'Lot de cartes de visite'),
('universitaire', 2, 'autre', 1, 'Trousse de maquillage'),
('universitaire', 3, 'lampe-torche', 1, ''),
('universitaire', 4, 'autre', 1, 'Loupe'),
('universitaire', 5, 'autre', 1, 'Lot de livres de sciences'),
('universitaire', 6, 'classieux', 1, ''),
('universitaire', 7, 'autre', 1, 'Tenue de citadin'),
('universitaire', 8, 'autre', 1, '200$');

-- --------------------------------------------------------

--
-- Table structure for table `coct_equipement_proprietes`
--

DROP TABLE IF EXISTS `coct_equipement_proprietes`;
CREATE TABLE IF NOT EXISTS `coct_equipement_proprietes` (
  `code_equipement` varchar(20) NOT NULL,
  `code_propriete` varchar(20) NOT NULL,
  `valeur` varchar(250) DEFAULT NULL,
  PRIMARY KEY (`code_equipement`,`code_propriete`),
  KEY `coct_equipement_proprietes_equipement` (`code_equipement`),
  KEY `coct_equipement_proprietes_propriete` (`code_propriete`)
) ENGINE=InnoDB DEFAULT CHARSET=utf8mb4 COLLATE=utf8mb4_general_ci;

--
-- Dumping data for table `coct_equipement_proprietes`
--

INSERT INTO `coct_equipement_proprietes` (`code_equipement`, `code_propriete`, `valeur`) VALUES
('arc', 'dm2m', '1d6'),
('arc', 'for-mini', '8'),
('arc', 'portee', '30'),
('auto-4x4', 'agi-vheicule', '+3'),
('auto-4x4', 'def', '12'),
('auto-4x4', 'for-vehicule', '+2'),
('auto-4x4', 'pv-vehicule', '25'),
('auto-berline', 'agi-vheicule', '+2'),
('auto-berline', 'def', '12'),
('auto-berline', 'for-vehicule', '+1'),
('auto-berline', 'pv-vehicule', '20'),
('auto-citadine', 'agi-vheicule', '+1'),
('auto-citadine', 'def', '12'),
('auto-citadine', 'for-vehicule', '+0'),
('auto-citadine', 'pv-vehicule', '15'),
('auto-sportive', 'agi-vheicule', '+5'),
('auto-sportive', 'def', '13'),
('auto-sportive', 'for-vehicule', '+0'),
('auto-sportive', 'pv-vehicule', '20'),
('avion-bombardier', 'agi-vheicule', '+4'),
('avion-bombardier', 'def', '16'),
('avion-bombardier', 'for-vehicule', 'NA'),
('avion-bombardier', 'pv-vehicule', '40'),
('avion-bombardier', 'rd', '10'),
('avion-chasseur', 'agi-vheicule', '+10'),
('avion-chasseur', 'def', '18'),
('avion-chasseur', 'for-vehicule', 'NA'),
('avion-chasseur', 'pv-vehicule', '25'),
('avion-chasseur', 'rd', '5'),
('avion-de-tourisme', 'agi-vheicule', '+5'),
('avion-de-tourisme', 'def', '18'),
('avion-de-tourisme', 'for-vehicule', 'NA'),
('avion-de-tourisme', 'pv-vehicule', '25'),
('batte-base-ball', 'critique', '20'),
('batte-base-ball', 'dm1m', '1d4'),
('berline-de-luxe', 'agi-vheicule', '+4'),
('berline-de-luxe', 'def', '13'),
('berline-de-luxe', 'for-vehicule', '+2'),
('berline-de-luxe', 'pv-vehicule', '25'),
('blinde-leger', 'agi-vheicule', '+1'),
('blinde-leger', 'def', '18'),
('blinde-leger', 'for-vehicule', '+5'),
('blinde-leger', 'pv-vehicule', '40'),
('blinde-leger', 'rd', '10'),
('camion', 'agi-vheicule', '+0'),
('camion', 'def', '14'),
('camion', 'for-vehicule', '+4'),
('camion', 'pv-vehicule', '40'),
('canon-scie', 'dm2m', '1d10'),
('canon-scie', 'for-mini', '12'),
('canon-scie', 'portee', '20'),
('carabine-a-repetitio', 'dm2m', '1d8'),
('carabine-a-repetitio', 'for-mini', '8'),
('carabine-a-repetitio', 'portee', '80'),
('char-dassaut', 'agi-vheicule', '+1'),
('char-dassaut', 'def', '20'),
('char-dassaut', 'for-vehicule', '+8'),
('char-dassaut', 'pv-vehicule', '50'),
('char-dassaut', 'rd', '15'),
('couteau-de-lancer', 'dm1m', '1d4'),
('couteau-de-lancer', 'for-mini', '4'),
('couteau-de-lancer', 'portee', '5'),
('dirigeable', 'agi-vheicule', '+2'),
('dirigeable', 'def', '10'),
('dirigeable', 'for-vehicule', 'NA'),
('dirigeable', 'pv-vehicule', '50'),
('dynamite', 'dm1m', '3d6'),
('dynamite', 'portee', '20'),
('dynamite', 'rayon', '3'),
('epee', 'critique', '20'),
('epee', 'dm1m', '1d8'),
('foudroyeur', 'dm1m', '1d6'),
('foudroyeur', 'for-mini', '6'),
('foudroyeur', 'portee', '5'),
('fusil-a-pompe', 'dm2m', '1d10'),
('fusil-a-pompe', 'for-mini', '10'),
('fusil-a-pompe', 'portee', '40'),
('fusil-dassaut', 'dm2m', '2d8'),
('fusil-dassaut', 'dmarc', '1d8'),
('fusil-dassaut', 'for-mini', '12'),
('fusil-dassaut', 'portee', '80'),
('fusil-de-chasse', 'dm2m', '1d10'),
('fusil-de-chasse', 'for-mini', '10'),
('fusil-de-chasse', 'portee', '50'),
('fusil-de-precision', 'dm2m', '2d6'),
('fusil-de-precision', 'for-mini', '14'),
('fusil-de-precision', 'portee', '100'),
('fusil-gros-gibier', 'dm2m', '1d12'),
('fusil-gros-gibier', 'for-mini', '14'),
('fusil-gros-gibier', 'portee', '60'),
('fusil-precision-lour', 'dm2m', '2d8'),
('fusil-precision-lour', 'for-mini', '16'),
('fusil-precision-lour', 'portee', '100'),
('gilet-pare-balles', 'def', '2'),
('gilet-pare-balles', 'rd', '5'),
('gilet-pare-balles-lo', 'def', '4'),
('gilet-pare-balles-lo', 'rd', '8'),
('grenade-defensive', 'dm1m', '4d6'),
('grenade-defensive', 'portee', '20'),
('grenade-defensive', 'rayon', '5'),
('grenade-lacrymogene', 'portee', '20'),
('grenade-lacrymogene', 'rayon', '5'),
('grenade-offensive', 'dm1m', '2d6'),
('grenade-offensive', 'portee', '20'),
('grenade-offensive', 'rayon', '3'),
('hache-2-mains', 'critique', '20'),
('hache-2-mains', 'dm2m', '1d12'),
('hachette', 'critique', '20'),
('hachette', 'dm1m', '1d6'),
('helicoptere', 'agi-vheicule', '+6'),
('helicoptere', 'def', '15'),
('helicoptere', 'for-vehicule', 'NA'),
('helicoptere', 'pv-vehicule', '25'),
('lance-grenade', 'dm2m', '3d6'),
('lance-grenade', 'for-mini', '14'),
('lance-grenade', 'portee', '40'),
('lance-roquette', 'dm2m', '4d6'),
('lance-roquette', 'for-mini', '16'),
('lance-roquette', 'portee', '100'),
('machette', 'critique', '20'),
('machette', 'dm1m', '1d6'),
('marteau', 'critique', '20'),
('marteau', 'dm1m', '1d4'),
('mini-pistolet-derrin', 'dm1m', '1d6'),
('mini-pistolet-derrin', 'portee', '5m'),
('minivan', 'agi-vheicule', '+1'),
('minivan', 'def', '12'),
('minivan', 'for-vehicule', '+3'),
('minivan', 'pv-vehicule', '30'),
('mitrailleuse-legere', 'dm2m', '3d6'),
('mitrailleuse-legere', 'dmarc', '2d6'),
('mitrailleuse-legere', 'for-mini', '18'),
('mitrailleuse-legere', 'portee', '80'),
('mitrailleuse-lourde', 'dm2m', '3d10'),
('mitrailleuse-lourde', 'dmarc', '2d10'),
('mitrailleuse-lourde', 'for-mini', '26'),
('mitrailleuse-lourde', 'portee', '80'),
('mitrailleuse-moyenne', 'dm2m', '3d8'),
('mitrailleuse-moyenne', 'dmarc', '2d8'),
('mitrailleuse-moyenne', 'for-mini', '22'),
('mitrailleuse-moyenne', 'portee', '80'),
('moto-routiere', 'agi-vheicule', '+4'),
('moto-routiere', 'def', '14'),
('moto-routiere', 'for-vehicule', '-2'),
('moto-routiere', 'pv-vehicule', '8'),
('moto-sportive', 'agi-vheicule', '+5'),
('moto-sportive', 'def', '14'),
('moto-sportive', 'for-vehicule', '-3'),
('moto-sportive', 'pv-vehicule', '5'),
('moto-tout-terrain', 'agi-vheicule', '+3'),
('moto-tout-terrain', 'def', '15'),
('moto-tout-terrain', 'for-vehicule', '-3'),
('moto-tout-terrain', 'pv-vehicule', '5'),
('pisto-mitrailleur', 'dm1m', '2d6'),
('pisto-mitrailleur', 'dmarc', '1d6'),
('pisto-mitrailleur', 'for-mini', '14'),
('pisto-mitrailleur', 'portee', '30'),
('pisto-mitrailleur-lo', 'dm1m', '2d8'),
('pisto-mitrailleur-lo', 'dmarc', '1d8'),
('pisto-mitrailleur-lo', 'for-mini', '16'),
('pisto-mitrailleur-lo', 'portee', '30'),
('pistolet-leger', 'dm1m', '1d6'),
('pistolet-leger', 'for-mini', '8'),
('pistolet-leger', 'portee', '10'),
('pistolet-lourd', 'dm1m', '1d8'),
('pistolet-lourd', 'for-mini', '12'),
('pistolet-lourd', 'portee', '20'),
('pistolet-moyen', 'dm1m', '1d10'),
('pistolet-moyen', 'for-mini', '10'),
('pistolet-moyen', 'portee', '20'),
('poignard', 'critique', '20'),
('poignard', 'dm1m', '1d4'),
('rapiere', 'critique', '19'),
('rapiere', 'dm1m', '1d6'),
('sagaie', 'dm1m', '1d8'),
('sagaie', 'for-mini', '8'),
('sagaie', 'portee', '10'),
('semi-remorque', 'agi-vheicule', '-2'),
('semi-remorque', 'def', '16'),
('semi-remorque', 'for-vehicule', '+6'),
('semi-remorque', 'pv-vehicule', '60'),
('shuriken', 'dm1m', '1d4'),
('shuriken', 'for-mini', '4'),
('shuriken', 'portee', '5'),
('zeppelin', 'agi-vheicule', '+1'),
('zeppelin', 'def', '10'),
('zeppelin', 'for-vehicule', 'NA'),
('zeppelin', 'pv-vehicule', '80');

-- --------------------------------------------------------

--
-- Table structure for table `coct_familles`
--

DROP TABLE IF EXISTS `coct_familles`;
CREATE TABLE IF NOT EXISTS `coct_familles` (
  `famille` varchar(20) NOT NULL,
  `description` varchar(50) NOT NULL,
  PRIMARY KEY (`famille`)
) ENGINE=InnoDB DEFAULT CHARSET=utf8mb4 COLLATE=utf8mb4_general_ci;

--
-- Dumping data for table `coct_familles`
--

INSERT INTO `coct_familles` (`famille`, `description`) VALUES
('adc-action', 'Action'),
('adc-aventure', 'Aventure'),
('adc-reflexion', 'Réflexion');

-- --------------------------------------------------------

--
-- Table structure for table `coct_profils`
--

DROP TABLE IF EXISTS `coct_profils`;
CREATE TABLE IF NOT EXISTS `coct_profils` (
  `profil` varchar(20) NOT NULL,
  `nom` varchar(50) NOT NULL,
  `description` text DEFAULT NULL,
  `famille` varchar(20) NOT NULL,
  `type` char(1) NOT NULL DEFAULT '0',
  PRIMARY KEY (`profil`),
  KEY `coct_profils_famille` (`famille`)
) ENGINE=InnoDB DEFAULT CHARSET=utf8mb4 COLLATE=utf8mb4_general_ci;

--
-- Dumping data for table `coct_profils`
--

INSERT INTO `coct_profils` (`profil`, `nom`, `description`, `famille`, `type`) VALUES
('archeologue-cthulhu', 'Archéologue', 'L’archéologue est un historien de terrain. C’est un voyageur averti et un investigateur de premier ordre.\r\nATC +1, ATD 0', 'adc-aventure', '0'),
('artiste', 'Artiste', NULL, 'adc-reflexion', '0'),
('aventurier', 'Aventurier', 'L’aventurier est un dandy sportif, il aime l’action autant que les arts et pratique les deux avec bonheur égal.\r\nATC +1, ATD 0', 'adc-aventure', '0'),
('baroudeur', 'Baroudeur', NULL, 'adc-action', '0'),
('chasseur-gros-gibier', 'Chasseur de gros gibier', NULL, 'adc-action', '0'),
('criminel', 'Criminel', NULL, 'adc-action', '0'),
('espion', 'Espion', NULL, 'adc-aventure', '0'),
('explorateur', 'Explorateur', NULL, 'adc-aventure', '0'),
('garde-du-corps', 'Garde du corps', NULL, 'adc-action', '0'),
('humanitaire', 'Humanitaire', NULL, 'adc-aventure', '0'),
('inspecteur', 'Inspecteur', NULL, 'adc-aventure', '0'),
('journaliste-cthulhu', 'Journaliste', 'Le journaliste est capable de soutirer des renseignements à un témoin des plus récalcitrants, même s’il faut pour cela utiliser la ruse.\r\nATC 0, ATD 0', 'adc-reflexion', '0'),
('linguiste', 'Linguiste', NULL, 'adc-reflexion', '0'),
('medecin', 'Médecin', NULL, 'adc-reflexion', '0'),
('militaire-cthulhu', 'Militaire', 'Le militaire est un soldat à la retraite, un vétéran qui a vu bien des conflits. Il n’a pas son égal lorsqu’il faut faire parler les armes.\r\nATC 0, ATD +2', 'adc-action', '0'),
('missionnaire', 'Missionnaire', NULL, 'adc-reflexion', '0'),
('occultiste', 'Occultiste', NULL, 'adc-reflexion', '0'),
('ouvrier', 'Ouvrier', NULL, 'adc-aventure', '0'),
('pilote-cthulhu', 'Pilote', 'Le pilote est à la fois un mécanicien et un casse-cou professionnel, un as du volant aussi à son aise sur terre que dans les airs.\r\nATC +1, ATD +1', 'adc-action', '0'),
('pompier', 'Pompier', NULL, 'adc-action', '0'),
('therapeute', 'Thérapeute', 'Le thérapeute est un médecin qui s’intéresse à la santé physique et mentale de ses patients ainsi qu’aux comportements étranges.\r\nATC 0, ATD 0', 'adc-reflexion', '0'),
('universitaire', 'Universitaire', NULL, 'adc-reflexion', '0');

-- --------------------------------------------------------

--
-- Table structure for table `coct_profils_maitrises`
--

DROP TABLE IF EXISTS `coct_profils_maitrises`;
CREATE TABLE IF NOT EXISTS `coct_profils_maitrises` (
  `profil` varchar(20) NOT NULL,
  `equipement` varchar(20) NOT NULL,
  PRIMARY KEY (`profil`,`equipement`),
  KEY `coct_profils_maitrises_profil` (`profil`),
  KEY `coct_profils_maitrises_equipement` (`equipement`)
) ENGINE=InnoDB DEFAULT CHARSET=utf8mb4 COLLATE=utf8mb4_general_ci;

--
-- Dumping data for table `coct_profils_maitrises`
--

INSERT INTO `coct_profils_maitrises` (`profil`, `equipement`) VALUES
('archeologue-cthulhu', 'a-la-mode'),
('archeologue-cthulhu', 'appareil-photo'),
('archeologue-cthulhu', 'arc'),
('archeologue-cthulhu', 'auto-4x4'),
('archeologue-cthulhu', 'auto-berline'),
('archeologue-cthulhu', 'auto-citadine'),
('archeologue-cthulhu', 'auto-sportive'),
('archeologue-cthulhu', 'autre'),
('archeologue-cthulhu', 'avion-bombardier'),
('archeologue-cthulhu', 'avion-chasseur'),
('archeologue-cthulhu', 'avion-de-tourisme'),
('archeologue-cthulhu', 'batte-base-ball'),
('archeologue-cthulhu', 'berline-de-luxe'),
('archeologue-cthulhu', 'blinde-leger'),
('archeologue-cthulhu', 'boussole'),
('archeologue-cthulhu', 'caisse-a-outils'),
('archeologue-cthulhu', 'camion'),
('archeologue-cthulhu', 'canon-scie'),
('archeologue-cthulhu', 'carabine-a-repetitio'),
('archeologue-cthulhu', 'chambre-dhotel'),
('archeologue-cthulhu', 'char-dassaut'),
('archeologue-cthulhu', 'classieux'),
('archeologue-cthulhu', 'couteau-de-lancer'),
('archeologue-cthulhu', 'dirigeable'),
('archeologue-cthulhu', 'dynamite'),
('archeologue-cthulhu', 'epee'),
('archeologue-cthulhu', 'foudroyeur'),
('archeologue-cthulhu', 'fusil-a-pompe'),
('archeologue-cthulhu', 'fusil-dassaut'),
('archeologue-cthulhu', 'fusil-de-chasse'),
('archeologue-cthulhu', 'fusil-de-precision'),
('archeologue-cthulhu', 'fusil-gros-gibier'),
('archeologue-cthulhu', 'fusil-precision-lour'),
('archeologue-cthulhu', 'gilet-pare-balles'),
('archeologue-cthulhu', 'gilet-pare-balles-lo'),
('archeologue-cthulhu', 'grand-restaurant'),
('archeologue-cthulhu', 'grenade-defensive'),
('archeologue-cthulhu', 'grenade-lacrymogene'),
('archeologue-cthulhu', 'grenade-offensive'),
('archeologue-cthulhu', 'hache-2-mains'),
('archeologue-cthulhu', 'hachette'),
('archeologue-cthulhu', 'haute-couture'),
('archeologue-cthulhu', 'helicoptere'),
('archeologue-cthulhu', 'hotel-de-luxe'),
('archeologue-cthulhu', 'hotel-minable'),
('archeologue-cthulhu', 'jumelles'),
('archeologue-cthulhu', 'lampe-torche'),
('archeologue-cthulhu', 'lance-grenade'),
('archeologue-cthulhu', 'lance-roquette'),
('archeologue-cthulhu', 'luxe'),
('archeologue-cthulhu', 'machette'),
('archeologue-cthulhu', 'marteau'),
('archeologue-cthulhu', 'menottes'),
('archeologue-cthulhu', 'mini-pistolet-derrin'),
('archeologue-cthulhu', 'minivan'),
('archeologue-cthulhu', 'mitrailleuse-legere'),
('archeologue-cthulhu', 'mitrailleuse-lourde'),
('archeologue-cthulhu', 'mitrailleuse-moyenne'),
('archeologue-cthulhu', 'montre-bracelet'),
('archeologue-cthulhu', 'moto-routiere'),
('archeologue-cthulhu', 'moto-sportive'),
('archeologue-cthulhu', 'moto-tout-terrain'),
('archeologue-cthulhu', 'pisto-mitrailleur'),
('archeologue-cthulhu', 'pisto-mitrailleur-lo'),
('archeologue-cthulhu', 'pistolet-leger'),
('archeologue-cthulhu', 'pistolet-lourd'),
('archeologue-cthulhu', 'pistolet-moyen'),
('archeologue-cthulhu', 'poignard'),
('archeologue-cthulhu', 'poste-de-radio'),
('archeologue-cthulhu', 'premier-prix'),
('archeologue-cthulhu', 'rapiere'),
('archeologue-cthulhu', 'repas-rapide'),
('archeologue-cthulhu', 'restaurant'),
('archeologue-cthulhu', 'sagaie'),
('archeologue-cthulhu', 'semi-remorque'),
('archeologue-cthulhu', 'shuriken'),
('archeologue-cthulhu', 'suite-de-luxe'),
('archeologue-cthulhu', 'tenue-de-randonnee'),
('archeologue-cthulhu', 'tenue-polaire'),
('archeologue-cthulhu', 'trousse-de-secours'),
('archeologue-cthulhu', 'vivres-1-semaine'),
('archeologue-cthulhu', 'zeppelin'),
('aventurier', 'a-la-mode'),
('aventurier', 'appareil-photo'),
('aventurier', 'arc'),
('aventurier', 'auto-4x4'),
('aventurier', 'auto-berline'),
('aventurier', 'auto-citadine'),
('aventurier', 'auto-sportive'),
('aventurier', 'autre'),
('aventurier', 'avion-bombardier'),
('aventurier', 'avion-chasseur'),
('aventurier', 'avion-de-tourisme'),
('aventurier', 'batte-base-ball'),
('aventurier', 'berline-de-luxe'),
('aventurier', 'blinde-leger'),
('aventurier', 'boussole'),
('aventurier', 'caisse-a-outils'),
('aventurier', 'camion'),
('aventurier', 'canon-scie'),
('aventurier', 'carabine-a-repetitio'),
('aventurier', 'chambre-dhotel'),
('aventurier', 'char-dassaut'),
('aventurier', 'classieux'),
('aventurier', 'couteau-de-lancer'),
('aventurier', 'dirigeable'),
('aventurier', 'dynamite'),
('aventurier', 'epee'),
('aventurier', 'foudroyeur'),
('aventurier', 'fusil-a-pompe'),
('aventurier', 'fusil-dassaut'),
('aventurier', 'fusil-de-chasse'),
('aventurier', 'fusil-de-precision'),
('aventurier', 'fusil-gros-gibier'),
('aventurier', 'fusil-precision-lour'),
('aventurier', 'gilet-pare-balles'),
('aventurier', 'gilet-pare-balles-lo'),
('aventurier', 'grand-restaurant'),
('aventurier', 'grenade-defensive'),
('aventurier', 'grenade-lacrymogene'),
('aventurier', 'grenade-offensive'),
('aventurier', 'hache-2-mains'),
('aventurier', 'hachette'),
('aventurier', 'haute-couture'),
('aventurier', 'helicoptere'),
('aventurier', 'hotel-de-luxe'),
('aventurier', 'hotel-minable'),
('aventurier', 'jumelles'),
('aventurier', 'lampe-torche'),
('aventurier', 'lance-grenade'),
('aventurier', 'lance-roquette'),
('aventurier', 'luxe'),
('aventurier', 'machette'),
('aventurier', 'marteau'),
('aventurier', 'menottes'),
('aventurier', 'mini-pistolet-derrin'),
('aventurier', 'minivan'),
('aventurier', 'mitrailleuse-legere'),
('aventurier', 'mitrailleuse-lourde'),
('aventurier', 'mitrailleuse-moyenne'),
('aventurier', 'montre-bracelet'),
('aventurier', 'moto-routiere'),
('aventurier', 'moto-sportive'),
('aventurier', 'moto-tout-terrain'),
('aventurier', 'pisto-mitrailleur'),
('aventurier', 'pisto-mitrailleur-lo'),
('aventurier', 'pistolet-leger'),
('aventurier', 'pistolet-lourd'),
('aventurier', 'pistolet-moyen'),
('aventurier', 'poignard'),
('aventurier', 'poste-de-radio'),
('aventurier', 'premier-prix'),
('aventurier', 'rapiere'),
('aventurier', 'repas-rapide'),
('aventurier', 'restaurant'),
('aventurier', 'sagaie'),
('aventurier', 'semi-remorque'),
('aventurier', 'shuriken'),
('aventurier', 'suite-de-luxe'),
('aventurier', 'tenue-de-randonnee'),
('aventurier', 'tenue-polaire'),
('aventurier', 'trousse-de-secours'),
('aventurier', 'vivres-1-semaine'),
('aventurier', 'zeppelin'),
('journaliste-cthulhu', 'a-la-mode'),
('journaliste-cthulhu', 'appareil-photo'),
('journaliste-cthulhu', 'arc'),
('journaliste-cthulhu', 'auto-4x4'),
('journaliste-cthulhu', 'auto-berline'),
('journaliste-cthulhu', 'auto-citadine'),
('journaliste-cthulhu', 'auto-sportive'),
('journaliste-cthulhu', 'autre'),
('journaliste-cthulhu', 'avion-bombardier'),
('journaliste-cthulhu', 'avion-chasseur'),
('journaliste-cthulhu', 'avion-de-tourisme'),
('journaliste-cthulhu', 'batte-base-ball'),
('journaliste-cthulhu', 'berline-de-luxe'),
('journaliste-cthulhu', 'blinde-leger'),
('journaliste-cthulhu', 'boussole'),
('journaliste-cthulhu', 'caisse-a-outils'),
('journaliste-cthulhu', 'camion'),
('journaliste-cthulhu', 'canon-scie'),
('journaliste-cthulhu', 'carabine-a-repetitio'),
('journaliste-cthulhu', 'chambre-dhotel'),
('journaliste-cthulhu', 'char-dassaut'),
('journaliste-cthulhu', 'classieux'),
('journaliste-cthulhu', 'couteau-de-lancer'),
('journaliste-cthulhu', 'dirigeable'),
('journaliste-cthulhu', 'dynamite'),
('journaliste-cthulhu', 'epee'),
('journaliste-cthulhu', 'foudroyeur'),
('journaliste-cthulhu', 'fusil-a-pompe'),
('journaliste-cthulhu', 'fusil-dassaut'),
('journaliste-cthulhu', 'fusil-de-chasse'),
('journaliste-cthulhu', 'fusil-de-precision'),
('journaliste-cthulhu', 'fusil-gros-gibier'),
('journaliste-cthulhu', 'fusil-precision-lour'),
('journaliste-cthulhu', 'gilet-pare-balles'),
('journaliste-cthulhu', 'gilet-pare-balles-lo'),
('journaliste-cthulhu', 'grand-restaurant'),
('journaliste-cthulhu', 'grenade-defensive'),
('journaliste-cthulhu', 'grenade-lacrymogene'),
('journaliste-cthulhu', 'grenade-offensive'),
('journaliste-cthulhu', 'hache-2-mains'),
('journaliste-cthulhu', 'hachette'),
('journaliste-cthulhu', 'haute-couture'),
('journaliste-cthulhu', 'helicoptere'),
('journaliste-cthulhu', 'hotel-de-luxe'),
('journaliste-cthulhu', 'hotel-minable'),
('journaliste-cthulhu', 'jumelles'),
('journaliste-cthulhu', 'lampe-torche'),
('journaliste-cthulhu', 'lance-grenade'),
('journaliste-cthulhu', 'lance-roquette'),
('journaliste-cthulhu', 'luxe'),
('journaliste-cthulhu', 'machette'),
('journaliste-cthulhu', 'marteau'),
('journaliste-cthulhu', 'menottes'),
('journaliste-cthulhu', 'mini-pistolet-derrin'),
('journaliste-cthulhu', 'minivan'),
('journaliste-cthulhu', 'mitrailleuse-legere'),
('journaliste-cthulhu', 'mitrailleuse-lourde'),
('journaliste-cthulhu', 'mitrailleuse-moyenne'),
('journaliste-cthulhu', 'montre-bracelet'),
('journaliste-cthulhu', 'moto-routiere'),
('journaliste-cthulhu', 'moto-sportive'),
('journaliste-cthulhu', 'moto-tout-terrain'),
('journaliste-cthulhu', 'pisto-mitrailleur'),
('journaliste-cthulhu', 'pisto-mitrailleur-lo'),
('journaliste-cthulhu', 'pistolet-leger'),
('journaliste-cthulhu', 'pistolet-lourd'),
('journaliste-cthulhu', 'pistolet-moyen'),
('journaliste-cthulhu', 'poignard'),
('journaliste-cthulhu', 'poste-de-radio'),
('journaliste-cthulhu', 'premier-prix'),
('journaliste-cthulhu', 'rapiere'),
('journaliste-cthulhu', 'repas-rapide'),
('journaliste-cthulhu', 'restaurant'),
('journaliste-cthulhu', 'sagaie'),
('journaliste-cthulhu', 'semi-remorque'),
('journaliste-cthulhu', 'shuriken'),
('journaliste-cthulhu', 'suite-de-luxe'),
('journaliste-cthulhu', 'tenue-de-randonnee'),
('journaliste-cthulhu', 'tenue-polaire'),
('journaliste-cthulhu', 'trousse-de-secours'),
('journaliste-cthulhu', 'vivres-1-semaine'),
('journaliste-cthulhu', 'zeppelin'),
('militaire-cthulhu', 'a-la-mode'),
('militaire-cthulhu', 'appareil-photo'),
('militaire-cthulhu', 'arc'),
('militaire-cthulhu', 'auto-4x4'),
('militaire-cthulhu', 'auto-berline'),
('militaire-cthulhu', 'auto-citadine'),
('militaire-cthulhu', 'auto-sportive'),
('militaire-cthulhu', 'autre'),
('militaire-cthulhu', 'avion-bombardier'),
('militaire-cthulhu', 'avion-chasseur'),
('militaire-cthulhu', 'avion-de-tourisme'),
('militaire-cthulhu', 'batte-base-ball'),
('militaire-cthulhu', 'berline-de-luxe'),
('militaire-cthulhu', 'blinde-leger'),
('militaire-cthulhu', 'boussole'),
('militaire-cthulhu', 'caisse-a-outils'),
('militaire-cthulhu', 'camion'),
('militaire-cthulhu', 'canon-scie'),
('militaire-cthulhu', 'carabine-a-repetitio'),
('militaire-cthulhu', 'chambre-dhotel'),
('militaire-cthulhu', 'char-dassaut'),
('militaire-cthulhu', 'classieux'),
('militaire-cthulhu', 'couteau-de-lancer'),
('militaire-cthulhu', 'dirigeable'),
('militaire-cthulhu', 'dynamite'),
('militaire-cthulhu', 'epee'),
('militaire-cthulhu', 'foudroyeur'),
('militaire-cthulhu', 'fusil-a-pompe'),
('militaire-cthulhu', 'fusil-dassaut'),
('militaire-cthulhu', 'fusil-de-chasse'),
('militaire-cthulhu', 'fusil-de-precision'),
('militaire-cthulhu', 'fusil-gros-gibier'),
('militaire-cthulhu', 'fusil-precision-lour'),
('militaire-cthulhu', 'gilet-pare-balles'),
('militaire-cthulhu', 'gilet-pare-balles-lo'),
('militaire-cthulhu', 'grand-restaurant'),
('militaire-cthulhu', 'grenade-defensive'),
('militaire-cthulhu', 'grenade-lacrymogene'),
('militaire-cthulhu', 'grenade-offensive'),
('militaire-cthulhu', 'hache-2-mains'),
('militaire-cthulhu', 'hachette'),
('militaire-cthulhu', 'haute-couture'),
('militaire-cthulhu', 'helicoptere'),
('militaire-cthulhu', 'hotel-de-luxe'),
('militaire-cthulhu', 'hotel-minable'),
('militaire-cthulhu', 'jumelles'),
('militaire-cthulhu', 'lampe-torche'),
('militaire-cthulhu', 'lance-grenade'),
('militaire-cthulhu', 'lance-roquette'),
('militaire-cthulhu', 'luxe'),
('militaire-cthulhu', 'machette'),
('militaire-cthulhu', 'marteau'),
('militaire-cthulhu', 'menottes'),
('militaire-cthulhu', 'mini-pistolet-derrin'),
('militaire-cthulhu', 'minivan'),
('militaire-cthulhu', 'mitrailleuse-legere'),
('militaire-cthulhu', 'mitrailleuse-lourde'),
('militaire-cthulhu', 'mitrailleuse-moyenne'),
('militaire-cthulhu', 'montre-bracelet'),
('militaire-cthulhu', 'moto-routiere'),
('militaire-cthulhu', 'moto-sportive'),
('militaire-cthulhu', 'moto-tout-terrain'),
('militaire-cthulhu', 'pisto-mitrailleur'),
('militaire-cthulhu', 'pisto-mitrailleur-lo'),
('militaire-cthulhu', 'pistolet-leger'),
('militaire-cthulhu', 'pistolet-lourd'),
('militaire-cthulhu', 'pistolet-moyen'),
('militaire-cthulhu', 'poignard'),
('militaire-cthulhu', 'poste-de-radio'),
('militaire-cthulhu', 'premier-prix'),
('militaire-cthulhu', 'rapiere'),
('militaire-cthulhu', 'repas-rapide'),
('militaire-cthulhu', 'restaurant'),
('militaire-cthulhu', 'sagaie'),
('militaire-cthulhu', 'semi-remorque'),
('militaire-cthulhu', 'shuriken'),
('militaire-cthulhu', 'suite-de-luxe'),
('militaire-cthulhu', 'tenue-de-randonnee'),
('militaire-cthulhu', 'tenue-polaire'),
('militaire-cthulhu', 'trousse-de-secours'),
('militaire-cthulhu', 'vivres-1-semaine'),
('militaire-cthulhu', 'zeppelin'),
('occultiste', 'a-la-mode'),
('occultiste', 'appareil-photo'),
('occultiste', 'arc'),
('occultiste', 'auto-4x4'),
('occultiste', 'auto-berline'),
('occultiste', 'auto-citadine'),
('occultiste', 'auto-sportive'),
('occultiste', 'autre'),
('occultiste', 'avion-bombardier'),
('occultiste', 'avion-chasseur'),
('occultiste', 'avion-de-tourisme'),
('occultiste', 'batte-base-ball'),
('occultiste', 'berline-de-luxe'),
('occultiste', 'blinde-leger'),
('occultiste', 'boussole'),
('occultiste', 'caisse-a-outils'),
('occultiste', 'camion'),
('occultiste', 'canon-scie'),
('occultiste', 'carabine-a-repetitio'),
('occultiste', 'chambre-dhotel'),
('occultiste', 'char-dassaut'),
('occultiste', 'classieux'),
('occultiste', 'couteau-de-lancer'),
('occultiste', 'dirigeable'),
('occultiste', 'dynamite'),
('occultiste', 'epee'),
('occultiste', 'foudroyeur'),
('occultiste', 'fusil-a-pompe'),
('occultiste', 'fusil-dassaut'),
('occultiste', 'fusil-de-chasse'),
('occultiste', 'fusil-de-precision'),
('occultiste', 'fusil-gros-gibier'),
('occultiste', 'fusil-precision-lour'),
('occultiste', 'gilet-pare-balles'),
('occultiste', 'gilet-pare-balles-lo'),
('occultiste', 'grand-restaurant'),
('occultiste', 'grenade-defensive'),
('occultiste', 'grenade-lacrymogene'),
('occultiste', 'grenade-offensive'),
('occultiste', 'hache-2-mains'),
('occultiste', 'hachette'),
('occultiste', 'haute-couture'),
('occultiste', 'helicoptere'),
('occultiste', 'hotel-de-luxe'),
('occultiste', 'hotel-minable'),
('occultiste', 'jumelles'),
('occultiste', 'lampe-torche'),
('occultiste', 'lance-grenade'),
('occultiste', 'lance-roquette'),
('occultiste', 'luxe'),
('occultiste', 'machette'),
('occultiste', 'marteau'),
('occultiste', 'menottes'),
('occultiste', 'mini-pistolet-derrin'),
('occultiste', 'minivan'),
('occultiste', 'mitrailleuse-legere'),
('occultiste', 'mitrailleuse-lourde'),
('occultiste', 'mitrailleuse-moyenne'),
('occultiste', 'montre-bracelet'),
('occultiste', 'moto-routiere'),
('occultiste', 'moto-sportive'),
('occultiste', 'moto-tout-terrain'),
('occultiste', 'pisto-mitrailleur'),
('occultiste', 'pisto-mitrailleur-lo'),
('occultiste', 'pistolet-leger'),
('occultiste', 'pistolet-lourd'),
('occultiste', 'pistolet-moyen'),
('occultiste', 'poignard'),
('occultiste', 'poste-de-radio'),
('occultiste', 'premier-prix'),
('occultiste', 'rapiere'),
('occultiste', 'repas-rapide'),
('occultiste', 'restaurant'),
('occultiste', 'sagaie'),
('occultiste', 'semi-remorque'),
('occultiste', 'shuriken'),
('occultiste', 'suite-de-luxe'),
('occultiste', 'tenue-de-randonnee'),
('occultiste', 'tenue-polaire'),
('occultiste', 'trousse-de-secours'),
('occultiste', 'vivres-1-semaine'),
('occultiste', 'zeppelin'),
('pilote-cthulhu', 'a-la-mode'),
('pilote-cthulhu', 'appareil-photo'),
('pilote-cthulhu', 'arc'),
('pilote-cthulhu', 'auto-4x4'),
('pilote-cthulhu', 'auto-berline'),
('pilote-cthulhu', 'auto-citadine'),
('pilote-cthulhu', 'auto-sportive'),
('pilote-cthulhu', 'autre'),
('pilote-cthulhu', 'avion-bombardier'),
('pilote-cthulhu', 'avion-chasseur'),
('pilote-cthulhu', 'avion-de-tourisme'),
('pilote-cthulhu', 'batte-base-ball'),
('pilote-cthulhu', 'berline-de-luxe'),
('pilote-cthulhu', 'blinde-leger'),
('pilote-cthulhu', 'boussole'),
('pilote-cthulhu', 'caisse-a-outils'),
('pilote-cthulhu', 'camion'),
('pilote-cthulhu', 'canon-scie'),
('pilote-cthulhu', 'carabine-a-repetitio'),
('pilote-cthulhu', 'chambre-dhotel'),
('pilote-cthulhu', 'char-dassaut'),
('pilote-cthulhu', 'classieux'),
('pilote-cthulhu', 'couteau-de-lancer'),
('pilote-cthulhu', 'dirigeable'),
('pilote-cthulhu', 'dynamite'),
('pilote-cthulhu', 'epee'),
('pilote-cthulhu', 'foudroyeur'),
('pilote-cthulhu', 'fusil-a-pompe'),
('pilote-cthulhu', 'fusil-dassaut'),
('pilote-cthulhu', 'fusil-de-chasse'),
('pilote-cthulhu', 'fusil-de-precision'),
('pilote-cthulhu', 'fusil-gros-gibier'),
('pilote-cthulhu', 'fusil-precision-lour'),
('pilote-cthulhu', 'gilet-pare-balles'),
('pilote-cthulhu', 'gilet-pare-balles-lo'),
('pilote-cthulhu', 'grand-restaurant'),
('pilote-cthulhu', 'grenade-defensive'),
('pilote-cthulhu', 'grenade-lacrymogene'),
('pilote-cthulhu', 'grenade-offensive'),
('pilote-cthulhu', 'hache-2-mains'),
('pilote-cthulhu', 'hachette'),
('pilote-cthulhu', 'haute-couture'),
('pilote-cthulhu', 'helicoptere'),
('pilote-cthulhu', 'hotel-de-luxe'),
('pilote-cthulhu', 'hotel-minable'),
('pilote-cthulhu', 'jumelles'),
('pilote-cthulhu', 'lampe-torche'),
('pilote-cthulhu', 'lance-grenade'),
('pilote-cthulhu', 'lance-roquette'),
('pilote-cthulhu', 'luxe'),
('pilote-cthulhu', 'machette'),
('pilote-cthulhu', 'marteau'),
('pilote-cthulhu', 'menottes'),
('pilote-cthulhu', 'mini-pistolet-derrin'),
('pilote-cthulhu', 'minivan'),
('pilote-cthulhu', 'mitrailleuse-legere'),
('pilote-cthulhu', 'mitrailleuse-lourde'),
('pilote-cthulhu', 'mitrailleuse-moyenne'),
('pilote-cthulhu', 'montre-bracelet'),
('pilote-cthulhu', 'moto-routiere'),
('pilote-cthulhu', 'moto-sportive'),
('pilote-cthulhu', 'moto-tout-terrain'),
('pilote-cthulhu', 'pisto-mitrailleur'),
('pilote-cthulhu', 'pisto-mitrailleur-lo'),
('pilote-cthulhu', 'pistolet-leger'),
('pilote-cthulhu', 'pistolet-lourd'),
('pilote-cthulhu', 'pistolet-moyen'),
('pilote-cthulhu', 'poignard'),
('pilote-cthulhu', 'poste-de-radio'),
('pilote-cthulhu', 'premier-prix'),
('pilote-cthulhu', 'rapiere'),
('pilote-cthulhu', 'repas-rapide'),
('pilote-cthulhu', 'restaurant'),
('pilote-cthulhu', 'sagaie'),
('pilote-cthulhu', 'semi-remorque'),
('pilote-cthulhu', 'shuriken'),
('pilote-cthulhu', 'suite-de-luxe'),
('pilote-cthulhu', 'tenue-de-randonnee'),
('pilote-cthulhu', 'tenue-polaire'),
('pilote-cthulhu', 'trousse-de-secours'),
('pilote-cthulhu', 'vivres-1-semaine'),
('pilote-cthulhu', 'zeppelin'),
('therapeute', 'a-la-mode'),
('therapeute', 'appareil-photo'),
('therapeute', 'arc'),
('therapeute', 'auto-4x4'),
('therapeute', 'auto-berline'),
('therapeute', 'auto-citadine'),
('therapeute', 'auto-sportive'),
('therapeute', 'autre'),
('therapeute', 'avion-bombardier'),
('therapeute', 'avion-chasseur'),
('therapeute', 'avion-de-tourisme'),
('therapeute', 'batte-base-ball'),
('therapeute', 'berline-de-luxe'),
('therapeute', 'blinde-leger'),
('therapeute', 'boussole'),
('therapeute', 'caisse-a-outils'),
('therapeute', 'camion'),
('therapeute', 'canon-scie'),
('therapeute', 'carabine-a-repetitio'),
('therapeute', 'chambre-dhotel'),
('therapeute', 'char-dassaut'),
('therapeute', 'classieux'),
('therapeute', 'couteau-de-lancer'),
('therapeute', 'dirigeable'),
('therapeute', 'dynamite'),
('therapeute', 'epee'),
('therapeute', 'foudroyeur'),
('therapeute', 'fusil-a-pompe'),
('therapeute', 'fusil-dassaut'),
('therapeute', 'fusil-de-chasse'),
('therapeute', 'fusil-de-precision'),
('therapeute', 'fusil-gros-gibier'),
('therapeute', 'fusil-precision-lour'),
('therapeute', 'gilet-pare-balles'),
('therapeute', 'gilet-pare-balles-lo'),
('therapeute', 'grand-restaurant'),
('therapeute', 'grenade-defensive'),
('therapeute', 'grenade-lacrymogene'),
('therapeute', 'grenade-offensive'),
('therapeute', 'hache-2-mains'),
('therapeute', 'hachette'),
('therapeute', 'haute-couture'),
('therapeute', 'helicoptere'),
('therapeute', 'hotel-de-luxe'),
('therapeute', 'hotel-minable'),
('therapeute', 'jumelles'),
('therapeute', 'lampe-torche'),
('therapeute', 'lance-grenade'),
('therapeute', 'lance-roquette'),
('therapeute', 'luxe'),
('therapeute', 'machette'),
('therapeute', 'marteau'),
('therapeute', 'menottes'),
('therapeute', 'mini-pistolet-derrin'),
('therapeute', 'minivan'),
('therapeute', 'mitrailleuse-legere'),
('therapeute', 'mitrailleuse-lourde'),
('therapeute', 'mitrailleuse-moyenne'),
('therapeute', 'montre-bracelet'),
('therapeute', 'moto-routiere'),
('therapeute', 'moto-sportive'),
('therapeute', 'moto-tout-terrain'),
('therapeute', 'pisto-mitrailleur'),
('therapeute', 'pisto-mitrailleur-lo'),
('therapeute', 'pistolet-leger'),
('therapeute', 'pistolet-lourd'),
('therapeute', 'pistolet-moyen'),
('therapeute', 'poignard'),
('therapeute', 'poste-de-radio'),
('therapeute', 'premier-prix'),
('therapeute', 'rapiere'),
('therapeute', 'repas-rapide'),
('therapeute', 'restaurant'),
('therapeute', 'sagaie'),
('therapeute', 'semi-remorque'),
('therapeute', 'shuriken'),
('therapeute', 'suite-de-luxe'),
('therapeute', 'tenue-de-randonnee'),
('therapeute', 'tenue-polaire'),
('therapeute', 'trousse-de-secours'),
('therapeute', 'vivres-1-semaine'),
('therapeute', 'zeppelin');

-- --------------------------------------------------------

--
-- Table structure for table `coct_profils_traits`
--

DROP TABLE IF EXISTS `coct_profils_traits`;
CREATE TABLE IF NOT EXISTS `coct_profils_traits` (
  `profil` varchar(20) NOT NULL,
  `sequence` tinyint(4) NOT NULL,
  `intitule` varchar(50) NOT NULL,
  `description` text NOT NULL,
  PRIMARY KEY (`profil`,`sequence`),
  KEY `coct_profils_traits_profil` (`profil`)
) ENGINE=InnoDB DEFAULT CHARSET=utf8mb4 COLLATE=utf8mb4_general_ci;

-- --------------------------------------------------------

--
-- Table structure for table `coct_proprietes_equipement`
--

DROP TABLE IF EXISTS `coct_proprietes_equipement`;
CREATE TABLE IF NOT EXISTS `coct_proprietes_equipement` (
  `code` varchar(20) NOT NULL,
  `intitule` varchar(50) NOT NULL,
  `defaut` varchar(250) DEFAULT NULL,
  PRIMARY KEY (`code`)
) ENGINE=InnoDB DEFAULT CHARSET=utf8mb4 COLLATE=utf8mb4_general_ci;

--
-- Dumping data for table `coct_proprietes_equipement`
--

INSERT INTO `coct_proprietes_equipement` (`code`, `intitule`, `defaut`) VALUES
('agi-vheicule', 'AGI', NULL),
('critique', 'Critique', '20'),
('def', 'DEF', ''),
('dm-arc', 'DM Arc de feu', ''),
('dm1m', 'DM 1 main', ''),
('dm2m', 'DM 2 mains', ''),
('dmarc', 'DM Arc de feu', ''),
('for-mini', 'FOR minimum', ''),
('for-vehicule', 'FOR', NULL),
('portee', 'Portée', ''),
('pv-vehicule', 'PV', NULL),
('rayon', 'Rayon', ''),
('rd', 'RD', '');

-- --------------------------------------------------------

--
-- Table structure for table `coct_races`
--

DROP TABLE IF EXISTS `coct_races`;
CREATE TABLE IF NOT EXISTS `coct_races` (
  `race` varchar(20) NOT NULL,
  `intitule` varchar(50) NOT NULL,
  `mod_for` tinyint(4) DEFAULT NULL,
  `mod_dex` tinyint(4) DEFAULT NULL,
  `mod_con` tinyint(4) DEFAULT NULL,
  `mod_int` tinyint(4) DEFAULT NULL,
  `mod_sag` tinyint(4) DEFAULT NULL,
  `mod_cha` tinyint(4) DEFAULT NULL,
  `age_base` smallint(6) DEFAULT NULL,
  `esperance_vie` smallint(6) DEFAULT NULL,
  `taille_min` decimal(3,2) DEFAULT NULL,
  `taille_max` decimal(3,2) DEFAULT NULL,
  `poids_min` smallint(6) DEFAULT NULL,
  `poids_max` smallint(6) DEFAULT NULL,
  `type_race` varchar(5) DEFAULT NULL,
  PRIMARY KEY (`race`)
) ENGINE=InnoDB DEFAULT CHARSET=utf8mb4 COLLATE=utf8mb4_general_ci;

-- --------------------------------------------------------

--
-- Table structure for table `coct_races_capacites`
--

DROP TABLE IF EXISTS `coct_races_capacites`;
CREATE TABLE IF NOT EXISTS `coct_races_capacites` (
  `race` varchar(20) NOT NULL,
  `capacite` varchar(20) NOT NULL,
  PRIMARY KEY (`race`,`capacite`),
  KEY `coct_races_capacites_race` (`race`),
  KEY `coct_races_capacites_capacite` (`capacite`)
) ENGINE=InnoDB DEFAULT CHARSET=utf8mb4 COLLATE=utf8mb4_general_ci;

-- --------------------------------------------------------

--
-- Table structure for table `coct_races_traits`
--

DROP TABLE IF EXISTS `coct_races_traits`;
CREATE TABLE IF NOT EXISTS `coct_races_traits` (
  `race` varchar(20) NOT NULL,
  `sequence` tinyint(4) NOT NULL,
  `intitule` varchar(50) NOT NULL,
  `description` text NOT NULL,
  PRIMARY KEY (`race`,`sequence`),
  KEY `coct_races_traits_race` (`race`)
) ENGINE=InnoDB DEFAULT CHARSET=utf8mb4 COLLATE=utf8mb4_general_ci;

-- --------------------------------------------------------

--
-- Table structure for table `coct_types_capacite`
--

DROP TABLE IF EXISTS `coct_types_capacite`;
CREATE TABLE IF NOT EXISTS `coct_types_capacite` (
  `type_capacite` varchar(5) NOT NULL,
  `type_capacite_intitule` varchar(50) NOT NULL,
  `type_capacite_config` text DEFAULT NULL,
  PRIMARY KEY (`type_capacite`)
) ENGINE=InnoDB DEFAULT CHARSET=utf8mb4 COLLATE=utf8mb4_general_ci;

-- --------------------------------------------------------

--
-- Table structure for table `coct_types_races`
--

DROP TABLE IF EXISTS `coct_types_races`;
CREATE TABLE IF NOT EXISTS `coct_types_races` (
  `type_race` varchar(5) NOT NULL,
  `type_race_intitule` varchar(50) NOT NULL,
  `type_race_config` text DEFAULT NULL,
  PRIMARY KEY (`type_race`)
) ENGINE=InnoDB DEFAULT CHARSET=utf8mb4 COLLATE=utf8mb4_general_ci;

-- --------------------------------------------------------

--
-- Table structure for table `coct_types_voie`
--

DROP TABLE IF EXISTS `coct_types_voie`;
CREATE TABLE IF NOT EXISTS `coct_types_voie` (
  `type_voie` varchar(5) NOT NULL,
  `type_voie_intitule` varchar(50) NOT NULL,
  `type_voie_config` text DEFAULT NULL,
  PRIMARY KEY (`type_voie`)
) ENGINE=InnoDB DEFAULT CHARSET=utf8mb4 COLLATE=utf8mb4_general_ci;

-- --------------------------------------------------------

--
-- Table structure for table `coct_voies`
--

DROP TABLE IF EXISTS `coct_voies`;
CREATE TABLE IF NOT EXISTS `coct_voies` (
  `voie` varchar(20) NOT NULL,
  `nom` varchar(50) NOT NULL,
  `notes` varchar(1024) DEFAULT NULL,
  `type` varchar(5) DEFAULT NULL,
  `pfx_deladu` char(1) NOT NULL,
  `equipement` varchar(1024) NOT NULL,
  PRIMARY KEY (`voie`)
) ENGINE=InnoDB DEFAULT CHARSET=utf8mb4 COLLATE=utf8mb4_general_ci;

--
-- Dumping data for table `coct_voies`
--

INSERT INTO `coct_voies` (`voie`, `nom`, `notes`, `type`, `pfx_deladu`, `equipement`) VALUES
('archeologie', 'Archéologie', 'Équipement : livre sur une civilisation perdue, tenue de randonnée, matériel de fouille.', '', '2', ''),
('armes-a-feu', 'Armes à feu', 'Équipement : un pistolet et un fusil au choix (en accord avec le MJ), des munitions.', '', '3', ''),
('arts', 'Arts', 'Équipement : de quoi pratiquer son art, tenue à la mode.', '', '3', ''),
('corporations', 'Corporations', 'Le joueur doit choisir une corporation : armée, médecine, université, crime organisé, show-biz, police, etc. Équipement : costume, un objet symbolique.', '', '3', ''),
('corps-a-corps', 'Corps à corps', 'Équipement : un poignard, éventuellement une autre arme en accord avec le MJ.', '', '0', ''),
('danger', 'Danger', 'Équipement : une trousse de secours, une corde d’escalade.', '', '0', ''),
('discours', 'Discours', 'Équipement : un lot de carte de visite, une trousse de maquillage.', '', '0', ''),
('exploits-physiques', 'Exploits physiques', 'Équipement : tenue de sport, des haltères ou l’équipement approprié à la pratique sportive choisie.', '', '3', ''),
('furtivite', 'Furtivité', 'Équipement : chapeau ou casquette, paire de jumelle.', '', '1', ''),
('investigation', 'Investigation', 'Équipement : une lampe-torche, une loupe.', '', '2', ''),
('langues', 'Langues', 'Équipement : des romans en langue étrangère.', '', '3', ''),
('mecanique', 'Mécanique', 'Équipement : caisse à outil, une voiture ou une moto (de base ou standard).', '', '1', ''),
('medecine', 'Médecine', 'Équipement : une trousse de secours, un gros livre sur les médicaments, costume', '', '1', ''),
('occulte', 'Occulte', 'Requis : Le personnage doit avoir une valeur d’INT au moins égale à [10 + rang atteint dans la voie]', '', '2', ''),
('pilotage', 'Pilotage', 'Équipement : un véhicule au choix (en accord avec le MJ), tenue de pilote. Si son véhicule est détruit, le personnage pourra faire l’acquisition d’un nouveau véhicule au niveau suivant.', '', '0', ''),
('psychologie', 'Psychologie', 'Équipement : des livres de sciences humaines.', '', '1', ''),
('sciences', 'Sciences', 'Équipement : livres de science, costume.', '', '3', ''),
('survie', 'Survie', 'Équipement : tenue de randonnée, matériel de camping.', '', '1', ''),
('voyages', 'Voyages', 'Équipement : des cartes diverses, des devises de plusieurs pays et des photos de souvenirs de pays lointains.', '', '3', '');

-- --------------------------------------------------------

--
-- Table structure for table `coct_voies_profils`
--

DROP TABLE IF EXISTS `coct_voies_profils`;
CREATE TABLE IF NOT EXISTS `coct_voies_profils` (
  `profil` varchar(20) NOT NULL,
  `voie` varchar(20) NOT NULL,
  PRIMARY KEY (`profil`,`voie`),
  KEY `coct_voies_profils_profil` (`profil`),
  KEY `coct_voies_profils_voie` (`voie`)
) ENGINE=InnoDB DEFAULT CHARSET=utf8mb4 COLLATE=utf8mb4_general_ci;

--
-- Dumping data for table `coct_voies_profils`
--

INSERT INTO `coct_voies_profils` (`profil`, `voie`) VALUES
('archeologue-cthulhu', 'archeologie'),
('archeologue-cthulhu', 'investigation'),
('archeologue-cthulhu', 'voyages'),
('artiste', 'arts'),
('artiste', 'corporations'),
('artiste', 'discours'),
('aventurier', 'arts'),
('aventurier', 'exploits-physiques'),
('aventurier', 'survie'),
('baroudeur', 'pilotage'),
('baroudeur', 'survie'),
('baroudeur', 'voyages'),
('chasseur-gros-gibier', 'armes-a-feu'),
('chasseur-gros-gibier', 'survie'),
('chasseur-gros-gibier', 'voyages'),
('criminel', 'corporations'),
('criminel', 'corps-a-corps'),
('criminel', 'danger'),
('espion', 'furtivite'),
('espion', 'investigation'),
('espion', 'voyages'),
('explorateur', 'langues'),
('explorateur', 'survie'),
('explorateur', 'voyages'),
('garde-du-corps', 'armes-a-feu'),
('garde-du-corps', 'corps-a-corps'),
('garde-du-corps', 'exploits-physiques'),
('humanitaire', 'danger'),
('humanitaire', 'medecine'),
('humanitaire', 'voyages'),
('inspecteur', 'armes-a-feu'),
('inspecteur', 'corporations'),
('inspecteur', 'investigation'),
('journaliste-cthulhu', 'discours'),
('journaliste-cthulhu', 'furtivite'),
('journaliste-cthulhu', 'langues'),
('linguiste', 'discours'),
('linguiste', 'langues'),
('linguiste', 'voyages'),
('medecin', 'corporations'),
('medecin', 'investigation'),
('medecin', 'medecine'),
('militaire-cthulhu', 'armes-a-feu'),
('militaire-cthulhu', 'corporations'),
('militaire-cthulhu', 'corps-a-corps'),
('missionnaire', 'corporations'),
('missionnaire', 'psychologie'),
('missionnaire', 'voyages'),
('occultiste', 'investigation'),
('occultiste', 'occulte'),
('occultiste', 'voyages'),
('ouvrier', 'corporations'),
('ouvrier', 'exploits-physiques'),
('ouvrier', 'mecanique'),
('pilote-cthulhu', 'danger'),
('pilote-cthulhu', 'mecanique'),
('pilote-cthulhu', 'pilotage'),
('pompier', 'exploits-physiques'),
('pompier', 'medecine'),
('pompier', 'pilotage'),
('therapeute', 'medecine'),
('therapeute', 'psychologie'),
('therapeute', 'sciences'),
('universitaire', 'discours'),
('universitaire', 'investigation'),
('universitaire', 'sciences');

-- --------------------------------------------------------

--
-- Table structure for table `cocy_capacites`
--

DROP TABLE IF EXISTS `cocy_capacites`;
CREATE TABLE IF NOT EXISTS `cocy_capacites` (
  `capacite` varchar(20) NOT NULL,
  `nom` varchar(50) NOT NULL,
  `limitee` tinyint(1) DEFAULT NULL,
  `sort` tinyint(1) DEFAULT NULL,
  `type` varchar(5) DEFAULT NULL,
  `description` text NOT NULL,
  PRIMARY KEY (`capacite`)
) ENGINE=InnoDB DEFAULT CHARSET=utf8mb4 COLLATE=utf8mb4_general_ci;

--
-- Dumping data for table `cocy_capacites`
--

INSERT INTO `cocy_capacites` (`capacite`, `nom`, `limitee`, `sort`, `type`, `description`) VALUES
('1eimplant', 'Premier implant', 0, 0, '', 'Le personnage peut choisir un implant cybernétique ou biotechnologique d’une valeur maximum de 5 000 NY.'),
('2eimplant', 'Second implant', 0, 0, '', 'Le personnage peut choisir un implant d’une valeur maximum de 5 000 NY.'),
('3eimplant', 'Troisième implant', 0, 0, '', 'Le personnage peut choisir un implant d’une valeur maximum de 10 000 NY.'),
('4eimplant', 'Quatrième implant', 0, 0, '', 'Le personnage peut choisir un implant d’une valeur maximum de 10 000 NY.'),
('5eimplant', 'Cinquième implant', 0, 0, '', 'Le personnage peut choisir un implant d’une valeur maximum de 15 000 NY.'),
('6emesens', '6ème sens', 0, 0, '', 'Le mage sait toujours légèrement en avance ce qui va arriver, il gagne un bonus de +1 par rang dans la voie en Init. et en DEF, et un bonus de +2 par rang à tous les tests pour éviter d’être Surpris.'),
('acces-produits-illeg', 'Accès aux produits illégaux', 0, 0, 'bkgd', 'Le personnage obtient un bonus de +5 à chaque fois qu’il tente de trouver des produits illégaux ou qu’il tente d’en dissimuler sur lui (y compris dissimuler une arme).'),
('accoutumance', 'Accoutumance', 0, 0, 'bkgd', 'Le personnage est complètement speed, séquelle des abus passés, il gagne un bonus de +3 en Init. Paradoxalement, son habitude des addictions le protège des effets négatifs des implants : il peut ignorer la perte de CHA ou d’INT d’un implant de son choix.'),
('adaptable', 'Adaptable', 0, 0, 'bkgd', 'Le personnage n’est pas prisonnier des carcans de la société, il prend ce qui lui semble utile sans préjugés. Choisissez une capacité de rang 3 de n’importe quel profil et augmentez sa valeur de PER de +2.'),
('adaptation-irl', 'Adaptation IRL', 0, 0, 'bkgd', 'Le personnage a désormais appris à compenser un physique moins développé par un sens de l’observation et une vitesse de réaction supérieure. Il augmente sa valeur de PER et d’Init. de +2.'),
('adaptationnaturelle', 'Adaptation naturelle', 1, 1, '', 'Le chaman devient résistant aux éléments pendant [5 + Mod. de CHA] tours, il ne subit que la moitié des DM de feu, froid, foudre, acide et de tous les DM infligés par des élémentaires. Il est immunisé au poison et peut respirer sous l’eau ou dans une atmosphère toxique.'),
('agripper', 'Agripper', 0, 0, 'creat', 'Sur un résultat de 15-20 au d20 en attaque, la créature agrippe sa proie et ne la lâche plus. Elle obtient un bonus de +5 en attaque et +1d6 aux DM contre la cible qu’elle agrippe et celle-ci est Immobilisée si elle est de taille inférieure. La victime peut essayer de se libérer au prix d’une action de mouvement en réussissant un test de FOR opposé.'),
('alliematriciel', 'Allié matriciel', 0, 0, '', 'Le fixer se paye les services d’un hacker de confiance qui met à sa disposition ses talents en informatique, il peut lui confier une tâche par jour. Ce hacker possède\nun score d’attaque mentale égal à la moitié du niveau du fixer. Il lâche l’affaire s’il subit plus de 3 points de DM par niveau du personnage.'),
('analyseastrale', 'Analyse astrale', 1, 0, '', 'Lorsqu’il est en perception ou projection astrale, en se concentrant un tour, le personnage peut faire un test de PER pour analyser l’aura d’une créature à moins de 20 mètres : \n• Difficulté 10 : L’état de santé général d’une créature si elle est non-humaine, la présence d’implants cybernétiques (sauf alpha) si l’aura vous est familière. \n• Difficulté 15 : La localisation d’implants cybernétiques alpha ou d’implants biotechnologiques (sauf alpha), un diagnostic général de maladie ou toxine affectant le sujet. \n• Difficulté 20 : L’état émotionnel général de la créature, si son niveau est supérieur, inférieur ou égal au vôtre, la présence d’implants biotechnologiques alpha, la véritable apparence d’une créature. \n• Difficulté 25 : Le niveau, les valeurs de caractéristiques et de cyberlose de la créature, la présence d’une thérapie génique. \nUne fois le résultat obtenu, il n’est pas possible de faire une nouvelle analyse astrale sur la même créature avant 24 heures. Si la créature possède elle-même des rangs dans la Voie astrale, elle peut faire un test d’attaque magique opposé avec le personnage pour interdire l’analyse de son aura.'),
('argent-sale', 'Argent sale', 0, 0, 'bkgd', 'Le personnage divise par 2 le coût de toutes les armes dont il fait l’acquisition (à feu, de contact, cyber). De plus, lorsqu’il dépense 1 PC sur un test d’attaque ou de DM, il lance 2 dés et garde le meilleur résultat.'),
('arme-magique', 'Arme magique', 1, 1, 'prest', 'Le personnage enchante une arme de contact pour une durée de [5 + Mod. d’INT] minutes. À chaque fois qu’une attaque avec cette arme donne un résultat de « 1 » sur son dé de DM, le joueur relance le dé et garde le second résultat. Les DM de l’arme sont considérés comme magiques (les esprits et les élémentaires ne bénéficient pas de leur RD).'),
('arme-signature', 'Arme signature', 0, 0, 'prest', 'Le personnage choisit une arme précise (par exemple, pistolet moyen, fusil à pompe ou cyber- griffes), il obtient un bonus de +2 en attaque et +1d6 aux DM lorsqu’il utilise cette arme.'),
('armeslourdes', 'Spécialiste en armes lourdes', 0, 0, '', 'Le rigger développe un amour immodéré et une haute compétence pour tout ce qui possède un très gros calibre. Il augmente les DM de toutes les armes de ses drones et de ses véhicules d’une valeur égale au rang atteint dans la voie. De plus, le personnage a désormais accès à toutes les armes lourdes décrites dans la section équipement et peut les utiliser de façon compétente.'),
('armesmultiples', 'Armes multiples', 0, 0, '', 'Le rigger peut actionner deux armes de véhicule sans pénalité au prix d’une action d’attaque. Le personnage obtient un véhicule interfacé de son choix (sauf véhicule militaire) et celui-ci est gratuitement équipé de deux armes de véhicule.'),
('armurerie-personnell', 'Armurerie personnelle', 0, 0, 'bkgd', 'Grâce à ses contacts dans le milieu de l’armement, le personnage a pu se constituer plusieurs caches d’armes en prévision des coups durs. Une fois par niveau, le personnage peut avoir accès à une cache d’arme qui contient les armes de son choix pour une valeur maximum de 1 000 NY par niveau du personnage. Ces armes ne sont ni neuves, ni vierges, elles n’ont pas vocation à être revendues. Le personnage possède aussi de nombreuses réserves et un accès facilité aux munitions spéciales et autres gadgets létaux. Lorsqu’il dépense un PC sur un test d’attaque ou de DM avec une arme, il lance deux dés et garde le meilleur résultat.'),
('arroser', 'Arroser', 1, 0, '', 'Les gangers sont des adeptes du tir à tout va, capables de vider un chargeur en un temps record. Lorsqu’il utilise une arme automatique de FOR 14 ou moins, le personnage peut arroser une zone de 10 mètres de large (ou moins), et chaque cible présente subit une attaque avec un bonus de +2 au test d’attaque et +1d6 aux DM. Le personnage vide son chargeur, il devra utiliser une action de mouvement pour recharger avant de pouvoir se servir à nouveau de cette arme.'),
('artsmartiaux', 'Arts Martiaux', 0, 0, '', 'Lorsqu’il combat à mains nues, l’adepte inflige [1d6 + Mod. de FOR] DM létaux. Ces DM passent à 1d8 au rang 3 et à 1d10 au rang 5. L’adepte gagne un bonus de +1 en DEF par rang atteint dans la voie.'),
('asdanslamanche', 'As dans la manche', 0, 0, '', 'Une fois par combat, le joueur peut choisir de remplacer le résultat obtenu sur un d20 par la valeur de CHA du personnage, il applique ensuite tous les modificateurs\nhabituels. Le fixer peut utiliser la capacité As dans la manche plus d’une fois par combat en dépensant 1 PC à chaque utilisation supplémentaire.'),
('assassin', 'Assassin', 0, 0, '', 'Le chromé est un expert du poignard et un assassin professionnel. Lorsqu’il attaque une cible par surprise, il obtient +1d6 DM par rang dans la voie sur sa première attaque à distance ou au contact s’il utilise un poignard (ou des cybergriffes/digilames). Ce bonus aux DM n’est pas multiplié en cas de critique ni par la capacité Sniper.'),
('assurance-platine', 'Assurance platine', 0, 0, 'bkgd', 'Le personnage possède un contrat d’assurance médicale platine. S’il est inconscient, une équipe de secours militarisée intervient en 1d6 minutes (en milieu urbain) ou 1d6 heures (milieu rural, les zones sauvages sont exclues). Le personnage bénéficie toujours des meilleurs soins, il double les PV récupérés par les medkits s’il dépense 1 PC (et ajoute +5 PV pour le PC ensuite normalement).'),
('attaque-amelioree', 'Attaque améliorée', 0, 0, 'creat', 'La créature obtient un bonus de +3 en attaque et +1d6 au DM sur un type d’attaque au choix (à distance ou au contact).'),
('attaque-circulaire', 'Attaque circulaire', 1, 0, 'prest', 'Le personnage peut effectuer une attaque au contact contre chaque adversaire à son contact. Si cette attaque réduit un adversaire à 0 PV, il ne bénéficie pas de sa capacité d’enchaînement.'),
('attaque-en-traitre', 'Attaque en traître', 1, 0, 'creat', 'Si la créature attaque en même temps qu’un allié (elle peut volontairement retarder son initiative), de dos ou par surprise, elle réalise une attaque sournoise avec un bonus de +3 en attaque et +2d6 aux DM.'),
('attaque-magique', 'Attaque magique', 1, 0, 'prest', 'Le personnage réalise une attaque au contact (épée, griffes, etc.). En cas de succès, il peut faire un test d’attaque magique contre la DEF de la créature. Si le test est une réussite, il inflige [2d6 + Mod. de CHA] DM supplémentaires à la créature, sinon il inflige ses DM habituels.'),
('attaquemagique', 'Attaque magique', 0, 0, '', 'L’adepte gagne +1 en attaque magique. Désormais, ses attaques au contact affectent normalement les créatures magiques qui résistent aux attaques conventionnelles (Voie des métacréatures, élémentaire invoqué, etc.). De plus, il peut ajouter son Mod. de CHA aux DM qu’il inflige aux créatures magiques.'),
('attaquesanglante', 'Attaque sanglante', 1, 0, '', 'Le ganger frappe ou tire là où ça fait mal, il utilise seulement un d12 en attaque au contact ou à distance (au lieu du d20), mais obtient un bonus de +2d6 aux DM.'),
('attaquesournoise', 'Attaque sournoise', 1, 0, '', 'Lorsqu’il attaque de dos ou par surprise, le ganger ajoute +1d6 par aux DM de son\nattaque au contact ou à distance. Ce bonus passe à +2d6 au rang 3 et +3d6 au rang 5.'),
('avanceracouvert', 'Avancer à couvert', 0, 0, '', 'Le ganger à l’habitude de devoir progresser sous le feu d’un gang adverse pour arriver au contact (généralement après avoir cramé toutes ses munitions en un rien de temps). Lorsqu’il utilise une action de mouvement, il peut parcourir seulement 10 mètres et gagner un bonus de +3 en DEF contre les attaques à distance pendant 1 tour. Ce bonus de DEF peut être cumulé si le personnage utilise plusieurs fois cette capacité dans le même tour (+6 en DEF pour deux actions de mouvement et 20 mètres, etc.).'),
('balayage', 'Balayage', 0, 0, 'creat', 'La créature utilise sa grande taille pour affecter plusieurs créatures face à elle d’un seul coup de patte/arme. Si plusieurs cibles sont présentes face à elle, son attaque affecte deux créatures (dans un arc de 180°). Faire un seul test d’attaque et le comparer à la DEF de chaque cible. Sa résistance aux DM passe à 6 (RD 6).'),
('barrieremana', 'Barrière de mana', 1, 1, '', 'Le personnage crée une barrière de mana invisible et infranchissable dans le monde réel comme dans le monde astral (un mur de force qui bloque créatures et objets). Aucun sort ne peut passer à travers. La barrière forme un mur rectiligne de INT mètres sur 4 mètres de haut, ou forme un dôme de ½ INT mètres de diamètre pendant [5 + Mod. d’INT] tours. Si la barrière subit plus de 30 points de DM magiques en un tour, elle est annihilée. Il est possible pour un magicien en perception astrale ou en forme astrale, de lancer ce sort sous forme de barrière astrale uniquement, c’est-à-dire qu’elle n’affecte que les esprits sans forme matérielle (sous forme astrale).'),
('beauparleur', 'Beau-parleur', 0, 0, '', 'Le fixer gagne +5 aux tests de CHA et il ajoute son Mod. d’INT à tous les tests de CHA.'),
('besoin-de-peu', 'Besoin de peu', 0, 0, 'bkgd', 'Le personnage a l’habitude de vivre de peu et de recycler le matériel. À la fin d’une aventure, s’il lui reste des PC, il peut les conserver et les ajouter pour la suivante. Lorsqu’il passe de niveau, même s’il est fauché (voir p. 230), il peut toujours acheter des PC, mais pas plus de 3 par aventure.'),
('blousonnoir', 'Blouson noir', 0, 0, '', 'Le ganger porte un blouson en synthécuir blindé aux couleurs du gang, il semble né avec cette une seconde peau qui se fait totalement oublier. Lorsqu’il porte une veste ou un manteau blindé, la valeur de DEF et de RD de l’armure augmentent de +1. De plus, il ignore la pénalité au score d’Init. d’une veste et subit seulement une pénalité de -2 pour un manteau.'),
('bonne-planque', 'Bonne planque', 0, 0, 'prest', 'Le personnage possède une planque sécurisée, lui et ses compagnons y sont parfaitement à l’abri des ennuis et des recherches tant qu’ils ne bougent pas. Une fois par aventure, ils peuvent s’y reposer, y acheter du matériel (dans une limite de 5 000 NY par rang pour le groupe) et racheter des PC au tarif normal s’ils y passent au moins 12 heures.'),
('boost', 'Boost', 0, 0, 'prest', 'Une fois par jour, le personnage peut améliorer drastiquement l’efficacité d’un implant de son choix pendant un tour. Il double un bonus de son choix pendant un tour. Par exemple, il peut décider que son armure dermale grade 2 lui fournit une RD de 10, que ses réflexes câblés grade 1 lui fournissent un bonus d’Init. de +12, etc.'),
('boum', 'Boum !', 0, 0, 'prest', 'Le personnage ajoute +1d6 aux DM des grenades ou des projectiles des lance-grenades et des lance-roquettes. Il divise par deux le prix de ce type de munitions.'),
('bricoleur', 'Bricoleur', 0, 0, '', 'Le rigger obtient un bonus de +2 par rang à tous les tests d’électronique, de mécanique, de réparation ou d’armement. Il augmente la vitesse de réparation des drones et des véhicules de +1 par rang (1d6+rang+Mod. d’INT par heure).'),
('bullettime', 'Bullet time', 0, 0, '', 'L’adepte peut atteindre une vitesse d’esquive surnaturelle qui lui permet d’éviter les balles elles-mêmes. Une fois par tour, il peut ignorer une attaque à distance (même par arme à feu) en réussissant un test d’attaque au contact opposé à la DEF atteinte par l’attaquant. S’il s’agit d’une attaque de zone (sort, grenade, etc.), il divise les DM par deux (aucun test nécessaire dans ce cas).'),
('capitaine', 'Capitaine', 0, 0, 'creat', 'Le capitaine donne un bonus de +2 en initiative, en attaque et aux DM à tous les soldats sous ses ordres à portée de vue. De plus, le capitaine bénéficie d’une attaque supplémentaire à chaque tour lorsqu’il utilise une action limitée.'),
('cash-cache', 'Cash-cache', 0, 0, 'bkgd', 'Le personnage n’est pas parti les mains vides lorsqu’il a claqué la porte de son ancien employeur, il a conservé quelques renseignements sensibles. Aujourd’hui, il vient enfin de réussir à décrypter certains codes et bingo, il vient d’accéder à une belle réserve de cash anonyme. Le personnage gagne immédiatement 50 000 NY et il obtient désormais 1 000 NY au début de chaque nouvelle aventure.'),
('celebrite', 'Célébrité', 0, 0, '', 'Le fixer obtient une couverture officielle célèbre dans le milieu du showbiz (vedette de simsens, rock star, journaliste tridéo, etc.), dissociée de son pseudo du milieu des\nombres qu’il garde secret. Toutefois, il peut parfois jouer de cette identité pour s’introduire dans certains milieux ou obtenir des privilèges. De plus, il augmente sa valeur de CHA de +2 et peut désormais lancer deux d20 à chaque fois qu’un test de CHA lui est demandé et garder le meilleur résultat.'),
('cercle-de-protection', 'Cercle de protection', 1, 1, 'prest', 'Le personnage trace un cercle sur le sol pouvant contenir 3 personnes. Une fois par tour, lorsqu’un sort prend pour cible un personnage situé dans le cercle, le magicien fait un test d’attaque magique en opposition à celui de l’adversaire. Si le test est réussi, le sort adverse est annulé et n’a aucun effet.'),
('chair-a-canon', 'Chair à canon', 0, 0, 'creat', 'Une fois par tour, le PNJ peut décider qu’une attaque qui le visait touche à la place un de ses sousfifres situé à moins de 3 mètres et venu s’interposer (ou derrière lequel il s’est mis à couvert). Le PNJ gagne un bonus de +3 en DEF tant que des sous-fifres sont positionnés à moins de 3 mètres de lui.'),
('charge', 'Charge', 1, 0, 'creat', 'La créature parcourt une distance maximum de 30 mètres et réalise une attaque ; lancez deux d20 et gardez le meilleur résultat. Si l’attaque est réussie, en plus de subir les DM normaux, une victime de taille inférieure ou égale à la créature doit réussir un test opposé de FOR ou être Renversée. Dans ce cas, la créature piétine (ou embroche) sa victime et les DM sont doublés.'),
('chargement-rapide', 'Chargement rapide', 0, 0, 'prest', 'Recharger une arme de poing ou changer d’arme (arme de poing et de contact) est désormais une action gratuite une fois par tour. De plus, lorsqu’il réussit à se saisir de l’arme d’un adversaire qu’il vient de désarmer (réussite critique), il peut immédiatement effectuer une attaque gratuite contre cette cible avec l’arme.'),
('cinquieme-implant', 'Cinquième implant', 0, 0, 'prest', 'Le personnage peut choisir deux implants d’une valeur totale maximum de 20 000 NY. Si les 2 implants utilisent la même technologie (C ou B), il perd un seul point sur sa valeur de caractéristique (CHA ou INT) pour l’ensemble des deux implants.'),
('clairvoyance', 'Clairvoyance', 1, 1, 'prest', 'Le personnage peut voir et entendre à distance ce qui se passe dans un lieu qu’il connaît, tant qu’il reste concentré (action limitée à chaque tour). Les créatures présentes ont droit à un test de SAG difficulté [12 + Mod. de CHA] : en cas de réussite, elles se sentent observées.'),
('combattrecorruption', 'Combattre la corruption', 0, 0, '', 'Protégé par les esprits de la vie et de la nature, le chaman obtient un bonus égal à son Mod. de PER en DEF contre toutes les attaques provenant d’armes technologiques (armes à feu, laser, explosifs, etc.). Il obtient un bonus égal à son Mod. de CHA en attaque et aux DM au contact et à distance lorsqu’il combat des créatures invoquées (un élémentaire appelé par un mage, par exemple), venues d’un autre monde (esprits incarnés) ou corrompues par un esprit (totem insecte, esprit toxique, etc.).'),
('commandant', 'Commandant', 0, 0, 'creat', 'Le commandant offre un bonus de +3 en initiative, en attaque, aux DM et en DEF à tous les soldats sous ses ordres à portée de vue. Tant qu’au moins quatre créatures sous ses ordres sont à moins de 3 mètres du commandant, il n’encaisse que la moitié des DM qui lui sont infligés.'),
('comme-a-la-maison', 'Comme à la maison', 0, 0, 'bkgd', 'Le personnage à l’habitude de travailler et de vivre dans l’enceinte d’une corporation, il connaît la logique de l’agencement des lieux, des systèmes de sécurité et des gens. Lorsqu’il effectue une mission au sein des locaux d’une corpo ou d’un complexe industriel ou de recherche protégé, il gagne un bonus de +2 en Init., en DEF et à tous ses tests.'),
('connais-ton-ennemi', 'Connais ton ennemi', 0, 0, 'prest', 'Le personnage obtient un bonus de +5 à tous les tests pour détecter et pister les créatures magiques (méta-créatures, esprits, élémentaires, etc.) et un bonus de +5 pour se dissimuler à elles.'),
('connaissancerue', 'Connaissance de la rue', 0, 0, '', 'Le ganger obtient un bonus de +1 par rang dans la voie à tous les tests sociaux lorsqu’il est dans un quartier pauvre ou lorsqu’il négocie avec des personnes issues de milieu défavorisé. Il gagne un bonus supplémentaire de +5 lorsqu’il s’agit d’intimider (quel que soit le milieu social de son interlocuteur).'),
('consommables-au-top', 'Consommables au top', 0, 0, 'prest', 'Grâce à ses nombreux contacts, le personnage à accès au meilleurs matériel possible. Désormais, lorsqu’il dépense un PC, il utilise 1d8 au lieu de 1d6 pour déterminer le bonus à son action. Le dé de PC passe au d10 lorsqu’il atteint le rang 3 et au d12 lorsqu’il atteint le rang 5.'),
('consommablesagogo', 'Consommables à gogo', 0, 0, '', 'Le fixer divise par deux le coût des points de cash pour lui-même et accorde un point de cash supplémentaire à chaque membre de son groupe au début de chaque aventure.'),
('contacts', 'Contacts', 0, 0, '', 'Le fixer choisit un contact par rang atteint dans la voie parmi : rue (et gangs), police (et armée), showbiz (stars et journalisme), corpo, occulte, scientifique (et médical), matrice (informatique et hackers), business (et marché noir). Il obtient un bonus de +5 aux tests de renseignement (ou pour se procurer du matériel) s’il possède le contact de la catégorie correspondant à l’information recherchée. S’il prend deux fois le même contact, le bonus passe à +10.'),
('controleavance', 'Controle avancé', 0, 0, '', 'Le rigger améliore son contrôle et son immersion sensorielle dans les drones. Désormais, il utilise son score d’attaque mentale pour les attaques effectuées par ses drones même sans les contrôler directement et peut ajouter son Mod. d’INT à leur DEF.'),
('controleenvironmt', 'Contrôle de l\'environnement', 0, 0, '', 'En milieu urbain, le hacker contrôle en temps réel et utilise à son avantage tout le mobilier urbain, les véhicules de passage, les lumières, les ascenseurs, etc. cela lui permet de créer des diversions ou de se procurer des opportunités. Une fois par combat, le joueur trouvera une explication plausible pour activer un élément du décor et obtenir un effet au choix. Jusqu’à un adversaire par rang dans la voie perd son prochain tour de jeu ou le même nombre d’adversaire subit une agression qui leur inflige automatiquement 1d6 DM par rang dans la voie (par exemple, détourner un bus pour qu’il fauche les adversaires).'),
('coriace', 'Coriace', 0, 0, '', 'Le ganger gagne +1 en DEF, +1 en Init. et +3 PV. Ce bonus passe à +2 en DEF, +2 en Init. et +6 PV au rang 4 de la voie.'),
('corpsacorps', 'Corps-à-corps', 0, 0, '', 'Le chromé est un expert en combat au contact. S’il le souhaite, il acquiert au choix des griffes rétractables ou des digilames. Il inflige [1d6 + Mod. de FOR] DM avec\nles griffes ou [1d4 + Mod. de DEX] DM avec les digilames. À chaque tour, il peut réaliser deux attaques de contact au prix d’une action limitée avec un poignard ou en combat à mains nues (griffes et digilames inclues). S’il choisit la version cybernétique de cette capacité, il ajoute +1 à son rang de cyberlose.'),
('costaud', 'Costaud', 0, 0, 'prest', 'Le personnage réduit de 2 points la FOR nécessaire pour utiliser les armes à feu.'),
('coup-de-main', 'Coup de main', 0, 0, 'bkgd', 'Une fois par aventure, le personnage peut demander un coup de main à la mafia en échange de 5 000 NY. À la discrétion du MJ, celle-ci peut régler un problème de façon plus ou moins expéditive. Le MJ peut aussi exiger une somme plus importante si la situation est délicate (généralement, le coût est doublé si le problème nécessite une intrusion en territoire corpo).'),
('courseduvent', 'Course du vent', 0, 0, '', 'L’adepte se déplace à une vitesse surhumaine. Il couvre une distance de 30 mètres par action de mouvement (la distance normale est de 20 mètres) et se relever est pour lui une action gratuite. Il saute deux fois plus loin ou plus haut qu’un humain ordinaire.'),
('creature-magique', 'Créature magique', 0, 0, 'creat', 'La créature agit à une vitesse surhumaine, elle gagne un bonus de +10 en Init., de +2 en attaque au contact et en DEF. La DEX et la FOR deviennent des caractéristiques supérieures (lancez deux d20).'),
('critique-ameliore', 'Critique amélioré', 0, 0, 'prest', 'Le personnage obtient un critique sur 19-20 sur ses attaques à mains nues, de plus il ajoute 1d6 aux DM des critiques de toutes ses attaques au contact (avec ou sans arme).'),
('customisation', 'Customisation', 0, 0, '', 'Le rigger peut appliquer une option différente à chaque véhicule et drone qu’il possède, parmi celles proposées dans la liste qui suit. Armement lourd : +1d6 aux DM, autonomie doublée, blindage : DEF +2 et RD +2, renforcement : +10 PV, arme supplémentaire : une arme de véhicule au choix (seulement pour véhicule), moteur gonflé : +2 AGI ou +10 mètres par action de mouvement, booster : +10 AGI pendant un tour par combat ou 40 mètres de déplacement supplémentaire à ce tour.'),
('dans-une-autre-vie', 'Dans une autre vie', 0, 0, 'bkgd', 'Le joueur peut choisir une capacité de rang 2 ou 3 de la voie de background choisie au rang 2. Il reçoit aussi un bonus de +5 à tous les tests destinés à résister à toute forme d’addiction, de drogue ou de toxine, ainsi qu’aux tests de cyberlose.'),
('deaaz', 'De A à Z', 0, 0, '', 'Le rigger est à présent capable de concevoir et de fabriquer des appareils de A à Z. Il fabrique et obtient un nouvel appareil de son choix (un drone ou un véhicule non militaire) et il peut y appliquer une option de la capacité Customisation de la Voie des véhicules (pour un total de deux options s’il possède aussi la capacité Customisation).'),
('deconnecte', 'Déconnecté', 0, 0, 'bkgd', 'À trop être connecté, le personnage s’est déconnecté de son propre instinct de survie. Alors que les humains perdent généralement une partie de leurs moyens devant un danger mortel, des milliers de morts virtuelles ont permis au connecté de dépasser ce stade. Lorsqu’il passe sous la moitié de ses PV ou s’il subit une blessure grave, le personnage obtient un bonus de +2 en attaque, en DEF et en Init.'),
('defense-au-contact', 'Défense au contact', 0, 0, 'prest', 'Si un adversaire au contact l’attaque avec une arme à feu, le personnage obtient un bonus de +1 en DEF par rang acquis dans la voie contre cette attaque. De plus, lorsqu’il tente de désarmer un tireur (p. 41), le spécialiste du gun-fu ne provoque pas un tir gratuit de la part de son adversaire s’il ne réussit pas à désarmer sa cible.'),
('delivrance', 'Délivrance', 1, 1, '', 'En touchant sa cible, le chaman annule les pénalités infligées par les sorts, les malédictions et les capacités spéciales d’autres personnages ou de créatures (douleur, mutilation, poisons, etc.).'),
('delugedecoups', 'Déluge de coups', 1, 0, '', 'À son tour, l’adepte peut effectuer deux attaques à mains nues ou avec une arme de contact sur des cibles de son choix. Alternativement, il peut choisir de faire trois attaques en utilisant un d12 en attaque pour chacune d’elle (au lieu d’un d20).'),
('deverouilleracces', 'Déverrouiller les accès', 0, 0, '', 'Le hacker se connecte à la matrice ou à un réseau local pour accéder au système et déverrouiller une fermeture électronique située à moins de 50 mètres. En réussissant un test d’attaque mentale contre le niveau de sécurité de l’accès, le hacker peut débloquer une serrure électronique ou, au contraire, la verrouiller par une simple action de mouvement.'),
('devorer', 'Dévorer', 0, 0, 'creat', 'Lorsque la créature réussit une attaque avec un résultat de 15- 20 au d20, elle saisit sa proie entre ses crocs ou ses griffes et lui inflige immédiatement une attaque gratuite supplémentaire. Si la FOR de la cible est inférieure ou égale au prédateur, elle est de plus Renversée et Immobilisée. Pour se libérer, la victime doit réussir un test de FOR opposé lors de son tour, et cela lui demande une action de mouvement (et une autre pour se relever si elle a réussi).'),
('distorsion-des-struc', 'Distorsion des structures', 1, 1, 'prest', 'Le personnage cible un objet artificiel (un mur, une porte, un véhicule, etc.) à une portée de 30 mètres, et celui-ci se déforme. Il peut infliger ainsi 3d6 DM à une structure artificielle en ignorant sa résistance aux DM. S’il vise un véhicule en mouvement, il doit réussir un test d’attaque contre sa DEF.'),
('dopage', 'Dopage', 0, 0, 'bkgd', 'L’athlète connaît les filières qui lui permettent d’avoir accès aux meilleures drogues et à des produits qui permettent de décupler ses capacités physiques. Lorsqu’il utilise un PC pour obtenir un bonus sur un test physique (FOR, DEX, CON), il double le résultat du dé.'),
('dronearme', 'Drone armé', 0, 0, '', 'Ce drone terrestre de petite taille (50 cm à 1 m pour un poids allant de 20 à 60 kg) est voué au combat. Il est pourvu de chenilles ou de 6 pattes, selon le modèle, le rendant à peu près tout terrain, de blindage et d’armement. Il se déplace seulement de 10 mètres par action de mouvement. \nFOR -2 DEX -2 CON +0 \nINT -3 PER +0 CHA -4 \nDEF 14 PV 10 + niveau Init – \nPistolet mitrailleur léger +rang DM 2d6. \nAutonomie 12 h.'),
('dronedesoutien', 'Drone de soutien', 0, 0, '', 'Le fixer se paye les services d’un rigger de confiance qui met à sa disposition et pilote pour lui un drone espion une fois par jour pour une durée de 1 heure (voir la capacité de rigger de la voie des drones). Ce rigger pilote le drone à distance, mais c’est le joueur qui détermine ses actions. Il possède un score d’attaque mentale égal à la moitié du niveau du fixer. À partir du rang 4, le fixer peut remplacer le drone espion par un drone armé. Lorsque que la capacité de rigger indique un rang, utilisez à la place le Mod. de CHA du fixer.'),
('droneespion', 'Drone espion', 0, 0, '', 'Le rigger possède un drone volant de très petite taille (10 à 20 cm environ). Il est équipé de senseurs qui permettent au personnage de voir et d’entendre par son intermédiaire. Lorsque le drone reste à proximité du rigger, il lui donne un bonus de +1d6 en Init. et +5 à tous les tests pour éviter d’être Surpris. Lorsqu’il utilise le drone pour observer quelque chose (action limitée), le rigger obtient un bonus de +2 par rang à tous les tests concernant la perception et lui permet d’utiliser son Mod. d’INT au lieu de celui de PER pour ce type de tests. Le drone espion est petit et difficile à repérer, il réalise les tests de discrétion (DEX) avec deux d20 et garde le meilleur résultat. \nFOR -4 DEX +3* CON -4* \nINT -3 PER +2 CHA -4 \nDEF 15 + rang PV 35 Init – \nAutonomie 12 h.'),
('dronemissile', 'Drone missile', 1, 0, '', 'Une fois par combat, le rigger peut utiliser un petit missile piloté à distance, il transporte une puissante charge explosive. Il s’agit d’une action limitée et il attaque avec un bonus +5 au score d’attaque mentale du rigger, à une portée maximum de 500 mètres. Le drone inflige 4d6 DM en impact direct et 1d6 DM dans un rayon de 3 mètres.'),
('dronevolant', 'Drone volant', 0, 0, '', 'Le drone volant mesure environ 60 cm de diamètre et se déplace de 40 mètres par action de mouvement. \nFOR -3 DEX +2 CON +0 \nINT -3 PER +0 CHA -4 \nDEF 16 PV 10 + niveau Init – \nPistolet mitrailleur léger +rang DM 2d6. \nAutonomie 4 h.'),
('embuscade-creat', 'Embuscade', 0, 0, 'creat', 'Au premier tour de combat, si l’environnement permet à la créature de se dissimuler, la cible doit faire un test de SAG difficulté [15 + Mod. de DEX] ou être Surprise. Si elle attaque avec succès une cible Surprise, la créature inflige +1d6 aux DM et toute créature dont la FOR est inférieure à la sienne est Renversée. La créature obtient un bonus de +5 à tous les tests de discrétion et en Init.'),
('empathieanimale', 'Empathie animale', 1, 0, '', 'Le chaman peut décoder les émotions et les intentions des animaux en les observant pendant un tour. En réussissant un test de CHA difficulté 15, il peut aussi leur faire passer ses propres intentions, établissant ainsi une communication rudimentaire. Il peut communiquer par télépathie avec les animaux proches de son animal totem jusqu’à une distance de 20 mètres.'),
('empathieastrale', 'Empathie astrale', 0, 0, '', 'Le personnage s’éveille au monde des esprits, il ne possède pas encore le don de double vue, mais il ressent les choses. Il obtient un bonus de +5 aux tests de PER pour détecter la présence de créatures invisibles, d’une illusion, ou sentir s’il est observé depuis le monde astral (PER difficulté 20). S’il se concentre (action limitée), il détecte la magie à une portée de 30 mètres.'),
('emporter-dans-les-ai', 'Emporter dans les airs', 0, 0, 'creat', 'La créature peut emporter dans les airs une victime agrippée de taille inférieure à la sienne au prix d’une action de mouvement. Au premier tour, si la victime se libère (test de FOR opposé), elle subit, 5d6 DM de chute. Au tour suivant, si la créature décide de prendre de l’altitude, les DM passent à 10d6.'),
('enchainement', 'Enchaînement', 0, 0, 'prest', 'Lorsqu’il réduit un adversaire à 0 PV avec une arme de contact, le personnage obtient immédiatement une attaque gratuite sur un autre adversaire au contact ou, au choix, un mouvement de 5 mètres.'),
('enrager', 'Enrager', 1, 0, 'creat', 'Lorsqu’elle reçoit un coup critique ou si ses PV passent sous la moitié, la créature devient enragée. Elle ignore les pénalités de douleur ou la peur, augmente de +3 son score d’attaque au contact et ses DM de +1d6. Elle peut encore agir un tour complet après avoir atteint 0 PV.'),
('entrainement', 'Entraînement', 0, 0, '', 'Le chromé peut désormais lancer deux d20 à chaque fois qu’un test de FOR ou DEX lui est demandé et conserver le meilleur résultat.'),
('entrevue', 'Entrevue', 0, 0, 'bkgd', 'Le personnage possède les contacts nécessaires pour obtenir un entretien avec à peu près n’importe quelle huile corpo (même top niveau) en 2d6 heures. Il devra la rencontrer seul et désarmé. Il peut faire appel à cette capacité une fois par aventure.'),
('enveloppe-de-chair', 'Enveloppe de chair', 0, 0, 'bkgd', 'Le personnage a passé l’essentiel de sa vie connecté, assis ou couché. Il a développé ses capacités cognitives au détriment de ses capacités physiques. Le personnage réduit au choix sa valeur de FOR ou de CON de 2 points, mais il gagne immédiatement +2 en attaque mentale et une interface neurale (sans perte de point de CHA) à inscrire dans la Voie des implants (rang 1).'),
('esprit-danalyse', 'Esprit d\'analyse', 0, 0, 'bkgd', 'Le personnage obtient un bonus de +1 par rang pour chaque test de recherche d’indices (voir les règles à ce sujet p. 37).'),
('esprit-incarne', 'Esprit incarné', 0, 0, 'creat', 'La créature retranche 5 points à tous les DM provoqués par des armes ordinaires (mais pas la magie). Elle récupère 5 PV au début de chaque tour de combat tant qu’elle n’est pas réduite à 0 PV puis achevée par une action limitée. À chaque tour, elle peut choisir de guérir une blessure grave au lieu de régénérer 5 PV. La créature est capable de perception astrale (voir le chaman). La PER et la CON deviennent des caractéristiques supérieures.'),
('esprit-majeur', 'Esprit majeur', 0, 0, 'creat', 'Le bonus d’Init. de la créature passe à +20, le bonus d’attaque au contact et de DEF à +5 et sa réduction des DM à 10 points. La créature est capable de projection astrale. L’INT et le CHA deviennent des caractéristiques supérieures.'),
('etiquette', 'Etiquette', 0, 0, 'bkgd', 'Le personnage connaît les codes et les règles officielles ou tacites du milieu dont il est issu, il sait en reconnaître les membres et interagir avec eux. Il obtient un bonus de +5 à tous les tests de connaissances ou de renseignement associés à son background et un bonus de +5 aux tests de CHA auprès des gens de son milieu d’origine.'),
('expert', 'Expert', 0, 0, 'prest', 'Le personnage obtient +1 par rang aux DM qu’il inflige à mains nues. De plus, s’il le souhaite, il peut utiliser son Mod. de DEX au lieu du Mod. de FOR en attaque au contact avec ces armes.'),
('expertanalyse', 'Expert en analyse', 0, 0, '', 'Le hacker développe ses propres logiciels experts d’analyse et d’aide en temps réel des situations de combat. Ils lui permettent de prendre les meilleures décisions tactiques et de conseiller ses alliés. Tous les alliés sur la même zone de combat que le hacker bénéficient d’un bonus de +1 en Init., en attaque et en DEF.'),
('expertise-du-drain', 'Expertise du drain', 0, 0, 'prest', 'Lorsqu’il fait appel au drain, le personnage peut dépenser 1d12 PV pour obtenir 3 PM. Enfin, le personnage peut accepter de subir une blessure grave (il ne doit pas déjà en avoir une), pour récupérer tous ses PM.'),
('expertise-du-gun-fu', 'Expertise du gun-fu', 0, 0, 'prest', 'Désormais, il suffit au personnage d’une action d’attaque pour utiliser la capacité de rang 2. De plus, lorsqu’il désarme un adversaire qui utilise une arme de poing, le personnage se saisit de l’arme s’il emporte le test d’attaque opposé de seulement 5 points (au lieu de 10).'),
('expertmanoeuvres', 'Expert en manoeuvres', 0, 0, '', 'Le rigger obtient automatiquement un bonus de +5 en DEF lorsqu’il utilise une action de mouvement pour louvoyer (Chapitre 1 p. XXX). Désormais, il lui faut seulement une action de mouvement pour tenter une manoeuvre de percussion.'),
('expertmatrice', 'Expert de la matrice', 0, 0, '', 'Connecté à la matrice, le hacker accède à tout le savoir du monde et ses logiciels d’analyse téléchargent en permanence les réponses les plus pointues. Lorsqu’un test d’INT est demandé au personnage (dans le monde réel ou virtuel), le joueur lance deux d20 et garde le meilleur résultat. Le hacker gagne aussi un bonus égal au rang atteint dans la voie à son Init. matricielle et à sa DEF matricielle. Il ajoute par ailleurs son rang à son seuil de blessure grave pour tous les DM reçus dans la matrice.'),
('extinction', 'Extinction', 1, 1, 'prest', 'Le personnage détruit l’essence vitale de la créature ciblée (portée 10 mètres). Il fait un test d’attaque magique opposé avec la créature, en cas de succès il lui inflige [2d6 + Mod. de CHA] DM, la moitié en cas d’échec. Si la créature n’a pas de score d’attaque magique, elle fait un simple test de CHA (ce qui rend ce sort redoutable pour les chromés, handicapés par une essence vitale déjà très abîmée).'),
('fauchage', 'Fauchage', 0, 0, 'creat', 'Sur 15 à 20 au test d’attaque, si l’attaque est réussie, la victime doit réussir au choix un test de FOR ou de DEX difficulté [10+Mod. de FOR de la créature] ou être Renversée. La créature retranche 3 à tous les DM subis (RD 3).'),
('faux-semblants', 'Faux semblants', 0, 0, 'bkgd', 'Une corporation est un véritable panier de crabe, un lieu d’intrigues politiques, et le corpo est passé maître dans l’art de cacher ses émotions et de deviner celles de ses interlocuteurs. Il obtient un bonus de +5 à tous les tests pour mentir ou bluffer, et autant pour tenter de déterminer si son interlocuteur lui cache des choses.'),
('flair-infaillible', 'Flair infaillible', 0, 0, 'bkgd', 'Le joueur lance désormais deux d20 pour tous les tests de recherche d’indices et peut garder le meilleur résultat. Si le personnage quitte une scène de crime ou d’enquête en ayant raté un renseignement utile à l’avancée du scénario, le meneur de jeu doit lui signaler que « quelque chose cloche ».'),
('flotdemagie', 'Flot de magie', 0, 0, '', 'Le mage obtient 1d6 points de mana supplémentaires au début de chaque combat. En dépensant 1 PM supplémentaire lorsqu’il lance un sort, il peut lancer ce sort en action d’attaque plutôt qu’en action limitée. En dépensant 2 PM supplémentaires, il peut lancer ce sort en action de mouvement plutôt qu’en action limitée.'),
('force-de-caractere', 'Force de caractère', 0, 0, 'bkgd', 'Le personnage obtient un bonus de +5 aux tests pour résister à la cyberlose, aux influences, et même aux effets des foudroyeurs. Son passage d’un monde à l’autre le rend encore plus confiant en lui-même et il augmente sa valeur de CHA de +2.'),
('forcedame', 'Force d\'âme', 0, 0, '', 'Une fois par tour, lorsqu’un sort ou un pouvoir magique affecte l’adepte, il peut faire un test opposé d’attaque magique. En cas de succès, il n’est pas affecté. L’adepte est désormais immunisé aux effets de peur.'),
('formation-au-systeme', 'Formation au système', 0, 0, 'bkgd', 'Le corpo à l’habitude de travailler avec des mastodontes informatiques et il a appris à devoir travailler très vite, rendement oblige. Il gagne +1 en attaque mentale et, lorsqu’il tente de trouver un renseignement dans la matrice, il réduit la durée nécessaire d’une catégorie (p. 246). Par exemple, il ne subit pas de malus pour une recherche en 2d6 minutes.'),
('formation-martiale', 'Formation martiale', 0, 0, 'bkgd', 'Le personnage obtient un bonus de +1 en attaque au contact ou à distance au choix, et +3 PV.'),
('formation-scientifiq', 'Formation scientifique', 0, 0, 'bkgd', 'Le personnage obtient un bonus de +1 par rang à tous les tests de connaissance en rapport avec les sciences. Il choisit un domaine particulier (biotechnologie, chimie, cybernétique, informatique, etc.) dans lequel il reçoit un bonus de +5 supplémentaire. Ce bonus est réservé aux connaissances théoriques (par exemple, un informaticien peut connaître la réputation d’un hacker ou la fonction d’un logiciel, mais le bonus ne s’applique pas aux tests matriciels).'),
('formation-tactique', 'Formation tactique', 0, 0, 'bkgd', 'Le personnage fait profiter ses coéquipiers de son expérience du terrain et il connaît les procédures d’intervention les plus efficaces. S’il dispose d’au moins 5 tours avec ses compagnons d’arme pour mettre au point l’intervention dans un lieu dont il connaît le plan, il fait bénéficier tous ses coéquipiers et lui-même d’un bonus de +5 en Init. pour tout combat qui s’y déroule.'),
('formationinitiale', 'Formation initiale', 0, 0, '', 'Le fixer possède plus d’une corde à son arc. Avant de devenir négociateur, il avait\nun autre métier. Le joueur choisit une capacité de rang 1 de son choix dans n\'importe quelle voie d\'un profil de CO autorisé par le MJ'),
('formationsuperieure', 'Formation supérieure', 0, 0, '', 'Le fixer choisit une capacité de rang 2 issue du même profil que la capacité de rang 1. De plus, le fixer a toujours besoin de moins de fric pour passer au niveau suivant, retranchez 1 niveau à son niveau réel pour déterminer le fric nécessaire (par exemple, il lui suffit de 5 000 NY pour passer au niveau 3 au lieu de 10 000).'),
('forme-animale', 'Forme animale', 1, 1, 'prest', 'Le personnage peut prendre la forme d’un animal d’une taille inférieure ou égale à la sienne pendant une durée maximum de [5 + Mod. de CHA] heures. Il conserve ses PV, il acquiert la DEF, les caractéristiques et les capacités naturelles de la forme choisie (le vol pour un oiseau, la respiration aquatique pour le poisson, etc.). Par une action limitée, le personnage peut reprendre sa forme humaine lorsqu’il le désire.'),
('forme-olympique', 'Forme olympique', 0, 0, 'bkgd', 'Le personnage augmente une des caractéristiques de son choix parmi FOR, DEX, CON de 2 points (+1 au Mod.). Alternativement, il peut obtenir un bonus de +1 en attaque au contact et augmenter ses DM à mains nues (ou de griffes) d’une catégorie de dé (le d4 passe au d6, le d6 au d8, etc.).'),
('freredesang', 'Frère de sang', 0, 0, '', 'Le ganger peut faire appel à un ami indéfectible issu du même gang que lui, une fois par aventure, pendant un maximum de 2d6 heures consécutives. En termes de règles, ce personnage est le clone exact du PJ (mêmes caractéristiques, même scores d’attaque et de DM) et son contrôle est assuré par le joueur. Si cet ami meurt, il est définitivement perdu mais le personnage récupère ses 2 points de capacité et peut les investir ailleurs.'),
('garder-pieds-sur-ter', 'Garder les pieds sur terre', 0, 0, 'bkgd', 'À partir du niveau 6, le personnage n’augmente plus le coût nécessaire à chaque passage de niveau (20 000 NY).'),
('gober', 'Gober', 0, 0, 'creat', 'Lorsqu’elle utilise sa capacité Dévorer, la créature peut avaler toute entière une cible d’au moins une catégorie de taille en-dessous de la sienne. La victime doit faire un test de FOR opposé ; en cas d’échec, elle passe directement dans l’estomac du monstre. Un personnage avalé subit 2d6 DM d’asphyxie et d’acide chaque tour. Il peut attaquer avec une arme pas plus grande qu’une dague ou une arme de poing en réussissant un test de FOR difficulté 15 à chaque tour. L’attaque se fait avec une pénalité de -5 en attaque et les DM sont divisés par 2 dans le cas de toute autre arme qu’une arme à feu (ou à énergie).'),
('grade-3', 'Grade 3', 0, 0, 'prest', 'Le personnage doit avoir obtenu le grade 2 dans un des implants de la liste ci-après. Il choisit un seul de ses implants et obtient alors le grade 3. Il fait l’acquisition des bonus indiqués. \r\n- Armure dermale : seuil de blessure grave +7 et RD 7\r\n- Renforcement musculaire : +2 à la valeur de FOR et de DEX\r\n- Réflexes câblés : +18 en Init.\r\n- Réflexologiciels : +3 aux actions'),
('grisgristalismans', 'Gris-gris et talismans', 0, 0, '', 'Le chaman possède de nombreuses petites babioles étranges qui sont autant de gris-gris et autres talismans de protection ou de perception du monde. Il obtient un bonus en DEF et en Init. égal à +1 par rang atteint dans cette voie.'),
('groupedemercenaires', 'Groupe de mercenaires', 0, 0, '', 'Le fixer peut faire intervenir un groupe de 3d6 mercenaires qu’il emploie une fois par\naventure. Le groupe de mercenaire est considéré comme ayant un NC (niveau de créature) égal à [niveau du fixer +2] et il lui faut 1d6 heures pour être prévenu et opérationnel. Si l’opposition rencontrée à un niveau de rencontre inférieur au NC des mercenaires, la zone est nettoyée. Sinon, les mercenaires infligent automatiquement deux attaques réussies à 2d6 DM à chaque tour pendant un nombre de tour égal à leur NC avant de battre en retraite. Après une rencontre, si le personnage a encore besoin des mercenaires (ce doit être sur le même site et ne pas durer plus de 6 heures), on retranche à leur NC le niveau de la rencontre précédente. En payant 500 NY par niveau, le fixer peut faire intervenir son groupe de mercenaire une seconde fois dans une même aventure.'),
('guerison', 'Guérison', 1, 1, '', 'Le chaman peut toucher une cible, qui récupère alors tous ses PV perdus et se trouve guérie des poisons, maladies et affaiblissements de caractéristiques. Une créature ne peut bénéficier de ce sort plus d’une fois par jour.'),
('gun-fu', 'Gun-fu', 1, 0, 'prest', 'Le personnage peut faire une attaque au contact (à mains nues ou avec une arme de contact) et une attaque à distance avec une arme de poing sur la même cible ou une autre cible à moins de 10 mètres dans le même tour.'),
('hacher', 'Hacher', 1, 0, 'prest', 'Le personnage concentre un tir en rafale sur une cible en continu. Il lance deux d20 en attaque (ou éventuellement deux d12) et garde le meilleur résultat. Il ajoute un dé aux DM de l’arme (du même type que les dés de DM de l’arme, par exemple +1d6 pour un pistolet mitrailleur ou une mitrailleuse légère). Il augmente le risque d’incident de tir de +1 (ce malus remplace celui d’un arc de feu).'),
('hausser-le-ton', 'Hausser le ton', 1, 0, 'creat', 'Lorsqu’il passe sous la moitié de ses PV maximum, le champion gagne un bonus de +3 à ses tests d’attaque et +1d6 aux DM et il réduit tous les DM subis de 5 points par attaque (RD 5).'),
('herosmatriciel', 'Héros matriciel', 0, 0, '', 'Le hacker est une légende de la matrice et un adversaire redoutable. Il ne fait plus qu’un avec la matrice, même lorsqu’il marche dans le monde de la viande. Il augmente son score d’INT de +2 et il peut désormais lancer deux d20 à chaque fois qu’un test d’attaque mentale lui est demandé. De plus, il réduit à présent tous les DM infligés par les systèmes de sécurité de la matrice du double de son Mod. d’INT (RD=[2 x Mod. d’INT]).'),
('imitation', 'Imitation', 1, 1, '', 'Le mage peut prendre l’apparence d’une créature de taille proche de la sienne (+ ou - 50 cm) qu’il voit au moment de l’incantation ou qu’il connaît bien. Durée [5 + Mod. d’INT] minutes. Le sort prend fin prématurément si le mage est blessé, et une fouille révèle la supercherie.'),
('immobilisation', 'Immobilisation', 1, 1, 'prest', 'Le personnage doit réussir un test d’attaque magique contre une cible à moins de 10 mètres. En cas de réussite, la cible est Immobilisée (pas de déplacement et utilise 1d12 pour tous les tests au lieu du d20) pour [1d6 + Mod. d’INT] tours. Toutefois, si la victime est d’un niveau supérieur ou égal à la moitié de celui du magicien, elle peut tenter un test de FOR difficulté 12 à chaque tour pour mettre fin au sort. Les cibles dont le niveau est supérieur à celui du magicien sont immunisées aux effets du sort.'),
('imparable', 'Imparable', 1, 0, 'creat', 'Réaliser une attaque au contact en lançant deux d20 et garder le meilleur résultat. Si le champion obtient 15-20 au d20 d’un test d’attaque (même sans utiliser Imparable), il inflige +1d6 DM et l’attaque est automatiquement réussie (quelle que soit la DEF de son adversaire).'),
('implantprimaire', 'Implant primaire', 0, 0, '', 'Le personnage peut choisir un implant cybernétique ou biotechnologique d’une valeur maximum de 5 000 NY.'),
('implants-alpha', 'Implants alpha', 0, 0, 'prest', 'Le personnage améliore la qualité de ses implants et remplace quelques parties par du matériel de pointe qui réduit le côté invasif. Il annule 2 points de cyberlose et récupère au choix 1 point d’INT ou de CHA perdu à cause d’implants.'),
('implantsecondaire', 'Implant secondaire', 0, 0, '', 'Le personnage peut choisir un implant cybernétique ou biotechnologique d’une valeur maximum de 10 000 NY.'),
('implantsfinaux', 'Implants finaux', 0, 0, '', 'Le personnage peut choisir deux implants dont la valeur totale ne peut dépasser 25 000 NY. Si les deux implants utilisent la même technologie (C ou B), il perd un seul\npoint sur sa valeur de caractéristique (CHA ou INT) pour l’ensemble des deux implants.'),
('implantsmajeurs', 'Implants majeurs', 0, 0, '', 'Le personnage peut choisir deux implants dont la valeur totale ne peut dépasser 25 000 NY. Si les deux implants utilisent la même technologie (C ou B), il perd un seul\npoint sur sa valeur de caractéristique (CHA ou INT) pour l’ensemble des deux implants.');
INSERT INTO `cocy_capacites` (`capacite`, `nom`, `limitee`, `sort`, `type`, `description`) VALUES
('implantssuperieur', 'Implants supérieurs', 0, 0, '', 'Le personnage peut choisir deux implants dont la valeur totale ne peut dépasser 20 000 NY. Chaque implant peut utiliser une technologie différente, il perd un point sur sa valeur de caractéristique (CHA ou INT) pour chaque implant.'),
('incarnationtotem', 'Incarnation du totem', 1, 1, '', 'Le chaman peut faire appel à la toute-puissance de son esprit totémique, ses traits et sa stature se modifient légèrement pour rappeler son animal totem. Il obtient un bonus de +5 en Init., en DEF, en attaque au contact et à tous ses tests physiques (FOR, DEX, CON et PER) pendant [1d6+Mod. de CHA] minutes\n(1 minute = 6 tours).'),
('increvable', 'Increvable', 0, 0, '', 'Le ganger augmente sa valeur de CON de +2 et, désormais, le joueur lance deux d20 pour les tests de CON et garde le meilleur résultat.'),
('inebranlable', 'Inébranlable', 0, 0, '', 'Le calme et le sangfroid sont les principales qualités d’un bon hacker. Lorsque les choses tournent mal, cela devient un atout considérable. Tant que le hacker est sous la moitié de son total de PV, il bénéficie d’un bonus de +2 en Initiative et à tous les tests de réussite, aussi bien dans le monde de la viande que dans la matrice. Lorsque ses PV sont inférieurs ou égaux à son niveau, ce bonus passe à +5.'),
('infatigable', 'Infatigable', 0, 0, 'prest', 'Le personnage lance deux dé 20 à tous les tests de CON et son seuil de blessure grave augmente de 5 points. Désormais, aucune valeur de caractéristique du personnage ne peut être inférieure à 14* (si c’était le cas, elle passe automatiquement à 13).'),
('injonction', 'Injonction', 1, 1, '', 'Le mage donne un ordre simple que la victime doit pouvoir comprendre. Il doit réussir un test d’attaque magique opposé avec la cible à une portée de 20 mètres. En cas d’échec, la cible exécute l’ordre pendant son prochain tour. Un ordre suicidaire désoriente la cible pendant un tour, mais ne l’oblige pas à se suicider.'),
('insaisissable', 'Insaisissable', 0, 0, '', 'Le chromé gagne un bonus de +1 par rang dans la voie aux tests de DEX visant à se déplacer avec discrétion ou se camoufler, et autant en DEF.'),
('insensibledouleur', 'Insensible à la douleur', 0, 0, '', 'Une fois par combat, l’adepte peut noter à part les DM subis après une attaque. Il n’en subira les effets que lorsque le combat sera terminé. L’adepte peut encore agir un tour lorsqu’il tombe à 0 PV.'),
('instinct-de-survie', 'Instinct de survie', 0, 0, 'creat', 'La créature est passée maître dans l’art de se faufiler et de se mettre à couvert. Une fois par tour, au moment de son choix, le PNJ peut utiliser une action de mouvement supplémentaire pour se déplacer. Si un effet ou une créature le paralyse, l’Immobilise, le Ralentit ou restreint ses mouvements, il a droit à un test d’INT ou de DEX au choix difficulté 10 pour s’en débarrasser une fois par tour. Il gagne +3 en DEF lorsqu’il lui reste moins de la moitié de ses PV.'),
('intelligence-heroiqu', 'INTelligence héroïque', 0, 0, 'bkgd', 'Le personnage augmente de +2 la valeur de son score d’INT et lance désormais deux d20 lors de tous les tests d’INT, pour garder le meilleur résultat.'),
('interchangeables', 'Interchangeables', 0, 0, 'creat', 'Tant que la créature et ses alliées sont plus nombreuses que la cible, elles se relaient pour esquiver ses attaques et elles obtiennent un bonus de +3 en DEF. Si plusieurs créatures semblables sont au contact du PJ, le MJ a toute latitude pour infliger les DM d’une attaque sur la créature de son choix, le personnage ne sait jamais laquelle il blesse.'),
('interfacedarme', 'Interface d\'arme', 0, 0, '', 'Le chromé est connecté au zoom optique du système d’arme. Il obtient un bonus de +1 en attaque à distance avec les armes à feu et ignore tout malus de couverture de la cible.'),
('invisibilite', 'Invisibilité', 1, 1, '', 'Le mage se rend invisible pendant [1d6 + Mod. d’INT] minutes. Une fois invisible, personne ne peut plus détecter sa présence ou lui porter d’attaque. Si le magicien attaque ou utilise une capacité limitée, il redevient visible.'),
('invisibilite-de-grou', 'Invisibilité de groupe', 1, 1, 'prest', 'Ce sort produit les mêmes effets que le sort de magicien invisibilité, mais le personnage rend invisible un nombre maximum de créatures égal à son niveau. Toutes doivent être situées à moins de 5 mètres de lui au moment de l’incantation.'),
('invocationelement', 'Invocation d\'un élémentaire', 1, 1, '', 'Le mage invoque un esprit élémentaire d’un autre monde pendant [1d6 + Mod. d’INT] tours. Celui-ci se manifeste sous la forme d’une silhouette vaguement humanoïde de l’élément concerné. L’élémentaire comprend et exécute des ordres simples comme attaquer, défendre, surveiller. Le niveau et les Mod. indiqués dans les caractéristiques de l’élémentaire font référence à ceux\ndu mage.\nInit. = [niveau +10], DEF = 16, PV = [niveau x 3], \nattaque = niveau, DM = [2d6+Mod. d’INT].\nL’élémentaire réduit de 10 points tous les DM subis par des armes ordinaires\n(armes à distance ou au contact). Il est immunisé aux DM qui correspondent à son élément.'),
('invocespritnature', 'Invocation d\'un esprit de la nature', 1, 1, '', 'Le chaman invoque un esprit de la nature (animal) pendant [1d6 + Mod. de CHA] tours. Celui-ci se manifeste sous la forme d’un animal fantomatique de taille humaine (plus grand à partir du niveau 10). L’esprit comprend et exécute des ordres simples comme attaquer, défendre, surveiller. Le niveau et les Mod. indiqués dans les caractéristiques de l’esprit font référence à ceux du chaman. Init. = [niveau +20], DEF = 16, PV = [niveau x 3], \nattaque = niveau, DM = [1d6+Mod. de CHA]\nL’esprit réduit de 10 points tous les DM subis par des armes ordinaires (armes à\ndistance ou au contact). Il est actif aussi bien dans le monde réel que dans le\nmonde astral et peut voyager de l’un vers l’autre selon les ordres du chaman.'),
('jeteraterre', 'Jeter à terre', 0, 0, '', 'Lorsque le ganger réussit une attaque au contact avec un résultat au d20 de 16 ou plus contre une créature humanoïde de taille moyenne, en plus des DM normaux, la\nvictime doit emporter un test opposé de FOR ou tomber au sol (-5 en DEF). Le ganger réalise toujours des attaques sournoises contre un adversaire au sol, même s’il a seulement une action d’attaque…'),
('jouercollectif', 'Jouer collectif', 0, 0, '', 'Le ganger reproduit le schéma du gang avec ses équipiers. Lorsqu’il combat la même cible qu’un autre membre du groupe, il obtient un bonus de +2 en attaque et\naux DM. De plus, à chaque tour, il peut donner un bonus de coopération de +2\nà tous les tests d’attaque d’un équipier au contact au prix d’une action de mouvement (sans faire de test).'),
('karma', 'Karma', 1, 0, '', 'Le personnage fait appel à la force de son totem pour influencer son destin et modifier la réalité. Il se concentre pendant un tour et, au tour suivant, il obtient un bonus égal au rang atteint dans la voie sur un lancer de dé de son choix (Init, d20, DM, etc.). Ce bonus ne peut pas s’appliquer à un test en rapport avec la technologie, sauf s’il s’agit de saboter son fonctionnement. Alternativement, le chaman peut dépenser 1 point de mana pour obtenir cet effet en action gratuite. Il doit annoncer son intention avant de prendre connaissance du résultat des dés. Il peut le faire après, mais cela lui coûte 2 PM.'),
('leader-ne', 'Leader né', 0, 0, 'bkgd', 'Le personnage reprend vite ses anciennes habitudes, commander est pour lui une seconde nature. Il peut dépenser ses propres PC pour soutenir l’action d’un PJ en vue. Il obtient 1 PC par scène de combat à dépenser de cette façon sur l’action d’un PJ (mais pas pour lui-même). Au rang 5, il obtient 1 PC à dépenser de cette façon à chaque tour de combat.'),
('levitation', 'Lévitation', 1, 0, '', 'En se concentrant, l’adepte peut « léviter » (se déplacer verticalement) à une vitesse de 10 m par tour. En cas de chute, il ne subit aucun DM.'),
('levitation-prestige', 'Lévitation', 1, 1, 'prest', 'Le personnage peut « léviter » à une vitesse de 10 m par action de mouvement pendant [5 + Mod. d’INT tours]. Lévitation permet seulement de se déplacer à la verticale.'),
('lhallali', 'L’hallali', 1, 0, 'creat', 'Les créatures profitent d’une erreur de leur victime pour lui porter des attaques fatales. À chaque fois que la victime de la meute rate une attaque ou obtient sur un test d’attaque un résultat au d20 allant de 1 à 5 (inclus), elle déclenche la curée ! Chaque créature dotée de cette capacité bénéficie immédiatement et gratuitement d’une d’attaque en traître contre la victime (+3/+2d6).'),
('lien-mental', 'Lien mental', 1, 1, 'prest', 'Le personnage touche une cible volontaire et crée un lien entre la cible et lui-même. Pendant 1 heure, il peut communiquer avec elle par télépathie, savoir dans quelle direction elle se situe et connaître son état de santé. Il est enfin possible de lancer des sorts de soins sur la cible sans limite de distance, bien que, dans ce cas, seulement la moitié des PV prévus par la capacité sont récupérés. Le chaman peut faire cesser le sort à tout moment.'),
('logicielscombat', 'Logiciels de combat', 0, 0, '', 'Le hacker télécharge dans son propre cerveau des logiciels de compétence pour obtenir des aptitudes de combat qu’il n’a pas. Ces programmes doivent être créés sur mesure par et pour lui-même et leur efficacité est proportionnelle à son talent. Il ajoute son Mod. d’INT en attaque au contact et à distance lorsqu’il combat dans le monde réel.'),
('lumiere', 'Lumière', 1, 1, 'prest', 'Le personnage désigne un objet, lequel produit dès lors de la lumière dans un rayon de 20 mètres. Cette source de lumière n’émet pas de chaleur et s’éteint après 10 minutes ou lorsque le personnage le décide. Ce sort permet d’annuler un sort de ténèbres lancé par un personnage de niveau inférieur.'),
('magie-puissante', 'Magie puissante', 0, 0, 'prest', 'Le personnage peut dépenser 1 PM supplémentaire sur un sort pour ajouter +1d6 aux DM ou doubler sa portée (mais pas la zone d’effet). Ce PM peut être obtenu grâce au drain.'),
('maitredarme', 'Maître d\'arme', 0, 0, NULL, 'L’adepte choisit une arme de contact de prédilection (mains nues, katana, épée, etc.). Lorsqu’il attaque avec cette arme, il obtient un bonus de +1 en attaque et aux DM, et il inflige des critiques sur 19-20 au dé (18-20 lorsqu’il emploie un katana).'),
('maitrise-du-drain', 'Maîtrise du drain', 0, 0, 'prest', 'Lorsqu’il fait appel au drain, le personnage peut dépenser 1d8 PV pour obtenir 2 PM.'),
('maitriseastrale', 'Maîtrise astrale', 1, 1, '', 'Désormais, le personnage se déplace plus rapidement dans l’astral, couvrant jusqu’à CHA x 10 mètres par tour lorsqu’il ne fait pas d’autre action (autrement il se déplace de 10 mètres par action de mouvement). Il devient aussi capable de lancer des sorts dans l’astral lorsqu’il passe en perception astrale ou projection astrale, ou même d’attaquer physiquement une créature astrale. Les attaques réalisées sous forme astrale n’affectent que les créatures astrales. \nEn attaque au contact, il inflige [1d4 + Mod. de CHA] et peut appliquer d’éventuels bonus aux DM (de type compétence d’arts martiaux ou de spécialisation). Le combat se déroule au tour par tour, à la même vitesse que le combat normal. Certaines armes magiques peuvent être emportées dans l’astral et infliger des DM supplémentaires.'),
('maitriseinterieure', 'Maîtrise intérieure', 0, 0, '', 'Le mage augmente sa valeur de CHA et d’INT de +2. Il peut désormais lancer deux d20 à chaque fois qu’un test de CHA ou d’INT lui est demandé et conserver le meilleur résultat.'),
('manablast', 'Mana blast', 1, 1, '', 'Le mage choisit une cible visible située à moins de 30 mètres. Il inflige automatiquement 1d6 points de dégâts et, s’il réussit un test d’attaque magique contre la DEF de la cible, les DM passent à [2d6 + Mod. d’INT]. À partir du rang 2, il peut échanger l’énergie brute contre un élément de son choix (feu, froid, foudre). À partir du rang 3, le sort peut affecter une zone de 10 mètres de diamètre (pour un coût de 3 PM). Il inflige [2d6+ Mod. d’INT] DM, la moitié si la victime réussit un test de DEX difficulté 15.'),
('manachoc', 'Mana choc', 1, 1, '', 'Ce sort provoque un choc étourdissant, il permet de mettre une cible hors d’état de nuire sans la tuer. Le mage choisit une cible dans son champ de vision située à moins de 30 mètres. Sur un test d’attaque magique réussi contre le seuil de blessure grave de la cible (généralement sa valeur de CON), il lui inflige [1d6+Mod. d’INT] DM temporaires (donc réduits du Mod. de FOR de la cible). De plus, la victime doit faire un test de CON difficulté [10 + Mod. d’INT] ou subir un malus de -2 en Init. et à tous ses tests à son prochain tour. \nÀ partir du rang 4, le sort peut affecter une zone de 10 mètres de diamètre (pour un coût de 3 PM).'),
('mangetisme', 'Magnétisme', 1, 1, '', 'Le mage contrôle le magnétisme autour de lui, il gagne un bonus de +2 en DEF et divise par 2 les DM de toutes les armes ou projectiles métalliques pendant [1d6 + Mod. d’INT] tours.'),
('manipulationfichier', 'Manipulation de fichier', 0, 0, '', 'Le hacker a besoin d’un succès de moins pour réaliser une suppression ou une falsification de données (respectivement 1 et 2 succès au lieu de 2 et 3, voir les règles).'),
('manipulationsysteme', 'Manipulation de système', 0, 0, '', 'Le hacker a besoin de deux succès de moins pour réaliser un crash système ou installer un programme espion (respectivement 2 et 3 succès au lieu de 4 et 5).'),
('medecine-de-guerre', 'Médecine de guerre', 0, 0, 'bkgd', 'En passant 5 minutes à soigner les blessures d’un patient à 0 PV, le personnage lui permet de récupérer 1d4 PV. Il accorde aussi un bonus de +5 à tous les tests de CON tentés par son patient. Lorsqu’il utilise un medkit sur un patient ou sur lui-même, il obtient 1d6 PV de soins supplémentaires.'),
('miracule', 'Miraculé', 0, 0, 'bkgd', 'Il y a ceux, trop faibles, que l’addiction a brisé, mais le personnage est au contraire de ceux à qui s’applique l’adage « ce qui ne nous tue pas nous rend plus fort ». Le personnage augmente sa valeur de CON et sa valeur de CHA de deux points.'),
('mirage', 'Mirage', 1, 1, '', 'Le mage crée une illusion visuelle et sonore immobile d’une durée de [5 + Mod. d’INT] minutes (ou tours si l’illusion est animée). Le volume maximum de l’illusion est de 10 mètres de côté par rang dans la voie (portée 500 m). Divisez ces paramètres par 10 si l’illusion est animée. Interagir avec l’illusion la fait disparaître. L’illusion trompe aussi les capteurs et les implants cybernétiques dans tout le spectre du rayonnement électromagnétique (infrarouge, etc.).'),
('momentdeperfection', 'Moment de perfection', 0, 0, '', 'Une fois par combat, après 1d6 tours de combat (1d6 tours après la première initiative ou n’importe quel tour suivant), l’adepte peut choisir de réussir toutes ses attaques automatiquement (on ne lance pas les dés) et d’esquiver toutes celles qui le prennent pour cible pendant un tour. Tout semble aller au ralenti autour de lui…'),
('mot-de-mort', 'Mot de mort', 1, 1, 'prest', 'Le personnage doit réussir un test d’attaque magique contre le score de PV actuel de sa cible (portée 10 m). La victime doit réussir un test de CON difficulté [10 + Mod. d’INT] ou tomber à 0 PV.'),
('negociateurhorspair', 'Négociateur hors-pair', 0, 0, '', 'Si le fixer négocie le salaire de son groupe (lui et les autres PJ), il obtient systématiquement une augmentation de 10 % pour tous ses alliés et une augmentation de 20 % pour lui-même. Cette augmentation vient en plus du bonus normal pour un haut Mod. de CHA obtenu par chaque personnage. De plus, le fixer peut négocier le meilleur prix pour le matériel, que ce soit à l’achat ou la revente\n(normalement 50 % du prix d’achat), il obtient un bonus de 10 %.'),
('nemesis', 'Némésis', 0, 0, 'prest', 'Le personnage ajoute à sa DEF son Mod. de CHA ou de PER au choix contre les attaques des créatures magiques. Désormais, ses attaques au contact affectent normalement les créatures magiques qui résistent aux attaques conventionnelles.'),
('neutralisersecurites', 'Neutraliser les sécurités', 1, 0, '', 'En réussissant un test d’attaque mentale contre le niveau de sécurité d’un système d’alarme, le hacker peut le neutraliser dans le monde réel. Le système est mis en veille pour une durée de 2d6 minutes et, sur une réussite critique, il est complètement bloqué. En cas d’échec de plus de 10 points au test d’attaque mentale, l’alarme se met en route immédiatement.'),
('nuage-empoisonne', 'Nuage empoisonné', 1, 1, 'prest', 'Le personnage invoque un gaz toxique invisible et nauséabond dans une zone de 10 mètres de diamètres et 3 mètres de hauteur, pour une durée de [5 + Mod. d’INT] tours. Toute créature qui termine son tour à l’intérieur de la zone subit 2d6 DM de poison, la moitié si elle réussit un test de CON difficulté [10 + Mod. d’INT]. Ce sort a la particularité de pouvoir être lancé depuis le plan astral dans le plan matériel, ce qui en fait une arme redoutable et discrète.'),
('origine-sociale', 'Origine sociale', 0, 0, 'bkgd', 'Son addiction ne suffit pas à définir le background du personnage, il avait aussi une vie normale, du moins en apparence. Le joueur doit donc choisir une autre voie de background et il applique tous les avantages de la capacité Étiquette correspondant au milieu d’origine de cette voie.'),
('passelectronique', 'Passe électronique', 1, 0, '', 'Le fixer possède souvent le passe qu’il faut au bon moment, soit un passe falsifié, soit une clef décodée pour ce modèle précis, soit même l’original qu’il s’est procuré\non ne sait trop comment. Pour chaque porte verrouillée qu’il rencontre, il peut faire un unique test d’attaque mentale contre le niveau de sécurité. En cas de succès, il possède le passe approprié et peut ouvrir et refermer la porte à volonté sans déclencher d’alarme.'),
('perceptionastrale', 'Perception astrale', 1, 1, '', 'La vision du monde astral se superpose à la vision du monde ordinaire (double vue) pendant [5 + Mod. de CHA] tours. Le personnage peut voir les créatures invisibles et les esprits dans le monde réel et astral. Il détecte les illusions et les auras de magies, et peut préciser la nature des sorts en se concentrant un tour. Enfin, il obtient un bonus de +5 aux tests de PER pour détecter les créatures cachées par des moyens conventionnels.'),
('percuter', 'Percuter', 1, 0, 'creat', 'Sur une charge réussie, si la victime est d’une taille inférieure à la créature, elle est de plus projetée à [1d6 + 1] mètres de là. Elle doit réussir un test de CON de difficulté 15 ou être Étourdie. À chaque tour, elle peut tenter un nouveau test de CON pour retrouver ses esprits.'),
('perfection-humaine', 'Perfection humaine', 0, 0, 'prest', 'Désormais aucune valeur de caractéristique du personnage ne peut être inférieure à 16*.'),
('perfectionmentale', 'Perfection mentale', 0, 0, '', 'L’adepte augmente ses valeurs de PER et d’INT de +2 et il peut désormais lancer deux d20 à chaque fois qu’un test de PER ou d’INT lui est demandé et conserver le meilleur résultat.'),
('perfectionphysique', 'Perfection physique', 0, 0, '', 'L’adepte augmente ses valeurs de DEX et de CON de +2 et il peut désormais lancer deux d20 à chaque fois qu’un test de DEX ou de CON lui est demandé et conserver le meilleur résultat.'),
('petitfute', 'Petit futé', 0, 0, '', 'Le fixer est un malin, il sait toujours être au bon endroit au bon moment pour agir vite et en sécurité. Il ajoute son Mod. d’INT en Init. et en DEF. S’il ne possède pas un Mod. d’INT positif, il ajoute malgré tout +1, soit en Init., soit en DEF (à choisir au moment de l’acquisition de la capacité).'),
('petitgenie', 'Petit génie', 0, 0, '', 'Le rigger augmente sa valeur d’INT de +2 et peut désormais lancer deux d20 à chaque fois qu’un test d’INT lui est demandé. Enfin, il ajoute son Mod. d’INT à son score d’Init. standard.'),
('peur', 'Peur', 1, 1, 'prest', 'Le personnage effectue un test d’attaque magique contre une cible (portée 20 m). Celle-ci doit réussir un test de CHA (ou d’attaque magique au choix) difficulté [10 + Mod. d’INT] et fuir pendant [1d4 + rang] tours en cas d’échec (le MJ peut garder cette durée secrète). Une créature ne peut subir les effets de ce sort qu’une fois par combat.'),
('physique-ameliore', 'Physique amélioré', 0, 0, 'creat', 'La créature retranche 5 à tous les DM subis. Elle lance deux d20 et garde le meilleur résultat pour tous les tests physiques (FOR, DEX, CON, PER).'),
('physique-augmente', 'Physique augmenté', 0, 0, 'prest', 'Le personnage augmente sa valeur de FOR et de DEX d’un point. Il l’augmente d’un point supplémentaire au rang 4 de la voie. Désormais, aucune valeur de caractéristique du personnage ne peut être inférieure à 10* (si c’était le cas, elle passe automatiquement à 10).'),
('physique-dexception', 'Physique d\'exception', 0, 0, 'bkgd', 'Le joueur choisit une caractéristique parmi FOR, DEX et CON, désormais, il lance 2d20. Il augmente aussi ses PV de +5.'),
('piloteemerite', 'Pilote émérite', 0, 0, '', 'Lorsqu’il conduit un véhicule, le personnage obtient un bonus de +1 par rang à tous les tests de pilotage (mais pas d’attaque) et en Init. ; ce bonus passe à +2 par rang lorsqu’il conduit un véhicule interfacé. De plus, le personnage obtient un véhicule de FOR +2 ou moins de son choix (sauf véhicule militaire). Ce véhicule est équipé d’un module de contrôle interfacé.'),
('piraterdefenses', 'Pirater les défenses', 0, 0, '', 'Les drones ou les systèmes de défense automatiques (tourelles, mitrailleuses, etc.) sont commandés par un réseau, et même les drones autonomes possèdent un accès à distance de secours. Le hacker est capable d’attaquer ces systèmes pour en prendre le contrôle ou les brouiller. Il gagne un bonus de +10 en DEF contre les attaques de tous les systèmes automatisés ou commandés à distance (comme les drones). Au prix d’une action limitée, le hacker peut faire un test d’attaque mentale contre le niveau de sécurité pour désactiver ou prendre le contrôle d’un système d’arme (ou sa DEF si vous n’avez pas de niveau de sécurité). Le système agit alors en suivant les ordres du hacker. Au total, il peut prendre simultanément le contrôle d’un système d’arme par point de son Mod. d’INT. Si le drone est piloté par un rigger, il doit remporter un test opposé d’attaque mentale contre le rigger à chaque tour pour imposer sa volonté.'),
('pluie-de-feu', 'Pluie de feu', 0, 0, 'prest', 'Le personnage peut doubler la largeur de son arc de feu, lorsqu’il tire en rafale (10 mètres de large, 20 mètres avec les capacités Arroser ou Rafale contrôlée). Il peut choisir de garder un arc de feu de largeur habituelle et, dans ce cas, il n’augmente pas le risque d’incident de tir (habituellement +1).'),
('porteur-de-poisse', 'Porteur de poisse', 0, 0, 'creat', 'Toutes les attaques et tous les tests effectués contre le PNJ sont réalisés avec deux dés, seul le plus mauvais résultat est pris en compte. À chaque fois qu’un joueur utilise 1 point de chance contre lui, le PNJ gagne 1 point de poisse. Un point de poisse peut être utilisé pour infliger une pénalité de -10 au test de d20 d’un adversaire au moment où le MJ en a envie.'),
('precision', 'Précision', 0, 0, '', 'Le chromé obtient un bonus de +2 aux DM des armes à feu jusqu’à la portée de base de l’arme à feu. Si le Mod. de PER du personnage est supérieur, le joueur peut choisir de l’appliquer au lieu du bonus standard de +2.'),
('premier-implant', 'Premier implant', 0, 0, 'prest', 'Le personnage peut choisir un implant d’une valeur maximum de 10 000 NY.'),
('profilbas', 'Profil bas', 0, 0, '', 'Le hacker n’est pas seulement un pirate de salon. En tant que mercenaire, il doit souvent engager la viande pour accompagner ses équipiers sur le terrain, il apprend vite à se montrer discret et à baisser la tête sous les balles. Il gagne un bonus de +5 à tous les tests de discrétion (DEX) et, au prix d’une action d’attaque, il gagne +5 en DEF jusqu’à son prochain tour.'),
('projection-creature', 'Projection', 0, 0, 'creat', 'Sur 15 à 20 au test d’attaque, si la victime est de taille inférieure, elle est projetée à [1d6 + 1] mètres de là et subit +3d6 DM supplémentaires. Elle doit réussir un test de CON de difficulté 15 ou être Étourdie. À chaque tour, elle peut tenter un nouveau test de CON pour retrouver ses esprits. Sa résistance aux DM passe à 10 (RD 10).'),
('projectionastrale', 'Projection astrale', 1, 1, '', 'Le personnage projette son esprit hors de son corps. L’esprit est invisible dans le monde réel, il se déplace en volant à la vitesse de 10 m par tour. Il peut passer au travers des murs, mais pas des êtres vivants ni des barrières magiques, et il reste relié à son corps d’origine par un long fil argenté qui peut facilement être suivi (dans le monde astral). La durée maximum de la projection astrale est de [1d6 + Mod. de CHA] tours (le personnage peut payer davantage de mana pour prolonger la projection). À la fin, il réintègre instantanément son corps. Le personnage ne perçoit le monde que via sa projection mentale, mais ressent si des DM sont infligés à son corps. \nDans le monde astral, la DEX du personnage est égale à sa PER, sa CON est égale à son INT et sa FOR est égale à son CHA. Les scores d’Init. astrale et de DEF astrale sont égaux à [10 + attaque magique]. Les PV sont communs aux mondes matériel et astral. À ce stade de la voie, le personnage n’est que spectateur, éventuellement proie, et il n’est pas encore capable d’attaquer alors qu’il en projection astrale.'),
('protectionesprits', 'Protection des esprits', 1, 1, '', 'Le chaman et jusqu’à un nombre d’alliés supplémentaires égal à son Mod. de CHA sont protégés par les esprits. Ils gagnent un bonus de +2 en DEF et, lorsqu’ils subissent des DM infligés par des créatures magiques (élémentaires, esprits, etc.), ils divisent les DM subis par deux.'),
('prototypes', 'Prototypes', 0, 0, '', 'Le fixer a accès aux derniers prototypes de matériel hightech, généralement déjà fiables, mais pas encore sur le marché. Il obtient un bonus de +1 en attaque et aux DM d’une arme de son choix et à la DEF de son armure. Il ne peut changer l’arme\nou l’armure affectée qu’entre chaque aventure. Ce bonus passe à +2 au rang 4.'),
('puissance-de-la-natu', 'Puissance de la nature', 1, 1, 'prest', 'Le personnage touche une cible volontaire et augmente ses performances physiques pour une durée de [5 + Mod. de CHA] minutes. Pendant la durée du sort, le bénéficiaire lance deux d20 sur les tests de caractéristiques (FOR, DEX, CON) et garde le meilleur résultat.'),
('quatrieme-implant', 'Quatrième implant', 0, 0, 'prest', 'Le personnage peut choisir un implant d’une valeur maximum de 15 000 NY.'),
('quatriemevehicule', 'Quatrième véhicule', 0, 0, '', 'Le rigger obtient un véhicule interfacé supplémentaire de son choix, il peut choisir n’importe quel véhicule de la liste proposée dans l’équipement, même un véhicule militaire. Les véhicules de grade militaire sont cependant à utiliser avec le plus de discrétion possible, c’està- dire en privilégiant les zones sauvages ou de non-droit… Les aérodynes lourds sont une exception, ils existent en tant que véhicules civils et peuvent être utilisés comme tels si leur armement est camouflé.'),
('rafalecontrolee', 'Rafale Controlée', 1, 0, '', 'Lorsqu’il réalise un arc de feu (L), le chromé peut éviter de tirer sur les cibles alliées. De plus, son arc de feu est étendu à une zone de 10 mètres de large.'),
('reactif', 'Réactif', 0, 0, 'bkgd', 'Le personnage sait percevoir le danger avant tout le monde et réagir en un clin d’oeil. Il ajoute son Mod. de PER en bonus à l’Init. et aux tests de DEX pour tous les tests d’esquive (par exemple pour esquiver l’explosion d’une grenade).'),
('realiteaugmentee', 'Réalité augmentée', 0, 0, '', 'À l’aide des caméras locales, du réseau satellite, des bases de données et de tous les systèmes de géolocalisation sans fil, le hacker visualise parfaitement le champ de bataille et la plupart de ses protagonistes. Il obtient un bonus de +1 en Init. par rang dans la voie, et un bonus de +1 en DEF dans le monde réel.'),
('recherche-rapide', 'Recherche rapide', 0, 0, 'bkgd', 'Le personnage divise par deux le temps nécessaire à la recherche de tout type d’indices. De plus, sa capacité d’analyse rapide des situations lui octroie un bonus de +3 en Init.'),
('recuperation', 'Récupération', 1, 0, '', 'Une fois par combat, le mage peut récupérer un nombre de points de mana égal au rang atteint dans la voie.'),
('reflexes-cables', 'Réflexes câblés', 0, 0, 'creat', 'La créature obtient un bonus de +10 en Init. et +3 en DEF.'),
('renseignement-matric', 'Renseignement matriciel', 0, 0, 'bkgd', 'Le personnage obtient un bonus de +5 à tous les tests de renseignement dans la matrice (règle Trouver une info p. 246). Lorsqu’il dépense 1 PC dans la matrice, le personnage lance 2 dés et garde le meilleur résultat. Enfin, il obtient aussi un bonus de +5 sur tous les tests de « culture générale ».'),
('reputation', 'Réputation', 0, 0, 'prest', 'Le personnage est un cador, une célébrité parmi les ombres, ceux qui le sollicitent sont disposés à mettre le prix pour obtenir ses services. Il augmente son salaire de mission de 10 % par rang atteint dans la voie.'),
('resistance', 'Résistance', 0, 0, 'prest', 'Le personnage obtient un bonus de +5 à tous les tests de résistance contre les pouvoirs (poison, peur, charme, domination, sommeil, etc.) des créatures magiques. Il divise par deux leur durée d’effet.'),
('resistant-au-drain', 'Résistant au drain', 0, 0, 'prest', 'Lorsqu’il fait appel au drain, le personnage peut relancer un dé et conserver le résultat de son choix (s’il lance plusieurs d4, il ne peut relancer qu’un seul dé).'),
('ressources-insoupcon', 'Ressources insoupçonnées', 0, 0, 'prest', 'Au début d’un combat, si le personnage n’a plus de PC, il récupère immédiatement 3 PC. Désormais, le personnage peut dépenser des PC sur les actions de ses alliés en vue à moins de 10 mètres de lui. Les PC dépensés pour des alliés utilisent le d8.'),
('riposte', 'Riposte', 0, 0, '', 'En plus de ses actions normales, une fois par tour, lorsqu’un adversaire rate une attaque de contact contre l’adepte, il obtient une attaque supplémentaire gratuite contre cet adversaire.'),
('riposte-creature', 'Riposte', 0, 0, 'creat', 'Le champion peut effectuer une attaque au contact en action gratuite contre chaque adversaire qui l’attaque à l’exception de celui qu’il a lui-même choisi d’attaquer à son tour.'),
('samouraimatriciel', 'Samouraï matriciel', 0, 0, '', 'Le hacker est un champion numérique et il sait en combattre les programmes les plus dangereux. Il réduit tous les DM infligés par les systèmes de sécurité de la matrice de son Mod. d’INT (RD=Mod. d’INT) et, désormais, lorsqu’il dépasse la DEF d’un système de 10 point ou plus, il obtient une réussite critique qui compte pour 2 succès.'),
('sans-defauts', 'Sans défauts', 0, 0, 'prest', 'Le personnage augmente sa valeur de PER et de CHA de 2 points. Désormais, aucune valeur de caractéristique du personnage ne peut être inférieure à 12 (si c’était le cas, elle passe automatiquement à 12).'),
('sante-surhumaine', 'Santé surhumaine', 0, 0, 'prest', 'Le personnage gagne un point à sa valeur de CON par rang atteint dans la voie. Le personnage vieillit deux fois moins vite que la normale et il guérit deux fois plus vite (ou récupère deux fois plus de PV durant une période de repos). Désormais, aucune valeur de caractéristique du personnage ne peut être inférieure à 8* (si c’était le cas, elle passe automatiquement à 8).'),
('second-implant', 'Second implant', 0, 0, 'prest', 'Le personnage peut choisir un implant d’une valeur maximum de 10 000 NY.'),
('sensei', 'Senseï', 0, 0, 'prest', 'Lorsqu’il combat à mains nues, le personnage lance 2 d20 (ou deux d12, s’il est Affaibli) pour son test d’attaque et conserve le meilleur résultat.'),
('sergent', 'Sergent', 0, 0, 'creat', 'Une fois par tour, le sergent peut donner une action supplémentaire à n’importe quel allié sous ses ordres à portée de vue (attaque ou mouvement). Une fois par combat, une attaque qui aurait dû amener le sergent à 0 PV est ignorée.'),
('sniper', 'Sniper', 0, 0, '', 'Le chromé relance tous les 1 obtenus aux dés de DM avec une arme à feu. Lorsqu’il utilise une action de tir visé, il double les DM de son attaque (il les triple s’il obtient une réussite critique) et, s’il utilise un fusil de précision, il ignore le malus de\nportée tant que la cible est surprise.'),
('soins', 'Soins', 1, 1, '', 'Le chaman peut toucher une cible, qui récupère alors [1d8 + Mod. de CHA] PV perdus. Le chaman peut utiliser ce sort sur lui-même.'),
('soinsgroupes', 'Soins groupés', 1, 1, '', 'Une fois par combat, le chaman peut libérer une décharge d’énergie bienfaitrice, tous ses compagnons en vue et lui-même récupèrent [1d8 + Mod. de CHA] PV perdus.'),
('sommeil', 'Sommeil', 1, 1, '', 'Le mage fait un test d’attaque magique (portée 20 mètres). Il endort pour [1d6 + Mod. d’INT] minutes un nombre de créature dont la somme des PV ne doit pas dépasser le résultat du test d’attaque magique multiplié par deux. Toutes les créatures affectées doivent être vivantes et d’un niveau inférieur ou égal au sien. Elles doivent toutes être situées dans une zone de 10 mètres de diamètre. Le sort affecte toujours d’abord les créatures avec le plus faible nombre de PV présentes dans la zone. Il est possible de les réveiller en les giflant (action d’attaque).'),
('specialisteblindage', 'Spécialiste en blindage', 0, 0, '', 'Le rigger développe une compétence importante sur les blindages et les armures lourdes. Il augmente de +2 la DEF et la RD de tous ses drones et de ses véhicules. Le personnage a désormais accès à toutes les armures lourdes décrites dans la section équipement (en italique) et il divise par deux le malus d’Init. imposé par les armures de tout genre.'),
('specialite', 'Spécialité', 0, 0, '', 'Chaque gang se spécialise dans une forme ou une autre de combat de rue sur laquelle il fonde sa réputation. Le personnage choisit une des spécialités suivantes : armes de contact +1 en attaque et aux DM, armes à feu +1 en attaque et aux DM, motos +5 à tous les tests de conduite et pas de malus de tir en conduisant, pugilat :\n1d6 DM à mains nues (ce peut être des cybergriffes ou des digilames) et +2 en DEF. Au rang 4, il peut choisir une seconde spécialité.'),
('strangulation', 'Strangulation', 1, 1, 'prest', 'En réussissant un test d’attaque magique (portée 20 m), le personnage étouffe une créature vivante et lui inflige [1d6 + Mod. d’INT] DM par tour pendant [rang] tours, pourvu qu’il maintienne sa concentration par une action limitée. La victime subit un malus égal au nombre de tours d’effet de la Strangulation (-1 au premier tour, -2 au second, etc.) à tous ses tests. Si la victime sort du champ de vision du lanceur de sort, l’effet prend fin.'),
('sursesgardes', 'Sur ses gardes', 0, 0, '', 'Le ganger est à moitié paranoïaque. Dans la rue, le danger peut survenir à tout moment, d’un tireur embusqué comme d’un gamin défoncé. Le joueur lance deux d20 pour tous les tests de PER et garde le meilleur résultat. Il gagne un bonus de +5 en DEF contre toutes les attaques par surprise et divise par deux les DM des attaques sournoises (ou de capacités similaires comme l’Assassinat de la Voie du Commando).'),
('tacticien', 'Tacticien', 0, 0, 'bkgd', 'Le personnage applique le raisonnement logique et les probabilités aux actions à venir et analyse leurs effets à travers le prisme de la science. Chaque jour, il peut utiliser un nombre de PC gratuits égal à son Mod. d’INT (ces PC ne se cumulent pas de jour en jour et sont perdus s’ils ne sont pas utilisés).'),
('tactique-de-la-lente', 'Tactique de la lenteur', 0, 0, 'prest', 'Le personnage connaît des tactiques subtiles pour orienter un combat de façon à réduire l’avantage que les créatures tirent de leur grande vitesse. À chaque fois qu’une créature débute son tour au contact du personnage, elle perd 5 points à son initiative pour ce tour, ce malus passe à 10 points si son initiative est à l’origine supérieure à celle du personnage. Cette capacité est efficace contre tous les types de créatures, pas seulement les créatures magiques.'),
('technomancien', 'Technomancien', 1, 0, '', 'Le hacker est devenu le représentant d’une nouvelle évolution de l’humanité. Son affinité avec les machines et les ondes émises par les appareils électroniques est telle qu’il peut à présent directement influencer leur fonctionnement sans même passer par la matrice de façon consciente. Au prix d’une action limitée, il peut réaliser un test d’attaque mentale (portée de 20 mètres) contre la DEF d’un drone ou d’un véhicule ou faire un test d’attaque mentale opposé contre une créature porteuse de cyberware (Voie du chrome) ou d’une interface neurale (hacker, rigger). En cas de réussite, il lui inflige un des deux effets suivant au choix : soit un malus de -2 (Init., tests de réussite et DEF) pour une durée de 1d6 tours, soit [2d6 + Mod. d’INT] DM. Si un hacker est pris pour cible, il peut réduire les DM subis comme s’il s’agissait de l’attaque d’un système de sécurité matriciel.'),
('telekinesie', 'Télékinésie', 1, 1, 'prest', 'Le personnage peut déplacer dans les airs un objet inerte ou une cible volontaire (par exemple lui-même) dont le poids n’excède pas sa valeur de CHA multipliée par 10 kg, à une portée de 20 m et pendant [5 + Mod. de CHA] tours. L’objet peut être déplacé de 10 m par tour au prix d’une action de mouvement. Il est possible de faire tomber un objet sur une cible surprise (DM 1d6 tous les 50 kg).'),
('teleportation', 'Téléportation', 1, 1, 'prest', 'Le personnage disparaît et réapparaît à un autre endroit situé à moins de [INT x 10] mètres. Le lieu d’arrivée doit être soit en ligne de vue, soit parfaitement connu.'),
('tempete-de-mana', 'Tempête de mana', 0, 0, 'prest', 'Le personnage peut dépenser 2 PM supplémentaire sur un sort pour ajouter +2d6 aux DM ou doubler sa zone d’effet ou sa durée. Ces PM peuvent être obtenus grâce au drain.'),
('tenebres', 'Ténèbres', 1, 1, 'prest', 'Le personnage invoque une zone fixe de ténèbres magiques de 10 m de diamètre, pour une durée de [5 + Mod. d’INT] tours. Même les créatures capables de voir dans le noir (cyber implants inclus) sont aveuglées dans cette zone.'),
('terminator', 'Terminator', 0, 0, 'prest', 'Bien au-delà du simple renforcement vital, il s’agit d’un dispositif destiné à rendre le personnage quasi immortel. La boite crânienne est blindée et associée à une pompe autonome avec une pile relais (autonomie une semaine), afin de préserver le cerveau, même en cas d’arrêt cardiaque et d’état apparent de mort clinique. Lorsque le personnage est déclaré mort, et à moins que tout son corps, crâne inclus (et c’est du costaud) soit complètement annihilé, il peut prétendre à être reconstruit. Cela prend 2 mois, lui coûte 1 point de CON (perte définitive) et une somme de 20 000 NY plus la valeur de tout implant détruit à sa mort. Toutefois, s’il ne peut pas payer… bye-bye, le monde de demain est impitoyable.'),
('tir-a-bout-touchant', 'Tir à bout touchant', 0, 0, 'prest', 'Lorsqu’il tire avec une arme de poing sur une cible avec laquelle il est engagé au combat au contact, le personnage lance 2 d20 (ou deux d12, s’il est Affaibli) pour son test d’attaque et conserve le meilleur résultat.'),
('tir-en-rafale', 'Tir en rafale', 0, 0, 'prest', 'Lorsque le personnage réalise un arc de feu (action limitée, p. 40), le malus en attaque et aux DM est réduit de 1 point et passe à -2. Ce malus est réduit de 1 point supplémentaire au rang 3 de la voie et complètement annulé au rang 5.'),
('tira2mains', 'Tir à deux mains', 0, 0, '', 'Le chromé peut tirer des deux mains avec des armes automatiques de poing. À chaque fois qu’il peut réaliser une attaque à distance, il peut faire deux tests d’attaque séparés et infliger les DM correspondants (même lors d’une action limitée). S’il ne vise pas la même cible avec les deux armes, il subit un malus de -5 sur chaque attaque.'),
('tirencourse', 'Tir en course', 0, 0, '', 'Le combat, tel que le conçoit un ganger, est plein de courses-poursuites, d’invectives, de charges et de replis. Au prix d’une action d’attaque, le personnage est capable de réaliser une attaque avec une arme à feu avec une pénalité de -2 en attaque tout en se déplaçant de 20 mètres ou une attaque sans pénalité et un déplacement de 10 mètres.'),
('tirmortel', 'Tir mortel', 0, 0, '', 'Le chromé peut choisir d’utiliser un d12 en attaque à distance au lieu du d20 habituel (il ajoute normalement son score d’attaque). Si une telle attaque est réussie, il ajoute 2d6 aux DM.'),
('topdumatos', 'Top du matos', 0, 0, '', 'Le fixer fournit son groupe en matériel de pointe. Pour chaque mission où il est présent, tous les alliés du fixer obtiennent un bonus de +2 en attaque, aux DM et en DEF.'),
('totem', 'Totem', 0, 0, '', 'Le chaman doit choisir un totem, un esprit animal auquel il lie son âme et qui influe sur son caractère et ses principes moraux. Le chaman obtient un bonus de +1 en attaque magique et +5 à tous les tests qui correspondent à la compétence ou à l’action indiquée en italique.\n• Ours (ou taureau) est colérique et puissant, intimidation.\n• Panthère (ou chat) est libre et agile, acrobaties.\n• Loup (ou chien) est fidèle et infatigable, course.\n• Renard (ou rat) est rusé et discret, discrétion.\n• Corbeau (ou chouette) est savant et observateur, observation.\n• Aigle (ou lion) est fier et majestueux, persuasion.'),
('totemsuperieur', 'Totem supérieur', 0, 0, '', 'Le chaman augmente de +2 la valeur de la caractéristique qui correspond à son totem. Désormais, le joueur lance deux d20 à chaque fois qu’un test de cette caractéristique lui est demandé et il garde le meilleur résultat. \nOurs, FOR. Panthère, DEX. Loup, CON. Renard, INT. Corbeau, PER. Aigle, CHA.'),
('toucheatout', 'Touche à tout', 0, 0, '', 'Dans un gang, chacun apprend un ou deux trucs pour rendre service à la communauté. Le joueur choisit n’importe quelle capacité de rang 1 d’un autre profil cyberpunk.'),
('transedeguerison', 'Transe de guérison', 0, 0, '', 'Une fois après chaque combat, l’adepte peut méditer pendant 10 minutes et récupérer ainsi [niveau + Mod de CHA] PV.'),
('troisieme-implant', 'Troisième implant', 0, 0, 'prest', 'Le personnage peut choisir un implant d’une valeur maximum de 15 000 NY.'),
('un-de-plus-cest-egal', 'Un de plus c\'est égal', 0, 0, 'prest', 'Le personnage obtient un nouvel implant d’une valeur maximum de 10 000 NY. Il ne perd aucun point de CHA ou d’INT pour cet implant et n’augmente pas ses risques de cyberlose.'),
('version-beta', 'Version beta', 0, 0, 'bkgd', 'Le connecté connaît les filières pour accéder aux versions beta des derniers programmes avant qu’ils ne soient mis sur le marché. Lorsqu’il utilise un PC dans le monde virtuel ou pour un test en rapport avec l’informatique ou l’électronique, il double le résultat du dé.'),
('vifargent', 'Vif argent', 0, 0, '', 'L’adepte utilise la vitesse et la souplesse plus que la force et la puissance lorsqu’il combat au contact. Lorsqu’il combat à mains nues ou avec une arme légère (poignard, épée, katana), il peut utiliser son Mod. de DEX en attaque au contact plutôt que celui de FOR. De plus, il gagne un bonus de +2 en Init. par rang atteint dans la voie.'),
('vision-dans-le-noir', 'Vision dans le noir', 0, 0, 'race', 'Dans le noir total, le personnage voit comme dans la pénombre jusqu’à 30 m.'),
('vitalitenature', 'Vitalité de la nature', 0, 0, '', 'Le chaman reçoit un bonus de +5 à tous les tests de survie en pleine nature. Il gagne un nombre de PV supplémentaires égal à son Mod. de CHA. et un bonus en Init. égal à son Mod. de PER.'),
('vivacite-desprit', 'Vivacité d\'esprit', 0, 0, 'bkgd', 'Le personnage utilise son intelligence pour toujours avoir un temps d’avance. Il ajoute son Mod. d’INT en bonus à l’Init. et aux tests de DEX pour tous les tests d’esquive (par exemple, pour esquiver l’explosion d’une grenade).'),
('vivre-par-les-armes', 'Vivre par les armes', 0, 0, 'bkgd', 'Le personnage obtient un bonus de +1 en attaque à distance et au contact. Ce bonus passe à +2 au rang 4 de la voie.'),
('vol', 'Vol', 1, 1, '', 'Le magicien peut voler pendant [1d6 + Mod. d’INT] minutes. Sa vitesse de déplacement est la même qu’au sol.'),
('vol-rapide-creat', 'Vol rapide', 0, 0, 'creat', 'La créature obtient une action de mouvement supplémentaire par tour lorsqu’elle est en vol. Au premier tour de combat, la créature obtient un bonus de +5 en attaque et +1d6 aux DM si elle est en vol et attaque une créature au sol.'),
('volonte-de-fer', 'Volonté de fer', 0, 0, 'bkgd', 'Des années d’entraînement ont donné à l’athlète une grande capacité à se dépasser et à supporter la fatigue et la douleur, tout comme le stress et la pression. Il obtient un bonus de +5 à tous les tests de résistance mentale (douleur, intimidation) ou physique (fatigue, douleur), et un bonus de +3 PV.'),
('zone-de-silence', 'Zone de silence', 1, 1, 'prest', 'Le personnage crée une zone de silence fixe de 5 mètres de diamètre, jusqu’à une portée de 30 mètres, pendant [1d6 + Mod. d’INT] tours. Tous les sons émis dans cette sphère sont annulés. La zone n’empêche pas le lancement des sorts, mais inflige un malus de -2 à tous les tests d’attaque magique.');

-- --------------------------------------------------------

--
-- Table structure for table `cocy_capacites_voies`
--

DROP TABLE IF EXISTS `cocy_capacites_voies`;
CREATE TABLE IF NOT EXISTS `cocy_capacites_voies` (
  `voie` varchar(20) NOT NULL,
  `rang` varchar(1) NOT NULL,
  `capacite` varchar(20) NOT NULL,
  PRIMARY KEY (`voie`,`rang`),
  KEY `cocy_capacites_voies_voie` (`voie`),
  KEY `cocy_capacites_voies_capacite` (`capacite`)
) ENGINE=InnoDB DEFAULT CHARSET=utf8mb4 COLLATE=utf8mb4_general_ci;

--
-- Dumping data for table `cocy_capacites_voies`
--

INSERT INTO `cocy_capacites_voies` (`voie`, `rang`, `capacite`) VALUES
('implants', '1', '1eimplant'),
('implants', '2', '2eimplant'),
('implants', '3', '3eimplant'),
('implants', '4', '4eimplant'),
('implants', '5', '5eimplant'),
('mana', '1', '6emesens'),
('mafieux', '3', 'acces-produits-illeg'),
('addict', '3', 'accoutumance'),
('zonard', '4', 'adaptable'),
('connecte', '5', 'adaptation-irl'),
('gaia', '3', 'adaptationnaturelle'),
('creatures-volantes', '2', 'agripper'),
('avantages', '4', 'alliematriciel'),
('mondeastral', '3', 'analyseastrale'),
('mafieux', '4', 'argent-sale'),
('magie-tactique', '1', 'arme-magique'),
('pro', '4', 'arme-signature'),
('techos', '2', 'armeslourdes'),
('vehicules', '3', 'armesmultiples'),
('securite', '5', 'armurerie-personnell'),
('baston', '4', 'arroser'),
('combataucontact', '1', 'artsmartiaux'),
('etiquette', '3', 'asdanslamanche'),
('commando', '2', 'assassin'),
('puissant', '2', 'assurance-platine'),
('cybercreatures', '2', 'attaque-amelioree'),
('arts-martiaux', '4', 'attaque-circulaire'),
('meute', '2', 'attaque-en-traitre'),
('tueur-de-meta-creatu', '4', 'attaque-magique'),
('prouessesmentales', '1', 'attaquemagique'),
('baston', '5', 'attaquesanglante'),
('baston', '1', 'attaquesournoise'),
('survie', '3', 'avanceracouvert'),
('colosse-creature', '2', 'balayage'),
('mana', '4', 'barrieremana'),
('etiquette', '1', 'beauparleur'),
('zonard', '2', 'besoin-de-peu'),
('tribu', '3', 'blousonnoir'),
('pro', '3', 'bonne-planque'),
('implants-alpha', '2', 'boost'),
('armes-lourdes', '3', 'boum'),
('techos', '1', 'bricoleur'),
('prouessesphysiques', '4', 'bullettime'),
('chef-darmee', '2', 'capitaine'),
('corpo', '5', 'cash-cache'),
('etiquette', '5', 'celebrite'),
('magie-tactique', '4', 'cercle-de-protection'),
('pnj-recurrent', '2', 'chair-a-canon'),
('cogneur-creature', '1', 'charge'),
('gun-fu', '3', 'chargement-rapide'),
('homme-machine', '5', 'cinquieme-implant'),
('magie-pratique', '3', 'clairvoyance'),
('gaia', '4', 'combattrecorruption'),
('chef-darmee', '3', 'commandant'),
('corpo', '4', 'comme-a-la-maison'),
('tueur-de-meta-creatu', '1', 'connais-ton-ennemi'),
('survie', '1', 'connaissancerue'),
('pro', '1', 'consommables-au-top'),
('terrain', '5', 'consommablesagogo'),
('etiquette', '2', 'contacts'),
('drones', '5', 'controleavance'),
('tacticien', '3', 'controleenvironmt'),
('survie', '2', 'coriace'),
('commando', '4', 'corpsacorps'),
('armes-lourdes', '2', 'costaud'),
('mafieux', '5', 'coup-de-main'),
('prouessesphysiques', '2', 'courseduvent'),
('meta-creatures', '1', 'creature-magique'),
('arts-martiaux', '3', 'critique-ameliore'),
('vehicules', '4', 'customisation'),
('addict', '4', 'dans-une-autre-vie'),
('techos', '3', 'deaaz'),
('connecte', '3', 'deconnecte'),
('gun-fu', '1', 'defense-au-contact'),
('guerisseur', '2', 'delivrance'),
('combataucontact', '3', 'delugedecoups'),
('infiltration', '1', 'deverouilleracces'),
('predateur', '2', 'devorer'),
('magie-naturelle', '4', 'distorsion-des-struc'),
('athlete', '4', 'dopage'),
('drones', '2', 'dronearme'),
('avantages', '2', 'dronedesoutien'),
('drones', '1', 'droneespion'),
('drones', '3', 'dronemissile'),
('drones', '4', 'dronevolant'),
('predateur', '1', 'embuscade-creat'),
('gaia', '2', 'empathieanimale'),
('mondeastral', '1', 'empathieastrale'),
('creatures-volantes', '3', 'emporter-dans-les-ai'),
('arts-martiaux', '2', 'enchainement'),
('cogneur-creature', '2', 'enrager'),
('commando', '3', 'entrainement'),
('puissant', '5', 'entrevue'),
('connecte', '2', 'enveloppe-de-chair'),
('enqueteur', '2', 'esprit-danalyse'),
('meta-creatures', '2', 'esprit-incarne'),
('meta-creatures', '3', 'esprit-majeur'),
('addict', '1', 'etiquette'),
('athlete', '1', 'etiquette'),
('connecte', '1', 'etiquette'),
('corpo', '1', 'etiquette'),
('enqueteur', '1', 'etiquette'),
('mafieux', '1', 'etiquette'),
('puissant', '1', 'etiquette'),
('scientifique', '1', 'etiquette'),
('securite', '1', 'etiquette'),
('zonard', '1', 'etiquette'),
('arts-martiaux', '1', 'expert'),
('tacticien', '2', 'expertanalyse'),
('drain', '5', 'expertise-du-drain'),
('gun-fu', '4', 'expertise-du-gun-fu'),
('vehicules', '2', 'expertmanoeuvres'),
('matrice', '1', 'expertmatrice'),
('magie-naturelle', '2', 'extinction'),
('colosse-creature', '1', 'fauchage'),
('corpo', '3', 'faux-semblants'),
('enqueteur', '5', 'flair-infaillible'),
('mana', '5', 'flotdemagie'),
('puissant', '4', 'force-de-caractere'),
('prouessesmentales', '4', 'forcedame'),
('corpo', '2', 'formation-au-systeme'),
('securite', '2', 'formation-martiale'),
('scientifique', '2', 'formation-scientifiq'),
('securite', '4', 'formation-tactique'),
('avantages', '1', 'formationinitiale'),
('avantages', '3', 'formationsuperieure'),
('magie-naturelle', '5', 'forme-animale'),
('athlete', '2', 'forme-olympique'),
('tribu', '5', 'freredesang'),
('zonard', '5', 'garder-pieds-sur-ter'),
('predateur', '3', 'gober'),
('implants-alpha', '5', 'grade-3'),
('esprits', '1', 'grisgristalismans'),
('avantages', '5', 'groupedemercenaires'),
('guerisseur', '5', 'guerison'),
('gun-fu', '2', 'gun-fu'),
('armes-lourdes', '5', 'hacher'),
('champion', '3', 'hausser-le-ton'),
('matrice', '5', 'herosmatriciel'),
('magiementale', '4', 'imitation'),
('magie-tactique', '2', 'immobilisation'),
('champion', '1', 'imparable'),
('chrome', '1', 'implantprimaire'),
('implants-alpha', '1', 'implants-alpha'),
('chrome', '2', 'implantsecondaire'),
('chrome', '5', 'implantsfinaux'),
('chrome', '4', 'implantsmajeurs'),
('chrome', '3', 'implantssuperieur'),
('esprits', '5', 'incarnationtotem'),
('survie', '5', 'increvable'),
('infiltration', '4', 'inebranlable'),
('therapie-genique', '4', 'infatigable'),
('magiementale', '1', 'injonction'),
('commando', '1', 'insaisissable'),
('prouessesphysiques', '3', 'insensibledouleur'),
('pnj-recurrent', '1', 'instinct-de-survie'),
('scientifique', '5', 'intelligence-heroiqu'),
('meute', '1', 'interchangeables'),
('tireur', '1', 'interfacedarme'),
('magiedecombat', '3', 'invisibilite'),
('magie-tactique', '5', 'invisibilite-de-grou'),
('magiedecombat', '5', 'invocationelement'),
('gaia', '5', 'invocespritnature'),
('baston', '2', 'jeteraterre'),
('tribu', '4', 'jouercollectif'),
('esprits', '3', 'karma'),
('puissant', '3', 'leader-ne'),
('prouessesmentales', '3', 'levitation'),
('magie-pratique', '2', 'levitation-prestige'),
('meute', '3', 'lhallali'),
('magie-naturelle', '1', 'lien-mental'),
('tacticien', '4', 'logicielscombat'),
('magie-pratique', '1', 'lumiere'),
('drain', '2', 'magie-puissante'),
('combataucontact', '2', 'maitredarme'),
('drain', '3', 'maitrise-du-drain'),
('mondeastral', '5', 'maitriseastrale'),
('magiementale', '5', 'maitriseinterieure'),
('magiedecombat', '1', 'manablast'),
('mana', '2', 'manachoc'),
('magiedecombat', '2', 'mangetisme'),
('matrice', '2', 'manipulationfichier'),
('matrice', '4', 'manipulationsysteme'),
('securite', '3', 'medecine-de-guerre'),
('addict', '5', 'miracule'),
('magiementale', '3', 'mirage'),
('combataucontact', '5', 'momentdeperfection'),
('magie-toxique', '5', 'mot-de-mort'),
('etiquette', '4', 'negociateurhorspair'),
('tueur-de-meta-creatu', '2', 'nemesis'),
('infiltration', '2', 'neutralisersecurites'),
('magie-toxique', '4', 'nuage-empoisonne'),
('addict', '2', 'origine-sociale'),
('terrain', '2', 'passelectronique'),
('mondeastral', '2', 'perceptionastrale'),
('cogneur-creature', '3', 'percuter'),
('therapie-genique', '5', 'perfection-humaine'),
('prouessesmentales', '5', 'perfectionmentale'),
('prouessesphysiques', '5', 'perfectionphysique'),
('terrain', '3', 'petitfute'),
('techos', '5', 'petitgenie'),
('magie-toxique', '1', 'peur'),
('cybercreatures', '3', 'physique-ameliore'),
('therapie-genique', '2', 'physique-augmente'),
('athlete', '5', 'physique-dexception'),
('vehicules', '1', 'piloteemerite'),
('infiltration', '5', 'piraterdefenses'),
('armes-lourdes', '4', 'pluie-de-feu'),
('pnj-recurrent', '3', 'porteur-de-poisse'),
('tireur', '2', 'precision'),
('homme-machine', '1', 'premier-implant'),
('infiltration', '3', 'profilbas'),
('colosse-creature', '3', 'projection-creature'),
('mondeastral', '4', 'projectionastrale'),
('guerisseur', '4', 'protectionesprits'),
('terrain', '1', 'prototypes'),
('magie-naturelle', '3', 'puissance-de-la-natu'),
('homme-machine', '4', 'quatrieme-implant'),
('vehicules', '5', 'quatriemevehicule'),
('tireur', '3', 'rafalecontrolee'),
('zonard', '3', 'reactif'),
('tacticien', '1', 'realiteaugmentee'),
('enqueteur', '3', 'recherche-rapide'),
('mana', '3', 'recuperation'),
('cybercreatures', '1', 'reflexes-cables'),
('enqueteur', '4', 'renseignement-matric'),
('pro', '2', 'reputation'),
('tueur-de-meta-creatu', '3', 'resistance'),
('drain', '1', 'resistant-au-drain'),
('pro', '5', 'ressources-insoupcon'),
('combataucontact', '4', 'riposte'),
('champion', '2', 'riposte-creature'),
('matrice', '3', 'samouraimatriciel'),
('therapie-genique', '3', 'sans-defauts'),
('therapie-genique', '1', 'sante-surhumaine'),
('homme-machine', '2', 'second-implant'),
('arts-martiaux', '5', 'sensei'),
('chef-darmee', '1', 'sergent'),
('commando', '5', 'sniper'),
('guerisseur', '1', 'soins'),
('guerisseur', '3', 'soinsgroupes'),
('magiementale', '2', 'sommeil'),
('techos', '4', 'specialisteblindage'),
('tribu', '2', 'specialite'),
('magie-toxique', '3', 'strangulation'),
('survie', '4', 'sursesgardes'),
('scientifique', '4', 'tacticien'),
('tueur-de-meta-creatu', '5', 'tactique-de-la-lente'),
('tacticien', '5', 'technomancien'),
('magie-pratique', '4', 'telekinesie'),
('magie-pratique', '5', 'teleportation'),
('drain', '4', 'tempete-de-mana'),
('magie-toxique', '2', 'tenebres'),
('implants-alpha', '4', 'terminator'),
('gun-fu', '5', 'tir-a-bout-touchant'),
('armes-lourdes', '1', 'tir-en-rafale'),
('tireur', '4', 'tira2mains'),
('baston', '3', 'tirencourse'),
('tireur', '5', 'tirmortel'),
('terrain', '4', 'topdumatos'),
('esprits', '2', 'totem'),
('esprits', '4', 'totemsuperieur'),
('tribu', '1', 'toucheatout'),
('prouessesmentales', '2', 'transedeguerison'),
('homme-machine', '3', 'troisieme-implant'),
('implants-alpha', '3', 'un-de-plus-cest-egal'),
('connecte', '4', 'version-beta'),
('prouessesphysiques', '1', 'vifargent'),
('gaia', '1', 'vitalitenature'),
('scientifique', '3', 'vivacite-desprit'),
('mafieux', '2', 'vivre-par-les-armes'),
('magiedecombat', '4', 'vol'),
('creatures-volantes', '1', 'vol-rapide-creat'),
('athlete', '3', 'volonte-de-fer'),
('magie-tactique', '3', 'zone-de-silence');

-- --------------------------------------------------------

--
-- Table structure for table `cocy_categories_equipement`
--

DROP TABLE IF EXISTS `cocy_categories_equipement`;
CREATE TABLE IF NOT EXISTS `cocy_categories_equipement` (
  `code` varchar(20) NOT NULL,
  `libelle` varchar(50) NOT NULL,
  `parent` varchar(20) DEFAULT NULL,
  `sequence` varchar(5) DEFAULT NULL,
  PRIMARY KEY (`code`),
  KEY `cocy_categories_equipement_parent` (`parent`)
) ENGINE=InnoDB DEFAULT CHARSET=utf8mb4 COLLATE=utf8mb4_general_ci;

--
-- Dumping data for table `cocy_categories_equipement`
--

INSERT INTO `cocy_categories_equipement` (`code`, `libelle`, `parent`, `sequence`) VALUES
('armes', 'Armes', NULL, '00005'),
('armes-a-distance', 'Armes à distance', 'armes', '00010'),
('armes-de-contact', 'Armes de contact', 'armes', '00005'),
('armures', 'Armures', 'defense', '00005'),
('armures-lourdes', 'Armures lourdes', 'defense', '00010'),
('autres', 'Autres', 'divers', '99999'),
('cyberware', 'Cyberware', 'divers', '00010'),
('defense', 'Défense', NULL, '00010'),
('divers', 'Divers', NULL, '00015'),
('grenades', 'Grenades', 'armes', '00015'),
('loyer', 'Loyers', 'divers', '00020'),
('medkits', 'Medkits', 'divers', '00005'),
('services', 'Services', 'divers', '00015'),
('vehicules', 'Véhicules', 'divers', '00025');

-- --------------------------------------------------------

--
-- Table structure for table `cocy_categories_proprietes`
--

DROP TABLE IF EXISTS `cocy_categories_proprietes`;
CREATE TABLE IF NOT EXISTS `cocy_categories_proprietes` (
  `code_categorie` varchar(20) NOT NULL,
  `code_propriete` varchar(20) NOT NULL,
  PRIMARY KEY (`code_categorie`,`code_propriete`),
  KEY `cocy_categories_proprietes_categorie` (`code_categorie`),
  KEY `cocy_categories_proprietes_propriete` (`code_propriete`)
) ENGINE=InnoDB DEFAULT CHARSET=utf8mb4 COLLATE=utf8mb4_general_ci;

--
-- Dumping data for table `cocy_categories_proprietes`
--

INSERT INTO `cocy_categories_proprietes` (`code_categorie`, `code_propriete`) VALUES
('armes-a-distance', 'dm1m'),
('armes-a-distance', 'dm2m'),
('armes-a-distance', 'dmarc'),
('armes-a-distance', 'for-mini'),
('armes-a-distance', 'portee'),
('armes-de-contact', 'critique'),
('armes-de-contact', 'dm1m'),
('armes-de-contact', 'dm2m'),
('armures', 'def'),
('armures', 'rd'),
('armures-lourdes', 'def'),
('armures-lourdes', 'rd'),
('cyberware', 'type-dimplant'),
('medkits', 'soins'),
('vehicules', 'agi-vheicule'),
('vehicules', 'def'),
('vehicules', 'for-vehicule'),
('vehicules', 'pv-vehicule'),
('vehicules', 'rd');

-- --------------------------------------------------------

--
-- Table structure for table `cocy_equipement`
--

DROP TABLE IF EXISTS `cocy_equipement`;
CREATE TABLE IF NOT EXISTS `cocy_equipement` (
  `code` varchar(20) NOT NULL,
  `designation` varchar(50) NOT NULL,
  `categorie` varchar(20) NOT NULL,
  `sequence` varchar(5) DEFAULT NULL,
  `prix` decimal(16,2) DEFAULT NULL,
  `notes` mediumtext DEFAULT NULL,
  PRIMARY KEY (`code`),
  KEY `cocy_equipement_categorie` (`categorie`),
  KEY `cocy_equipement_sequence_idx` (`sequence`)
) ENGINE=InnoDB DEFAULT CHARSET=utf8mb4 COLLATE=utf8mb4_general_ci;

--
-- Dumping data for table `cocy_equipement`
--

INSERT INTO `cocy_equipement` (`code`, `designation`, `categorie`, `sequence`, `prix`, `notes`) VALUES
('aerodyne-leger', 'Aérodyne léger', 'vehicules', NULL, '30000.00', NULL),
('aerodyne-lourd', 'Aérodyne lourd', 'vehicules', NULL, '100000.00', NULL),
('aerodyne-moyen', 'Aérodyne moyen', 'vehicules', NULL, '60000.00', NULL),
('arc', 'Arc', 'armes-a-distance', NULL, '200.00', ''),
('arme-cyber-contact', 'Arme cybernétique de contact', 'cyberware', '01', '5000.00', 'Le personnage obtient des griffes ou des digilames. Il bénéficie d’un bonus de +2 à l’attaque lorsqu’il fait usage de cette arme. Les DM sont de [1d6 + Mod. de FOR] pour les griffes (des lames façon Wolverine) et de [1d4 + Mod. de DEX] pour des digilames (des lames de rasoir rétractables en\r\nguise d’ongles).\r\nChromé – Voie du commando : si le chromé possède à la fois la capacité Corps-à-corps (rang 4) et l’arme cybernétique de contact (par la Voie des implants), il augmente le dé de DM (d6 pour les digilames, d8 pour les griffes) et inflige un critique sur un résultat de 18-20 au test d’attaque.'),
('arme-cyber-distance', 'Arme cybernétique à distance', 'cyberware', '02', '10000.00', 'Le personnage obtient une arme à feu de poing ou un foudroyeur caché dans l’avant-bras (tir au niveau de la paume de la main). Il bénéficie d’un bonus de +2 à l’attaque lorsqu’il fait usage de cette arme. La FOR requise pour l’arme est augmentée de 4 (afin de disposer d’un volume suffisant pour intégrer l’arme).'),
('armure-anti-emeute', 'Armure anti-émeute', 'armures-lourdes', '5', '800.00', NULL),
('armure-balistique', 'Armure balistique', 'armures-lourdes', '4', '1000.00', NULL),
('armure-dermale-1', 'Armure dermale grade 1', 'cyberware', '03', '10000.00', 'L’implant vise à renforcer les tissus superficiels de l’individu afin de le rendre plus résistant aux agressions extérieures. Le personnage obtient une RD de 3 points contre tous les types de dégâts physiques, qui ne se cumule pas avec la RD d’une armure (cette dernière n’affecte en revanche que les DM des armes à feu). Son seuil de blessure grave est en outre augmenté de +3 (peut se cumuler avec un Renforcement vital).'),
('armure-dermale-2', 'Armure dermale grade 2', 'cyberware', '04', '10000.00', 'Le personnage obtient une RD de 5 points contre tous les types de dégâts physiques, qui ne se cumule pas avec la RD d’une armure. Son seuil de blessure grave est en outre augmenté de +5 (peut se cumuler avec un Renforcement vital).'),
('armure-militaire', 'Armure militaire', 'armures-lourdes', '6', '2500.00', NULL),
('auto-4x4', 'Auto 4x4', 'vehicules', NULL, '40000.00', 'Bonus d\'AGI x2 en mode tout-terrain'),
('auto-berline', 'Auto berline', 'vehicules', NULL, '20000.00', NULL),
('auto-citadine', 'Auto citadine', 'vehicules', NULL, '12000.00', NULL),
('auto-sportive', 'Auto sportive', 'vehicules', NULL, '60000.00', NULL),
('autre', 'Autre', 'autres', NULL, NULL, NULL),
('avion-bombardier', 'Avion bombardier', 'vehicules', NULL, NULL, NULL),
('avion-chasseur', 'Avion chasseur', 'vehicules', NULL, NULL, NULL),
('avion-de-tourisme', 'Avion de tourisme', 'vehicules', NULL, '400000.00', NULL),
('batte-de-base-ball', 'Batte de base-ball', 'armes-de-contact', NULL, '5.00', NULL),
('berline-de-luxe', 'Berline de luxe', 'vehicules', NULL, '50000.00', NULL),
('blinde-leger', 'Blindé léger', 'vehicules', NULL, NULL, 'Bonus d\'AGI x2 en mode tout-terrain'),
('bras-cybernetiques', 'Bras cybernétiques', 'cyberware', '05', '15000.00', 'L’implant remplace les bras du personnage. Le personnage gagne un bonus de +2 en attaque et aux DM au contact. S’il attaque à mains nues, il inflige des DM létaux. Il obtient un bonus de +5 à tous les tests de FOR qui impliquent les bras et +10 en escalade. Il double la portée de toutes les armes lancées. Le personnage peut y implanter une arme cybernétique sans perte supplémentaire de point de CHA. Le seuil de blessure grave augmente de +1.'),
('camion', 'Camion', 'vehicules', NULL, '50000.00', NULL),
('canon-scie', 'Canon scié', 'armes-a-distance', NULL, '1000.00', ''),
('carabine-a-repetitio', 'Carabine à répétition', 'armes-a-distance', NULL, '2000.00', ''),
('chambre-dhotel', 'Chambre d\'hôtel', 'services', NULL, '100.00', NULL),
('char-dassaut', 'Char d\'assaut', 'vehicules', NULL, NULL, 'Bonus d\'AGI x2 en mode tout-terrain'),
('couteau-de-lancer', 'Couteau de lancer', 'armes-a-distance', NULL, '10.00', ''),
('dirigeable', 'Dirigeable', 'vehicules', NULL, '2000000.00', NULL),
('electro-impact', 'Electro-impact', 'armes-de-contact', NULL, '1000.00', NULL),
('electrogants', 'Electrogants', 'armes-de-contact', NULL, '800.00', NULL),
('electromatraque', 'Electromatraque', 'armes-de-contact', NULL, '500.00', NULL),
('epee-moleculaire', 'Epée moléculaire', 'armes-de-contact', NULL, '2500.00', NULL),
('exosquelette-militai', 'Exosquelette militaire', 'armures-lourdes', '8', '10000.00', 'Une armure munie d’une assistance musculaire qui confère un bonus de +2 au Mod. de FOR, le porteur subit seulement la moitié de la pénalité d’armure (-4). L’autonomie est de 6 heures, ensuite le porteur est Ralenti et subit une pénalité d’armure de -10.'),
('foudroyeur', 'Foudroyeur', 'armes-a-distance', NULL, '300.00', 'Les DM de cette arme à impulsion électrique sont temporaires. De plus, la victime doit faire un test de CON difficulté 15 ou être Renversée et Étourdie pendant 1 tour'),
('fouet-monofilament', 'Fouet monofilament', 'armes-de-contact', NULL, '3000.00', NULL),
('fusil-a-pompe', 'Fusil à pompe', 'armes-a-distance', NULL, '1500.00', ''),
('fusil-dassaut', 'Fusil d\'assaut', 'armes-a-distance', NULL, '2000.00', ''),
('fusil-de-chasse', 'Fusil de chasse', 'armes-a-distance', NULL, '1000.00', ''),
('fusil-de-precision', 'Fusil de précision', 'armes-a-distance', NULL, '5000.00', 'DM 3d6 en tir couché et visé'),
('fusil-gros-gibier', 'Fusil de chasse gros gibier', 'armes-a-distance', NULL, '3000.00', ''),
('fusil-precision-lour', 'Fusil de précision lourd', 'armes-a-distance', NULL, '8000.00', 'DM 3d8 en tir couché et visé'),
('g-link', 'G-Link', 'services', NULL, '100.00', NULL),
('gilet-pare-balle', 'Gilet pare-balle', 'armures', '2', '400.00', NULL),
('grenade-defensive', 'Grenade défensive', 'grenades', NULL, '100.00', 'Les victimes peuvent réaliser un test de DEX difficulté 15 pour ne subir que la moitié des DM. Surdité offerte en sus pour 2d6 tours (1d6 si test de CON difficulté 15 réussi)'),
('grenade-incapacitant', 'Grenade incapacitante', 'grenades', NULL, '50.00', 'Cette grenade aveugle et assourdit les cibles dans un rayon de 5 mètres, elles subissent une pénalité de -5 à toutes leurs actions et de -10 en combat à distance pour 1d4 + 1 tours. Ceux qui réussissent un test de PER 15+ résistent complètement à cet effet. Les chromés qui portent des implants (capacité perception cybernétique) y sont totalement immunisés.'),
('grenade-lacrymogene', 'Grenade lacrymogène', 'grenades', NULL, '50.00', 'Pendant 10 tours, un personnage (ou une créature) qui reste un tour dans la zone est Aveuglé pour 1d6 tours. Réussir un test de CON difficulté 15 permet de diviser la durée par deux. L’effet perdure même après être sorti de la zone.'),
('grenade-offensive', 'Grenade offensive', 'grenades', NULL, '50.00', 'Les DM peuvent être temporaires ou létaux. Les victimes doivent faire un test de CON difficulté 15 ou être Étourdies pendant un tour. Surdité offerte en sus pour 2d6 tours (1d6 si test de CON difficulté 15 réussi).'),
('hache-dincendie', 'Hache d\'incendie', 'armes-de-contact', NULL, '120.00', NULL),
('helicoptere', 'Hélicoptère', 'vehicules', NULL, '1000000.00', NULL),
('hotel-cercueil', 'Hôtel cercueil', 'services', NULL, '20.00', NULL),
('interface-neurale', 'Interface neurale', 'cyberware', '06', '5000.00', 'L’interface permet au personnage de connecter directement son cerveau à certains systèmes externes (terminaux informatiques, armes, véhicules). L’interface donne accès à des possibilités infinie dans la matrice (voir Le monde virtuel p. 245). Relié à une arme à feu interfacée (voir équipement), le personnage obtient +1 en attaque (cela exclut une éventuelle Arme cybernétique). Relié à un véhicule disposant d’un module d’interface, le personnage obtient +2 aux tests de conduite et il peut utiliser son Mod. d’INT aux tests de conduite au lieu de celui de DEX s’il le choisit.'),
('jambes-cybernetiques', 'Jambes cybernétiques', 'cyberware', '07', '15000.00', 'L’implant remplace totalement les jambes du personnage. Le personnage obtient une action de mouvement supplémentaire par tour à son tour. Désormais, il est capable de sauter à une hauteur de 5 mètres et jusqu’à 15 mètres en longueur. Enfin, le personnage obtient un bonus de +5 à tous les tests de FOR qui impliquent les jambes et il retranche de 10 mètres la hauteur des chutes. Le seuil de blessure grave augmente de +2.'),
('katana', 'Katana', 'armes-de-contact', NULL, '500.00', NULL),
('katana-moleculaire', 'Katana moléculaire', 'armes-de-contact', NULL, '5000.00', NULL),
('lance-grenade', 'Lance grenade', 'armes-a-distance', NULL, '2500.00', NULL),
('lance-grenade-fusil', 'Lance grenade (sous fusil)', 'armes-a-distance', NULL, '1000.00', 'Version sous fusil'),
('lance-roquette', 'Lance-roquette', 'armes-a-distance', NULL, '5000.00', 'Recharge = action limitée (L)'),
('limousine-vip', 'Limousine VIP', 'vehicules', NULL, '40000.00', NULL),
('manteau-blinde', 'Manteau blindé', 'armures', '4', '600.00', NULL),
('medkit-basique', 'Medkit basique', 'medkits', '00005', '10.00', NULL),
('medkit-intensif', 'Medkit intensif', 'medkits', '00015', '150.00', NULL),
('medkit-luxe', 'Medkit luxe', 'medkits', '00020', '500.00', NULL),
('medkit-superieur', 'Medkit supérieur', 'medkits', '00010', '50.00', NULL),
('medkit-top-niveau', 'Medkit top niveau', 'medkits', '00025', '1000.00', NULL),
('minivan', 'Minivan', 'vehicules', NULL, '30000.00', NULL),
('mitrailleuse-legere', 'Mitrailleuse légère', 'armes-a-distance', NULL, '7500.00', NULL),
('mitrailleuse-lourde', 'Mitrailleuse lourde', 'armes-a-distance', NULL, '15000.00', NULL),
('mitrailleuse-moyenne', 'Mitrailleuse moyenne', 'armes-a-distance', NULL, '10000.00', NULL),
('moto-routiere', 'Moto routière', 'vehicules', NULL, '15000.00', NULL),
('moto-sportive', 'Moto sportive', 'vehicules', NULL, '12000.00', NULL),
('moto-tout-terrain', 'Moto tout terrain', 'vehicules', NULL, '8000.00', NULL),
('nuit-dhopital', 'Nuit d\'hôpital', 'services', NULL, '1000.00', NULL),
('pisto-mitrailleur', 'Pistolet mitrailleur', 'armes-a-distance', NULL, '1500.00', ''),
('pisto-mitrailleur-lo', 'Pistolet mitrailleur lourd', 'armes-a-distance', NULL, '2000.00', ''),
('pistolet-leger', 'Pistolet léger', 'armes-a-distance', NULL, '200.00', ''),
('pistolet-lourd', 'Pistolet lourd', 'armes-a-distance', NULL, '800.00', 'cal. 45'),
('pistolet-moyen', 'Pistolet moyen', 'armes-a-distance', NULL, '400.00', 'cal. 38'),
('poignard', 'Poignard', 'armes-de-contact', NULL, '10.00', NULL),
('poignard-moleculaire', 'Poignard moléculaire', 'armes-de-contact', NULL, '1000.00', NULL),
('poing-americain', 'Poing américain', 'armes-de-contact', NULL, '5.00', NULL),
('quartier-chic', 'Quartier chic', 'loyer', NULL, '2000.00', NULL),
('quartier-haute-secur', 'Quartier haute sécurité', 'loyer', NULL, '10000.00', NULL),
('quartier-pauvre', 'Quartier pauvre', 'loyer', NULL, '200.00', NULL),
('quartier-surveille', 'Quartier surveillé', 'loyer', NULL, '500.00', NULL),
('reflexes-cables-1', 'Réflexes câblés grade 1', 'cyberware', '08', '10000.00', 'L’implant vise à améliorer les réflexes et le temps de réaction par intervention au niveau du système nerveux du sujet. Le personnage gagne un bonus d’Init. égal à +6.'),
('reflexes-cables-2', 'Réflexes câblés grade 2', 'cyberware', '09', '15000.00', 'Le bonus d’Init. du personnage passe à +12.'),
('reflexologiciels-1', 'Réflexologiciels grade 1', 'cyberware', '10', '10000.00', 'Les logiciels réflexes sont des logiciels experts qui aident le personnage à la prise de décision tactique, mais aussi à l’exécution des mouvements appropriés grâce à un câblage invasif de toute la chaine neuro- motrice. Les logiciels concernent le combat et la conduite. Le personnage obtient un bonus de +1 aux tests de conduite, en attaque au contact, en attaque à distance, en Init. et enfin en DEF.'),
('reflexologiciels-2', 'Réfléxologiciels grade 2', 'cyberware', '11', '15000.00', 'L’amélioration des logiciels et du câblage permet d’obtenir un bonus de +2 au lieu de +1.'),
('renforcement-muscu-1', 'Renforcement musculaire grade 1', 'cyberware', '12', '10000.00', 'La musculature du sujet est renforcée et améliorée afin de fournir un rendement maximal en termes de puissance et de souplesse. Le personnage dispose de 3 points à répartir entre ses valeurs de FOR et de DEX. Une fois ce choix effectué, le paramétrage du renforcement ne peut être altéré.'),
('renforcement-muscu-2', 'Renforcement musculaire grade 2', 'cyberware', '13', '15000.00', 'Le personnage dispose de 3 points supplémentaires à répartir entre ses valeurs de FOR et de DEX (pour un total de 6). Une fois ce choix effectué, le paramétrage du renforcement ne peut être altéré.'),
('renforcement-vital-1', 'Renforcement vital grade 1', 'cyberware', '14', '10000.00', 'Cet implant fournit une amélioration drastique de la vitalité de l’individu, tant au niveau de la résistance à la douleur et à la fatigue que des systèmes pulmonaire, cardiaque et immunitaire. Le seuil de blessure grave du personnage est augmenté de 5 (peut se cumuler avec un Renforcement dermal). Il peut en outre lancer deux d20 et conserver le meilleur résultat lors de tous ses tests de CON. Le personnage gagne 5 PV supplémentaires et il est immunisé aux maladies infectieuses.'),
('renforcement-vital-2', 'Renforcement vital grade 2', 'cyberware', '15', '15000.00', 'Le personnage augmente sa valeur de CON de +2, il devient immunisé à l’état Affaibli et il ne subit plus de blessure grave lorsqu’il tombe à 0 PV (c’est encore le cas lorsqu’il subit des DM massifs, bien que cela l’affecte peu, puisqu’il est immunisé à l’état Affaibli).'),
('repas-nutrisoja', 'Repas nutrisoja', 'services', NULL, '5.00', NULL),
('restaurant', 'Restaurant', 'services', NULL, '50.00', NULL),
('sagaie', 'Sagaie', 'armes-a-distance', NULL, '0.00', ''),
('semi-remorque', 'Semi-remorque', 'vehicules', NULL, '100000.00', NULL),
('sens-cybernetises', 'Sens cybernétisés', 'cyberware', '16', '5000.00', 'Le personnage possède des implants oculaires et auditifs, il obtient un bonus de +2 en PER et un bonus de +5 à tous les tests pour ne pas être Surpris. Il est immunisé aux agressions sensorielles (flashs aveuglants, grenades incapacitantes), n’a plus de malus dus à la pénombre et voit dans le noir à une distance de 30 mètres. Il ajoute 10 mètres à la portée des armes à feu. Si le personnage dispose d’une Interface neurale, tout ce qu’il perçoit peut être enregistré et restitué à la demande sur un support numérique.'),
('shuriken', 'Shuriken', 'armes-a-distance', NULL, '10.00', ''),
('survie-zone', 'Survie dans la zone (1 mois)', 'services', NULL, '100.00', NULL),
('systeme-filtrant', 'Système filtrant', 'cyberware', '18', '5000.00', 'Un système complet permettant de filtrer les interactions de l’organisme du sujet avec son environnement (poisons, gaz), que ce soit au niveau de l’air, du sang ou des matières ingérées. Le personnage est immunisé à toute infection et toute toxine se propageant par ces moyens. Il bénéficie en outre d’un bonus de +10 à toutes ses actions et tests de CON dans des environnements considérés « hostiles », tels qu’une atmosphère empoisonnée ou radioactive, une eau contaminée, etc.'),
('systeme-pherohormona', 'Système phérohormonal', 'cyberware', '19', '5000.00', 'Un ensemble complet d’additifs biochimiques et de capteurs supplémentaires permet au sujet de mieux contrôler son environnement hormonal direct. Le personnage dispose d’un bonus de +5 à tous ses tests de PER visant à analyser la situation émotionnelle d’un interlocuteur, et d’un bonus de +5 à tous ses tests de CHA impliquant les relations sociales (bluff, persuasion, séduction, etc.).'),
('systeme-sous-marin', 'Système d\'adaptation sous-marine', 'cyberware', '17', '5000.00', 'Une série de modifications permet au sujet d’évoluer sous l’eau sans être limité par sa vue ou ses capacités respiratoires. Le personnage bénéficie d’un bonus de +10 à tous ses tests de natation, et peut respirer sous l’eau (cela ne change par contre aucunement sa capacité à retenir sa respiration).'),
('tissus-regenerant', 'Tissus régénérant', 'cyberware', '20', '10000.00', 'Les tissus superficiels du sujet sont remplacés par des tissus performants capables de se reconstruire plus efficacement. En plus de la récupération normale de ses PV, s’il n’est pas affecté par une blessure grave, le personnage récupère 5 PV par heure. Le temps de récupération des blessures grave est en outre divisé par deux. Enfin, le personnage n’est pratiquement pas affecté par les effets visibles du vieillissemen'),
('veste-blindee', 'Veste blindée', 'armures', '3', '500.00', NULL),
('vetements-balistique', 'Vêtements balistiques', 'armures', '1', '200.00', NULL),
('zeppelin', 'Zeppelin', 'vehicules', NULL, '2000000.00', NULL);

-- --------------------------------------------------------

--
-- Table structure for table `cocy_equipement_profils`
--

DROP TABLE IF EXISTS `cocy_equipement_profils`;
CREATE TABLE IF NOT EXISTS `cocy_equipement_profils` (
  `profil` varchar(20) NOT NULL,
  `sequence` tinyint(4) NOT NULL,
  `equipement` varchar(20) NOT NULL,
  `nombre` tinyint(1) NOT NULL DEFAULT 1,
  `special` varchar(100) DEFAULT NULL,
  PRIMARY KEY (`profil`,`sequence`),
  KEY `cocy_equipement_profils_equipement` (`equipement`),
  KEY `cocy_equipement_profils_profil` (`profil`)
) ENGINE=InnoDB DEFAULT CHARSET=utf8mb4 COLLATE=utf8mb4_general_ci;

--
-- Dumping data for table `cocy_equipement_profils`
--

INSERT INTO `cocy_equipement_profils` (`profil`, `sequence`, `equipement`, `nombre`, `special`) VALUES
('adepte              ', 1, 'katana-moleculaire', 1, NULL),
('adepte              ', 2, 'pistolet-lourd', 1, NULL),
('adepte              ', 3, 'vetements-balistique', 1, NULL),
('adepte              ', 4, 'medkit-superieur', 1, NULL),
('adepte              ', 5, 'moto-sportive', 1, NULL),
('chaman              ', 1, 'pistolet-moyen', 1, NULL),
('chaman              ', 2, 'fusil-a-pompe', 1, NULL),
('chaman              ', 3, 'poignard', 1, NULL),
('chaman              ', 4, 'veste-blindee', 1, NULL),
('chaman              ', 5, 'medkit-basique', 1, NULL),
('chaman              ', 6, 'auto-citadine', 1, NULL),
('chrome              ', 1, 'g-link', 1, NULL),
('chrome              ', 2, 'pisto-mitrailleur-lo', 1, NULL),
('chrome              ', 3, 'pistolet-moyen', 1, NULL),
('chrome              ', 4, 'poignard-moleculaire', 1, NULL),
('chrome              ', 5, 'manteau-blinde', 1, NULL),
('chrome              ', 6, 'medkit-superieur', 1, NULL),
('chrome              ', 7, 'moto-routiere', 1, NULL),
('fixer               ', 1, 'g-link', 1, NULL),
('fixer               ', 2, 'pisto-mitrailleur', 1, NULL),
('fixer               ', 3, 'pistolet-leger', 1, NULL),
('fixer               ', 4, 'foudroyeur', 1, NULL),
('fixer               ', 5, 'vetements-balistique', 1, NULL),
('fixer               ', 6, 'medkit-superieur', 2, NULL),
('fixer               ', 7, 'berline-de-luxe', 1, NULL),
('ganger              ', 1, 'pisto-mitrailleur-lo', 1, NULL),
('ganger              ', 2, 'hache-dincendie', 1, NULL),
('ganger              ', 3, 'poignard', 1, NULL),
('ganger              ', 4, 'veste-blindee', 1, NULL),
('ganger              ', 5, 'medkit-basique', 1, NULL),
('ganger              ', 6, 'moto-tout-terrain', 1, NULL),
('hacker              ', 1, 'pistolet-moyen', 1, ''),
('hacker              ', 2, 'gilet-pare-balle', 1, ''),
('hacker              ', 3, 'medkit-superieur', 1, ''),
('hacker              ', 4, 'auto-citadine', 1, 'Auto citadine interfacée'),
('hacker              ', 5, 'autre', 1, 'Interface neurale'),
('mage                ', 1, 'pistolet-moyen', 1, NULL),
('mage                ', 2, 'vetements-balistique', 1, NULL),
('mage                ', 3, 'medkit-superieur', 1, NULL),
('mage                ', 4, 'auto-citadine', 1, NULL),
('rigger              ', 1, 'fusil-a-pompe', 1, ''),
('rigger              ', 2, 'veste-blindee', 1, ''),
('rigger              ', 3, 'medkit-superieur', 1, ''),
('rigger              ', 4, 'moto-sportive', 1, 'Moto sportive interfacée'),
('rigger              ', 5, 'autre', 1, 'Interface neurale');

-- --------------------------------------------------------

--
-- Table structure for table `cocy_equipement_proprietes`
--

DROP TABLE IF EXISTS `cocy_equipement_proprietes`;
CREATE TABLE IF NOT EXISTS `cocy_equipement_proprietes` (
  `code_equipement` varchar(20) NOT NULL,
  `code_propriete` varchar(20) NOT NULL,
  `valeur` varchar(250) DEFAULT NULL,
  PRIMARY KEY (`code_equipement`,`code_propriete`),
  KEY `cocy_equipement_proprietes_equipement` (`code_equipement`),
  KEY `cocy_equipement_proprietes_propriete` (`code_propriete`)
) ENGINE=InnoDB DEFAULT CHARSET=utf8mb4 COLLATE=utf8mb4_general_ci;

--
-- Dumping data for table `cocy_equipement_proprietes`
--

INSERT INTO `cocy_equipement_proprietes` (`code_equipement`, `code_propriete`, `valeur`) VALUES
('aerodyne-leger', 'agi-vheicule', '+10'),
('aerodyne-leger', 'def', '18'),
('aerodyne-leger', 'for-vehicule', '-2'),
('aerodyne-leger', 'pv-vehicule', '30'),
('aerodyne-lourd', 'agi-vheicule', '+5'),
('aerodyne-lourd', 'def', '16'),
('aerodyne-lourd', 'for-vehicule', '+6'),
('aerodyne-lourd', 'pv-vehicule', '50'),
('aerodyne-moyen', 'agi-vheicule', '+8'),
('aerodyne-moyen', 'def', '17'),
('aerodyne-moyen', 'for-vehicule', '+2'),
('aerodyne-moyen', 'pv-vehicule', '40'),
('arc', 'dm2m', '1d6'),
('arc', 'for-mini', '6'),
('arc', 'portee', '30'),
('arme-cyber-contact', 'type-dimplant', 'C'),
('arme-cyber-distance', 'type-dimplant', 'C'),
('armure-anti-emeute', 'def', '+5'),
('armure-anti-emeute', 'rd', '5'),
('armure-balistique', 'def', '+4'),
('armure-balistique', 'rd', '8'),
('armure-dermale-1', 'type-dimplant', 'B/C'),
('armure-dermale-2', 'type-dimplant', 'B/C'),
('armure-militaire', 'def', '+6'),
('armure-militaire', 'rd', '8'),
('auto-4x4', 'agi-vheicule', '+3'),
('auto-4x4', 'def', '12'),
('auto-4x4', 'for-vehicule', '+2'),
('auto-4x4', 'pv-vehicule', '25'),
('auto-berline', 'agi-vheicule', '+2'),
('auto-berline', 'def', '12'),
('auto-berline', 'for-vehicule', '+1'),
('auto-berline', 'pv-vehicule', '20'),
('auto-citadine', 'agi-vheicule', '+1'),
('auto-citadine', 'def', '12'),
('auto-citadine', 'for-vehicule', '+0'),
('auto-citadine', 'pv-vehicule', '15'),
('auto-sportive', 'agi-vheicule', '+5'),
('auto-sportive', 'def', '13'),
('auto-sportive', 'for-vehicule', '+0'),
('auto-sportive', 'pv-vehicule', '20'),
('avion-bombardier', 'agi-vheicule', '+4'),
('avion-bombardier', 'def', '16'),
('avion-bombardier', 'for-vehicule', 'NA'),
('avion-bombardier', 'pv-vehicule', '40'),
('avion-bombardier', 'rd', '10'),
('avion-chasseur', 'agi-vheicule', '+10'),
('avion-chasseur', 'def', '18'),
('avion-chasseur', 'for-vehicule', 'NA'),
('avion-chasseur', 'pv-vehicule', '25'),
('avion-chasseur', 'rd', '5'),
('avion-de-tourisme', 'agi-vheicule', '+5'),
('avion-de-tourisme', 'def', '18'),
('avion-de-tourisme', 'for-vehicule', 'NA'),
('avion-de-tourisme', 'pv-vehicule', '25'),
('batte-de-base-ball', 'critique', '20'),
('batte-de-base-ball', 'dm1m', '1d6'),
('berline-de-luxe', 'agi-vheicule', '+4'),
('berline-de-luxe', 'def', '13'),
('berline-de-luxe', 'for-vehicule', '+2'),
('berline-de-luxe', 'pv-vehicule', '25'),
('blinde-leger', 'agi-vheicule', '+1'),
('blinde-leger', 'def', '18'),
('blinde-leger', 'for-vehicule', '+5'),
('blinde-leger', 'pv-vehicule', '40'),
('blinde-leger', 'rd', '10'),
('bras-cybernetiques', 'type-dimplant', 'C'),
('camion', 'agi-vheicule', '+0'),
('camion', 'def', '14'),
('camion', 'for-vehicule', '+4'),
('camion', 'pv-vehicule', '40'),
('canon-scie', 'dm2m', '1d10'),
('canon-scie', 'for-mini', '10'),
('canon-scie', 'portee', '20'),
('carabine-a-repetitio', 'dm2m', '1d8'),
('carabine-a-repetitio', 'for-mini', '6'),
('carabine-a-repetitio', 'portee', '80'),
('char-dassaut', 'agi-vheicule', '+1'),
('char-dassaut', 'def', '20'),
('char-dassaut', 'for-vehicule', '+8'),
('char-dassaut', 'pv-vehicule', '50'),
('char-dassaut', 'rd', '15'),
('couteau-de-lancer', 'dm1m', '1d4'),
('couteau-de-lancer', 'for-mini', '2'),
('couteau-de-lancer', 'portee', '5'),
('dirigeable', 'agi-vheicule', '+2'),
('dirigeable', 'def', '10'),
('dirigeable', 'for-vehicule', 'NA'),
('dirigeable', 'pv-vehicule', '50'),
('electro-impact', 'critique', '20'),
('electro-impact', 'dm1m', '+1d6'),
('electrogants', 'critique', '20'),
('electrogants', 'dm1m', '2d4'),
('electromatraque', 'critique', '20'),
('electromatraque', 'dm1m', '2d4'),
('epee-moleculaire', 'critique', '19'),
('epee-moleculaire', 'dm1m', '1d10'),
('exosquelette-militai', 'def', '+8'),
('exosquelette-militai', 'rd', '10'),
('foudroyeur', 'dm1m', '1d6'),
('foudroyeur', 'for-mini', '4'),
('foudroyeur', 'portee', '5'),
('fouet-monofilament', 'critique', '19'),
('fouet-monofilament', 'dm1m', '2d6+DEX'),
('fusil-a-pompe', 'dm2m', '1d10'),
('fusil-a-pompe', 'for-mini', '8'),
('fusil-a-pompe', 'portee', '40'),
('fusil-dassaut', 'dm2m', '2d8'),
('fusil-dassaut', 'dmarc', '1d8'),
('fusil-dassaut', 'for-mini', '10'),
('fusil-dassaut', 'portee', '80'),
('fusil-de-chasse', 'dm2m', '1d10'),
('fusil-de-chasse', 'for-mini', '8'),
('fusil-de-chasse', 'portee', '50'),
('fusil-de-precision', 'dm2m', '2d6'),
('fusil-de-precision', 'for-mini', '12'),
('fusil-de-precision', 'portee', '100'),
('fusil-gros-gibier', 'dm2m', '1d12'),
('fusil-gros-gibier', 'for-mini', '12'),
('fusil-gros-gibier', 'portee', '60'),
('fusil-precision-lour', 'dm2m', '2d8'),
('fusil-precision-lour', 'for-mini', '14'),
('fusil-precision-lour', 'portee', '100'),
('gilet-pare-balle', 'def', '+2'),
('gilet-pare-balle', 'rd', '5'),
('hache-dincendie', 'critique', '20'),
('hache-dincendie', 'dm2m', '2d6'),
('helicoptere', 'agi-vheicule', '+6'),
('helicoptere', 'def', '15'),
('helicoptere', 'for-vehicule', 'NA'),
('helicoptere', 'pv-vehicule', '25'),
('interface-neurale', 'type-dimplant', 'C'),
('jambes-cybernetiques', 'type-dimplant', 'C'),
('katana', 'critique', '19'),
('katana', 'dm2m', '1d10'),
('katana-moleculaire', 'critique', '18'),
('katana-moleculaire', 'dm2m', '1d12'),
('lance-grenade', 'dm2m', '3d6'),
('lance-grenade', 'for-mini', '12'),
('lance-grenade', 'portee', '40'),
('lance-grenade-fusil', 'dm2m', '3d6'),
('lance-grenade-fusil', 'for-mini', '12'),
('lance-grenade-fusil', 'portee', '40'),
('lance-roquette', 'dm2m', '4d6'),
('lance-roquette', 'for-mini', '14'),
('lance-roquette', 'portee', '100'),
('limousine-vip', 'agi-vheicule', '+1'),
('limousine-vip', 'def', '15'),
('limousine-vip', 'for-vehicule', '+3'),
('limousine-vip', 'pv-vehicule', '30'),
('limousine-vip', 'rd', '5'),
('manteau-blinde', 'def', '+4'),
('manteau-blinde', 'rd', '6'),
('medkit-basique', 'soins', '1d6'),
('medkit-intensif', 'soins', '3d6'),
('medkit-luxe', 'soins', '4d6'),
('medkit-superieur', 'soins', '2d6'),
('medkit-top-niveau', 'soins', '5d6'),
('minivan', 'agi-vheicule', '+1'),
('minivan', 'def', '12'),
('minivan', 'for-vehicule', '+3'),
('minivan', 'pv-vehicule', '30'),
('mitrailleuse-legere', 'dm2m', '3d6'),
('mitrailleuse-legere', 'dmarc', '2d6'),
('mitrailleuse-legere', 'for-mini', '16'),
('mitrailleuse-legere', 'portee', '80'),
('mitrailleuse-lourde', 'dm2m', '3d10'),
('mitrailleuse-lourde', 'dmarc', '2d10'),
('mitrailleuse-lourde', 'for-mini', '24'),
('mitrailleuse-lourde', 'portee', '80'),
('mitrailleuse-moyenne', 'dm2m', '3d8'),
('mitrailleuse-moyenne', 'dmarc', '2d8'),
('mitrailleuse-moyenne', 'for-mini', '20'),
('mitrailleuse-moyenne', 'portee', '80'),
('moto-routiere', 'agi-vheicule', '+4'),
('moto-routiere', 'def', '14'),
('moto-routiere', 'for-vehicule', '-2'),
('moto-routiere', 'pv-vehicule', '8'),
('moto-sportive', 'agi-vheicule', '+5'),
('moto-sportive', 'def', '14'),
('moto-sportive', 'for-vehicule', '-3'),
('moto-sportive', 'pv-vehicule', '5'),
('moto-tout-terrain', 'agi-vheicule', '+3'),
('moto-tout-terrain', 'def', '15'),
('moto-tout-terrain', 'for-vehicule', '-3'),
('moto-tout-terrain', 'pv-vehicule', '5'),
('pisto-mitrailleur', 'dm1m', '2d6'),
('pisto-mitrailleur', 'dmarc', '1d6'),
('pisto-mitrailleur', 'for-mini', '12'),
('pisto-mitrailleur', 'portee', '30'),
('pisto-mitrailleur-lo', 'dm1m', '2d8'),
('pisto-mitrailleur-lo', 'dmarc', '1d8'),
('pisto-mitrailleur-lo', 'for-mini', '14'),
('pisto-mitrailleur-lo', 'portee', '30'),
('pistolet-leger', 'dm1m', '1d6'),
('pistolet-leger', 'for-mini', '6'),
('pistolet-leger', 'portee', '10'),
('pistolet-lourd', 'dm1m', '1d10'),
('pistolet-lourd', 'for-mini', '10'),
('pistolet-lourd', 'portee', '20'),
('pistolet-moyen', 'dm1m', '1d8'),
('pistolet-moyen', 'for-mini', '8'),
('pistolet-moyen', 'portee', '20'),
('poignard', 'critique', '20'),
('poignard', 'dm1m', '1d4'),
('poignard-moleculaire', 'critique', '19'),
('poignard-moleculaire', 'dm1m', '1d6'),
('poing-americain', 'critique', '20'),
('poing-americain', 'dm1m', '1d3'),
('reflexes-cables-1', 'type-dimplant', 'B/C'),
('reflexes-cables-2', 'type-dimplant', 'B/C'),
('reflexologiciels-1', 'type-dimplant', 'C'),
('reflexologiciels-2', 'type-dimplant', 'C'),
('renforcement-muscu-1', 'type-dimplant', 'B/C'),
('renforcement-muscu-2', 'type-dimplant', 'B/C'),
('renforcement-vital-1', 'type-dimplant', 'B/C'),
('renforcement-vital-2', 'type-dimplant', 'B/C'),
('sagaie', 'dm1m', '1d8'),
('sagaie', 'for-mini', '6'),
('sagaie', 'portee', '10'),
('semi-remorque', 'agi-vheicule', '-2'),
('semi-remorque', 'def', '16'),
('semi-remorque', 'for-vehicule', '+6'),
('semi-remorque', 'pv-vehicule', '60'),
('sens-cybernetises', 'type-dimplant', 'C'),
('shuriken', 'dm1m', '1d4'),
('shuriken', 'for-mini', '2'),
('shuriken', 'portee', '5'),
('systeme-filtrant', 'type-dimplant', 'B/C'),
('systeme-pherohormona', 'type-dimplant', 'B'),
('systeme-sous-marin', 'type-dimplant', 'B/C'),
('tissus-regenerant', 'type-dimplant', 'B'),
('veste-blindee', 'def', '+3'),
('veste-blindee', 'rd', '5'),
('vetements-balistique', 'def', '+1'),
('vetements-balistique', 'rd', '3'),
('zeppelin', 'agi-vheicule', '+1'),
('zeppelin', 'def', '10'),
('zeppelin', 'for-vehicule', 'NA'),
('zeppelin', 'pv-vehicule', '80');

-- --------------------------------------------------------

--
-- Table structure for table `cocy_familles`
--

DROP TABLE IF EXISTS `cocy_familles`;
CREATE TABLE IF NOT EXISTS `cocy_familles` (
  `famille` varchar(20) NOT NULL,
  `description` varchar(50) NOT NULL,
  PRIMARY KEY (`famille`)
) ENGINE=InnoDB DEFAULT CHARSET=utf8mb4 COLLATE=utf8mb4_general_ci;

--
-- Dumping data for table `cocy_familles`
--

INSERT INTO `cocy_familles` (`famille`, `description`) VALUES
('cyberpunk           ', 'Cyberpunk'),
('eveilles            ', 'Eveillés');

-- --------------------------------------------------------

--
-- Table structure for table `cocy_profils`
--

DROP TABLE IF EXISTS `cocy_profils`;
CREATE TABLE IF NOT EXISTS `cocy_profils` (
  `profil` varchar(20) NOT NULL,
  `nom` varchar(50) NOT NULL,
  `description` text DEFAULT NULL,
  `famille` varchar(20) NOT NULL,
  `type` char(1) NOT NULL DEFAULT '0',
  PRIMARY KEY (`profil`),
  KEY `cocy_profils_famille` (`famille`)
) ENGINE=InnoDB DEFAULT CHARSET=utf8mb4 COLLATE=utf8mb4_general_ci;

--
-- Dumping data for table `cocy_profils`
--

INSERT INTO `cocy_profils` (`profil`, `nom`, `description`, `famille`, `type`) VALUES
('adepte              ', 'Adepte', 'Les adeptes sont des maîtres occultes des arts martiaux, ils associent technique, spiritualité et magie pour faire de leur corps une arme redoutable. Les adeptes sont des profils atypiques du monde des ombres, ils n’utilisent pas de gros calibre, de magie voyante ou de gadgets high-tech, mais plutôt une discipline de fer et une sobriété qui tranche avec la société du troisième millénaire. Une attitude conforme aux armes blanches dont ils sont les experts incontestés.', 'eveilles            ', '0'),
('chaman              ', 'Chaman', 'Les chamans sont à l’écoute du monde des esprits, ils communiquent avec de puissantes créatures symboliques du monde astral appelés totems et en tirent des bénéfices occultes comme, par exemple, la possibilité de soigner. C’est aussi le seul profil adapté à la survie en dehors des zones urbaines.', 'eveilles            ', '0'),
('chrome              ', 'Chromé', 'Les chromés, appelés aussi « câblés » ou « samouraï des rues », sont des guerriers, le muscle de chaque mission. Armés jusqu’aux dents, ils paient le prix fort pour améliorer leurs capacités physiques par des implants cybernétiques invasifs : le cyberware. Mi-homme mi-machine, ils ont cédé leur corps à la science pour être à la pointe du progrès et garder une longueur d’avance sur leurs adversaires.', 'cyberpunk           ', '0'),
('fixer               ', 'Fixer', 'Le fixer est un spécialiste de la négociation sous toutes ses formes, un businessman expérimenté. Il possède des contacts et des bons plans dans tous les milieux. Cela lui permet de brasser beaucoup d’argent et d’avoir le meilleur équipement possible pour lui et ses compagnons. Ce profil sait aussi mouiller la chemise pour s’assurer qu’un contrat au bas duquel il a apposé son pseudo soit honoré dans les règles, de peur que cela ne ruine sa réputation.', 'cyberpunk           ', '0'),
('ganger              ', 'Ganger', 'Le ganger est un habitant des zones laissées à l’abandon ou règne la loi du plus fort. Pour rester en vie, il a dû s’intégrer à un gang, défendre son territoire et se serrer les coudes avec d’autres laissés-pour-compte. Le ganger est un spécialiste de la survie et de la baston sale où tous les coups sont permis. Il met à présent cette expérience au service des ombres. Le personnage peut encore entretenir des liens étroits avec son gang d’origine, mais pas obligatoirement, c’est au joueur de le décider, en accord avec le MJ. Par exemple, son gang peut avoir été éradiqué par un autre, ou encore le personnage peut être banni par ses anciens amis pour une sombre histoire d’argent, de sexe ou de trahison.', 'cyberpunk           ', '0'),
('hacker              ', 'Hacker', 'Les hackers sont des dieux de l’informatique, des ombres dans le système, capables de le plier à leurs désirs. Ils possèdent toutes les compétences pour neutraliser ou utiliser à leur avantage les systèmes de sécurité, qu’ils soient virtuels ou physiques. Ce sont des spécialistes du renseignement et de l’infiltration.\r\nLes talents du hacker sont optimisés lorsqu’il est dans une mégapole saturée d’ondes. S’il est perdu au fond du trou du cul du monde et qu’il ne capte pas le réseau global, il est nu comme un ver… La qualité de la couverture de la zone peut être déclinée en trois niveaux : standard, faible ou nulle. En zone de couverture faible (banlieue pourrie, rase campagne), le hacker subit une pénalité de -1 à tous ses tests de réussite. En zone de couverture nulle (bunker protégé, zone naturelle inhabitée, etc.), il subit une pénalité de -3. Ces pénalités s’appliquent à tous les tests effectués dans le monde réel.', 'cyberpunk           ', '0'),
('mage                ', 'Mage', 'Les magiciens du troisième millénaire pratiquent ce qu’on appelle la magie hermétique, une version très précise et théorisée des arts occultes. Pour eux, la magie est une science qu’ils contrôlent froidement pour arriver à leurs fins. Les magiciens des ombres ne sont pas des rats de bibliothèque, ils savent se battre et peuvent utiliser toutes les armes et armures, à l’exception du matériel lourd.\r\nLe mage utilise son Mod. d’INT pour calculer le nombre de PM plutôt que son Mod. de CHA. Lorsqu’il n’a plus dePM, le mage peut dépenser 1d4 PV par PM manquant. Il peut continuer à lancer des sorts tant qu’il lui reste des PV.', 'eveilles            ', '0'),
('rigger              ', 'Rigger', 'Les riggers sont spécialistes des véhicules, capables de les contrôler à distance, que ce soient des drones de combat ou une bête de course. Ce sont des pilotes hors pair, mais aussi des mécaniciens et des électroniciens de tout premier ordre qui conçoivent, customisent et réparent tout le matériel du groupe. Leur amour du beau matériel et de tout ce qui est impressionnant en fait aussi des experts en armes lourdes. Tous les riggers sont équipés d’une interface neurale similaire à celle d’un hacker qui leur permet de diriger drones et véhicules à la vitesse de la pensée. \r\nUn rigger est capable de réparer un drone ou un véhicule au rythme de [1d6 + Mod. d’INT] PV par heure.', 'cyberpunk           ', '0');

-- --------------------------------------------------------

--
-- Table structure for table `cocy_profils_maitrises`
--

DROP TABLE IF EXISTS `cocy_profils_maitrises`;
CREATE TABLE IF NOT EXISTS `cocy_profils_maitrises` (
  `profil` varchar(20) NOT NULL,
  `equipement` varchar(20) NOT NULL,
  PRIMARY KEY (`profil`,`equipement`),
  KEY `cocy_profils_maitrises_profil` (`profil`),
  KEY `cocy_profils_maitrises_equipement` (`equipement`)
) ENGINE=InnoDB DEFAULT CHARSET=utf8mb4 COLLATE=utf8mb4_general_ci;

--
-- Dumping data for table `cocy_profils_maitrises`
--

INSERT INTO `cocy_profils_maitrises` (`profil`, `equipement`) VALUES
('adepte              ', 'aerodyne-leger'),
('adepte              ', 'aerodyne-lourd'),
('adepte              ', 'aerodyne-moyen'),
('adepte              ', 'auto-4x4'),
('adepte              ', 'auto-berline'),
('adepte              ', 'auto-citadine'),
('adepte              ', 'auto-sportive'),
('adepte              ', 'autre'),
('adepte              ', 'avion-bombardier'),
('adepte              ', 'avion-chasseur'),
('adepte              ', 'avion-de-tourisme'),
('adepte              ', 'berline-de-luxe'),
('adepte              ', 'blinde-leger'),
('adepte              ', 'camion'),
('adepte              ', 'chambre-dhotel'),
('adepte              ', 'char-dassaut'),
('adepte              ', 'dirigeable'),
('adepte              ', 'g-link'),
('adepte              ', 'gilet-pare-balle'),
('adepte              ', 'helicoptere'),
('adepte              ', 'hotel-cercueil'),
('adepte              ', 'limousine-vip'),
('adepte              ', 'manteau-blinde'),
('adepte              ', 'medkit-basique'),
('adepte              ', 'medkit-intensif'),
('adepte              ', 'medkit-luxe'),
('adepte              ', 'medkit-superieur'),
('adepte              ', 'medkit-top-niveau'),
('adepte              ', 'minivan'),
('adepte              ', 'moto-routiere'),
('adepte              ', 'moto-sportive'),
('adepte              ', 'moto-tout-terrain'),
('adepte              ', 'nuit-dhopital'),
('adepte              ', 'quartier-chic'),
('adepte              ', 'quartier-haute-secur'),
('adepte              ', 'quartier-pauvre'),
('adepte              ', 'quartier-surveille'),
('adepte              ', 'repas-nutrisoja'),
('adepte              ', 'restaurant'),
('adepte              ', 'semi-remorque'),
('adepte              ', 'survie-zone'),
('adepte              ', 'veste-blindee'),
('adepte              ', 'vetements-balistique'),
('adepte              ', 'zeppelin'),
('chaman              ', 'aerodyne-leger'),
('chaman              ', 'aerodyne-lourd'),
('chaman              ', 'aerodyne-moyen'),
('chaman              ', 'auto-4x4'),
('chaman              ', 'auto-berline'),
('chaman              ', 'auto-citadine'),
('chaman              ', 'auto-sportive'),
('chaman              ', 'autre'),
('chaman              ', 'avion-bombardier'),
('chaman              ', 'avion-chasseur'),
('chaman              ', 'avion-de-tourisme'),
('chaman              ', 'berline-de-luxe'),
('chaman              ', 'blinde-leger'),
('chaman              ', 'camion'),
('chaman              ', 'chambre-dhotel'),
('chaman              ', 'char-dassaut'),
('chaman              ', 'dirigeable'),
('chaman              ', 'g-link'),
('chaman              ', 'gilet-pare-balle'),
('chaman              ', 'helicoptere'),
('chaman              ', 'hotel-cercueil'),
('chaman              ', 'limousine-vip'),
('chaman              ', 'manteau-blinde'),
('chaman              ', 'medkit-basique'),
('chaman              ', 'medkit-intensif'),
('chaman              ', 'medkit-luxe'),
('chaman              ', 'medkit-superieur'),
('chaman              ', 'medkit-top-niveau'),
('chaman              ', 'minivan'),
('chaman              ', 'moto-routiere'),
('chaman              ', 'moto-sportive'),
('chaman              ', 'moto-tout-terrain'),
('chaman              ', 'nuit-dhopital'),
('chaman              ', 'quartier-chic'),
('chaman              ', 'quartier-haute-secur'),
('chaman              ', 'quartier-pauvre'),
('chaman              ', 'quartier-surveille'),
('chaman              ', 'repas-nutrisoja'),
('chaman              ', 'restaurant'),
('chaman              ', 'semi-remorque'),
('chaman              ', 'survie-zone'),
('chaman              ', 'veste-blindee'),
('chaman              ', 'vetements-balistique'),
('chaman              ', 'zeppelin'),
('chrome              ', 'aerodyne-leger'),
('chrome              ', 'aerodyne-lourd'),
('chrome              ', 'aerodyne-moyen'),
('chrome              ', 'arc'),
('chrome              ', 'arme-cyber-contact'),
('chrome              ', 'arme-cyber-distance'),
('chrome              ', 'armure-anti-emeute'),
('chrome              ', 'armure-balistique'),
('chrome              ', 'armure-dermale-1'),
('chrome              ', 'armure-dermale-2'),
('chrome              ', 'armure-militaire'),
('chrome              ', 'auto-4x4'),
('chrome              ', 'auto-berline'),
('chrome              ', 'auto-citadine'),
('chrome              ', 'auto-sportive'),
('chrome              ', 'autre'),
('chrome              ', 'avion-bombardier'),
('chrome              ', 'avion-chasseur'),
('chrome              ', 'avion-de-tourisme'),
('chrome              ', 'batte-de-base-ball'),
('chrome              ', 'berline-de-luxe'),
('chrome              ', 'blinde-leger'),
('chrome              ', 'bras-cybernetiques'),
('chrome              ', 'camion'),
('chrome              ', 'canon-scie'),
('chrome              ', 'carabine-a-repetitio'),
('chrome              ', 'chambre-dhotel'),
('chrome              ', 'char-dassaut'),
('chrome              ', 'couteau-de-lancer'),
('chrome              ', 'dirigeable'),
('chrome              ', 'electro-impact'),
('chrome              ', 'electrogants'),
('chrome              ', 'electromatraque'),
('chrome              ', 'epee-moleculaire'),
('chrome              ', 'exosquelette-militai'),
('chrome              ', 'foudroyeur'),
('chrome              ', 'fouet-monofilament'),
('chrome              ', 'fusil-a-pompe'),
('chrome              ', 'fusil-dassaut'),
('chrome              ', 'fusil-de-chasse'),
('chrome              ', 'fusil-de-precision'),
('chrome              ', 'fusil-gros-gibier'),
('chrome              ', 'fusil-precision-lour'),
('chrome              ', 'g-link'),
('chrome              ', 'gilet-pare-balle'),
('chrome              ', 'grenade-defensive'),
('chrome              ', 'grenade-incapacitant'),
('chrome              ', 'grenade-lacrymogene'),
('chrome              ', 'grenade-offensive'),
('chrome              ', 'hache-dincendie'),
('chrome              ', 'helicoptere'),
('chrome              ', 'hotel-cercueil'),
('chrome              ', 'interface-neurale'),
('chrome              ', 'jambes-cybernetiques'),
('chrome              ', 'katana'),
('chrome              ', 'katana-moleculaire'),
('chrome              ', 'limousine-vip'),
('chrome              ', 'manteau-blinde'),
('chrome              ', 'medkit-basique'),
('chrome              ', 'medkit-intensif'),
('chrome              ', 'medkit-luxe'),
('chrome              ', 'medkit-superieur'),
('chrome              ', 'medkit-top-niveau'),
('chrome              ', 'minivan'),
('chrome              ', 'moto-routiere'),
('chrome              ', 'moto-sportive'),
('chrome              ', 'moto-tout-terrain'),
('chrome              ', 'nuit-dhopital'),
('chrome              ', 'pisto-mitrailleur'),
('chrome              ', 'pisto-mitrailleur-lo'),
('chrome              ', 'pistolet-leger'),
('chrome              ', 'pistolet-lourd'),
('chrome              ', 'pistolet-moyen'),
('chrome              ', 'poignard'),
('chrome              ', 'poignard-moleculaire'),
('chrome              ', 'poing-americain'),
('chrome              ', 'quartier-chic'),
('chrome              ', 'quartier-haute-secur'),
('chrome              ', 'quartier-pauvre'),
('chrome              ', 'quartier-surveille'),
('chrome              ', 'reflexes-cables-1'),
('chrome              ', 'reflexes-cables-2'),
('chrome              ', 'reflexologiciels-1'),
('chrome              ', 'reflexologiciels-2'),
('chrome              ', 'renforcement-muscu-1'),
('chrome              ', 'renforcement-muscu-2'),
('chrome              ', 'renforcement-vital-1'),
('chrome              ', 'renforcement-vital-2'),
('chrome              ', 'repas-nutrisoja'),
('chrome              ', 'restaurant'),
('chrome              ', 'sagaie'),
('chrome              ', 'semi-remorque'),
('chrome              ', 'sens-cybernetises'),
('chrome              ', 'shuriken'),
('chrome              ', 'survie-zone'),
('chrome              ', 'systeme-filtrant'),
('chrome              ', 'systeme-pherohormona'),
('chrome              ', 'systeme-sous-marin'),
('chrome              ', 'tissus-regenerant'),
('chrome              ', 'veste-blindee'),
('chrome              ', 'vetements-balistique'),
('chrome              ', 'zeppelin'),
('fixer               ', 'aerodyne-leger'),
('fixer               ', 'aerodyne-lourd'),
('fixer               ', 'aerodyne-moyen'),
('fixer               ', 'arc'),
('fixer               ', 'arme-cyber-contact'),
('fixer               ', 'arme-cyber-distance'),
('fixer               ', 'armure-dermale-1'),
('fixer               ', 'armure-dermale-2'),
('fixer               ', 'auto-4x4'),
('fixer               ', 'auto-berline'),
('fixer               ', 'auto-citadine'),
('fixer               ', 'auto-sportive'),
('fixer               ', 'autre'),
('fixer               ', 'avion-bombardier'),
('fixer               ', 'avion-chasseur'),
('fixer               ', 'avion-de-tourisme'),
('fixer               ', 'batte-de-base-ball'),
('fixer               ', 'berline-de-luxe'),
('fixer               ', 'blinde-leger'),
('fixer               ', 'bras-cybernetiques'),
('fixer               ', 'camion'),
('fixer               ', 'canon-scie'),
('fixer               ', 'carabine-a-repetitio'),
('fixer               ', 'chambre-dhotel'),
('fixer               ', 'char-dassaut'),
('fixer               ', 'couteau-de-lancer'),
('fixer               ', 'dirigeable'),
('fixer               ', 'electro-impact'),
('fixer               ', 'electrogants'),
('fixer               ', 'electromatraque'),
('fixer               ', 'epee-moleculaire'),
('fixer               ', 'foudroyeur'),
('fixer               ', 'fouet-monofilament'),
('fixer               ', 'fusil-a-pompe'),
('fixer               ', 'fusil-dassaut'),
('fixer               ', 'fusil-de-chasse'),
('fixer               ', 'fusil-de-precision'),
('fixer               ', 'fusil-gros-gibier'),
('fixer               ', 'fusil-precision-lour'),
('fixer               ', 'g-link'),
('fixer               ', 'gilet-pare-balle'),
('fixer               ', 'grenade-defensive'),
('fixer               ', 'grenade-incapacitant'),
('fixer               ', 'grenade-lacrymogene'),
('fixer               ', 'grenade-offensive'),
('fixer               ', 'hache-dincendie'),
('fixer               ', 'helicoptere'),
('fixer               ', 'hotel-cercueil'),
('fixer               ', 'interface-neurale'),
('fixer               ', 'jambes-cybernetiques'),
('fixer               ', 'katana'),
('fixer               ', 'katana-moleculaire'),
('fixer               ', 'limousine-vip'),
('fixer               ', 'manteau-blinde'),
('fixer               ', 'medkit-basique'),
('fixer               ', 'medkit-intensif'),
('fixer               ', 'medkit-luxe'),
('fixer               ', 'medkit-superieur'),
('fixer               ', 'medkit-top-niveau'),
('fixer               ', 'minivan'),
('fixer               ', 'moto-routiere'),
('fixer               ', 'moto-sportive'),
('fixer               ', 'moto-tout-terrain'),
('fixer               ', 'nuit-dhopital'),
('fixer               ', 'pisto-mitrailleur'),
('fixer               ', 'pisto-mitrailleur-lo'),
('fixer               ', 'pistolet-leger'),
('fixer               ', 'pistolet-lourd'),
('fixer               ', 'pistolet-moyen'),
('fixer               ', 'poignard'),
('fixer               ', 'poignard-moleculaire'),
('fixer               ', 'poing-americain'),
('fixer               ', 'quartier-chic'),
('fixer               ', 'quartier-haute-secur'),
('fixer               ', 'quartier-pauvre'),
('fixer               ', 'quartier-surveille'),
('fixer               ', 'reflexes-cables-1'),
('fixer               ', 'reflexes-cables-2'),
('fixer               ', 'reflexologiciels-1'),
('fixer               ', 'reflexologiciels-2'),
('fixer               ', 'renforcement-muscu-1'),
('fixer               ', 'renforcement-muscu-2'),
('fixer               ', 'renforcement-vital-1'),
('fixer               ', 'renforcement-vital-2'),
('fixer               ', 'repas-nutrisoja'),
('fixer               ', 'restaurant'),
('fixer               ', 'sagaie'),
('fixer               ', 'semi-remorque'),
('fixer               ', 'sens-cybernetises'),
('fixer               ', 'shuriken'),
('fixer               ', 'survie-zone'),
('fixer               ', 'systeme-filtrant'),
('fixer               ', 'systeme-pherohormona'),
('fixer               ', 'systeme-sous-marin'),
('fixer               ', 'tissus-regenerant'),
('fixer               ', 'veste-blindee'),
('fixer               ', 'vetements-balistique'),
('fixer               ', 'zeppelin'),
('ganger              ', 'aerodyne-leger'),
('ganger              ', 'aerodyne-lourd'),
('ganger              ', 'aerodyne-moyen'),
('ganger              ', 'arc'),
('ganger              ', 'arme-cyber-contact'),
('ganger              ', 'arme-cyber-distance'),
('ganger              ', 'armure-dermale-1'),
('ganger              ', 'armure-dermale-2'),
('ganger              ', 'auto-4x4'),
('ganger              ', 'auto-berline'),
('ganger              ', 'auto-citadine'),
('ganger              ', 'auto-sportive'),
('ganger              ', 'autre'),
('ganger              ', 'avion-bombardier'),
('ganger              ', 'avion-chasseur'),
('ganger              ', 'avion-de-tourisme'),
('ganger              ', 'batte-de-base-ball'),
('ganger              ', 'berline-de-luxe'),
('ganger              ', 'blinde-leger'),
('ganger              ', 'bras-cybernetiques'),
('ganger              ', 'camion'),
('ganger              ', 'canon-scie'),
('ganger              ', 'carabine-a-repetitio'),
('ganger              ', 'chambre-dhotel'),
('ganger              ', 'char-dassaut'),
('ganger              ', 'couteau-de-lancer'),
('ganger              ', 'dirigeable'),
('ganger              ', 'electro-impact'),
('ganger              ', 'electrogants'),
('ganger              ', 'electromatraque'),
('ganger              ', 'epee-moleculaire'),
('ganger              ', 'foudroyeur'),
('ganger              ', 'fouet-monofilament'),
('ganger              ', 'fusil-a-pompe'),
('ganger              ', 'fusil-dassaut'),
('ganger              ', 'fusil-de-chasse'),
('ganger              ', 'fusil-de-precision'),
('ganger              ', 'fusil-gros-gibier'),
('ganger              ', 'fusil-precision-lour'),
('ganger              ', 'g-link'),
('ganger              ', 'gilet-pare-balle'),
('ganger              ', 'grenade-defensive'),
('ganger              ', 'grenade-incapacitant'),
('ganger              ', 'grenade-lacrymogene'),
('ganger              ', 'grenade-offensive'),
('ganger              ', 'hache-dincendie'),
('ganger              ', 'helicoptere'),
('ganger              ', 'hotel-cercueil'),
('ganger              ', 'interface-neurale'),
('ganger              ', 'jambes-cybernetiques'),
('ganger              ', 'katana'),
('ganger              ', 'katana-moleculaire'),
('ganger              ', 'limousine-vip'),
('ganger              ', 'manteau-blinde'),
('ganger              ', 'medkit-basique'),
('ganger              ', 'medkit-intensif'),
('ganger              ', 'medkit-luxe'),
('ganger              ', 'medkit-superieur'),
('ganger              ', 'medkit-top-niveau'),
('ganger              ', 'minivan'),
('ganger              ', 'moto-routiere'),
('ganger              ', 'moto-sportive'),
('ganger              ', 'moto-tout-terrain'),
('ganger              ', 'nuit-dhopital'),
('ganger              ', 'pisto-mitrailleur'),
('ganger              ', 'pisto-mitrailleur-lo'),
('ganger              ', 'pistolet-leger'),
('ganger              ', 'pistolet-lourd'),
('ganger              ', 'pistolet-moyen'),
('ganger              ', 'poignard'),
('ganger              ', 'poignard-moleculaire'),
('ganger              ', 'poing-americain'),
('ganger              ', 'quartier-chic'),
('ganger              ', 'quartier-haute-secur'),
('ganger              ', 'quartier-pauvre'),
('ganger              ', 'quartier-surveille'),
('ganger              ', 'reflexes-cables-1'),
('ganger              ', 'reflexes-cables-2'),
('ganger              ', 'reflexologiciels-1'),
('ganger              ', 'reflexologiciels-2'),
('ganger              ', 'renforcement-muscu-1'),
('ganger              ', 'renforcement-muscu-2'),
('ganger              ', 'renforcement-vital-1'),
('ganger              ', 'renforcement-vital-2'),
('ganger              ', 'repas-nutrisoja'),
('ganger              ', 'restaurant'),
('ganger              ', 'sagaie'),
('ganger              ', 'semi-remorque'),
('ganger              ', 'sens-cybernetises'),
('ganger              ', 'shuriken'),
('ganger              ', 'survie-zone'),
('ganger              ', 'systeme-filtrant'),
('ganger              ', 'systeme-pherohormona'),
('ganger              ', 'systeme-sous-marin'),
('ganger              ', 'tissus-regenerant'),
('ganger              ', 'veste-blindee'),
('ganger              ', 'vetements-balistique'),
('ganger              ', 'zeppelin'),
('hacker              ', 'aerodyne-leger'),
('hacker              ', 'aerodyne-lourd'),
('hacker              ', 'aerodyne-moyen'),
('hacker              ', 'arc'),
('hacker              ', 'arme-cyber-contact'),
('hacker              ', 'arme-cyber-distance'),
('hacker              ', 'armure-dermale-1'),
('hacker              ', 'armure-dermale-2'),
('hacker              ', 'auto-4x4'),
('hacker              ', 'auto-berline'),
('hacker              ', 'auto-citadine'),
('hacker              ', 'auto-sportive'),
('hacker              ', 'autre'),
('hacker              ', 'avion-bombardier'),
('hacker              ', 'avion-chasseur'),
('hacker              ', 'avion-de-tourisme'),
('hacker              ', 'batte-de-base-ball'),
('hacker              ', 'berline-de-luxe'),
('hacker              ', 'blinde-leger'),
('hacker              ', 'bras-cybernetiques'),
('hacker              ', 'camion'),
('hacker              ', 'canon-scie'),
('hacker              ', 'carabine-a-repetitio'),
('hacker              ', 'chambre-dhotel'),
('hacker              ', 'char-dassaut'),
('hacker              ', 'couteau-de-lancer'),
('hacker              ', 'dirigeable'),
('hacker              ', 'electro-impact'),
('hacker              ', 'electrogants'),
('hacker              ', 'electromatraque'),
('hacker              ', 'epee-moleculaire'),
('hacker              ', 'foudroyeur'),
('hacker              ', 'fouet-monofilament'),
('hacker              ', 'fusil-a-pompe'),
('hacker              ', 'fusil-dassaut'),
('hacker              ', 'fusil-de-chasse'),
('hacker              ', 'fusil-de-precision'),
('hacker              ', 'fusil-gros-gibier'),
('hacker              ', 'fusil-precision-lour'),
('hacker              ', 'g-link'),
('hacker              ', 'gilet-pare-balle'),
('hacker              ', 'grenade-defensive'),
('hacker              ', 'grenade-incapacitant'),
('hacker              ', 'grenade-lacrymogene'),
('hacker              ', 'grenade-offensive'),
('hacker              ', 'hache-dincendie'),
('hacker              ', 'helicoptere'),
('hacker              ', 'hotel-cercueil'),
('hacker              ', 'interface-neurale'),
('hacker              ', 'jambes-cybernetiques'),
('hacker              ', 'katana'),
('hacker              ', 'katana-moleculaire'),
('hacker              ', 'limousine-vip'),
('hacker              ', 'manteau-blinde'),
('hacker              ', 'medkit-basique'),
('hacker              ', 'medkit-intensif'),
('hacker              ', 'medkit-luxe'),
('hacker              ', 'medkit-superieur'),
('hacker              ', 'medkit-top-niveau'),
('hacker              ', 'minivan'),
('hacker              ', 'moto-routiere'),
('hacker              ', 'moto-sportive'),
('hacker              ', 'moto-tout-terrain'),
('hacker              ', 'nuit-dhopital'),
('hacker              ', 'pisto-mitrailleur'),
('hacker              ', 'pisto-mitrailleur-lo'),
('hacker              ', 'pistolet-leger'),
('hacker              ', 'pistolet-lourd'),
('hacker              ', 'pistolet-moyen'),
('hacker              ', 'poignard'),
('hacker              ', 'poignard-moleculaire'),
('hacker              ', 'poing-americain'),
('hacker              ', 'quartier-chic'),
('hacker              ', 'quartier-haute-secur'),
('hacker              ', 'quartier-pauvre'),
('hacker              ', 'quartier-surveille'),
('hacker              ', 'reflexes-cables-1'),
('hacker              ', 'reflexes-cables-2'),
('hacker              ', 'reflexologiciels-1'),
('hacker              ', 'reflexologiciels-2'),
('hacker              ', 'renforcement-muscu-1'),
('hacker              ', 'renforcement-muscu-2'),
('hacker              ', 'renforcement-vital-1'),
('hacker              ', 'renforcement-vital-2'),
('hacker              ', 'repas-nutrisoja'),
('hacker              ', 'restaurant'),
('hacker              ', 'sagaie'),
('hacker              ', 'semi-remorque'),
('hacker              ', 'sens-cybernetises'),
('hacker              ', 'shuriken'),
('hacker              ', 'survie-zone'),
('hacker              ', 'systeme-filtrant'),
('hacker              ', 'systeme-pherohormona'),
('hacker              ', 'systeme-sous-marin'),
('hacker              ', 'tissus-regenerant'),
('hacker              ', 'veste-blindee'),
('hacker              ', 'vetements-balistique'),
('hacker              ', 'zeppelin'),
('mage                ', 'aerodyne-leger'),
('mage                ', 'aerodyne-lourd'),
('mage                ', 'aerodyne-moyen'),
('mage                ', 'auto-4x4'),
('mage                ', 'auto-berline'),
('mage                ', 'auto-citadine'),
('mage                ', 'auto-sportive'),
('mage                ', 'autre'),
('mage                ', 'avion-bombardier'),
('mage                ', 'avion-chasseur'),
('mage                ', 'avion-de-tourisme'),
('mage                ', 'berline-de-luxe'),
('mage                ', 'blinde-leger'),
('mage                ', 'camion'),
('mage                ', 'chambre-dhotel'),
('mage                ', 'char-dassaut'),
('mage                ', 'dirigeable'),
('mage                ', 'g-link'),
('mage                ', 'gilet-pare-balle'),
('mage                ', 'helicoptere'),
('mage                ', 'hotel-cercueil'),
('mage                ', 'limousine-vip'),
('mage                ', 'manteau-blinde'),
('mage                ', 'medkit-basique'),
('mage                ', 'medkit-intensif'),
('mage                ', 'medkit-luxe'),
('mage                ', 'medkit-superieur'),
('mage                ', 'medkit-top-niveau'),
('mage                ', 'minivan'),
('mage                ', 'moto-routiere'),
('mage                ', 'moto-sportive'),
('mage                ', 'moto-tout-terrain'),
('mage                ', 'nuit-dhopital'),
('mage                ', 'quartier-chic'),
('mage                ', 'quartier-haute-secur'),
('mage                ', 'quartier-pauvre'),
('mage                ', 'quartier-surveille'),
('mage                ', 'repas-nutrisoja'),
('mage                ', 'restaurant'),
('mage                ', 'semi-remorque'),
('mage                ', 'survie-zone'),
('mage                ', 'veste-blindee'),
('mage                ', 'vetements-balistique'),
('mage                ', 'zeppelin'),
('rigger              ', 'aerodyne-leger'),
('rigger              ', 'aerodyne-lourd'),
('rigger              ', 'aerodyne-moyen'),
('rigger              ', 'arc'),
('rigger              ', 'arme-cyber-contact'),
('rigger              ', 'arme-cyber-distance'),
('rigger              ', 'armure-dermale-1'),
('rigger              ', 'armure-dermale-2'),
('rigger              ', 'auto-4x4'),
('rigger              ', 'auto-berline'),
('rigger              ', 'auto-citadine'),
('rigger              ', 'auto-sportive'),
('rigger              ', 'autre'),
('rigger              ', 'avion-bombardier'),
('rigger              ', 'avion-chasseur'),
('rigger              ', 'avion-de-tourisme'),
('rigger              ', 'batte-de-base-ball'),
('rigger              ', 'berline-de-luxe'),
('rigger              ', 'blinde-leger'),
('rigger              ', 'bras-cybernetiques'),
('rigger              ', 'camion'),
('rigger              ', 'canon-scie'),
('rigger              ', 'carabine-a-repetitio'),
('rigger              ', 'chambre-dhotel'),
('rigger              ', 'char-dassaut'),
('rigger              ', 'couteau-de-lancer'),
('rigger              ', 'dirigeable'),
('rigger              ', 'electro-impact'),
('rigger              ', 'electrogants'),
('rigger              ', 'electromatraque'),
('rigger              ', 'epee-moleculaire'),
('rigger              ', 'foudroyeur'),
('rigger              ', 'fouet-monofilament'),
('rigger              ', 'fusil-a-pompe'),
('rigger              ', 'fusil-dassaut'),
('rigger              ', 'fusil-de-chasse'),
('rigger              ', 'fusil-de-precision'),
('rigger              ', 'fusil-gros-gibier'),
('rigger              ', 'fusil-precision-lour'),
('rigger              ', 'g-link'),
('rigger              ', 'gilet-pare-balle'),
('rigger              ', 'grenade-defensive'),
('rigger              ', 'grenade-incapacitant'),
('rigger              ', 'grenade-lacrymogene'),
('rigger              ', 'grenade-offensive'),
('rigger              ', 'hache-dincendie'),
('rigger              ', 'helicoptere'),
('rigger              ', 'hotel-cercueil'),
('rigger              ', 'interface-neurale'),
('rigger              ', 'jambes-cybernetiques'),
('rigger              ', 'katana'),
('rigger              ', 'katana-moleculaire'),
('rigger              ', 'limousine-vip'),
('rigger              ', 'manteau-blinde'),
('rigger              ', 'medkit-basique'),
('rigger              ', 'medkit-intensif'),
('rigger              ', 'medkit-luxe'),
('rigger              ', 'medkit-superieur'),
('rigger              ', 'medkit-top-niveau'),
('rigger              ', 'minivan'),
('rigger              ', 'moto-routiere'),
('rigger              ', 'moto-sportive'),
('rigger              ', 'moto-tout-terrain'),
('rigger              ', 'nuit-dhopital'),
('rigger              ', 'pisto-mitrailleur'),
('rigger              ', 'pisto-mitrailleur-lo'),
('rigger              ', 'pistolet-leger'),
('rigger              ', 'pistolet-lourd'),
('rigger              ', 'pistolet-moyen'),
('rigger              ', 'poignard'),
('rigger              ', 'poignard-moleculaire'),
('rigger              ', 'poing-americain'),
('rigger              ', 'quartier-chic'),
('rigger              ', 'quartier-haute-secur'),
('rigger              ', 'quartier-pauvre'),
('rigger              ', 'quartier-surveille'),
('rigger              ', 'reflexes-cables-1'),
('rigger              ', 'reflexes-cables-2'),
('rigger              ', 'reflexologiciels-1'),
('rigger              ', 'reflexologiciels-2'),
('rigger              ', 'renforcement-muscu-1'),
('rigger              ', 'renforcement-muscu-2'),
('rigger              ', 'renforcement-vital-1'),
('rigger              ', 'renforcement-vital-2'),
('rigger              ', 'repas-nutrisoja'),
('rigger              ', 'restaurant'),
('rigger              ', 'sagaie'),
('rigger              ', 'semi-remorque'),
('rigger              ', 'sens-cybernetises'),
('rigger              ', 'shuriken'),
('rigger              ', 'survie-zone'),
('rigger              ', 'systeme-filtrant'),
('rigger              ', 'systeme-pherohormona'),
('rigger              ', 'systeme-sous-marin'),
('rigger              ', 'tissus-regenerant'),
('rigger              ', 'veste-blindee'),
('rigger              ', 'vetements-balistique'),
('rigger              ', 'zeppelin');

-- --------------------------------------------------------

--
-- Table structure for table `cocy_profils_traits`
--

DROP TABLE IF EXISTS `cocy_profils_traits`;
CREATE TABLE IF NOT EXISTS `cocy_profils_traits` (
  `profil` varchar(20) NOT NULL,
  `sequence` tinyint(4) NOT NULL,
  `intitule` varchar(50) NOT NULL,
  `description` text NOT NULL,
  PRIMARY KEY (`profil`,`sequence`),
  KEY `cocy_profils_traits_profil` (`profil`)
) ENGINE=InnoDB DEFAULT CHARSET=utf8mb4 COLLATE=utf8mb4_general_ci;

-- --------------------------------------------------------

--
-- Table structure for table `cocy_proprietes_equipement`
--

DROP TABLE IF EXISTS `cocy_proprietes_equipement`;
CREATE TABLE IF NOT EXISTS `cocy_proprietes_equipement` (
  `code` varchar(20) NOT NULL,
  `intitule` varchar(50) NOT NULL,
  `defaut` varchar(250) DEFAULT NULL,
  PRIMARY KEY (`code`)
) ENGINE=InnoDB DEFAULT CHARSET=utf8mb4 COLLATE=utf8mb4_general_ci;

--
-- Dumping data for table `cocy_proprietes_equipement`
--

INSERT INTO `cocy_proprietes_equipement` (`code`, `intitule`, `defaut`) VALUES
('agi-vheicule', 'AGI', NULL),
('critique', 'Critique', '20'),
('def', 'DEF', NULL),
('dm1m', 'DM 1 main', NULL),
('dm2m', 'DM 2 mains', NULL),
('dmarc', 'DM Arc de feu', NULL),
('for-mini', 'FOR minimum', NULL),
('for-vehicule', 'FOR', NULL),
('portee', 'Portée', NULL),
('pv-vehicule', 'PV', NULL),
('rd', 'RD', NULL),
('soins', 'Soins', NULL),
('type-dimplant', 'Type d\'implant', NULL);

-- --------------------------------------------------------

--
-- Table structure for table `cocy_races`
--

DROP TABLE IF EXISTS `cocy_races`;
CREATE TABLE IF NOT EXISTS `cocy_races` (
  `race` varchar(20) NOT NULL,
  `intitule` varchar(50) NOT NULL,
  `mod_for` tinyint(4) DEFAULT NULL,
  `mod_dex` tinyint(4) DEFAULT NULL,
  `mod_con` tinyint(4) DEFAULT NULL,
  `mod_int` tinyint(4) DEFAULT NULL,
  `mod_sag` tinyint(4) DEFAULT NULL,
  `mod_cha` tinyint(4) DEFAULT NULL,
  `age_base` smallint(6) DEFAULT NULL,
  `esperance_vie` smallint(6) DEFAULT NULL,
  `taille_min` decimal(3,2) DEFAULT NULL,
  `taille_max` decimal(3,2) DEFAULT NULL,
  `poids_min` smallint(6) DEFAULT NULL,
  `poids_max` smallint(6) DEFAULT NULL,
  `type_race` varchar(5) DEFAULT NULL,
  PRIMARY KEY (`race`)
) ENGINE=InnoDB DEFAULT CHARSET=utf8mb4 COLLATE=utf8mb4_general_ci;

--
-- Dumping data for table `cocy_races`
--

INSERT INTO `cocy_races` (`race`, `intitule`, `mod_for`, `mod_dex`, `mod_con`, `mod_int`, `mod_sag`, `mod_cha`, `age_base`, `esperance_vie`, `taille_min`, `taille_max`, `poids_min`, `poids_max`, `type_race`) VALUES
('elfe', 'Elfe', -2, 2, -2, NULL, NULL, 2, NULL, NULL, NULL, NULL, NULL, NULL, NULL),
('nain', 'Nain', NULL, -2, 2, NULL, NULL, NULL, NULL, NULL, NULL, NULL, NULL, NULL, NULL),
('orc', 'Orc', 2, NULL, 2, -2, NULL, -2, NULL, NULL, NULL, NULL, NULL, NULL, NULL),
('troll', 'Troll', 4, -2, 4, -2, NULL, -4, NULL, NULL, NULL, NULL, NULL, NULL, NULL);

-- --------------------------------------------------------

--
-- Table structure for table `cocy_races_capacites`
--

DROP TABLE IF EXISTS `cocy_races_capacites`;
CREATE TABLE IF NOT EXISTS `cocy_races_capacites` (
  `race` varchar(20) NOT NULL,
  `capacite` varchar(20) NOT NULL,
  PRIMARY KEY (`race`,`capacite`),
  KEY `cocy_races_capacites_race` (`race`),
  KEY `cocy_races_capacites_capacite` (`capacite`)
) ENGINE=InnoDB DEFAULT CHARSET=utf8mb4 COLLATE=utf8mb4_general_ci;

--
-- Dumping data for table `cocy_races_capacites`
--

INSERT INTO `cocy_races_capacites` (`race`, `capacite`) VALUES
('elfe', 'vision-dans-le-noir'),
('nain', 'vision-dans-le-noir'),
('orc', 'vision-dans-le-noir'),
('troll', 'vision-dans-le-noir');

-- --------------------------------------------------------

--
-- Table structure for table `cocy_races_traits`
--

DROP TABLE IF EXISTS `cocy_races_traits`;
CREATE TABLE IF NOT EXISTS `cocy_races_traits` (
  `race` varchar(20) NOT NULL,
  `sequence` tinyint(4) NOT NULL,
  `intitule` varchar(50) NOT NULL,
  `description` text NOT NULL,
  PRIMARY KEY (`race`,`sequence`),
  KEY `cocy_races_traits_race` (`race`)
) ENGINE=InnoDB DEFAULT CHARSET=utf8mb4 COLLATE=utf8mb4_general_ci;

--
-- Dumping data for table `cocy_races_traits`
--

INSERT INTO `cocy_races_traits` (`race`, `sequence`, `intitule`, `description`) VALUES
('elfe', 2, 'Description', 'Les elfes sont grands et gracieux, mais fins et fragiles.'),
('nain', 2, 'Description', 'Les nains sont petits et trapus, très résistants, mais un peu lents.'),
('orc', 2, 'Description', 'Les orcs sont puissants et solidement bâtis, bien qu’un peu moins vifs d’esprit et séduisants selon les critères des races dominantes.'),
('troll', 2, 'Description', 'Les trolls sont des géants pouvant atteindre près de deux mètres cinquante. Leur peau comporte des excroissances épaisses et parfois même des protubérances pouvant ressembler à des cornes.');

-- --------------------------------------------------------

--
-- Table structure for table `cocy_types_capacite`
--

DROP TABLE IF EXISTS `cocy_types_capacite`;
CREATE TABLE IF NOT EXISTS `cocy_types_capacite` (
  `type_capacite` varchar(5) NOT NULL,
  `type_capacite_intitule` varchar(50) NOT NULL,
  `type_capacite_config` text DEFAULT NULL,
  PRIMARY KEY (`type_capacite`)
) ENGINE=InnoDB DEFAULT CHARSET=utf8mb4 COLLATE=utf8mb4_general_ci;

--
-- Dumping data for table `cocy_types_capacite`
--

INSERT INTO `cocy_types_capacite` (`type_capacite`, `type_capacite_intitule`, `type_capacite_config`) VALUES
('bkgd', 'Background', NULL),
('creat', 'Créatures', NULL),
('prest', 'Prestige', NULL),
('race', 'Raciale', NULL);

-- --------------------------------------------------------

--
-- Table structure for table `cocy_types_races`
--

DROP TABLE IF EXISTS `cocy_types_races`;
CREATE TABLE IF NOT EXISTS `cocy_types_races` (
  `type_race` varchar(5) NOT NULL,
  `type_race_intitule` varchar(50) NOT NULL,
  `type_race_config` text DEFAULT NULL,
  PRIMARY KEY (`type_race`)
) ENGINE=InnoDB DEFAULT CHARSET=utf8mb4 COLLATE=utf8mb4_general_ci;

-- --------------------------------------------------------

--
-- Table structure for table `cocy_types_voie`
--

DROP TABLE IF EXISTS `cocy_types_voie`;
CREATE TABLE IF NOT EXISTS `cocy_types_voie` (
  `type_voie` varchar(5) NOT NULL,
  `type_voie_intitule` varchar(50) NOT NULL,
  `type_voie_config` text DEFAULT NULL,
  PRIMARY KEY (`type_voie`)
) ENGINE=InnoDB DEFAULT CHARSET=utf8mb4 COLLATE=utf8mb4_general_ci;

--
-- Dumping data for table `cocy_types_voie`
--

INSERT INTO `cocy_types_voie` (`type_voie`, `type_voie_intitule`, `type_voie_config`) VALUES
('bkgd', 'Background', NULL),
('creat', 'Créatures', '{ \"ranks\": 3 }'),
('prest', 'Prestige', NULL);

-- --------------------------------------------------------

--
-- Table structure for table `cocy_voies`
--

DROP TABLE IF EXISTS `cocy_voies`;
CREATE TABLE IF NOT EXISTS `cocy_voies` (
  `voie` varchar(20) NOT NULL,
  `nom` varchar(50) NOT NULL,
  `notes` varchar(1024) DEFAULT NULL,
  `type` varchar(5) DEFAULT NULL,
  `pfx_deladu` char(1) NOT NULL,
  `equipement` varchar(1024) NOT NULL,
  PRIMARY KEY (`voie`)
) ENGINE=InnoDB DEFAULT CHARSET=utf8mb4 COLLATE=utf8mb4_general_ci;

--
-- Dumping data for table `cocy_voies`
--

INSERT INTO `cocy_voies` (`voie`, `nom`, `notes`, `type`, `pfx_deladu`, `equipement`) VALUES
('addict', 'Addict', 'La dépendance à une substance ou à une technologie a rythmé toute la vie de l’addict avant qu’il ne passe dans les ombres. Il avait bien une vie officielle de façade, mais l’addiction l’a rongé de l’intérieur. A priori, le personnage a désormais mis un terme à son addiction, sauf si le joueur souhaite le contraire.\r\nLa capacité Étiquette lui permet de reconnaître un autre addict ou de trouver un dealer, il bénéficie du bonus d’étiquette pour négocier avec eux ou obtenir des renseignements. Ce bonus s’applique aussi à tout test visant à se renseigner sur une nouvelle drogue et son mode de fonctionnement.', 'bkgd', '2', ''),
('armes-lourdes', 'Armes lourdes', 'Une voie tout en finesse. Rappelez-vous tout de même que se balader dans la rue avec ce type d’équipement provoque une intervention plus ou moins rapide des forces de l’ordre (selon le niveau de sécurité du lieu).', 'prest', '3', ''),
('arts-martiaux', 'Arts martiaux', 'Le personnage peut bénéficier des avantages de cette voie lorsqu’il combat à mains nues ou s’il utilise des implants cybernétiques comme les griffes ou les digilames.', 'prest', '3', ''),
('athlete', 'Athlète', 'L’athlète peut être un ancien sportif professionnel, souvent de sports violents, (Electric ball, Modern gladiator, Death running, etc.) ou encore un acteur de simsens spécialisé dans l’enregistrement d’évolutions corporelles extrêmes.', 'bkgd', '2', ''),
('avantages', 'Avantages', '', '', '3', ''),
('baston', 'Baston', '', '', '1', ''),
('champion', 'Champion', 'Cette voie est destinée à un héros redoutable ou un champion d’arts martiaux. Elle peut aussi être appliquée à une créature particulièrement redoutable. Les PNJ dotés de cette voie obtiennent une caractéristique supérieure (indiqué par un *) au choix parmi FOR, DEX ou CON.', 'creat', '0', ''),
('chef-darmee', 'Chef d\'armée', 'Cette voie permet de créer des groupes armés plus coriaces. Assignez au chef du groupe de 1 à 3 rangs, chaque rang augmente son NC de +1. \r\nLes PNJ dotés de cette voie obtiennent le CHA en caractéristique supérieure (indiqué par un *).', 'creat', '0', ''),
('chrome', 'Chrome', '', '', '0', ''),
('cogneur-creature', 'Cogneur', 'Les créatures dotées de cette capacité obtiennent la CON en caractéristique supérieure (indiqué par un *).', 'creat', '0', ''),
('colosse-creature', 'Colosse', 'Cette voie est à réserver aux créatures de grande taille, les capacités présentées n’affectent que les cibles de taille inférieure à la créature.\r\nLes créatures dotées de cette voie obtiennent la FOR en caractéristique supérieure (indiqué par un *).', 'creat', '0', ''),
('combataucontact', 'Combat au contact', '', '', '0', ''),
('commando', 'Commando', '', '', '0', ''),
('connecte', 'Connecté', 'Le connecté a passé une grande partie de sa vie dans la réalité virtuelle avant d’en émerger pour se plonger dans les ombres. Il pouvait être programmeur indépendant, travailler pour une corporation ou être juste un gosse de riche perdu dans l’autre monde, peu importe. Il fait partie de ce peuple numérique qui possède ses propres codes et reconnaît les siens à travers ces différences.', 'bkgd', '0', ''),
('corpo', 'Corpo', 'Le corpo était un salarié lambda d’une énorme compagnie, un monsieur costard sans couleur, sans odeur, sans nom, juste un numéro dans une entreprise qui s’occupait de tout pour lui en échange de sa capacité de travail et de l’annihilation de son libre arbitre. Dans toutes les compagnies, les corpos sont les mêmes et le personnage connaît par coeur leur mode de penser, ce qui lui confère un énorme avantage lorsqu’il doit traiter avec eux.', 'bkgd', '0', ''),
('creatures-volantes', 'Créatures volantes', 'Les créatures dotées de cette capacité obtiennent la SAG en caractéristique supérieure (indiqué par un *).', 'creat', '3', ''),
('cybercreatures', 'Cybercréatures', 'La créature gagne 10 PV supplémentaires par rang atteint dans la Voie.', 'creat', '3', ''),
('drain', 'Drain', 'La règle du drain étant réservée aux magiciens, cette voie n’est pas accessible aux autres profils.', 'prest', '0', ''),
('drones', 'Drones', '', '', '3', ''),
('enqueteur', 'Enquêteur', 'Le personnage avait une profession en rapport avec la recherche de renseignements, peut-être travaillait-il dans la police ou était-il détective privé. S’il travaillait pour une corpo, il passait plus de temps à l’extérieur qu’à l’intérieur, ce qui justifie l’utilisation de cette voie plutôt que celle du corpo. Quoi qu’il en soit, les limiers de tous horizons se reconnaissent entre eux.', 'bkgd', '2', ''),
('esprits', 'Esprits', '', '', '3', ''),
('etiquette', 'Etiquette', '', '', '2', ''),
('gaia', 'Gaïa', '', '', '1', ''),
('guerisseur', 'Guérisseur', '', '', '0', ''),
('gun-fu', 'Gun-fu', '', 'prest', '0', ''),
('homme-machine', 'Homme-machine', 'Cette voie de prestige permet simplement d’obtenir davantage d’implants. La plupart des personnages lui préféreront sans doute la Voie du chrome, plus intéressante, cette voie s’adresse plutôt à un Chromé qui en veut toujours plus ! \r\nLes rangs acquis dans la voie s’ajoutent à la difficulté des tests de cyberlose et le seuil de cyberlose augmente de 1 point par rang acquis (au lieu de 2 normalement). \r\nRequis : Avoir atteint le rang 5 dans la Voie des implants ou dans la Voie du chrome.', 'prest', '2', ''),
('implants', 'Implants', '', '', '3', ''),
('implants-alpha', 'Implants alpha', 'Au lieu de proposer de nouveaux implants, cette voie permet d’améliorer  les implants existants par une technologie de pointe.', 'prest', '3', ''),
('infiltration', 'Infiltration', '', '', '2', ''),
('mafieux', 'Mafieux', 'Le personnage appartenait à un clan mafieux, que ce soit les yakusas, les triades, la pègre hispanique ou italienne, etc. Il bénéficie de son bonus d’étiquette complet face aux membres de cette mafia et d’un bonus réduit à +3 face aux mafias concurrentes.', 'bkgd', '0', ''),
('magie-naturelle', 'Magie naturelle', 'Cette voie est réservée aux chamans.', 'prest', '1', ''),
('magie-pratique', 'Magie pratique', 'Cette voie peut être indifféremment choisie par un magicien ou un chaman. Pour un chaman, remplacer les Mod. d’INT par des Mod. de CHA.', 'prest', '1', ''),
('magie-tactique', 'Magie tactique', 'Cette voie peut être indifféremment choisie par un magicien ou un chaman. Pour un chaman, remplacer les Mod. d’INT par des Mod. de CHA.', 'prest', '1', ''),
('magie-toxique', 'Magie toxique', 'Cette voie représente une perversion de la magie de la nature que de nombreux chamans combattent. Selon certaines théories, sa pratique risque de condamner l’humanité en ouvrant des brèches vers des mondes et des créatures qui pourraient représenter notre Némésis.\r\nRequis : Cette voie est ouverte aux magiciens. Pour les chamans, cette voie est normalement interdite aux PJ, bien que des PNJ pourront en faire usage (avec des totems maléfiques réservés au PNJ). Dans tous les cas, elle est incompatible avec la Voie du guérisseur et la Voie de gaïa.', 'prest', '1', ''),
('magiedecombat', 'Magie de combat', '', '', '1', ''),
('magiementale', 'Magie mentale', '', '', '1', ''),
('mana', 'Mana', '', '', '1', ''),
('matrice', 'Matrice', '', '', '1', ''),
('meta-creatures', 'Méta-créatures', 'La créature gagne 10 PV supplémentaires par rang atteint dans la voie.', 'creat', '3', ''),
('meute', 'Meute', 'Les créatures qui comptent sur le nombre plutôt que la puissance individuelle, appartiennent à cette catégorie. Ce sont généralement des créatures de petite taille (exemples : les loups ou les hyènes, les gobelins et les kobolds) mais on trouve aussi quelques prédateurs plus gros (lionne, vélociraptor).\r\nLes créatures dotées de cette voie obtiennent la CON en caractéristique supérieure (indiqué par un *). Dans le cas où une créature est rencontrée seule, ignorez ces capacités et retranchez au NC de la créature le rang qu’elle possédait dans cette Voie.', 'creat', '1', ''),
('mondeastral', 'Monde astral', '', '', '0', ''),
('pnj-recurrent', 'PNJ récurrent', 'Cette voie est créée sur mesure pour un PNJ important et récurrent de votre campagne. Elle doit lui permettre de survivre à l’agressivité bien naturelle de vos PJ à son encontre et lui donner l’occasion de se tirer des plus mauvais pas pour mieux revenir plus tard… et le rendre encore plus détestable !\r\nLes créatures dotées de cette voie obtiennent l’INT et le CHA en caractéristiques supérieures (indiqué par un *).', 'creat', '0', ''),
('predateur', 'Prédateur', 'Les créatures dotées de cette voie obtiennent la DEX et la PER en caractéristique supérieure (indiqué par un *).', 'creat', '0', ''),
('pro', 'Pro', 'La Voie du pro est une voie relativement générique qui met l’accent sur la réputation d’excellent professionnel du personnage et sur sa longue expérience des ombres et de l’action.\r\nRequis : Avoir atteint le rang 5 dans une voie du profil du personnage.', 'prest', '0', ''),
('prouessesmentales', 'Prouesses mentales', '', '', '3', ''),
('prouessesphysiques', 'Prouesses physiques', '', '', '3', ''),
('puissant', 'Puissant', 'Le personnage était un corpo, mais pas un costume anonyme, du moins de son point de vue. Non, plutôt une huile, quelqu’un dont chaque décision pouvait affecter la vie de centaines, voire de milliers de salariés. Son bonus d’étiquette s’applique au milieu corpo de la même façon que pour la voie du corpo.\r\nS’il le souhaite, le personnage peut débuter avec une interface neurale gratuite (Voie des implants rang1).', 'bkgd', '0', ''),
('scientifique', 'Scientifique', 'Le personnage était un chercheur ou un ingénieur, que ce soit en université ou pour une corporation petite, moyenne ou grande.', 'bkgd', '0', ''),
('securite', 'Sécurité', 'Le personnage est un ancien agent de maintien de l’ordre ou de la sécurité, que ce soit un simple flic, un garde corpo ou un militaire.', 'bkgd', '1', ''),
('survie', 'Survie', '', '', '1', ''),
('tacticien', 'Tacticien', '', '', '0', ''),
('techos', 'Techos', '', '', '0', ''),
('terrain', 'Terrain', '', '', '0', ''),
('therapie-genique', 'Thérapie génique', 'Cette voie offre une autre vision des améliorations possibles pour un humain, une vision plus « naturelle » qui lorgne vers les posthumains. La thérapie génique n’ajoute ni ne remplace aucun organe, elle se contente de modifier, de muter voire d’ajouter des gènes, rendant à long terme l’individu supérieur aux humains ordinaires. Elle est réservée aux personnages qui n’ont pas bénéficié d’implants, car modifier les gènes d’un individu dont les bras et les jambes ne sont plus composés de tissus naturels est totalement inutile.\r\nToutefois, les effets de la thérapie géniques sont des effets à long terme, il faut de la patience et attendre un an entre chaque rang acquis.', 'prest', '1', ''),
('tireur', 'Tireur', '', '', '0', ''),
('tribu', 'Tribu', '', '', '1', ''),
('tueur-de-meta-creatu', 'Tueur de méta-créatures', 'Cette voie peut être choisie par des personnages qui ne sont pas des éveillés. Par exemple, un chromé pourrait se spécialiser dans l’éradication des créatures magiques.', 'prest', '0', ''),
('vehicules', 'Véhicules', '', '', '3', ''),
('zonard', 'Zonard', 'Le zonard était un laissé pour compte, un citoyen de seconde classe repoussé dans une banlieue miteuse et dangereuse sous la coupe des gangs. Il vivait de petits boulots, légaux ou non.', 'bkgd', '0', '');

-- --------------------------------------------------------

--
-- Table structure for table `cocy_voies_profils`
--

DROP TABLE IF EXISTS `cocy_voies_profils`;
CREATE TABLE IF NOT EXISTS `cocy_voies_profils` (
  `profil` varchar(20) NOT NULL,
  `voie` varchar(20) NOT NULL,
  PRIMARY KEY (`profil`,`voie`),
  KEY `cocy_voies_profils_voie` (`voie`),
  KEY `cocy_voies_profils_profil` (`profil`)
) ENGINE=InnoDB DEFAULT CHARSET=utf8mb4 COLLATE=utf8mb4_general_ci;

--
-- Dumping data for table `cocy_voies_profils`
--

INSERT INTO `cocy_voies_profils` (`profil`, `voie`) VALUES
('adepte              ', 'combataucontact'),
('adepte              ', 'mondeastral'),
('adepte              ', 'prouessesmentales'),
('adepte              ', 'prouessesphysiques'),
('chaman              ', 'esprits'),
('chaman              ', 'gaia'),
('chaman              ', 'guerisseur'),
('chaman              ', 'mondeastral'),
('chrome              ', 'chrome'),
('chrome              ', 'commando'),
('chrome              ', 'implants'),
('chrome              ', 'tireur'),
('fixer               ', 'avantages'),
('fixer               ', 'etiquette'),
('fixer               ', 'implants'),
('fixer               ', 'terrain'),
('ganger              ', 'baston'),
('ganger              ', 'implants'),
('ganger              ', 'survie'),
('ganger              ', 'tribu'),
('hacker              ', 'implants'),
('hacker              ', 'infiltration'),
('hacker              ', 'matrice'),
('hacker              ', 'tacticien'),
('mage                ', 'magiedecombat'),
('mage                ', 'magiementale'),
('mage                ', 'mana'),
('mage                ', 'mondeastral'),
('rigger              ', 'drones'),
('rigger              ', 'implants'),
('rigger              ', 'techos'),
('rigger              ', 'vehicules');

-- --------------------------------------------------------

--
-- Table structure for table `coc_capacites`
--

DROP TABLE IF EXISTS `coc_capacites`;
CREATE TABLE IF NOT EXISTS `coc_capacites` (
  `capacite` varchar(20) NOT NULL,
  `nom` varchar(50) NOT NULL,
  `limitee` tinyint(1) DEFAULT NULL,
  `sort` tinyint(1) DEFAULT NULL,
  `type` varchar(5) DEFAULT NULL,
  `description` text NOT NULL,
  PRIMARY KEY (`capacite`)
) ENGINE=InnoDB DEFAULT CHARSET=utf8mb4 COLLATE=utf8mb4_general_ci;

--
-- Dumping data for table `coc_capacites`
--

INSERT INTO `coc_capacites` (`capacite`, `nom`, `limitee`, `sort`, `type`, `description`) VALUES
('5050', '50/50', 0, 0, '', 'Dans son domaine, le personnage divise par deux le coût et le temps nécessaire pour accéder à du matériel, de plus il peut obtenir du matériel rare ou illégal.'),
('6eme-sens', '6ème sens', 0, 0, '', 'Le personnage sait toujours légèrement en avance ce qui va arriver. Il gagne un bonus de +2 en DEF, en Initiative et à tous les tests pour éviter d’être surpris.'),
('a-lecoute', 'A l\'écoute', 0, 0, '', 'Le personnage sait écouter et mettre les autres à l’aise pour obtenir leurs confidences. Il gagne un bonus de +2 par rang atteint dans cette voie aux tests de PER effectués pour analyser l’état émotionnel de ses interlocuteurs et aux tests de CHA pour obtenir un aveu.'),
('acceleration', 'Accélération', 1, 0, '', 'Le personnage accélère son métabolisme, il gagne une action supplémentaire par tour (au choix, une action d’attaque ou de mouvement) pendant [1d6 + Mod. d’INT] tours. À partir du rang 5, il gagne de plus un bonus de +2 en Init. et en attaque pour toute la durée du pouvoir.'),
('acrobate', 'Acrobate', 0, 0, '', 'Le personnage reçoit un bonus de +5 pour tous les tests de DEX destinés à grimper, sauter ou tenir en équilibre. De plus, il ne subit pas de malus en attaque lorsqu’il se trouve en équilibre précaire et réduit tous les DM des chutes du rang atteint dans cette voie.'),
('adaptation', 'Adaptation', 0, 0, '', 'Désormais, le personnage ne subit aucun malus pour l’utilisation d’objets de haute technologie (armes à feu), ni en mécanique, ni en informatique.'),
('adaptation-aquatique', 'Adaptation aquatique', 0, 0, '', 'Le personnage est capable de respirer sous l’eau, il ne subit aucun malus lorsqu’il combat dans l’eau et il n’est pas ralenti. Il peut nager à une profondeur d’environ 200 mètres.'),
('adaptation-heroique', 'Adaptation héroïque', 0, 0, '', 'Le personnage augmente de +2 ses valeurs de PER et de CON.'),
('adaptation-martiale', 'Adaptation martiale', 0, 0, '', 'Désormais, le personnage ne souffre plus de pénalité lorsqu’il utilise une arme à feu ou toute autre arme technologiquement avancée.'),
('agilite-surhumaine', 'Agilité surhumaine', 0, 0, '', 'Le personnage obtient un bonus de +1 en attaque au contact, en DEF et en Init. par rang atteint dans la voie. Il obtient un bonus de +5 à tous les tests d’acrobatie, d’escalade, de saut, de course, d’équilibre ou d’esquive.'),
('agripper', 'Agripper', 0, 0, 'creat', 'Sur un résultat de 15-20 au d20 en attaque, la créature agrippe sa proie et ne la lâche plus. Elle obtient un bonus de +5 en attaque et +1d6 aux DM contre la cible qu’elle agrippe et celle-ci est Immobilisée si elle est de taille inférieure. La victime peut essayer de se libérer au prix d’une action de mouvement en réussissant un test de FOR opposé.'),
('ajuster', 'Ajuster', 0, 0, '', 'Le personnage obtient un bonus de +2 en attaque avec les armes à feu jusqu’à la portée de base de l’arme.'),
('allegement', 'Allègement', 0, 0, '', 'Ce pouvoir permet de réduire la gravité de façon localisée, le personnage peut ainsi soulever des choses qui semblent beaucoup trop lourdes pour lui. Il obtient un bonus de +2 par rang à aux tests de FOR destinés à soulever des objets. À partir du rang 3, le personnage peut alléger son propre corps, de façon à ne pas subir les DM d’une chute, au prix d’une action gratuite. Il peut aussi alléger une cible volontaire à une portée de 20 mètres par une action de mouvement.'),
('ami-de-la-nature', 'Ami de la nature', 0, 0, '', 'Le personnage a l’habitude de se déplacer dans la nature. Il obtient un bonus de +2 par rang atteint dans cette voie à tous les tests de survie en milieu naturel et +1 par rang atteint dans cette voie à son initiative lorsqu’un combat survient dans un tel environnement.'),
('amitie', 'Amitié', 1, 1, '', 'Si le personnage réussit un test d’attaque magique opposé (portée 10 m) contre le score max de PV d’une cible humanoïde, celle-ci se comporte comme un ami de longue date tant qu’elle n’est pas attaquée. Elle peut résister au sort avec un test d’INT difficulté [12 + Mod. d’INT], renouvelable une fois par jour.'),
('apaiser-la-douleur', 'Apaiser la douleur', 1, 0, '', 'Le personnage apaise la cible et la soigne en dissipant sa rage. La cible récupère [4d6 + Mod. de CON du patient] PV pour chaque point de rage qu’elle dépense.'),
('appel-a-la-meute', 'Appel à la meute', 1, 0, '', 'Une fois par nuit, le personnage peut convoquer une meute d’une quinzaine de loups normaux. Les loups menacent ou attaquent pour le personnage pendant [5 + Mod. de CHA] tours. Ils infligent automatiquement 1d6 DM à chaque adversaire présent dans une zone de 10 mètres de diamètre ou se concentrent sur un seul adversaire. Dans ce cas, chaque tour, un test d’attaque magique réussi permet d’infliger 3d6 DM à la cible.'),
('appel-a-un-ami', 'Appel à un ami', 0, 0, '', 'Une fois par jour, le personnage peut demander de l’aide à un ami : renseignement, coup de main, etc. Il doit réussir un test de CHA difficulté 10 si le service est du domaine de la routine, de 15 si le service est difficile ou s’il peut présenter un risque, et de 20 si le service fait appel à une information secrète ou s’il met ouvertement l’allié en danger.'),
('arme-de-predilection', 'Arme de prédilection', 0, 0, '', 'Le personnage choisit une arme de prédilection (arme de contact), il gagne un bonus de +1 en attaque lorsqu’il utilise cette arme. De plus, lorsqu’il utilise une arme légère (couteau, rapière) ou qu’il combat à mains nues, il peut choisir son Mod. de DEX au lieu de celui de FOR pour calculer son score d’attaque au contact.'),
('arme-enflammee', 'Arme enflammée', 1, 1, '', 'Le personnage peut enflammer une arme (mais pas une arme à feu) pour [5 + Mod. d’INT] tours. Celle-ci inflige +1D6 DM de feu.'),
('arme-intangible', 'Arme intangible', 1, 0, '', 'Le personnage peut rendre son arme immatérielle pour ignorer l’armure de sa cible et infliger une blessure létale directement aux organes vitaux. Le personnage réalise une attaque au contact directement contre la valeur de DEX de sa cible. En cas de succès, il ignore toutes les capacités de Réduction des DM, il ajoute +2d6 aux DM normaux de son attaque et la victime doit réaliser un test de CON difficulté [10 + Mod. de DEX] ou subir une blessure grave.'),
('armure-de-foi', 'Armure de foi', 0, 0, '', 'Le personnage obtient un bonus de +2 en DEF contre tous les types d’attaque. Ce bonus passe à +3 au rang 4 de la voie.'),
('armure-de-glace', 'Armure de glace', 1, 0, '', 'Le personnage crée autour de lui une armure de glace ou se transforme lui-même en glace (au choix) pour une durée de [1d6 + Mod. de CON] tours. Il gagne +5 en DEF et une réduction des DM de feu de 10 points, il est immunisé aux DM de froid. Lorsqu’il attaque à mains nues, il inflige [1d8 + Mod. de FOR] DM et la cible est Ralentie pendant 1 tours si elle rate un test de CON difficulté 15.'),
('arracher', 'Arracher', 1, 0, '', 'Le personnage peut arracher un objet métallique des mains d’une cible par rang à une portée de 20 mètres. Il doit réussir un test d’attaque magique contre la valeur de FOR de la cible. Les objets sont projetés aux pieds du personnage ou, au contraire, au loin à une distance de 20 mètres.'),
('arret-du-temps', 'Arrêt du temps', 1, 0, '', 'Le personnage arrête le temps pendant [1d6 + Mod. d’INT] tours. Lui seul peut agir à sa guise pendant cette période, utiliser des capacités, se déplacer et déplacer des objets, tant qu’il ne touche pas un être vivant (à part lui-même) ou n’interagit pas avec lui. Dans le cas d’un contact (même magique), le temps reprend instantanément son cours normal.'),
('arts-martiaux', 'Arts martiaux', 0, 0, '', 'Lorsqu’il combat à mains nues, le personnage inflige [1d4 + Mod. de FOR] DM (létaux ou temporaires, au choix). Le dé de DM passe à 1d6 au rang 3 atteint dans cette voie et à 1d8 au rang 5. De plus, le personnage obtient un bonus de +1 par rang en DEF contre les attaques au contact (sauf en cas de surprise) et à tous les tests de DEX destinés à esquiver.'),
('as-des-as', 'As des as', 0, 0, '', 'Le personnage lance deux dés et garde le meilleur résultat à chaque fois qu’il réalise un test au volant d’un véhicule (pilotage, évitement, attaque, etc.). De plus, il augmente sa valeur de DEX de +2.'),
('aspect-de-la-succube', 'Aspect de la succube', 1, 1, '', 'Le personnage acquiert une beauté fascinante pour [5 + Mod. d’INT] tours. Il gagne un bonus de +5 aux tests de CHA ainsi qu’une attaque au contact nécessitant un test d’attaque magique et qui inflige [1d4 + Mod. de CHA] DM. Ces DM sont transformés en PV, au bénéfice du personnage (sans dépasser son score max de PV).'),
('aspect-du-demon', 'Aspect du démon', 1, 1, '', 'Le personnage prend l’apparence d’un démon pendant [5 + Mod. d’INT] tours. Il gagne + 2 en attaque au contact, en DEF et à tous les tests physiques (FOR, DEX, CON). Il peut faire deux attaques de griffes à 1d6+4 DM à chaque tour, en action limitée (une seule en action d’attaque). Ne se cumule pas avec l’aspect de la succube.'),
('asphyxie', 'Asphyxie', 1, 1, '', 'Si le personnage réussit son test d’attaque magique (avec une portée de 20 m), la créature ciblée est privée d’air. La victime étouffe progressivement et subit 1d6 DM par tour pendant [1 + Mod. d’INT] tours. Si le lanceur de sort perd conscience, le sort cesse immédiatement. En revanche s’éloigner hors de portée ne met pas fin au sort.'),
('aspirer-le-venin', 'Aspirer le venin', 0, 0, '', 'En léchant une plaie, le personnage peut retirer le venin d’une blessure et annuler les effets d’un poison. Lui-même devient immunisé aux poisons et aux maladies. De plus, il peut soigner un humain infecté par la lycanthropie depuis moins de 3 jours.'),
('assimilation-de-pouv', 'Assimilation de pouvoir', 1, 0, '', 'Une fois par tour, lorsqu’il est la cible d’un pouvoir, le personnage peut faire un test de PER de difficulté [10 + rang du pouvoir] pour assimiler ce pouvoir et devenir capable de l’utiliser à son tour pour une durée de [1d6 + Mod. de CHA] tours. Cela n’empêche pas le pouvoir initial de produire ses effets normaux sur le personnage. Un pouvoir assimilé compte pour un pouvoir reproduit.'),
('attaque-acrobatique', 'Attaque acrobatique', 1, 0, '', 'Le personnage remplace un test d’attaque au contact par un test opposé de DEX. S’il gagne, il inflige à son adversaire des DM correspondant à l’arme employée et ajoute +1d6 DM.'),
('attaque-bondissante', 'Attaque bondissante', 1, 0, '', 'Le personnage effectue un mouvement de 20 mètres et peut faire une attaque de griffe et une attaque de morsure. Désormais, le personnage se déplace de 30 mètres par action de mouvement et, s’il chute, il réduit la hauteur de 10 mètres.'),
('attaque-deloyale', 'Attaque déloyale', 0, 0, '', 'Quand il attaque un adversaire dans le dos ou alors que celui-ci est Surpris, le personnage inflige 1d6 points de DM supplémentaires (ces dés ne sont pas multipliés en cas de critique). Ce bonus passe à 2d6 au rang 5.'),
('attaque-en-pique', 'Attaque en piqué', 0, 0, '', 'S’il vole sur une distance d’au moins 10 mètres avant d’effectuer une action d’attaque, le personnage obtient un bonus de +1 en attaque et +1d6 aux DM sur sa première attaque au contact. Ces bonus sont doublés au rang 5 de la voie.'),
('attaque-en-traitre', 'Attaque en traître', 1, 0, 'creat', 'Si la créature attaque en même temps qu’un allié (elle peut volontairement retarder son initiative), de dos ou par surprise, elle réalise une attaque sournoise avec un bonus de +3 en attaque et +2d6 aux DM.'),
('attaque-finale', 'Attaque finale', 1, 0, '', 'À chaque fois qu’il réalise une attaque au contact – succès ou échec, attaque simple, capacité limitée, etc. – contre une créature, le joueur note un point de combo sur celle-ci. Lorsqu’il réalise l’attaque finale, le personnage obtient un bonus de +1 en attaque et +1d6 aux DM par point de combo accumulés sur cette créature. Une seule attaque finale peut être infligée à une créature pendant un combat. Les DM de base sont ceux qui correspondent à l’arme utilisée ou la capacité utilisée.'),
('attaque-mentale', 'Attaque mentale', 1, 0, '', 'Arrivé à ce niveau de pouvoir, tous les mutants psy-actifs sont capables de produire une attaque mentale par surcharge massive des stimuli neurosensoriels de la victime. Le personnage fait un test d’attaque magique (portée 30 mètres) contre la valeur d’INT de sa victime et inflige [2d6 + Mod. d’INT] DM en cas de réussite.'),
('attaque-mentale-de-m', 'Attaque mentale de masse', 1, 0, '', 'Le personnage fait un test d’attaque magique et inflige [2d6 + Mod. d’INT] DM à toutes les cibles de son choix dont il a au moins atteint la valeur d’INT dans un rayon de 10 mètres autour de lui. Les mutants psycho-actifs peuvent tenter un test d’attaque magique opposé pour résister à ce pouvoir.'),
('attaque-perfide', 'Attaque perfide', 0, 0, '', 'Le personnage obtient un bonus de +1d6 aux DM à chaque fois qu’il attaque en situation de supériorité numérique, par surprise, de dos ou s’il frappe un adversaire au sol ou sans défense.'),
('attaque-perfide-lg', 'Attaque perfide', 1, 0, '', 'Quand il attaque un adversaire dans le dos ou par surprise, le personnage inflige 1d6 DM supplémentaire par rang atteint dans la voie (ne pas multiplier ces dés en cas de critique).'),
('attaque-puissante', 'Attaque puissante', 0, 0, '', 'Pour chaque attaque au contact effectuée, le personnage peut choisir d’utiliser un d12 en attaque au contact au lieu du d20 habituel. Si une telle attaque est réussie, il ajoute +2d6 aux DM.'),
('attaque-sonore', 'Attaque sonore', 1, 1, '', 'Le personnage pousse un cri dont les effets sont dévastateurs (ou produit un son avec un instrument à cette même fin). Sur un test d’attaque magique réussi, il inflige [1d6 + Mod. de CHA] DM à toutes les cibles lui faisant face sur une portée de 10 m.'),
('attaques-sanglantes', 'Attaques sanglantes', 0, 0, '', 'À chaque fois qu’il obtient le résultat maximum sur un dé de DM d’une attaque de griffe ou de morsure, le personnage provoque une hémorragie. La victime subit +1 DM chaque tour jusqu’à ce que des soins lui soient prodigués. Les DM de saignement de plusieurs blessures ne se cumulent pas.'),
('attraction-irresisti', 'Attraction irrésistible', 1, 0, '', 'Le vampire peut attirer à lui jusqu’à une cible par rang atteint dans la voie avec une portée de 30 m. Les personnes ciblées peuvent résister avec un test de CHA de difficulté [10 + Mod. de CHA]. Le vampire peut, à la place, choisir de repousser ces cibles. Les victimes du pouvoir utilisent leur prochain tour pour s’éloigner ou s’approcher du vampire au mieux de leurs capacités, même si cela les amène à prendre des risques inconsidérés comme par exemple sauter d’une falaise.'),
('au-dela-apparences-f', 'Au-delà des apparences', 0, 0, '', 'Le personnage est capable de détecter la vraie nature d’un être en l’observant. En réussissant un test de PER de difficulté égale à [10 + niveau de la cible], il peut déterminer s’il s’agit d’un humain ordinaire ou d’un Surhumain. En cas de succès, s’il passe un tour complet à examiner son aura, il peut percer son déguisement et déterminer sa véritable nature (type d’être féerique ou de Surhumain) en réussissant un test opposé d’attaque magique. Un seul test peut être tenté par créature.'),
('au-dela-des-apparenc', 'Au-delà des apparences', 1, 0, '', 'En se concentrant, le personnage voit à travers les illusions comme si elles n’existaient pas, le tout sur une portée de 20 mètres. Il perce à jour tout déguisement, métamorphose magique ou possession d’une créature si la cible observée est de niveau inférieur au sien. Cela permet également de détecter un démon incarné en humain, de voir les créatures invisibles ou cachées.'),
('au-nom-du-tres-haut', 'Au nom du très haut', 0, 0, '', 'Le personnage peut convertir de façon officielle un être humain à sa religion et le mettre au service des forces du bien, la définition du « bien » variant selon la religion et le supérieur hiérarchique direct du personnage. Les actions et les tests nécessaires pour obtenir cette conversion sont dictés par le cours du jeu et déterminés par le meneur de jeu. Le converti devient un allié dévoué du personnage, il gagne les avantages de la Prière et peut éventuellement faire l’acquisition de la Voie sainte au rang 1.'),
('au-pied-du-mur', 'Au pied du mur', 0, 0, '', 'Le personnage ignore les effets des blessures graves sur ses tests d’attaque et de FOR, il continue à utiliser un d20 au lieu d’un d12. De plus, arrivé à 0 PV, il peut encore effectuer une dernière action à son tour (attaque ou mouvement) avant de sombrer dans l’inconscience.'),
('baigne-par-la-nuit', 'Baigné par la nuit', 0, 0, '', 'Le vampire gagne un bonus de +5 à ses tests de discrétion. De plus, tant qu’il reste immobile dans les ombres, il faut un test de PER de difficulté 20 pour le détecter.'),
('baiser-de-la-goule', 'Baiser de la goule', 0, 0, '', 'Le vampire peut créer une goule à son service. S’il s’agit d’un humain ou même d’un Surhumain, celui-ci garde toutes ses capacités et ses caractéristiques, mais bénéficie des avantages d’une goule (voir la description des goules).'),
('balayage', 'Balayage', 0, 0, 'creat', 'La créature utilise sa grande taille pour affecter plusieurs créatures face à elle d’un seul coup de patte/arme. Si plusieurs cibles sont présentes face à elle, son attaque affecte deux créatures (dans un arc de 180°). Faire un seul test d’attaque et le comparer à la DEF de chaque cible. Sa résistance aux DM passe à 6 (RD 6).'),
('beau-comme-un-dieu', 'Beau comme un dieu', 0, 0, '', 'Le personnage est d’une beauté fantastique. Il gagne un bonus de +1 par rang dans la voie à sa valeur de CHA et obtient un bonus de +5 à tous les tests de séduction. À partir du rang 3, lorsqu’un test de CHA lui est demandé, il lance deux d20 et ne garde que le meilleur résultat.'),
('beau-parleur', 'Beau parleur', 0, 0, '', 'Le personnage sait convaincre, séduire ou mentir. Il gagne un bonus de +1 par rang atteint dans cette voie aux tests de CHA ou d’INT en rapport avec ce type d’actions.'),
('bete-de-combat', 'Bête de combat', 0, 0, '', 'Le personnage gagne +1 en attaque au contact, +2 en DEF et +4 en Init.'),
('bolide', 'Bolide', 0, 0, '', 'Le personnage gagne une action de mouvement supplémentaire par tour (ce qui augmente sa vitesse de course à 180 km/h). En sacrifiant au choix 1d4 PV ou 1 PC, il peut gagner une action d’attaque supplémentaire à la place de cette action de mouvement.'),
('bond-quantique', 'Bond quantique', 1, 0, '', 'Le personnage « saute » dans le futur de [1d6 + rang] tours au maximum. Il disparaît et réapparaît au même endroit le moment venu. Le joueur n’a pas besoin de choisir à l’avance la durée du pouvoir, il fait réapparaître son personnage au tour de son choix dans la limite de la durée maximum définie. Si un objet ou un être occupe l’espace où il doit arriver, il se matérialise au plus proche espace disponible et subit 1d6 DM. À partir du rang 4, il suffit d’une action de mouvement au personnage pour utiliser cette capacité.'),
('bouclier', 'Bouclier', 1, 0, '', 'Le médium utilisé par le personnage lui permet de fabriquer un bouclier une fois par tour en action gratuite. Ce bouclier peut au choix protéger seulement le personnage, toutes les créatures autour de lui dans un rayon de 2 mètres ou encore un seul allié à une portée de 10 mètres. Le personnage fait un test de DEX opposé au test d’attaque de l’attaquant, en cas de réussite, le bouclier intercepte un total de 15 points de DM.'),
('bouclier-psy', 'Bouclier psy', 1, 0, '', 'Lorsqu’il active ce pouvoir, le personnage protège un maximum d’une personne par rang plus lui-même de toute intrusion mentale (domination, lecture des pensées, etc.). Toutes les cibles doivent être dans un rayon de 10 mètres autour de lui. Une fois qu’il a été initié par une action limitée, le bouclier mental peut être maintenu par une action mouvement à chaque tour. De plus, le personnage obtient un bonus de +5 à tous les tests de volonté ou pour résister à des pouvoirs mentaux (+5 en DEF contre les attaques mentales, tests opposés, etc.) et cet effet est actif en permanence.'),
('brise-fer', 'Brise-fer', 0, 0, '', 'À mains nues, le personnage inflige [1d6 + Mod. de FOR] DM létaux et il inflige aussi des DM aux structures multipliés par deux lorsqu’il utilise une arme ou un outil.'),
('brouillard-dense', 'Brouillard dense', 1, 0, '', 'Le personnage fait apparaître un brouillard dense qui limite la vision pendant [1d6 + Mod. de CHA] minutes, la surface de la nappe est de 20 mètres de rayon par rang. La vision et les attaques à distances y sont limitées à 5 mètres.'),
('brutalisation', 'Brutalisation', 1, 0, '', 'Une fois par combat, après avoir réussi une attaque à mains nues avec un résultat de 15-20 au test d’attaque contre une cible possédant une FOR inférieure à la sienne, le personnage l’agrippe par un membre, la secoue en tous sens, la cogne au sol ou sur les murs et la roue de coups. Il inflige [4d6 + Mod. de FOR] DM et la victime doit faire un test de CON de difficulté égale à la FOR du personnage ou être assommée pour 1d6 tours (au sol, incapable d’agir).'),
('cameleon-tenebreux', 'Caméléon ténébreux', 1, 0, '', 'Dans le noir ou la pénombre, le personnage devient totalement invisible au prix d’une action de mouvement, l’effet dure tant qu’il ne bouge pas. Au prix d’un point de rage, il peut garder cet effet en action même si la lumière éclaire la scène. Le personnage gagne un bonus de +5 en DEF contre toutes les attaques à distance pendant 5 tours après avoir activé cette capacité.'),
('capitaine', 'Capitaine', 0, 0, 'creat', 'Le capitaine donne un bonus de +2 en initiative, en attaque et aux DM à tous les soldats sous ses ordres à portée de vue. De plus, le capitaine bénéficie d’une attaque supplémentaire à chaque tour lorsqu’il utilise une action limitée.'),
('catapulter', 'Catapulter', 1, 0, '', 'Après avoir réussi une attaque à mains nues avec un résultat de 15 à 20 au test d’attaque contre une cible possédant une FOR inférieure à la sienne, le personnage peut choisir de la lancer/projeter à une distance de 10 mètres. En cas de réussite, l’attaque inflige [3d6 + Mod. de FOR] DM (à la place des DM normaux) et la victime tombe au sol à moins de réussir un test de DEX difficulté 15. Alternativement, le personnage peut catapulter un allié possédant une FOR inférieure à la sienne à une hauteur ou une distance de 10 mètres sans lui infliger de DM.'),
('celebre', 'Célèbre', 0, 0, '', 'Le personnage est à présent un artiste reconnu. Sa célébrité lui donne accès à bien des lieux de pouvoir et les gens simples considèrent sa seule présence comme un honneur. Il obtient un bonus de +5 à tous ses tests de CHA et, une fois par aventure, le MJ peut accorder au personnage l’intervention d’un personnage puissant en sa faveur.'),
('celerite-odieuse', 'Célérité odieuse', 0, 0, '', 'Le personnage gagne une action de mouvement supplémentaire par tour. De plus, au prix d’une action de mouvement par tour, il peut s’accrocher et évoluer sur les murs et les plafonds comme une araignée.'),
('chaine-declairs', 'Chaîne d’éclairs', 1, 0, '', 'Ce pouvoir produit les mêmes effets que Foudre mais, après avoir percuté une première cible, l’effet « rebondit » sur une autre cible située à moins de 10 mètres du personnage. Une cible supplémentaire peut être affectée (pour un maximum de trois cibles) au rang 5 de la voie. 5. Forme électrique (L)'),
('chair-a-canon', 'Chair à canon', 0, 0, 'creat', 'Une fois par tour, le PNJ peut décider qu’une attaque qui le visait touche à la place un de ses sousfifres situé à moins de 3 mètres et venu s’interposer (ou derrière lequel il s’est mis à couvert). Le PNJ gagne un bonus de +3 en DEF tant que des sous-fifres sont positionnés à moins de 3 mètres de lui.'),
('chair-morte', 'Chair morte', 0, 0, '', 'Le vampire gagne une réduction de DM supplémentaire de 1 par rang atteint dans la voie. Cependant, désormais, il est aussi vulnérable aux armes en argent et celles-ci lui infligent des DM normaux (aucune RD).'),
('champ-magnetique', 'Champ magnétique', 1, 0, '', 'Le personnage crée autour de lui un puissant champ répulsif de 1 à 5 mètres de rayon (au choix). Les projectiles métalliques ne peuvent le traverser et toute créature porteuse de métal doit réussir un test de FOR dont la difficulté est égale à la valeur d’INT + 5 du personnage pour pouvoir l’attaquer au contact à chaque tour. À partir du rang 5, le personnage n’a besoin que d’une action de mouvement pour maintenir le Champ magnétique.'),
('chanceux', 'Chanceux', 0, 0, '', 'Le personnage gagne 2 points de chance supplémentaires par rang atteint dans la voie. Si vous jouez des Superhéros (voir plus loin), distinguez ces points de chance des points de célébrité.'),
('changement-de-sexe', 'Changement de sexe', 0, 0, '', 'Le personnage est capable de prendre deux formes bien distinctes : une forme masculine et une forme féminine. Les traits sont assez semblables et les deux personnes pourraient passer pour des frères et soeurs, mais aucune des deux apparences n’est un déguisement. Le démon est réellement un homme ou une femme. Passer d’une forme à une autre nécessite une action limitée.'),
('chant-des-heros', 'Chant des héros', 1, 1, '', 'Le personnage chante et inspire ses compagnons : tous les alliés à portée de voix obtiennent un bonus de +2 à tous leurs tests pendant [5 + Mod. de CHA] tours.'),
('charge', 'Charge', 1, 0, 'creat', 'La créature parcourt une distance maximum de 30 mètres et réalise une attaque ; lancez deux d20 et gardez le meilleur résultat. Si l’attaque est réussie, en plus de subir les DM normaux, une victime de taille inférieure ou égale à la créature doit réussir un test opposé de FOR ou être Renversée. Dans ce cas, la créature piétine (ou embroche) sa victime et les DM sont doublés.'),
('charisme-heroique', 'CHArisme héroïque', 0, 0, '', 'Le personnage augmente sa valeur de CHA de +2 et il peut désormais lancer deux d20 à chaque fois qu’un test de CHA lui est demandé et conserver le meilleur résultat.'),
('charme-tenebreux', 'Charme ténébreux', 0, 0, '', 'Le personnage obtient un bonus de +3 à tous les tests de CHA et +1 en attaque magique. Ce bonus est doublé à partir du rang 4 de la voie.'),
('chien-loup', 'Chien-loup', 0, 0, '', 'La forme de loup du personnage peut aisément passer pour celle d’un chien-loup, de plus il sait inspirer confiance aux humains et il garde sa valeur de CHA sous forme de loup.'),
('chimere', 'Chimère', 1, 0, '', 'Le personnage crée une illusion visuelle et sonore immobile d’une durée de [1d6 + Mod. de PER] tours. Le volume maximum de l’illusion est de 5 mètres de côté par rang dans la voie (portée 10 m par rang). À partir du rang 3, l’illusion peut être animée. Interagir avec l’illusion la fait disparaître.'),
('chirurgien', 'Chirurgien', 0, 0, '', 'Le personnage sait opérer et il est formé à la chirurgie traumatique de terrain. En passant une heure au chevet d’un blessé, il peut lui permettre d’ignorer les effets d’une blessure grave en réussissant un test de DEX de difficulté 15. Si une nouvelle blessure grave survient, elle ne peut plus être traitée de la sorte.'),
('choc', 'Choc', 1, 0, '', 'Le personnage frappe le sol de toutes ses forces. Toutes les créatures et les structures posées au sol dans un rayon de 10 mètres autour de lui subissent automatiquement 1d6 DM. Les créatures doivent réussir un test de DEX difficulté 15 ou être Renversées. Alternativement, il peut provoquer cet effet sur une ligne de 3 mètres de largeur et de 20 mètres de longueur issue de sa position.'),
('chuchotements-dans-l', 'Chuchotements dans la nuit', 1, 0, '', 'Le vampire peut appeler les animaux alentours (ou la vermine.'),
('chuchotements-insidi', 'Chuchotements insidieux', 1, 0, '', 'Le personnage peut envoyer des messages télépathiques à sa cible à une portée de 100 mètres par rang dans la voie, même s’il ne la voit pas. En revanche, il doit être déjà entré en contact physique avec la cible. Il peut utiliser sa propre voix pour chuchoter dans la tête de sa cible, mais il peut aussi tenter de le faire avec la voix de la cible elle-même, en réussissant un test d’INT opposé.'),
('clairvoyance', 'Clairvoyance', 1, 1, '', 'Le personnage peut voir et entendre à distance ce qui se passe dans un lieu qu’il connaît, tant qu’il reste concentré (action limitée à chaque tour). Les créatures présentes ont droit à un test de PER difficulté [12 + Mod. d’INT] : en cas de réussite, elles se sentent observées.'),
('clairvoyance-ange', 'Clairvoyance ange', 1, 0, '', 'Le personnage peut voir et entendre à distance ce qui se passe dans un lieu qu’il connaît, à condition qu’il reste concentré (action limitée à chaque tour). Les créatures présentes ont droit à un test de PER difficulté [12 + Mod. de CHA] : en cas de réussite, elles se sentent observées.'),
('clignotement', 'Clignotement', 1, 0, '', 'Le personnage est désormais capable de réduire et de retrouver sa taille en un clignement de paupière, ce qui lui permet d’esquiver les attaques. Lorsqu’il n’est pas réduit et qu’il n’est pas surpris, il gagne un bonus de +5 en DEF.'),
('cogner', 'Cogner', 0, 0, '', 'Les attaques naturelles du personnage infligent [1d8 + Mod. de FOR ou de DEX] DM. Il possède des griffes ou des poings monstrueux. À partir du rang 3, les DM passent à 1d10 et ils atteignent 1d12 au rang 5.'),
('colossal', 'Colossal', 0, 0, '', 'Le personnage est très grand et se fait remarquer partout où il va. Désormais, le joueur lance deux d20 à chaque fois qu’un test de FOR ou de CON est demandé, il ne garde que le meilleur résultat. Il subit un malus de -5 à tous les tests de discrétion.'),
('combattant', 'Combattant', 0, 0, '', 'Le personnage obtient un bonus de +5 à tous les tests de CON. Lorsqu’il combat à mains nues, il inflige [1d6 + Mod. de FOR] DM par attaque réussie. Il peut choisir d’infliger des DM temporaires ou létaux.'),
('combattant-chevronne', 'Combattant chevronné', 0, 0, '', 'Le personnage obtient un bonus de +1 en Init., en attaque et en DEF. Ce bonus passe à +2 au rang 5 de la voie. Lorsqu’il combat à mains nues, il peut utiliser son Mod. de DEX au lieu de son Mod. de FOR aux tests d’attaque au contact s’il le souhaite.'),
('combustion-optimisee', 'Combustion optimisée', 0, 0, '', 'Lorsqu’il utilise un objet en rapport avec le feu ou la chaleur, le personnage améliore son efficacité. Par exemple, un moteur à explosion permettra à une voiture de rouler beaucoup plus vite et beaucoup plus longtemps (+2 aux tests de pilotage), une lampe éclairera plus loin et plus longtemps, etc. Il obtient un bonus +2 aux DM des armes à feu (ou d’une torche enflammée).'),
('commandant', 'Commandant', 0, 0, 'creat', 'Le commandant offre un bonus de +3 en initiative, en attaque, aux DM et en DEF à tous les soldats sous ses ordres à portée de vue. Tant qu’au moins quatre créatures sous ses ordres sont à moins de 3 mètres du commandant, il n’encaisse que la moitié des DM qui lui sont infligés.'),
('communion-de-lesprit', 'Communion de l\'esprit', 0, 0, '', 'Le personnage peut communiquer par télépathie avec toute créature avec laquelle il partage un langage, à une distance de 10 mètres par rang atteint dans la voie. S’il ne la voit pas, il doit auparavant prendre un tour (action limitée) pour établir le contact et réussir un test de PER difficulté 12. En cas d’échec, il devra attendre d’entrer en contact visuel avec elle pour avoir le droit de faire une nouvelle tentative.'),
('communion-des-saints', 'Communion des saints', 0, 0, '', 'Le personnage peut communiquer par télépathie avec toute autre créature ayant accès à la Voie sainte à une distance de 50 mètres. Il gagne un bonus de +1 en attaque magique et ce bonus passe à +2 au rang 4 de la voie.'),
('confusion', 'Confusion', 1, 1, '', 'En réussissant un test d’attaque magique opposé (portée 20 m), le personnage désoriente sa cible pendant [3 + Mod. de CHA] tours. Chaque tour, lancer 1d6 : 1-3 la victime n’agit pas, 4-6 elle attaque la créature la plus proche (au hasard). Chaque fin de tour, elle fait un test d’INT° difficulté [10 + Mod. d’INT] pour mettre fin au sort.'),
('connaissance-des-lie', 'Connaissance des lieux', 1, 0, '', 'Le personnage pose la main sur le mur d’un bâtiment et il a immédiatement la connaissance intuitive du plan de l’édifice. Il sait quelle porte mène où et où trouve une pièce. Il ne prend pas connaissance des passages secrets ou dissimulés.'),
('constitution-divine', 'Constitution divine', 0, 0, '', 'Le personnage gagne un bonus à sa valeur de CON égal au rang atteint dans la voie. Lorsqu’il atteint le rang 3 dans la voie, il devient immunisé aux poisons et aux maladies.'),
('controle', 'Contrôle', 1, 0, '', 'Le personnage peut soulever dans les airs un objet métallique et/ou le déplacer de 10 mètres en utilisant une action limitée. À partir du rang 3, il lui suffit d’une action de mouvement. La portée est de 10 mètres par rang et le poids maximum dépend du rang. Si l’objet tombe d’au moins 10 mètres sur une cible, il inflige des DM, mais si la cible est consciente du danger, elle peut éviter l’attaque par un test de DEX de difficulté 10. Rang 1, un petit objet ou 1 kg (un pistolet), 1 point de DM. Rang 2, un gros objet ou 30 kg (une machine à laver), 1d6 DM. Rang 3, une moto (ou 200 kg), 2d6 DM. Rang 4, une voiture (ou environ 2 tonnes), 4d6 DM. Rang 5, un autobus (environ 20 tonnes), 8d6 DM.'),
('controle-du-feu', 'Contrôle du feu', 0, 0, '', 'Le personnage peut réduire ou faire grandir un feu par un test de CON difficulté 10. Le feu réduit ou augmente d’une taille selon l’échelle suivante à chaque tour où le personnage réussit un test'),
('controle-manipulateu', 'Contrôle', 0, 0, '', 'Au prix d’une action de mouvement, le personnage peut déplacer dans les airs un objet dont la taille est limitée par le rang atteint dans la voie jusqu’à une portée de 20 mètres par rang. L’objet peut être projeté sur une cible par une action d’attaque. Sur un test d’attaque magique réussi, il inflige des DM selon la taille de l’objet. Rang 1, un tout petit objet ou 100 g, (pièce de monnaie), 1d6 DM. Rang 3, un petit objet ou 1 kg (un pistolet), 2d6 DM. Rang 5, un gros objet ou 50 kg (une machine à laver), 3d6 DM. S’il s’agit d’un objet naturellement dangereux (couteau, pique, etc.), les DM augmentent de +1d6.'),
('controle-multiple', 'Contrôle multiple', 1, 0, '', 'Le personnage peut contrôler plusieurs objets à la fois (capacité de rang 1). Faîtes un seul test d’attaque et augmentez les DM de +2d6 s’il s’agit d’une cible unique. Sinon, jusqu’à quatre cibles différentes peuvent être affectées, faites des tests d’attaque séparés pour chacune d’elle en utilisant un d12 en attaque.'),
('convaincant', 'Convaincant', 0, 0, '', 'Le personnage obtient un bonus de +5 à tous les tests de CHA pour convaincre, influencer ou séduire. De plus, il gagne une réduction des DM de toutes les attaques mentales de 2 points par rang atteint dans la voie.'),
('corporatisme', 'Corporatisme', 0, 0, '', 'Le personnage obtient un bonus de +5 à tous les tests de connaissances associés à son corps de métier, et +1 par rang aux tests de CHA effectués auprès des membres de sa corporation.'),
('corps-de-brume', 'Corps de brume', 1, 0, '', 'Le vampire peut à volonté se transformer en forme gazeuse et se déplacer de 10 mètres par action de mouvement en planant au-dessus du sol et en passant à travers les interstices. Dans cet état, il est immunisé aux attaques physiques, sauf aux DM de feu. Reprendre sa forme matérielle demande une action limitée au vampire.'),
('corps-de-pierre', 'Corps de pierre', 1, 0, '', 'Au prix d’une action limitée, le personnage agglomère de la roche autour de son corps pour une durée de [5 + Mod. de CON] tours. Il obtient une réduction des DM de 1 point par rang atteint pendant la durée de la capacité.'),
('course', 'Course', 0, 0, '', 'Le personnage peut courir sans se fatiguer pendant un nombre d’heures égal à sa valeur de CON en couvrant chaque heure une distance en kilomètres égale à sa valeur de DEX +5 (DEX +10 en forme de loup).'),
('cri', 'Cri', 0, 0, '', 'Par une action d’attaque, le personnage pousse un terrible cri. Toutes les créatures autour de lui dans un rayon de 10 mètres subissent 1d4 DM et doivent faire un test de CON difficulté 10 ou être Étourdies pendant 1 tour.'),
('crise-de-folie', 'Crise de folie', 1, 0, '', 'Cette attaque mentale d’une portée de 30 mètres nécessite de réussir un test d’attaque magique opposé. Au cas où la cible résiste, elle ne peut plus être affectée par ce pouvoir pour une durée de 24 heures. Si l’attaque est un succès, la victime est prise d’une crise aiguë de folie dont le type est déterminé aléatoirement sur la Table des folies (p. 75). Au rang 5 de la voie, le joueur peut lancer deux d12 et garder le résultat de son choix pour déterminer le type de folie. La crise dure 1d6 heures pour un individu lambda, seulement 1d6 minutes pour un personnage de niveau 2 et plus.'),
('cuir-epais', 'Cuir épais', 0, 0, '', 'Le personnage gagne un bonus de +1 en DEF et en CON. Ce bonus passe à +2 au rang 4 de la voie.'),
('customisation', 'Customisation', 0, 0, '', 'Le personnage est capable d’améliorer tout ce qu’il touche. Une fois par jour, en travaillant 1d6 x 10 minutes, il peut faire bénéficier un objet d’une amélioration de +2. Ce peut être +2 en attaque ou aux DM pour une arme, +2 à tous les tests effectués lorsque le véhicule concerné est utilisé, etc. Le bonus est valable pendant 1 semaine, ensuite l’objet se dégrade et nécessite une nouvelle intervention du mécano.'),
('dans-un-trou', 'Dans un trou', 1, 0, '', 'Une fois par combat, dans un sol naturel, le personnage peut créer sous les pieds de sa cible (portée 30 mètres) une cavité qui semble naturelle (environ 2 mètres de diamètre pour 3 mètres de profondeur). La cible doit faire un test de DEX difficulté 15 pour ne pas tomber dans le trou et subir 1d6 DM de chute. Une fois au fond, la victime peut tenter à chaque tour un test de DEX difficulté 15 pour ressortir au prix d’une action limitée. La difficulté est de 10 pour une créature de taille grande, les créatures de taille supérieure ne sont pas affectées par cette capacité. La cavité disparaît quelques minutes après que la victime soit sortie du trou.'),
('danse-irresistible', 'Danse irrésistible', 1, 1, '', 'Le personnage joue une gigue endiablée aux effets magiques. S’il réussit un test d’attaque magique opposé contre la créature qu’il cible, celle-ci se met à danser pendant [1d4 + Mod. de CHA] tours et subit un malus de -4 aux tests d’attaque et en DEF.'),
('de-velours-est-ma-vo', 'De velours est ma voix', 1, 0, '', 'Le vampire gagne un bonus de +5 à tous ses tests de CHA. De plus, en passant 1d6 tours à parler à un humain ordinaire, il peut implanter dans l’esprit de sa cible qu’il est une vieille connaissance amicale. La cible peut faire un test de CHA de difficulté [10 + Mod. de CHA] pour résister. En cas d’échec, elle se comportera avec le vampire comme avec un vieil ami.'),
('debrouillardise', 'Débrouillardise', 0, 0, '', 'Le personnage obtient un bonus de +1 par rang atteint dans cette voie à tous les tests destinés à obtenir des renseignements, négocier, trouver un hébergement ou à manger et à tous les tests de langue étrangère à l’oral. Il obtient un bonus de +5 aux tests pour comprendre et reproduire les us et coutumes locales et éviter de commettre un impair.'),
('dechainement', 'Déchainement', 1, 0, '', 'Le personnage rassemble toute son énergie pour atteindre une taille titanesque. Il double la taille et les bonus obtenus par sa capacité d’expansion (12 mètres, +20 aux tests de FOR, +2d12 DM). Pour maintenir cette forme, il doit réussir un test de CON difficulté 5 à la fin de son tour dont la difficulté augmente de +5 à chaque tour. Lorsqu’il retrouve sa forme normale, il est affaibli pendant autant de tours qu’il a maintenu sa forme de titan et il ne peut pas réutiliser cette capacité avant d’avoir pris un repos d’une heure complète.'),
('dedoublement', 'Dédoublement', 1, 1, '', 'Sur une attaque magique réussie (portée 20 m), le personnage crée un double translucide de la cible pendant [5 + Mod. d’INT] tours. Le double est sous le contrôle du personnage. Il possède les mêmes caractéristiques que l’original mais seulement la moitié de ses PV, et tous les DM qu’il inflige sont divisés par deux. Il disparaît si ses PV tombent à 0. Une créature ne peut être dédoublée qu’une fois par combat.'),
('defense-reflexe', 'Défense réflexe', 0, 0, '', 'Une fois par tour, le personnage peut faire un test d’attaque magique opposé au résultat du test d’une attaque au contact qui le visait. En cas de succès, il se téléporte à une distance de 10 mètres maximum et évite l’attaque. À partir du rang 4, il peut également faire ce test quand il est la cible d’une attaque à distance.'),
('defier-la-gravite', 'Défier la gravité', 1, 0, '', 'À son échelle le personnage n’est pas affecté par les DM dus aux chutes. Au rang 2 (taille souris), il ne subit que la moitié des DM et à partir du rang 3 (taille insecte), il ne subit aucun DM en cas de chute.'),
('defier-les-probabili', 'Défier les probabilités', 0, 0, '', 'Chaque 1 obtenu au dé est remplacé par le résultat maximum possible pour ce dé (20 pour un d20, 6 pour un d6, etc.).'),
('deformation', 'Déformation', 1, 0, '', 'Le personnage peut déchirer le métal et le modeler à sa guise avec une force surhumaine comme s’il s’agissait de pâte à modeler. Il affecte un cube de 1 mètre de côté par tour. Il peut affecter l’acier et tous les autres métaux ordinaires, mais pas certains alliages high-techs très résistants conçus grâce à la Voie du génie (à la discrétion du MJ).'),
('degotter-du-matos', 'Dégotter du matos', 0, 0, '', 'Le personnage obtient un bonus de +5 pour trouver un fournisseur de n’importe quel type de matériel (outillage, véhicules, armes). Une fois par aventure, après 3d6 heures de recherche, il peut se procurer du matériel lourd (un avion, un véhicule blindé léger, une mitrailleuse, etc.). Le MJ détermine les limites du raisonnable, en fonction du lieu.'),
('deguisement-morbide', 'Déguisement morbide', 0, 0, '', 'Le personnage peut prendre l’apparence illusoire d’un proche décédé de la cible, famille, conjoint, ex, ami proche, etc. Il n’a pas besoin d’avoir déjà vu cette personne et il peut aussi imiter sa voix. La victime peut faire un test de PER difficulté [12 + Mod. de CHA] pour percer l’illusion.'),
('delivrance', 'Délivrance', 1, 1, '', 'En touchant sa cible, le personnage annule les pénalités infligées par les sorts, les malédictions et les capacités spéciales d’autres personnages ou de créatures (douleur, mutilation, poisons, pétrification, etc.). Il peut aussi chasser un esprit qui possède le corps de la cible en réussissant un test opposé d’attaque magique.'),
('densite-partielle', 'Densité partielle', 1, 0, '', 'Le personnage est capable de rendre immatérielles certaines parties de son corps seulement, de façon à pouvoir infliger des DM tout en restant intouchable pendant [1d6 + Mod. de CON] tours. Lorsqu’il utilise ce pouvoir, il gagne un bonus de +2 en attaque au contact et toute attaque qui le vise dont le résultat du dé est impair est un échec. Toutefois, ce pouvoir demande une concentration et une énergie importante et le personnage ne peut le maintenir lorsque ses PV passent sous la moitié de son score maximum.'),
('desarmer', 'Désarmer', 1, 0, '', 'Le personnage utilise son médium (portée 20 mètres) pour désarmer et rendre inutilisable les armes de plusieurs cibles dans une zone de 5 mètres de diamètre pour une durée de 10 tours. Le personnage doit faire un seul test d’attaque à distance, qu’il compare à la DEF de chaque adversaire. Il utilise un d12 s’il vise plusieurs cibles, un d20 s’il n’y a qu’une seule cible. Chaque cible peut faire un test de DEX de difficulté 15 pour résister. Cette capacité n’affecte pas les armes naturelles.'),
('deshydratation', 'Déshydratation', 1, 0, '', 'Le personnage doit réussir un test d’attaque magique opposé contre sa cible (portée 20 mètres). En cas de succès, de l’eau commence à s’écouler de tous les orifices de la victime (bouche, nez, yeux, voies urinaires) et la cible se dessèche… Elle subit [1d6 + Mod. d’INT] DM tant que le personnage maintient sa concentration par une action d’attaque à chaque tour (il n’a plus besoin de faire de test d’attaque). La cible peut interrompre le sort en se plaçant hors de portée ou en brisant la concentration du personnage (par exemple en le rendant inconscient).'),
('detection-de-la-magi', 'Détection de la magie', 1, 1, '', 'Le personnage se concentre et détecte la présence de toute inscription et de tout objet magique situé dans la pièce où il se trouve (ou dans les 15 mètres autour de lui). Ce sort permet aussi d’analyser les propriétés d’un objet magique au prix de 2 heures d’étude et de 100 $ de poudre d’argent.'),
('detection-de-linvisi', 'Détection de l\'invisible', 1, 1, '', 'Pendant [5 + Mod. d’INT] tours, le personnage détecte les créatures invisibles ou cachées à moins de 30 mètres et détermine si un sort de Clairvoyance affecte l’endroit.'),
('detection-des-etres-', 'Détection des êtres pensants', 1, 0, '', 'En réussissant un test de PER difficulté 15, le personnage détecte le nombre de créatures pensantes dans un rayon de 10 mètres par rang. Il détermine leur nature (animale, humaine, surhumaine ou monstrueuse) et leur localisation exacte (distance et direction).'),
('detection-des-mutant', 'Détection des mutants', 1, 0, '', 'En réussissant un test de PER difficulté 15, le personnage détecte le nombre de mutants dans un rayon de 10 mètres par rang. Il ne sait pas de qui il s’agit, ni leur localisation exacte. À partir du rang 3, il peut déterminer la classe de chaque mutant (le rang de la plus haute capacité). Au rang 5, il peut déterminer la catégorie de mutant (endo- actif, exo-actif ou psycho-actif ).'),
('detonation', 'Détonation', 1, 0, '', 'Le personnage cible une arme à feu (portée 30 mètres). Si l’arme est portée par une créature, il doit réussir un test opposé d’attaque magique. La prochaine fois que l’arme sera utilisée, elle sera victime d’un dysfonctionnement majeur et les munitions vont exploser, infligeant au tireur les DM de base de l’arme. L’arme est détruite.'),
('devorer', 'Dévorer', 0, 0, 'creat', 'Lorsque la créature réussit une attaque avec un résultat de 15- 20 au d20, elle saisit sa proie entre ses crocs ou ses griffes et lui inflige immédiatement une attaque gratuite supplémentaire. Si la FOR de la cible est inférieure ou égale au prédateur, elle est de plus Renversée et Immobilisée. Pour se libérer, la victime doit réussir un test de FOR opposé lors de son tour, et cela lui demande une action de mouvement (et une autre pour se relever si elle a réussi).'),
('discontinuite', 'Discontinuité', 0, 0, '', 'En combat, le personnage disparaît parfois un quart de seconde, le temps d’un clignement de paupières, pour éviter une attaque. Il gagne un bonus de +1 en DEF par rang.'),
('discretion', 'Discrétion', 0, 0, '', 'Quand il essaie de passer inaperçu, le personnage bénéficie d’un bonus de +2 à son test de DEX pour chaque rang atteint dans cette voie.'),
('disparition', 'Disparition', 1, 0, '', 'Le personnage se rend invisible pour une durée de [1d6 + Mod. d’INT] minutes. Une fois invisible, personne ne peut plus détecter sa présence ou lui porter d’attaque. Si le mutant attaque ou utilise une capacité limitée, il redevient visible. Au bout de 5 tours, s’il n’a rien fait pour se faire remarquer, le personnage disparaît de la mémoire des personnes présentes qui ne se rappellent plus qu’il est là'),
('dissiper-les-tenebre', 'Dissiper les ténèbres', 0, 0, '', 'Désormais, le personnage voit dans les ténèbres comme dans la pénombre. Ce pouvoir permet aussi de faire briller toutes les ampoules dans un diamètre de 10 mètres autour du personnage au prix d’une action de mouvement pour une durée de 10 tours ou encore d’enflammer les torches, les bougies et autres lampes à pétrole.'),
('domination', 'Domination', 1, 1, '', 'En réussissant un test d’attaque magique opposé (portée 20 m), le personnage prend contrôle de son esprit pendant [1d4 + Mod. d’INT] minutes. Son propre corps devient inactif. La victime peut résister au sort avec un test de CHA difficulté [10 + Mod. d’INT] à chaque fois qu’elle subit des DM. Si la créature meurt pendant la domination, le personnage réintègre son corps et subit 1d6 DM.'),
('domination-mutant', 'Domination', 1, 0, '', 'Le personnage concentre son pouvoir sur une créature pour en faire un pantin sous ses ordres, la victime obéit sans discuter au mieux de ses possibilités. Le personnage doit réussir un test d’attaque magique opposé (portée 20 mètres) et il ne peut dominer une cible dont le niveau est supérieur à la moitié du sien. Plusieurs créatures peuvent être dominées en même temps, mais la somme des niveaux des victimes doit rester inférieur à la moitié du niveau du personnage. Si elle reçoit une blessure grave, la victime peut faire un test d’INT difficulté [10 + Mod. de CHA] pour se libérer de l’emprise.'),
('don-surhumain', 'Don surhumain', 0, 0, '', 'Le joueur choisit une des deux paires de caractéristiques suivantes, [FOR & CON] ou [DEX & CON]. Désormais, lorsqu’un test est demandé pour l’une ou l’autre des caractéristiques choisies, il lance deux d20 et garde le meilleur résultat.'),
('double-attaque', 'Double attaque', 1, 0, '', 'Le personnage peut effectuer deux attaques au contact pendant ce tour. Toutefois, le joueur utilise un d12 au lieu du d20 pour le test de la seconde attaque.'),
('dun-cheveu', 'D’un cheveu', 0, 0, '', 'Une fois par tour, le personnage peut complètement échapper aux effets d’une attaque ou d’un pouvoir en réussissant un test de CHA difficulté 15.');
INSERT INTO `coc_capacites` (`capacite`, `nom`, `limitee`, `sort`, `type`, `description`) VALUES
('duplication-de-pouvo', 'Duplication de pouvoir', 1, 0, '', 'Le personnage peut reproduire un pouvoir mutant ou magique en touchant une créature qui le possède. Il doit réussir un test d’attaque au contact avec un bonus de +5, puis un test de PER difficulté [10 + rang du pouvoir]. En cas de succès, le personnage peut utiliser ce pouvoir à sa guise pendant une durée maximum de [1d6 + Mod. de CHA] tours. Le personnage ne peut reproduire qu’un seul pouvoir à la fois.'),
('dur-au-mal', 'Dur au mal', 0, 0, '', 'Le personnage obtient une réduction de 1 point par rang aux DM provoqués par des attaques magiques, cela comprend les sorts, les DM élémentaires (feu, froid, électricité) et les DM causés par les attaques de contact et les pouvoirs des créatures magiques comme les démons, les vampires, les loups-garous ou les êtres féeriques.'),
('eau-benite', 'Eau bénite', 0, 0, '', 'Le personnage est capable de bénir de l’eau au terme d’une cérémonie de 10 minutes. Il peut bénir de quoi remplir une fiole d’eau par rang atteint dans la Voie sainte et le liquide reste béni pendant 24 heures. Une fiole d’eau bénite forme une arme de choix contre les morts-vivants et les démons. Elle peut être lancée à une distance de 10 mètres et, sur un test d’attaque réussi, elle inflige [2d6 + Mod. de CHA] DM. Les DM ainsi infligés ne peuvent pas être réduits (RD) ni régénérés par les créatures et ils ne guérissent qu’au rythme de 1 PV par jour.'),
('eboulement', 'Eboulement', 1, 0, '', 'Dans un souterrain ou un bâtiment, ce pouvoir provoque un violent éboulement sur 4 mètres de diamètre (portée 10 mètres). Toute créature prise sous l’éboulement subit 4d6 DM, la moitié seulement en réussissant un test de DEX de difficulté 15. Si le passage fait 2 mètres de diamètre ou moins, il est de plus complètement obstrué et il faut 1 heure pour le dégager.'),
('ecoute', 'Écoute', 0, 0, '', 'Le personnage peut entendre des sons à de grandes distances. Il reçoit un bonus de +10 aux tests de PER basés sur l’ouïe. Il peut entendre une conversation à travers un mur ou un sol ou comprendre ce qui se dit entre deux personnes à une distance de 50 mètres par rang.'),
('effacement', 'Effacement', 0, 0, '', 'Une fois par tour, le personnage peut se rendre immatériel pour éviter totalement les DM d’une attaque. Il doit réussir un test d’attaque magique contre le résultat du test de l’attaque qui le vise. À partir du rang 4, il peut éviter une seconde attaque dans le même tour, mais le test d’attaque magique est effectué avec un d12 au lieu du d20.'),
('effacer-la-memoire', 'Effacer la mémoire', 1, 0, '', 'Le personnage envoûte une créature qui oublie les dernières 24 h de sa vie (ou moins, au choix). Il doit réussir un test opposé d’attaque magique (portée de 5 mètres) et n’affecte qu’une créature de niveau inférieur au sien. Au bout de 24 heures, la victime peut tenter un test d’INT difficulté [12 + Mod. de CHA] pour se rappeler vaguement les faits oubliés.'),
('effondrement', 'Effondrement', 1, 0, '', 'Le personnage inflige le double de DM aux structures en pierre, brique, plâtre, etc. ou même en béton armé lorsqu’il cogne à mains nues (ou avec la capacité de choc au rang suivant). S’il inflige des DM supérieurs à la résistance d’une structure, il produit une ouverture de 3 mètres de diamètre.'),
('egorger', 'Égorger', 1, 0, '', 'Une morsure dévastatrice à la gorge de l’adversaire. Le joueur utilise un d12 en attaque au lieu du d20 et, si elle est réussie, l’attaque inflige 2d6 DM supplémentaires et un effet de saignement pour 1d6 DM supplémentaire par tour pendant 3 tours.'),
('elixir-de-guerison', 'Elixir de guérison', 0, 0, '', 'Le personnage peut préparer un élixir qui soigne [3d6 + Mod. d’INT] PV ou un empoisonnement.'),
('elixir-de-hate', 'Elixir de hâte', 0, 0, '', 'Pendant [1d6 + Mod. d’INT] tours, le personnage voit son métabolisme s’accélérer. À partir du tour suivant, il obtient une action supplémentaire par tour : soit une attaque normale, soit une action de mouvement. En revanche, il ne peut toujours accomplir qu’une seule action limitée par tour.'),
('embrouiller-les-souv', 'Embrouiller les souvenirs', 0, 0, '', 'Le loup-garou profite du même talent que les êtres féeriques pour faire oublier aux humains ordinaires ce qu’ils ont vu (voir Don d’oubli, avantage d’être féerique).'),
('embuscade', 'Embuscade', 0, 0, '', 'En quelques minutes, le personnage peut cacher tous ses compagnons dans n’importe quel environnement extérieur. Tant qu’ils ne bougent pas, le personnage et ses compagnons sont totalement indétectables. S’ils attaquent des adversaires, ces derniers sont considérés comme Surpris au premier tour du combat.'),
('embuscade-creat', 'Embuscade', 0, 0, 'creat', 'Au premier tour de combat, si l’environnement permet à la créature de se dissimuler, la cible doit faire un test de SAG difficulté [15 + Mod. de DEX] ou être Surprise. Si elle attaque avec succès une cible Surprise, la créature inflige +1d6 aux DM et toute créature dont la FOR est inférieure à la sienne est Renversée. La créature obtient un bonus de +5 à tous les tests de discrétion et en Init.'),
('emporter-dans-les-ai', 'Emporter dans les airs', 0, 0, 'creat', 'La créature peut emporter dans les airs une victime agrippée de taille inférieure à la sienne au prix d’une action de mouvement. Au premier tour, si la victime se libère (test de FOR opposé), elle subit, 5d6 DM de chute. Au tour suivant, si la créature décide de prendre de l’altitude, les DM passent à 10d6.'),
('emprise-sur-les-viva', 'Emprise sur les vivants', 1, 0, '', 'Désormais, le joueur lance deux d20 à tous les tests de CHA et garde le meilleur résultat. Toutes les capacités de la voie voient la difficulté des tests de résistance augmentée de 5 points.'),
('emprisonner', 'Emprisonner', 1, 0, '', 'Une fois par combat, le personnage peut enfermer une cible dans un cocon presque indestructible (portée 30 mètres). Il doit faire un test d’attaque à distance et, en cas de réussite, la victime est totalement paralysée (elle ne peut même plus parler) pour une durée de [2d6 + Mod. de DEX] tours. S’il s’agit d’une réussite critique, la durée passe en minutes. La victime peut tenter un seul test de FOR de difficulté 20 pour se délivrer après 1d6 tours d’emprisonnement. Le cocon offre une réduction des DM de 20 points à toutes les formes d’attaques (RD 20) à son occupant. Si 60 points de DM sont infligés au cocon, il est brisé.'),
('en-accord-avec-le-mo', 'En accord avec le monde', 0, 0, '', 'Les animaux sont amicaux et calmes en présence du personnage. Il gagne un bonus de +5 à tous les tests de survie en nature et en escalade quelle que soit sa forme (humaine incluse).'),
('en-pleine-lumiere', 'En pleine lumière', 1, 0, '', 'Le personnage se fond dans un rayon de lumière éblouissant et devient totalement invisible. Il redevient visible s’il attaque une créature ou entreprend une action qui produit un résultat anormal pour un témoin oculaire (par exemple un petit objet qui disparaît, un objet qui se déplace seul). Si l’action a lieu lorsque aucun témoin ne regarde dans la bonne direction, le personnage conserve son statut d’invisible.'),
('en-un-seul-morceau', 'En un seul morceau', 0, 0, '', 'En cas de crash ou de sortie de route, les passagers du véhicule conduit par le personnage subissent seulement la moitié des DM prévus. De plus, le véhicule est HS seulement sur un résultat de 1 au d6 (voir les Règles de véhicules p. 45). S’il s’agit d’un véhicule volant, le véhicule n’est pas automatiquement HS. Lancez un d6, sur un résultat de 6 il peut repartir et sur un résultat de 5 il et réparable (en 2d6 heures).'),
('encaisser', 'Encaisser', 1, 0, '', 'Désormais lorsqu’il est sous forme géante, le personnage obtient une RD (réduction des DM) égale au rang atteint dans cette Voie.'),
('enchainement', 'Enchaînement', 0, 0, '', 'Une fois par tour, lorsque le personnage réduit un adversaire à 0 PV avec une attaque au contact, il bénéficie d’une action d’attaque gratuite sur un autre adversaire à portée.'),
('endurant', 'Endurant', 0, 0, '', 'Le personnage peut réaliser une période de marche supplémentaire par jour sans fatigue tout en portant une charge jusqu’à deux fois plus lourde, quel que soit le mode de déplacement (course, marche, ski, vélo, etc.).'),
('endurant-coureur', 'Endurant', 0, 0, '', 'Hors combat, après quelques tours de course, le personnage atteint sa vitesse de croisière, fixée à [400 + 10 x valeur de CON] km/h (divisé par 2 en cas de terrain difficile). Le personnage peut maintenir cette vitesse de course pendant 4 heures, comme s’il marchait.'),
('endurer', 'Endurer', 0, 0, '', 'Le personnage est habitué aux travaux et à la chaleur de la forge. Il réduit tous les DM de feu subis de 5 points et augmente sa valeur de CON de +2. Il peut désormais lancer deux d20 à chaque fois qu’un test de CON lui est demandé, en gardant le meilleur résultat.'),
('enfant-de-la-foret', 'Enfant de la forêt', 0, 0, '', 'Le personnage obtient un bonus de +5 à tous les tests de discrétion et de survie en forêt. Sur ce terrain de prédilection, il obtient un bonus de +1 par rang en Init. et en DEF.'),
('enfant-de-la-nuit', 'Enfant de la nuit', 0, 0, '', 'Dans le noir et la pénombre, le personnage obtient un bonus de +1 par rang en Init. et en DEF.'),
('enfant-de-la-nuit-lg', 'Enfant de la nuit', 0, 0, '', 'Le personnage obtient un bonus de +5 à tous les tests de discrétion et de perception dans la pénombre ou l’obscurité. Dans le noir, il voit comme en plein jour jusqu’à 30 mètres et comme dans la pénombre jusqu’à 60 mètres.'),
('enfant-du-roc', 'Enfant du roc', 0, 0, '', 'Le personnage obtient un bonus de +5 à tous les tests de discrétion et de survie sous terre. Dans un lieu souterrain, il guérit et récupère deux fois plus vite que la normale.'),
('enfouissement', 'Enfouissement', 1, 0, '', 'Le vampire peut s’enfoncer dans la terre jusqu’à une heure par niveau chaque jour (mais pas la pierre ou les surfaces artificielles) et en ressortir de la même façon. Durant la durée de son enfouissement, il est indétectable et invulnérable à tout pouvoir mental. Il ne peut pas agir, mais régénère de façon normale et il est à l’abri du soleil.'),
('enrager', 'Enrager', 1, 0, 'creat', 'Lorsqu’elle reçoit un coup critique ou si ses PV passent sous la moitié, la créature devient enragée. Elle ignore les pénalités de douleur ou la peur, augmente de +3 son score d’attaque au contact et ses DM de +1d6. Elle peut encore agir un tour complet après avoir atteint 0 PV.'),
('enterrement-psychiqu', 'Enterrement psychique', 1, 0, '', 'Le vampire attaque mentalement une cible située à moins de 30 mètres. Sur un test d’attaque magique réussi, il inflige [4D6 + Mod. d’INT] DM temporaires. Un test de CHA de difficulté [12 + Mod. d’INT du vampire] permet de n’en subir que la moitié. Si la cible tombe inconsciente à cause de ce pouvoir, elle subira une folie temporaire à son réveil (voir les règles de Points de choc, p. 74).'),
('entrainement-de-haut', 'Entrainement de haut niveau', 0, 0, '', 'Le personnage augmente de +2 la valeur du score de la caractéristique choisie au rang 2. Désormais, il lance deux d20 à tous les tests basés sur cette caractéristique et conserve le meilleur résultat.'),
('entraver', 'Entraver', 1, 0, '', 'Le personnage enveloppe la cible dans son médium (portée 20 mètres), il doit réussir un test d’attaque à distance et, en cas de réussite, la victime est Ralentie (elle ne peut plus faire qu’une seule action par tour, au choix une action d’attaque ou une action de mouvement). Au début de chacun de ses tours, elle peut tenter de se délivrer en réussissant un test de FOR de difficulté [10 + rang].'),
('epuration', 'Épuration', 1, 0, '', 'Au prix d’une action de mouvement, le personnage purifie instantanément sa cible de tout poison ou son corps de toute maladie.'),
('esprit-complexe', 'Esprit complexe', 0, 0, '', 'Le personnage obtient un bonus de +3 aux tests d’INT et +1 en attaque magique. Ce bonus est doublé à partir du rang 4 de la voie.'),
('esprit-danalyse', 'Esprit d\'analyse', 0, 0, '', 'Le personnage obtient un bonus de +1 par rang atteint dans cette voie pour chaque test de recherche d’indices (voir les règles à ce sujet p. 37).'),
('esprit-limpide', 'Esprit limpide', 0, 0, '', 'L’esprit du personnage est transparent. S’il le souhaite, il peut totalement masquer ses pensées et, si quelqu’un pénètre son esprit d’une façon ou d’une autre, il peut faire croire ce que bon lui semble à l’intrus. Il gagne +1 en DEF par rang atteint dans la voie contre toutes les attaques magiques.'),
('esprits-grondants', 'Esprits grondants', 1, 0, '', 'Le personnage convoque des esprits de la nature en colère pour tourmenter son adversaire. Il fait un test opposé d’attaque magique (portée 30 mètres) et, en cas de réussite, la cible utilise un d12 au lieu d’un d20 en attaque pendant [5 + Mod. de PER] tours. Si la capacité est utilisée dans une cité, le loup-garou gagne aussi un bonus de +2 en attaque (les esprits sont très en colère !).'),
('esquive-rapide', 'Esquive rapide', 0, 0, '', 'Une fois par tour, le personnage peut remplacer son score de DEF par le résultat d’un test de DEX (avec le bonus de +5 obtenu au rang 1). Désormais, s’il est Renversé, le personnage peut immédiatement se relever par une action gratuite.'),
('etoiles-propices', 'Etoiles propices', 0, 0, '', 'L’art de la divination permet au personnage de prendre les bonnes décisions ou de profiter des faiblesses de ses adversaires. Chaque matin, après un rituel de 10 minutes effectué par le personnage, le joueur lance 1d20 et note le résultat. À tout moment dans la journée, il peut remplacer le résultat d’un d20 qu’il a lancé ou que le MJ a lancé pour une attaque ou un test opposé contre lui par ce résultat.'),
('etre-en-accord', 'Être en accord', 1, 0, '', 'Le personnage peut communiquer par télépathie avec les autres loups-garous à une distance de 30 mètres, il peut parler et entendre les réponses. De plus, en observant un groupe d’individus, il peut déterminer le sentiment dominant du moment et l’avis majoritaire sur une question donnée.'),
('eveil', 'Éveil', 1, 0, '', 'Le personnage annule un effet qui devrait rendre la cible inconsciente ou K.O. par une action de mouvement. Il brise tout effet de sommeil, de torpeur, de charme ou de possession par une action limitée.'),
('eventrer', 'Éventrer', 1, 0, '', 'Une attaque de griffes dévastatrice à l’abdomen de l’adversaire. Le joueur utilise un d12 en attaque au lieu du d20 et, si elle est réussie, l’attaque inflige +2d6 DM et un effet de saignement pour 1d6 DM supplémentaire par tour pendant 3 tours.'),
('exacerber-les-vices', 'Exacerber les vices', 1, 0, '', 'Ce pouvoir doit être utilisé hors combat et le personnage doit simplement voir sa cible (portée 20 mètres). Il n’a pas besoin de lui parler et peut tenter de l’influencer en toute discrétion juste en se concentrant. Le démon choisi lequel des sept péchés capitaux il souhaite exacerber et doit réussir un test d’attaque magique contre une difficulté égale à [niveau + CHA] de la cible. La victime obtient un bonus de +5 si la situation ne se prête pas à l’expression de ce vice en particulier. Le personnage obtient un bonus de +10 à son test d’attaque s’il a détecté une faiblesse à ce sujet avec la capacité de rang 2, Sentir les faiblesses. En cas de réussite, la victime se laisse alors aller à ses plus bas instincts….'),
('examen-psychologique', 'Examen psychologique', 0, 0, '', 'En parlant pendant 1d6 minutes avec sa cible et en réussissant un test opposé de PER contre CHA, le personnage peut déterminer l’état émotionnel de sa cible même si elle tente de le camoufler. Le personnage peut notamment savoir si on tente de lui mentir ou de lui cacher des choses (sans pouvoir déterminer lequel des deux). En cas d’échec, le personnage ne peut plus tenter cette capacité sur la même cible pendant 24 heures.'),
('exorcisme-ange', 'Exorcisme', 1, 0, '', 'Ce sort chasse hors du corps de la cible toute présence d’un esprit étranger (charme, domination ou possession). Le personnage doit réussir un test opposé d’attaque magique en touchant la cible. En cas de réussite, l’esprit malin est chassé du corps de la cible et il subit [2d6 + Mod. de CHA] DM. Certains esprits ou démons puissants peuvent nécessiter plusieurs exorcismes réussis successifs pour être bannis.'),
('expansion', 'Expansion', 1, 0, '', 'Pendant [1d6 + Mod. de CON] tour, la taille du personnage passe à [rang +1] mètres, mais son équipement ne grandit pas avec lui (sauf peut-être son costume spécial). Durant cette période, il obtient un bonus de +2 par rang aux tests de FOR et +1d4 aux DM au contact. Le dé bonus aux DM augmente d’une catégorie à chaque rang atteint (d4/d6/d8/d10/d12).'),
('expert-medical', 'Expert', 0, 0, '', 'Le personnage est une pointure dans le domaine de la chirurgie, il obtient un bonus de +5 à tous les tests de DEX de précision manuelle et augmente de +2 sa valeur d’INT. Désormais, le joueur lance deux d20 à tous les tests de médecine ou de chirurgie et garde le meilleur résultat.'),
('expertise', 'Expertise', 0, 0, '', 'Le personnage est spécialisé dans la collecte et la recherche d’indices, dans un domaine particulier en rapport avec son background. Il obtient un bonus de +5 pour les tests liés à ce domaine (cumulable avec le rang 1). Voici une liste non exhaustive de domaines possibles : anthropologie, archéologie, astronomie, autopsie, balistique, biologie, chimie, géologie, paléographie, parapsychologie, photographie, psychologie, sociologie, théologie, etc. Au rang 4, le personnage fait l’acquisition d’une seconde spécialité en rapport avec les aventures déjà jouées.'),
('explosion-accidentel', 'Explosion accidentelle', 1, 0, '', 'Le personnage peut faire exploser un objet en rapport avec le feu ou la chaleur (portée 30 mètres). Une ampoule ou une torche inflige 1d6 DM dans un diamètre de 3 mètres, un projecteur ou un four le double (2d6 sur 6 mètres), une chaudière ou une voiture le triple. Si l’objet est porté par une créature (ou conduit par), le personnage doit réussir un test d’attaque magique opposé.'),
('explosion-sonore', 'Explosion sonore', 1, 0, '', 'Le personnage provoque une explosion sonore qui inflige [2d6 + Mod. de PER] DM dans un rayon de 10 mètres autour de lui. Chaque cible doit faire un test de CON difficulté 15 ou être Renversée.'),
('faille-quantique', 'Faille quantique', 1, 0, '', 'Une fois par jour, le personnage peut disparaître dans le passé ou le futur, dans une dimension alternative. Il y reste assez longtemps pour guérir complètement et, lorsqu’il réapparaît, il est à son score maximum de PV. S’il souffrait d’une blessure grave, celle-ci est guérie. Le personnage est propre, bien nourri et il peut même rapporter (dans la limite de ses moyens) de menus présents pour ses amis ou une pièce d’équipement manquante ! S’il réussit un test d’INT difficulté 15, il peut réapparaître après 1d6 tours, sinon il se trompe un peu sur la fenêtre de retour et réapparaît au bout de 1d6 heures. Utilisez les règles du bond quantique pour les aléas du retour.'),
('fais-moi-mal', 'Fais-moi mal', 0, 0, '', 'Lorsqu’il tombe à 0 PV, le démon peut encore agir 1 tour par rang atteint dans la voie avant de sombrer dans l’inconscience (règle normale ensuite). À chaque tour qu’il passe à 0 PV, il peut faire un test de CON difficulté 15 pour récupérer 1 PV. Si une blessure grave lui est infligée alors qu’il est à 0 PV, il sombre automatiquement dans l’inconscience.'),
('fauchage', 'Fauchage', 0, 0, 'creat', 'Sur 15 à 20 au test d’attaque, si l’attaque est réussie, la victime doit réussir au choix un test de FOR ou de DEX difficulté [10+Mod. de FOR de la créature] ou être Renversée. La créature retranche 3 à tous les DM subis (RD 3).'),
('fausser-les-donnees', 'Fausser les données', 1, 0, '', 'Le personnage touche un objet technologique et change le résultat affiché. Faire un test d’INT difficulté 12. En cas de succès, le personnage peut choisir d’afficher les données de son choix (par exemple une recherche de criminel pourra indiquer la mauvaise personne). En cas d’échec, les données sont seulement brouillées et inutilisables, et le même objet ne pourra être faussé avant 1d6 minutes.'),
('feu-gregeois', 'Feu grégeois', 0, 0, '', 'Le personnage lance la fiole à une distance maximum de 10 m, grâce à une action d’attaque (réussite automatique). Le contenu explose dans un rayon de 3 mètres en infligeant 1d6 DM par rang dans la voie. Un test de DEX difficulté [10 + Mod. d’INT] réussi permet aux victimes de diviser les DM par 2.'),
('fievre-du-combat', 'Fièvre du combat', 1, 0, '', 'Le personnage entre dans un état second qui décuple ses capacités de combattant pendant la durée de son choix, toutefois ce feu intérieur le consume et lui inflige 1 point de DM par tour. Pendant toute la durée de la fièvre, il obtient un bonus de +2 en attaque et en DEF et peut réaliser une attaque supplémentaire gratuite à chaque tour en utilisant un d12 pour le test d’attaque.'),
('flair-infaillible', 'Flair infaillible', 0, 0, '', 'Le joueur lance désormais deux d20 pour tous les tests de recherche d’indices et peut garder le meilleur résultat. Si le personnage quitte une scène de crime ou d’enquête en ayant raté un renseignement utile à l’avancée du scénario, le meneur de jeu doit lui signaler que « quelquechose cloche ».'),
('fonceur', 'Fonceur', 0, 0, '', 'Le personnage se déplace de 160 mètres par action de mouvement (120 km/h). S’il court sur une distance d’au moins 20 mètres avant d’effectuer une action d’attaque, le personnage obtient un bonus de +1 en attaque et +1d6 aux DM sur sa première attaque au contact. Ces bonus sont doublés au rang 5 de la voie.'),
('force-dame', 'Force d\'âme', 0, 0, '', 'Une fois par jour, s’il est à 0 PC, le personnage peut effectuer un petit rituel de prière ou de méditation d’une durée de 1 heure qui lui permet de récupérer 1 PC.'),
('force-divine', 'Force divine', 0, 0, '', 'Le personnage augmente sa valeur de FOR de +1 par rang atteint dans la voie. À partir du rang 3, lorsqu’un test de FOR lui est demandé, il lance deux d20 et garde le meilleur résultat.'),
('forgeron', 'Forgeron', 0, 0, '', 'Le personnage obtient un bonus de +2 par rang dans la voie aux tests d’orfèvrerie ou de forge. Au prix d’une action de mouvement et en dépensant 1 PM, il peut enflammer son arme de contact pour une durée de [5 + Mod. d’INT] tours et gagne alors un bonus aux DM de +1 par rang dans la voie avec cette arme (DM de feu). S’il lâche son arme, la flamme s’éteint.'),
('formation-artistique', 'Formation artistique', 0, 0, '', 'Le personnage obtient un bonus de +1 par rang atteint dans cette voie à tous les tests en rapport avec la connaissance de l’art. De plus, il obtient un bonus supplémentaire de +5 pour tous les tests en rapport avec une forme d’art de son choix (littérature, sculpture, peinture, musique, chant, danse, etc.).'),
('formation-dhistorien', 'Formation d\'historien', 0, 0, '', 'Le personnage obtient un bonus de +1 par rang atteint dans cette Voie à tous les tests en rapport avec l’histoire. Il choisit une période particulière (préhistoire, antiquité, moyen âge, renaissance, moderne) pour laquelle il reçoit un bonus supplémentaire de +5.'),
('formation-scientifiq', 'Formation scientifique', 0, 0, '', 'Le personnage obtient un bonus de +1 par rang atteint dans cette voie à tous les tests en rapport avec les sciences. Il choisit un domaine particulier (mathématiques, physique, chimie, etc.) dans lequel il reçoit un bonus de +2 par rang au lieu de +1.'),
('forme-de-la-bete', 'Forme de la bête', 1, 0, '', 'Le vampire est capable de se transformer en un énorme loup maléfique, aussi appelé sombre loup. Sous cette forme, le vampire se déplace de 30 mètres par action de mouvement, sa DEF passe à 18 et il obtient une attaque de morsure qui inflige [2d6 + 5] DM. Sous cette forme, le vampire peut utiliser toutes les capacités qui ne nécessitent pas de parler ou l’usage de mains humaines. Il lui faut une action de mouvement pour reprendre sa forme de vampire.'),
('forme-de-loup', 'Forme de loup', 1, 0, '', 'Le personnage peut se transformer en loup en dépensant un point de rage. Sous cette forme, il conserve seulement sa valeur d’INT ainsi que ses PV. Ses autres scores varient en fonction du rang atteint dans la Voie du loup-garou. Au rang 1, il s’agit déjà d’un loup de belle taille, mais les rangs suivants permettent d’aller progressivement vers un loup géant. FOR + rang, DEX +2, CON + rang*, PER +3*, CHA -3, DEF [13 + rang], Init 14, Morsure attaque = [rang+2], DM [1d6 + rang] * Utiliser deux d20 et garder le meilleur résultat.'),
('forme-elastique', 'Forme élastique', 1, 0, '', 'Le personnage peut déformer son corps de façon très étrange. Il gagne une réduction des DM de 5 points contre les attaques physiques (RD 5), mais pas contre les dégâts d’énergie. Il peut agir normalement (attaquer au contact ou entreprendre des actions) dans un rayon de 5 mètres autour de lui et dans un rayon de 10 mètres en utilisant un d12 au lieu du d20.'),
('forme-electrique', 'Forme électrique', 1, 0, '', 'Le corps du personnage perd sa masse et sa structure pour se transformer en électricité. Il peut alors bondir sous forme de foudre à une distance de 20 mètres avant de reprendre une forme ordinaire. S’il rencontre un objet métallique, il peut s’en servir comme d’un moyen de transport ultra-rapide pour en ressortir à l’endroit de son choix. Un tel voyage par des câbles électriques lui permet de parcourir une distance de 10 km par minute. Sous cette forme, il est totalement immunisé aux DM d’électricité.'),
('forme-hybride', 'Forme hybride', 1, 0, '', 'Le personnage adopte une forme qui reflète totalement sa nature duale, mi-loup mi-humanoïde. Il conserve ses caractéristiques, mais il obtient les bonus suivants.'),
('forme-massive', 'Forme massive', 1, 0, '', 'Le personnage prend une taille plus en adéquation avec sa vraie nature. Il grandit de 1 mètre environ pendant [1d6 + Mod. de CON] minutes. Il obtient un bonus de +1d6 aux DM des attaques au contact, un bonus de +5 à tous les tests de FOR. Il ne peut plus se servir d’appareils et de technologie (voiture, arme à feu, etc.). Il subit un malus de -10 à tous les tests de discrétion. Le pouvoir peut être stoppé à tout moment en dépensant une action de mouvement.'),
('forme-mineure', 'Forme mineure', 1, 0, '', 'Le personnage peut changer ses traits et réduire sa taille ainsi que celle de son équipement pour passer pour un enfant qui aurait entre sept et douze ans. Sous cette apparence, il utilise un d12 en attaque et à tous les tests de FOR mais obtient un bonus de +10 en discrétion (au lieu de +5).'),
('forme-monstrueuse', 'Forme monstrueuse', 1, 0, '', 'Une fois par nuit, le personnage peut se métamorphoser en une créature de cauchemar, hideuse, difforme et massive, pourvue d’une gueule et de griffes énormes. Le personnage ne conserve aucun de ses pouvoirs habituels, et seulement son INT. Il peut parler, mais sa voix est déformée. Il peut rester sous cette forme jusqu’au lever du soleil ou reprendre sa forme normale au prix d’une action limitée. Il retrouve alors ses PV d’avant la transformation. Si le personnage tombe à 0 PV sous sa forme monstrueuse, il reprend sa forme habituelle et sombre dans l’inconscience pendant 1d6 minutes.\r\nForme monstrueuse\r\nFOR +5, DEX +4, CON +5\r\nINT –, PER +2, CHA -4,\r\nDEF 18, PV 5 x niveau, Init 18\r\nAttaque au contact 1/2 niveau +5\r\nDM 2d6+5.'),
('forme-monstrueuse-mo', 'Forme monstrueuse', 1, 0, '', 'Le personnage peut se faire pousser des griffes : DM [2d6 + Mod. de FOR], une carapace (DEF +5), des bras supplémentaires (une attaque supplémentaire de contact au d12 en action limitée), tout cela à la fois ou une partie seulement au choix. La forme monstrueuse a une durée de [1d6 + Mod. de CON] tours. Cette capacité ne peut se cumuler à Modification de structure.'),
('fortifiant', 'Fortifiant', 0, 0, '', 'Un breuvage étrange qui guérit [1d4 + rang] PV et permet de bénéficier d’un bonus de +2 aux [rang +1] prochains tests de réussite (effectués dans une limite de temps de 12 heures).'),
('fortune-impie', 'Fortune impie', 1, 0, '', 'Une fois par jour, le personnage peut toucher une cible volontaire et lui conférer une chance éclatante. Elle utilise alors deux d20 pour chaque test et ne garde que le meilleur résultat. Toutefois, au bout de 24 heures la cible perd ce pouvoir et devient affreusement malchanceuse pour une semaine : elle utilise deux d20 pour chaque test et ne garde que le plus mauvais résultat. Le personnage peut accorder ce don de façon permanente à tout mortel avec lequel il a signé un contrat. Il peut aussi utiliser ce pouvoir sur lui-même sans en subir les effets secondaires mais seulement pour une durée d’une heure.'),
('foudre', 'Foudre', 1, 0, '', 'Un éclair d’électricité part des mains du personnage et va percuter en ligne droite une cible située à une distance maximum de 10 mètres par rang. En cas de réussite d’un test d’attaque à distance, il inflige [3d6 + Mod. de DEX] DM d’électricité. Il ne doit pas y avoir d’obstacle sur la ligne d’effet.'),
('foudre-de-dieu', 'Foudre de dieu', 1, 0, '', 'Le tonnerre retentit et la foudre s’abat du ciel pour terrasser la cible. Ce pouvoir ne peut être utilisé qu’une fois par jour, uniquement en plein air. La portée est de 50 mètres, le pouvoir nécessite un test d’attaque magique et il inflige [5d6 + Mod. de CHA] DM, seulement la moitié en cas de test d’attaque raté.'),
('fourrure-rigide', 'Fourrure rigide', 0, 0, '', 'Le personnage transforme les poils de sa fourrure en mèches solides et rigides qui le protègent. Il augmente sa DEF de +1 par rang atteint dans la voie.'),
('franchir-le-voile', 'Franchir le voile', 1, 0, '', 'Le personnage disparaît dans une ombre, il passe entre les deux mondes, mais seule son image franchit le voile. Il se rend invisible pour une durée de [1d6 + Mod. d’INT] minutes. Une fois invisible, personne ne peut plus détecter sa présence ou lui porter d’attaque. Si le personnage attaque ou utilise une capacité limitée, il redevient visible.'),
('frappe-chirurgicale', 'Frappe chirurgicale', 0, 0, '', 'Le personnage connaît les points vitaux des créatures terrestres vivantes. Désormais, il obtient un critique en attaque au contact ou à distance sur un résultat de 18 à 20 au d20 et il ajoute +1d6 aux DM des critiques obtenus.'),
('frappe-lourde', 'Frappe lourde', 0, 0, '', 'Le personnage peut augmenter la gravité lorsqu’il porte un coup. Il peut ajouter +1d6 aux DM d’une attaque au contact de son choix à chaque tour.'),
('frappe-massive', 'Frappe massive', 1, 0, '', 'Lorsqu’il attaque au contact une cible de taille moyenne ou inférieure, si le test est un succès et que le d20 obtient un résultat de 15 à 20, le personnage projette sa cible à une distance égale au résultat du dé bonus. La cible est renversée si elle ne réussit pas un test (au choix FOR ou DEX) difficulté [10 + résultat du dé bonus].'),
('freres-de-sang', 'Frères de sang', 1, 0, '', 'Le loup-garou échange son sang avec un autre loup-garou. Désormais, lorsqu’ils combattent côte à côte, le frère de sang profite du même bonus que le personnage (+2 en attaque et en DEF). De plus, si un frère de sang tombe à 0 PV en combat, tous ses frères gagnent immédiatement un point de rage. Abandonner ou combattre un frère de sang fait perdre définitivement 1 PV au personnage sur son score maximum.'),
('frigo', 'Frigo', 0, 0, '', 'Le personnage réduit tous les DM de froid subis de 5 points par rang atteint dans la voie. En touchant une cible par un test réussi d’attaque au contact, celle-ci est Ralentie pendant 1 tour par rang à moins de réussir un test de CON difficulté 10.'),
('furie-ecarlate', 'Furie écarlate', 1, 0, '', 'Le vampire se plonge dans une rage sanguinaire qui dure un tour par niveau. Il devient immunisé aux attaques basées sur les sentiments et les émotions, il gagne un bonus de +5 pour résister aux attaques mentales et inflige +1d6 aux dommages de corps-à-corps. Il ne peut plus utiliser d’attaque ou de pouvoir à distance et il doit réussir un test de CHA 15 pour faire mette fin prématurément à cet état.'),
('furtif', 'Furtif', 0, 0, '', 'Le personnage obtient un bonus de +5 à tous les tests pour passer inaperçu, se faire oublier ou se cacher. De plus, il sait parfaitement masquer ses pensées et en formuler des fausses pour induire en erreur un sondeur. Si son niveau est supérieur ou égal à celui du sondeur, il réussit automatiquement. Sinon, il a droit à un test d’INT opposé.'),
('fusion-vegetale', 'Fusion végétale', 0, 0, '', 'Au prix d’une action de mouvement, le personnage peut entrer dans un arbre et ressortir par un autre à une distance de 40 mètres ou moins. En forêt, s’il utilise cette capacité deux fois par tour, le personnage se déplace du double de la normale.'),
('genie-en-herbe', 'Génie en herbe', 0, 0, '', 'Le personnage découvre et apprend à maîtriser une source d’énergie surpuissante. Il peut alimenter un dispositif primitif qui lui donne un bonus de +2 en attaque ou aux DM (choisir au contact, à distance ou magique). Alternativement, il peut obtenir une armure avec une DEF de +5 (pénalité -3). Ce bonus passe à +3 en attaque ou au DM et l’armure à une DEF de +7 (aucune pénalité) à partir du rang 3 dans la voie.'),
('glaive-de-la-foi', 'Glaive de la foi', 0, 0, '', 'Le personnage possède une arme magique unique (souvent une épée) qui lui confère +1 en attaque et inflige +1d6 aux DM contre les créatures des ténèbres (morts-vivants, démons, vampires, loups-garous). De plus, ce sont des DM sacrés et on considère que la lame est faite d’argent contre les loups-garous. Au prix d’une action de mouvement, le personnage peut faire apparaître cette arme de façon étrange, il la tire d’un placard alors qu’il met les pieds à cet endroit pour la première fois, il la sort de son imperméable, etc. Il peut la faire disparaître de la même façon.'),
('gober', 'Gober', 0, 0, 'creat', 'Lorsqu’elle utilise sa capacité Dévorer, la créature peut avaler toute entière une cible d’au moins une catégorie de taille en-dessous de la sienne. La victime doit faire un test de FOR opposé ; en cas d’échec, elle passe directement dans l’estomac du monstre. Un personnage avalé subit 2d6 DM d’asphyxie et d’acide chaque tour. Il peut attaquer avec une arme pas plus grande qu’une dague ou une arme de poing en réussissant un test de FOR difficulté 15 à chaque tour. L’attaque se fait avec une pénalité de -5 en attaque et les DM sont divisés par 2 dans le cas de toute autre arme qu’une arme à feu (ou à énergie).'),
('golem', 'Golem', 0, 0, '', 'Le golem est une créature humanoïde fabriquée par le personnage pour lui servir de serviteur et de garde du corps. Créature non-vivante, Init. [comme le personnage], DEF 14, PV [5 x rang], Attaque [rang + Mod. de FOR du golem], DM 1d8+1. FOR +1, DEX -1, CON +10, INT -4, PER -3, CHA -4. Le personnage peut réparer le golem au rythme de [1d6 par rang + Mod. d’INT] PV par heure.'),
('golem-superieur', 'Golem supérieur', 0, 0, '', 'Le personnage peut améliorer son golem en choisissant une option parmi : Armure : +5 en DEF ; Félin : +3 Mod. de DEX ; Baliste : portée 20 m, 2d6 DM ; Taille : +10 PV et +1 Mod. de FOR ; Vol : des « sauts » de 40 m en action limitée ; Cerveau amélioré : +2 Mod. d’INT, PER, CHA, doué de parole ; Puissant : +2 Mod. de FOR ; Arme à deux mains : +1d8 aux DM au contact. Le joueur peut choisir une option de plus lorsque son personnage atteint les niveaux 9, 13 et 17. Les options peuvent être choisies plusieurs fois et cumulées.'),
('grand-hurlement', 'Grand hurlement', 1, 0, '', 'La nuit, le personnage peut pousser un hurlement terrifiant. Tous les ennemis en vue dont le niveau est inférieur au personnage doivent faire un test de CHA difficulté 10 ou fuir pendant [1d6 + Mod. de FOR] tours. En extérieur, le hurlement porte à 1 km par rang et toutes les créatures qui l’entendent subiront une pénalité de -5 en Init. si elles combattent le personnage cette nuit.'),
('griffes-acerees', 'Griffes acérées', 0, 0, '', 'Les griffes du personnage sont très tranchantes, il obtient une réussite critique en attaque sur tout résultat de 18 à 20. De plus, il peut utiliser son Mod. de DEX en attaque ou aux DM (au choix) à la place de celui de FOR.'),
('griffes-dargent', 'Griffes d’argent', 1, 0, '', 'Le personnage transforme ses griffes en argent. Toutes ses attaques sont considérées magiques et affectent les créatures sensibles à l’argent pendant [5 + Mod. de CON] tours.'),
('griffes-demoniaques', 'Griffes démoniaques', 0, 0, '', 'Le personnage est dorénavant capable de faire pousser ses doigts et ses ongles qui deviennent de véritables griffes de combat. Il inflige [1d6 + Mod. de FOR] DM par attaque. Il obtient +5 aux tests d’escalade.'),
('griffes-empoisonnees', 'Griffes empoisonnées', 0, 0, '', 'Les griffes du personnage suintent d’un ichor noir et empoisonné. Lorsqu’il blesse une créature, celle-ci doit faire un test de CON difficulté 12 ou subir les effets du poison : la cible est Affaiblie et utilise un d12 pour le reste du combat. Si une cible a résisté au poison, elle y est immunisée pour tout le combat.'),
('grosse-tete', 'Grosse tête', 0, 0, '', 'En utilisant son intelligence à bon escient, le personnage peut souvent remplacer un test qui nécessite des qualités physiques par un test d’INT de même difficulté. Par exemple, il évite un test de FOR en utilisant un levier pour déplacer une charge ou est déjà à l’abri plutôt que de devoir esquiver l’explosion d’un bâton de dynamite (DEX remplacée par INT).'),
('grosse-tete-golem', 'Grosse tête', 0, 0, '', 'Le personnage remplace la force brutale par un peu de réflexion. Il peut effectuer un test d’INT au lieu d’un test de FOR (exemple : il utilise un levier pour déplacer une lourde charge). Il obtient un bonus de +1 par rang dans la voie à tous les tests de bricolage ou de science.'),
('guerison', 'Guérison', 1, 1, '', 'Une fois par jour, le personnage peut toucher une cible, qui récupère alors tous ses PV perdus et se trouve guérie des poisons, maladies et affaiblissements de caractéristiques.'),
('guerison-impie', 'Guérison impie', 1, 0, '', 'Une fois par jour, le personnage peut toucher une cible volontaire et lui conférer une santé éclatante. La cible est alors momentanément libérée de toute douleur, maladie ou pénalité. Un paralytique peut se lever, un aveugle recouvre la vue, etc. En termes de jeu, tous les malus sont ignorés tant que la cible est sous l’effet du pouvoir. Toutefois, au bout de 24 heures, la cible retrouve sa condition normale et sa santé se dégrade même d’un cran pour une durée d’un mois (-2 à tous les tests). Le personnage peut accorder ce don de façon permanente à tout mortel avec lequel il a signé un contrat (mais il est libre de lui retirer à tout instant). Il peut aussi utiliser ce pouvoir sur lui-même sans en subir les effets secondaires.'),
('guerison-miraculeuse', 'Guérison miraculeuse', 1, 0, '', 'Une fois par jour, le personnage peut prier pour que son corps redevienne pur et sain. Il récupère 1 PV par minute et peut ainsi totalement se régénérer, guérissant des maladies et de tout poison présent dans son organisme.'),
('guide', 'Guide', 0, 0, '', 'Le personnage est capable d’aider et de guider des compagnons en milieu naturel. Jusqu’à [3 + Mod. de CHA] personnes peuvent bénéficier d’un bonus de +5 à leurs tests de survie en nature ou en milieu extrême. De plus, le personnage est capable de trouver un passage là où personne n’oserait s’aventurer : marais profond, barrière de montagnes, désert infranchissable, etc. Le MJ doit toujours lui indiquer l’itinéraire le plus sûr ainsi que le plus court chemin pour franchir un obstacle naturel : le joueur peut choisir celui des deux qui lui convient.'),
('habitant-des-abysses', 'Habitant des abysses', 1, 0, '', 'Désormais, le personnage obtient une réduction des DM de 5 points contre tous les types de DM grâce à sa résistance aux énormes pressions des abysses et sa valeur de FOR augmente de +2. Il peut nager à une profondeur d’environ 10 000 mètres.'),
('habitant-des-grands-', 'Habitant des grands-fonds', 0, 0, '', 'Le personnage est glissant comme un poisson, il obtient un bonus de +5 pour échapper aux étreintes. Sa résistance aux pressions sous-marines lui permet d’obtenir une réduction des DM de 5 points contre tous les DM contondants (masse, coup de poing, constriction, etc.). Désormais, il peut nager à une profondeur d’environ 5 000 mètres.'),
('habitue-a-la-technol', 'Habitué à la technologie', 0, 0, '', 'Le personnage ne cause plus de pannes ou de dysfonctionnements des objets technologiques. Il obtient un bonus de +5 pour comprendre ou savoir faire fonctionner les objets modernes ou complexes.'),
('hanter-les-reves', 'Hanter les rêves', 1, 0, '', 'Le personnage peut hanter les rêves d’une créature qu’il a rencontrée dans les dernières 24 heures (une seule tentative par nuit). Il doit réussir un test d’attaque magique opposé et, en cas de réussite, la cible est prise de violents cauchemars où elle est poursuivie par une meute de loups qui la rattrapent pour la dévorer. La victime est terriblement fatiguée le lendemain et elle utilise un d12 pour toutes ses actions au lieu d’un d20.'),
('hausser-le-ton', 'Hausser le ton', 1, 0, 'creat', 'Lorsqu’il passe sous la moitié de ses PV maximum, le champion gagne un bonus de +3 à ses tests d’attaque et +1d6 aux DM et il réduit tous les DM subis de 5 points par attaque (RD 5).'),
('histoire-et-culture', 'Histoire et culture', 0, 0, '', 'Le personnage obtient un bonus de +5 à tous les tests de géographie, histoire et culture générale concernant un pays dont il parle la langue (langue maternelle comprise).'),
('hurlement-choral', 'Hurlement choral', 1, 0, '', 'Une fois par nuit, le personnage peut hurler à la lune. Lui et tous les alliés dans un rayon de 30 mètres qui font de même (par une action limitée) obtiennent 1 point de rage sans risque d’entrer en rage. Cette capacité permet aussi de communiquer de façon primitive avec tous les loups et les loups-garous à une distance de 10 km. Seul le personnage peut envoyer un message, il ne reçoit pas de réponse.'),
('hyper-variante', 'Hyper variante', 0, 0, 'prest', 'Le joueur choisit une capacité de rang 1 à 5 de son choix de n’importe quelle voie de CO (Surhumains, Fantasy, etc.). Il doit faire ce choix en accord avec le MJ ou sur une suggestion de celui-ci, afin de trouver une capacité qui correspond au concept de son superhéros.'),
('ignorer-la-douleur', 'Ignorer la douleur', 0, 0, '', 'Une fois par combat, le personnage peut ignorer les DM d’une attaque qu’il vient juste de subir. Il ne perdra les PV concernés qu’une fois le combat terminé.'),
('ignorer-les-blessure', 'Ignorer les blessures', 0, 0, '', 'Une fois par combat, le personnage ignore jusqu’à 10 DM par rang provenant d’une ou plusieurs attaques qu’il subit dans le même tour, même s’il s’agit d’une arme en argent.'),
('illusion-morbide', 'Illusion morbide', 1, 0, '', 'Si le personnage réussit une attaque magique opposée (portée de 10 mètres), il implante dans le cerveau de sa victime l’illusion d’une modification de son corps : vieillissement, dégénérescence, handicap, mutilation, etc. La cible ressent dans sa chair les effets de ce qu’elle croit voir et utilise un d12 au lieu d’un d20 pour toutes ses actions. L’illusion persiste tant que le personnage maintient sa concentration et 1d6 tours ensuite.'),
('image-decalee', 'Image décalée', 1, 1, '', 'Pendant [5 + Mod. d’INT] tours, lorsqu’une attaque le touche, le personnage lance 1d6 : sur 5-6, il ne subit pas les DM.'),
('imitation', 'Imitation', 1, 1, '', 'Le personnage peut prendre l’apparence d’une créature de taille proche (+ ou - 50 cm) qu’il voit au moment de l’incantation. Durée [5 + Mod. d’INT] minutes. Toucher le personnage (une attaque ou non) met fin au sort.'),
('imitation-mutant', 'Imitation', 1, 0, '', 'Le personnage peut prendre l’apparence d’une créature de taille proche (+ ou – 1 mètre) qu’il connaît pour une durée de [5 + Mod. de PER] minutes. Toucher le mutant (une attaque ou non) met fin au pouvoir.'),
('imitation-parfaite', 'Imitation parfaite', 1, 0, '', 'Le personnage peut parfaitement imiter (apparence et voix, mais pas l’équipement ou les vêtements) toute personne qu’il a déjà touchée. Toutefois, des moyens high-techs de vérification comme un scan d’empreintes digitales, de voix ou de rétine permettent de déceler la supercherie. Si le personnage réalise des actions incohérentes, l’interlocuteur peut comprendre la tromperie en réussissant un test de PER de difficulté [12 + Mod. de CHA]. La transformation dure aussi longtemps que le souhaite le démon.'),
('immateriel', 'Immatériel', 0, 0, '', 'Le personnage estompe son corps de façon à éviter les blessures. Il obtient une réduction des DM de 1 point par rang atteint tant qu’il n’est pas Surpris.'),
('immobiliser', 'Immobiliser', 1, 0, '', 'Le personnage cloue sa cible au sol pour une durée de [1d6 + Mod de DEX] tours, (portée 30 mètres). Le personnage doit faire un test d’attaque à distance. En cas de réussite, la victime est Immobilisée (état préjudiciable'),
('immunite', 'Immunité', 1, 0, '', 'Le personnage ne peut être affecté par aucun pouvoir magique ou de mutant de façon directe, de plus il peut utiliser la capacité de Nulle zone au prix d’une action de mouvement chaque tour.'),
('immunite-diplomatiqu', 'Immunité diplomatique', 0, 0, '', 'Le démon est beaucoup plus à l’aise que ses frères dans les lieux consacrés. De nuit, il y régénère normalement et il ne subit aucune pénalité à ses pouvoirs et à ses tests, à la condition qu’il ne soit pas à l’origine de violences (bien qu’il puisse y répondre s’il est agressé en premier).'),
('imparable', 'Imparable', 1, 0, 'creat', 'Réaliser une attaque au contact en lançant deux d20 et garder le meilleur résultat. Si le champion obtient 15-20 au d20 d’un test d’attaque (même sans utiliser Imparable), il inflige +1d6 DM et l’attaque est automatiquement réussie (quelle que soit la DEF de son adversaire).'),
('imprevisible', 'Imprévisible', 0, 0, '', 'Le personnage ajoute son Mod. de CHA en initiative et désormais il peut utiliser son inspiration sur ses tests d’attaque et de DM.'),
('infliger-la-douleur', 'Infliger la douleur', 1, 0, '', 'Le personnage peut infliger une terrible douleur à une cible (portée 30 mètres) en réussissant un test d’attaque magique. En cas de succès, la victime subit [1d6 + Mod. de CHA] DM et doit réussir un test de CON difficulté [12 + Mod. de CHA] pour agir à son prochain tour.'),
('influence', 'Influence', 0, 0, '', 'Glisser le bon billet dans la bonne poche ou simplement faire étalage de son influence permet souvent de réduire les difficultés rencontrées. Le personnage dispose d’un nombre de points de fortune égal au rang atteint dans la voie. Chaque point de fortune lui permet d’obtenir un bonus de +5 sur un test de négociation (CHA), il peut être dépensé après avoir pris connaissance du résultat de l’action. Les points de fortune sont récupérés à la fin de l’aventure, et ils ne peuvent être dépensés que face à des interlocuteurs dont le niveau de vie est inférieur à celui du personnage.'),
('injonction', 'Injonction', 1, 1, '', 'Le personnage donne un ordre simple mais pas dangereux pour la cible que celle-ci doit pouvoir comprendre. Il doit réussir un test d’attaque magique opposé avec la cible (contre un test d’INT si la créature n’en a pas) à une portée de 20 mètres. En cas d’échec, la cible doit exécuter l’ordre pendant son prochain tour.'),
('injonction-ange', 'Injonction', 1, 0, '', 'Le personnage donne un ordre simple (mais pas dangereux pour elle) que la victime doit pouvoir comprendre. Il doit faire un test d’attaque magique opposé contre sa cible (portée 20 mètres). S’il réussit, la victime passe son prochain tour à l’exécuter. Si la victime résiste au sort, elle y est immunisée pour 24 heures.'),
('injonction-mutant', 'Injonction', 1, 0, '', 'Le personnage donne un ordre simple (mais pas suicidaire) que la victime doit pouvoir comprendre. Il doit faire un test d’attaque magique opposé (portée 20 mètres) et, s’il réussit, la victime passe son prochain tour à l’exécuter. Un personnage à qui on ordonne de se suicider résiste automatiquement au pouvoir.'),
('inquisition-mentale', 'Inquisition mentale', 1, 0, '', 'Le personnage peut lire les pensées profondes d’une créature à une portée de 30 mètres, il peut rechercher un renseignement particulier de son choix. Il doit réussir un test opposé d’attaque magique, et toute créature de niveau supérieur au sien à droit en plus à un test d’INT de difficulté 15 pour résister. Le personnage doit ensuite réussir un test d’INT dont la difficulté dépend de la nature de l’information'),
('insaisissable', 'Insaisissable', 0, 0, '', 'Le personnage obtient un bonus de +5 à tous les tests de discrétion, il obtient un bonus de +1 par rang en Init. et en DEF.'),
('inspiration', 'Inspiration', 0, 0, '', 'Le personnage possède une grande sensibilité, les émotions sont chez lui un vecteur puissant de motivation et de réussite. Il obtient chaque jour un nombre de points d’inspiration (PI) égal au rang atteint dans cette voie. Chaque point d’inspiration peut être dépensé pour relancer un dé dont le résultat ne convient pas au joueur, mais pas sur un test d’attaque ou les DM.'),
('instinct-de-survie', 'Instinct de survie', 0, 0, 'creat', 'La créature est passée maître dans l’art de se faufiler et de se mettre à couvert. Une fois par tour, au moment de son choix, le PNJ peut utiliser une action de mouvement supplémentaire pour se déplacer. Si un effet ou une créature le paralyse, l’Immobilise, le Ralentit ou restreint ses mouvements, il a droit à un test d’INT ou de DEX au choix difficulté 10 pour s’en débarrasser une fois par tour. Il gagne +3 en DEF lorsqu’il lui reste moins de la moitié de ses PV.');
INSERT INTO `coc_capacites` (`capacite`, `nom`, `limitee`, `sort`, `type`, `description`) VALUES
('intelligence-heroiqu', 'INTelligence héroïque', 0, 0, '', 'Le personnage augmente de +2 sa valeur d’INT et lance désormais deux d20 lors de tous les tests d’INT, pour garder le meilleur résultat.'),
('interchangeables', 'Interchangeables', 0, 0, 'creat', 'Tant que la créature et ses alliées sont plus nombreuses que la cible, elles se relaient pour esquiver ses attaques et elles obtiennent un bonus de +3 en DEF. Si plusieurs créatures semblables sont au contact du PJ, le MJ a toute latitude pour infliger les DM d’une attaque sur la créature de son choix, le personnage ne sait jamais laquelle il blesse.'),
('interdiction', 'Interdiction', 1, 1, '', 'Le personnage trace une ligne imaginaire de son bâton et cela dresse une frontière invisible que nul ne saurait franchir sans son autorisation. Toute créature qui tente de forcer le passage doit réussir un test d’attaque opposé à un test d’attaque magique du personnage. En cas d’échec, elle subit [2d6 + Mod. d’INT] DM et ne peut faire de nouvelle tentative avant une heure. La frontière mesure un maximum de 20 mètres de large et sa durée est de 24 heures. Le personnage ne peut apposer plus d’une barrière magique à la fois.'),
('intermittence', 'Intermittence', 1, 0, '', 'Le personnage utilise son pouvoir pour devenir un redoutable combattant, il apparaît et disparaît sans cesse pour attaquer ou se défendre. Il obtient un bonus de +5 en Init., en attaque et en DEF pour une durée de [1d6 + Mod. de CON] tours.'),
('intervention-psychol', 'Intervention psychologique', 0, 0, '', 'Lorsqu’un individu est victime d’un état de folie, de colère, de découragement ou de peur, le personnage peut tenter un test de CHA difficulté 10 pour le raisonner (action limitée, une tentative par tour). S’il s’agit d’un adversaire décidé à attaquer les PJ, un test de CHA difficulté 15 est nécessaire et le personnage peut le calmer pendant seulement 1d6 tours, ensuite l’adversaire reprend le combat (ou dès qu’il est attaqué).'),
('intimidant', 'Intimidant', 0, 0, '', 'Le personnage obtient un bonus de +5 à tous les tests pour intimider, faire peur ou résister à la peur.'),
('intuition-heroique', 'Intuition héroïque', 0, 0, '', 'Le personnage augmente sa valeur de CHA de +2 et il peut désormais lancer deux d20 à chaque fois qu’un test de PER lui est demandé et conserver le meilleur résultat.'),
('inversion-de-gravite', 'Inversion de gravité', 1, 0, '', 'Le personnage inverse la gravité dans une zone de 10 mètres autour de lui. Toutes les créatures présentes, sauf le personnage, sont propulsées à 6 mètres en l’air puis chutent brutalement alors que leur masse est augmentée, subissant 4d6 DM. Si un plafond stoppe l’inversion de gravité, les DM subis sont décomposés en deux blessures de 2d6 DM chacune. De plus, le personnage peut se servir de ce pouvoir sur lui-même pour bondir jusqu’à une hauteur de 12 mètres.'),
('invisibilite', 'Invisibilité', 1, 1, '', 'Le personnage se rend invisible pendant [1d6 + Mod. d’INT] minutes. Une fois invisible, personne ne peut plus détecter sa présence ou lui porter d’attaque. Si le personnage attaque ou utilise une capacité limitée, il redevient visible.'),
('invisibilite-de-grou', 'Invisibilité de groupe', 1, 0, '', 'Le personnage rend invisible un nombre de personne égal à son Mod. d’INT. Cette invisibilité est équivalente à celle de la capacité Disparition. Toutes les cibles doivent rester dans une zone de 20 mètres autour du personnage.'),
('invisibilite-majeure', 'Invisibilité majeure', 1, 0, '', 'Le personnage se rend invisible pour une durée de [1d6 + Mod. d’INT] tours. Une fois invisible, personne ne peut plus détecter sa présence ou lui porter d’attaque. Si le mutant attaque ou utilise une capacité limitée, il ne redevient pas visible, mais il est possible d’essayer de le viser au tour suivant en réussissant un test de PER de difficulté [10 + Mod. d’INT]. En cas de succès, l’attaque subit malgré tout un malus de -5 en attaque et aux DM.'),
('invisibilite-mutant', 'Invisibilité', 1, 0, '', 'Le personnage se rend invisible pour une durée de [1d6 + Mod. de PER] minutes. Une fois invisible, personne ne peut plus détecter sa présence ou lui porter d’attaque. Si le mutant attaque ou utilise une capacité limitée, il redevient visible.'),
('invocation-dun-demon', 'Invocation d\'un démon', 1, 1, '', 'Une fois par combat, en sacrifiant 1d6 PV, le personnage invoque un démon à son service pour [5 + Mod. d’INT] tours. Le personnage devra définir l’apparence du démon, mais celui-ci est toujours horrible et il ne peut pas passer pour un humain. Il mesure environ 2,30 m et se déplace normalement. Démon : FOR +5* | DEX +2 | CON +4* | INT +2 | PER +2 | CHA +0 | DEF 17 | PV 30 | Init 16 | Attaque au contact +8 DM 1d8+5. Le démon divise par deux tous les DM non magiques subis, les sorts et les armes magiques lui infligent des DM normaux. Il est capable de voler à une vitesse équivalente à un déplacement normal. Lorsque le personnage atteint le niveau 10, le démon devient capable d’attaquer deux fois par tour, au prix d’une action limitée.'),
('jaggernaut', 'Jaggernaut', 1, 0, '', 'Désormais, le personnage divise par 2 la RD des structures lorsqu’il cogne sur une cible inerte (porte, mur, véhicule, etc.).'),
('je-suis-la-bete', 'Je suis la bête', 1, 0, '', 'Désormais, le joueur lance deux d20 à tous les tests de PER et garde le meilleur résultat. De plus, les instincts du vampire sont si développés qu’il gagne un bonus de +2 en DEF et en Init.'),
('jet-deau', 'Jet d’eau', 1, 0, '', 'Le personnage peut produire un jet d’eau puissant (à l’air libre) ou un puissant courant (sous l’eau). Le jet peut être issu de sa bouche ou de sa main au choix. Sur un test d’attaque à distance réussi (portée 20 mètres), il inflige [2d6 + Mod de CON] DM et la cible doit faire un test de FOR opposé à la CON du personnage ou être Renversée et projetée sur 2d6 mètres. Le personnage peut maintenir le jet d’eau pour empêcher sa cible de se relever, continuer à la faire reculer de 2d6 mètres par tour et à lui infliger automatiquement 2d6 DM (1d6 d’impact et 1d6 de noyade) tant que la cible n’emporte pas un test de FOR (contre CON) à son tour.'),
('joker', 'Joker', 0, 0, '', 'Une fois par aventure, le personnage peut résoudre une difficulté grâce à l’intervention d’un événement inattendu. Le joueur doit inventer une histoire à peu près crédible (même si elle est improbable) pour justifier ce deus ex machina. Par exemple, un militaire peut contacter une troupe de mercenaires de sa connaissance qui traînait justement dans les parages, etc.'),
('joli-coup', 'Joli coup !', 0, 0, '', 'Le personnage ignore les pénalités normalement appliquées lorsque la cible est à couvert ou engagée au corps-à-corps (généralement -2 à -5).'),
('jugement-dernier', 'Jugement dernier', 1, 0, '', 'Ce pouvoir vise un mort-vivant ou un démon à une distance maximum de 30 mètres. Le personnage doit réussir un test d’attaque magique contre la DEF de la cible. La créature s’enflamme et subit à chaque tour [1d6 + Mod. de CHA] DM de feu sacré (la résistance au feu ne protège pas) et une pénalité de -2 à tous ses tests tant que le personnage maintient sa concentration, ce qui correspond à une action de mouvement à chaque tour suivant. Si la créature passe hors de portée du sort, le pouvoir prend fin.'),
('juste-retribution', 'Juste rétribution', 1, 0, '', 'Une attaque au contact à double tranchant destinée à être infligée à une créature maléfique (une créature des ténèbres, un meurtrier, un violeur, etc.). Le joueur lance deux d20 en attaque, garde le meilleur résultat et l’attaque inflige +1d6 DM supplémentaire. Si cette capacité est utilisée contre une créature innocente (non coupable de ce type de fait, laissé à l’appréciation du MJ), elle inflige un malus de -2 en attaque et en DEF à l’auteur de l’attaque pour une durée de 24 heures. Ce malus peut être cumulatif. S’il le souhaite, le meneur de jeu peut garder ce malus secret, l’ange ne sait pas qu’il a fait une erreur….'),
('kaleidoscope', 'Kaléidoscope', 1, 0, '', 'Le personnage crée un motif hypnotique sur un écran (de TV, de cinéma, de téléphone, etc.) ou même un simple mur blanc dans une portée de 30 mètres. Tous les humains ordinaires de niveau 3 ou moins présents se figent et perdent toute notion du temps pendant [1d6 + Mod. de CHA] tours. Les Surhumains et les humains de niveau 4 ou plus ont droit à un test d’INT de difficulté [10 + Mod. de CHA] pour résister aux effets. Une créature blessée ou mise hors de vue de l’écran reprend immédiatement conscience de son environnement.'),
('la-nuit-incarnee', 'La nuit incarnée', 1, 0, '', 'Le vampire est capable de se transformer en chauve-souris de taille ordinaire. Sous cette forme, le vampire peut voler et il se déplace de 40 mètres par action de mouvement. Il peut ainsi parcourir 30 km par heure sans considération de terrain. Sa DEF passe à 20 tant qu’il peut voler (au sol, elle tombe à 12) et il ne peut attaquer ou utiliser de pouvoirs (ses résistances en revanche sont toujours actives). Il lui faut une action de mouvement pour reprendre sa forme de vampire.'),
('la-proie-des-mouches', 'La proie des mouches', 1, 0, '', 'Le personnage invoque une multitude de mouches sur une cible vivante, la vermine s’introduit dans les voies respiratoires et étouffe la victime. Le sort a une portée de 20 mètres et nécessite de réussir un test opposé d’attaque magique. En cas de succès, la victime subit 1 point de DM au premier tour, puis 1d6 DM à chaque tour suivant pendant [5 + Mod. de CHA] tours. À chaque tour, elle peut tenter de se protéger par une action limitée qui lui permet de faire un test de DEX difficulté 15. En cas de réussite, les DM son réduits à 1 point pour ce tour.'),
('lancer-brutal', 'Lancer brutal', 1, 0, '', 'Le personnage peut lancer un objet lourd sur une cible à une portée de 10 mètres, selon le rang atteint dans la voie et son Mod. de FOR, ce peut être une plaque d’égout (rang 3, FOR +3), une moto (rang 4, FOR +5) ou encore une voiture (rang 5, FOR +7). Il doit réussir un test d’attaque à distance et il inflige 1d6 DM par rang. Un test de DEX de difficulté 15 permet à la cible d’éviter totalement les DM.'),
('langage-universel', 'Langage universel', 0, 0, '', 'Le personnage peut trouver le langage du corps qui lui permet de communiquer avec n’importe quelle créature, bien que de manière primaire. Cette capacité permet de communiquer avec un animal ou avec un humain qui ne parle pas la même langue. De plus, désormais, le joueur lance deux d20 à tous les tests de CHA et garde le meilleur résultat.'),
('langues-anciennes', 'Langues anciennes', 0, 0, '', 'Le personnage est un spécialiste des langues anciennes, il connaît une langue morte (latin, grec, égyptien, araméen, sumérien, etc.) par rang atteint dans cette voie. Lorsqu’il essaye de déchiffrer une autre langue morte, il obtient un bonus de +5 aux tests.'),
('langues-etrangeres', 'Langues étrangères', 0, 0, '', 'Le personnage apprend à parler, lire et écrire une langue vivante par rang atteint dans cette voie. Il obtient un bonus de +5 à tous les tests réalisés pour déchiffrer une langue inconnue ou tenter de communiquer avec un étranger qui parle une langue qu’il ne connaît pas.'),
('langues-mortes', 'Langues mortes', 0, 0, '', 'Le personnage apprend à lire et écrire une langue morte (latin, grec, égyptien, celte, etc.). Il obtient le bonus culturel en rapport avec cette langue comme avec la capacité précédente. À chaque rang suivant, il peut apprendre une nouvelle langue morte ou se spécialiser dans une langue déjà connue. Dans ce cas, le bonus culturel augmente pour celle-ci de +5.'),
('le-fouet-de-la-langu', 'Le fouet de la langue', 1, 0, '', 'En réussissant un test d’attaque magique, le vampire peut donner un ordre simple à la cible (20 m de portée) que celleci exécutera pendant un tour entier. Celle-ci peut y résister avec un test de CHA de difficulté [10 + Mod. de CHA]. Si cet ordre est suicidaire (sauter dans le vide par exemple), la cible gagne un bonus de +5 pour y résister. Cet ordre peut être une suggestion mentale, comme par exemple faire déclarer à la cible « Vos papiers sont en règle, vous pouvez passer » alors que le vampire n’a présenté aucun papier.'),
('le-geste-parfait', 'Le geste parfait', 0, 0, '', 'Une fois par jour, le joueur peut choisir de remplacer le résultat obtenu au d20 lors d’un test de caractéristique physique (FOR, DEX ou CON) par un 20 naturel. Il peut faire de même pour un test d’attaque au contact ou d’attaque à distance (critique automatique), une fois par jour.'),
('le-silence-est-dor', 'Le silence est d\'or', 1, 0, '', 'Si le personnage gagne un test opposé d’attaque magique, la cible est rendue muette pour [1d6 + Mod. de CHA] tours. Elle ne peut plus donner l’alarme ou parler et, si elle veut utiliser de la magie, elle remplace le d20 des tests d’attaque magique par un d12.'),
('lecher-les-plaies', 'Lécher les plaies', 0, 0, '', 'Le personnage peut lécher les plaies. La cible récupère 1 PV par tour pendant un maximum de 1 tour par niveau du personnage traité. Si la cible est un loup-garou, les effets de cette capacité sont multipliés par le rang atteint dans la voie (25 PV en 5 tours au rang 5). Ce traitement peut être répété une seule fois par jour.'),
('leurre', 'Leurre', 1, 0, '', 'Le personnage crée un double illusoire de lui-même parfaitement crédible mais immatériel pour une durée de [1d6 + Mod. de PER] tours. Le double peut agir de façon indépendante selon l’envie du personnage (portée 50 mètres), mais il disparaît s’il est attaqué avec succès. Un personnage ne peut avoir qu’un seul double en service. À partir du rang 4, il suffit d’une action de mouvement pour initier cette capacité.'),
('lever-le-voile', 'Lever le voile', 1, 0, '', 'Le personnage touche une cible et lui permet de voir quelques instants le monde féerique. La créature affectée perçoit pendant 1d6 tours la véritable apparence des êtres féeriques présents, les dryades comme des elfes, les dvergars comme des nains, etc. De plus, elle est immunisée aux effets du don d’oubli pour tous les événements vécus pendant cette journée (depuis le lever du soleil jusqu’au coucher ou l’inverse).'),
('levitation', 'Lévitation', 0, 0, '', 'Le personnage est capable de léviter, c’est-à-dire de voler, mais seulement dans un axe vertical à une vitesse de 20 mètres par action de mouvement. Cela lui permet d’esquiver plus facilement de nombreuses attaques, il gagne +1 en DEF par rang.'),
('lhallali', 'L’hallali', 1, 0, 'creat', 'Les créatures profitent d’une erreur de leur victime pour lui porter des attaques fatales. À chaque fois que la victime de la meute rate une attaque ou obtient sur un test d’attaque un résultat au d20 allant de 1 à 5 (inclus), elle déclenche la curée ! Chaque créature dotée de cette capacité bénéficie immédiatement et gratuitement d’une d’attaque en traître contre la victime (+3/+2d6).'),
('liberte-daction', 'Liberté d\'action', 1, 1, '', 'Le personnage est immunisé à la peur et à tous les sorts ou effets magiques qui asservissent l’esprit ou le corps (possession, charme, paralysie, ralentissement, etc.) pendant [5 + Mod. d’INT] minutes.'),
('lire-les-pensees', 'Lire les pensées', 1, 0, '', 'Le personnage peut lire les pensées superficielles d’une créature à une portée de 30 mètres, il ne peut pas rechercher un renseignement particulier mais seulement « écouter aux portes ». Il doit réussir un test opposé d’attaque magique et toute créature de niveau supérieur au sien à droit ensuite à un test d’INT de difficulté 15 pour résister. Une créature espionnée a droit à un test de PER de difficulté [15 + Mod. d’INT] pour détecter l’intrusion.'),
('lumiere', 'Lumière', 1, 1, '', 'Le personnage désigne un objet, lequel produit dès lors de la lumière dans un rayon de 20 mètres. Cette source de lumière n’émet pas de chaleur et s’éteint après 10 minutes ou lorsque le personnage le décide. Ce sort permet d’annuler un sort de Ténèbres lancé par un personnage de niveau inférieur (voir la Voie de la sombre magie). De plus, pour chaque rang dans cette voie, le personnage obtient un bonus de +2 aux tests d’INT basés sur la connaissance de la magie.'),
('lumiere-interieure', 'Lumière intérieure', 0, 0, '', 'Le personnage augmente sa valeur de PER de +2 et, désormais, lorsqu’un test de PER lui est demandé, il lance deux d20 et garde le meilleur résultat.'),
('ma-lumiere-est-savoi', 'Ma lumière est savoir', 0, 0, '', 'Le personnage obtient un bonus de +5 pour tous les tests d’INT en rapport avec la connaissance de la Création (les sciences, la terre et l’univers).'),
('machoire-beante', 'Mâchoire béante', 0, 0, '', 'La bouche du vampire peut s’ouvrir de façon monstrueusement grande. Il inflige [1d6 + Mod. de FOR] DM par morsure et peut obtenir une attaque gratuite de morsure chaque tour. Il utilise un d12 pour le test de cette attaque au lieu d’un d20.'),
('machoire-immense', 'Mâchoire immense', 1, 0, '', 'Le loup-garou est considéré de taille Grande lorsqu’il se transforme en loup, ses DM de morsure passent à [2d6 + rang] DM, sous forme hybride ils passent à [1d8 + Mod. de FOR] DM. De plus, le personnage augmente sa valeur de FOR de deux points (+1 au Mod. quelle que soit sa forme) et, désormais, le joueur lance deux d20 à tous les tests de FOR et garde le meilleur résultat.'),
('magicien', 'Magicien', 0, 0, '', 'Le joueur choisit une capacité de rang 1 ou 2 de son choix d’une voie de magie (voir chapitre 4, p. 92).'),
('magnetisme', 'Magnétisme', 1, 1, '', 'Le personnage contrôle le magnétisme autour de lui pendant [3 + Mod. d’INT] tours. Il gagne un bonus de +3 en DEF et divise par 2 les DM de toutes les armes ou projectiles métalliques.'),
('maitre-darme', 'Maître d\'arme', 0, 0, '', 'Le personnage peut choisir d’utiliser un d12 en attaque au contact au lieu du d20 habituel (il ajoute normalement son score d’attaque). Si une telle attaque est réussie, il ajoute +2d6 aux DM.'),
('maitre-des-metamorph', 'Maître des métamorphoses', 0, 0, '', 'La nuit, le personnage à seulement besoin d’une action de mouvement pour changer de forme au lieu d’une action limitée.'),
('maitre-du-tombeau', 'Maître du tombeau', 0, 0, '', 'Désormais, le vampire peut faire sien un nouveau cercueil en seulement une journée passée à l’intérieur (au lieu de 7). De plus, il peut posséder deux cercueils à des endroits différents à tout moment.'),
('maitre-du-troupeau', 'Maître du troupeau', 1, 0, '', 'Le vampire peut commander à tous les animaux (et vermine) et les contraindre à lui obéir en réussissant un test de CHA de difficulté égale à la FOR de l’animal. La somme des bonus de FOR des animaux contrôlés ne doit pas dépasser sa valeur d’attaque magique. Ce pouvoir ne fonctionne pas sur les animaux magiques ou fantastiques. Le vampire peut leur faire absorber un point de sang pour les transformer en créatures monstrueuses. Une telle créature profite de tous les avantages et inconvénients d’une goule. De plus, elle augmente sa DEF, ses scores d’attaque et de DM de +2, elle est fidèle au vampire et comprend des ordres simples (garde, attaque, suis-moi, etc.).'),
('maitrise-du-feu', 'Maîtrise du feu', 0, 0, '', 'Le personnage réduit tous les DM de feu subis de 5 points par rang atteint dans la voie. Le personnage peut brûler une cible en la touchant par un test d’attaque au contact réussi, il lui inflige [1d6 + rang] DM. Lorsqu’il réalise une attaque à mains nues (comme un coup de poing), il augmente les DM de son attaque de +1 par rang.'),
('majestueux', 'Majestueux', 0, 0, '', 'Désormais, le joueur lance deux d20 à chaque fois qu’un test de CHA est demandé et il ne garde que le meilleur résultat.'),
('malediction', 'Malédiction', 1, 1, '', 'Effectuez un test d’attaque magique contre une cible à moins de 20 mètres. En cas de succès, la victime réalise tous ses tests avec deux d20 et garde le résultat le plus faible. Le sort prend fin dès qu’elle aura raté trois tests (il n’y a sinon aucune de limite de temps). Si la cible possède une capacité lui permettant de lancer deux dés et de garder le meilleur, elle ne lance plus qu’un seul dé.'),
('mandarin', 'Mandarin', 0, 0, '', 'Le personnage a acquis un statut important au sein de sa corporation. Ses connaissances et sa prestance sont exceptionnelles. Le personnage augmente de +2 ses valeurs de CHA et d’INT.'),
('manipulateur', 'Manipulateur', 1, 0, '', 'En parlant pendant 1d6 minutes avec sa cible et en réussissant un test opposé de CHA contre elle, le personnage peut la faire changer d’état émotionnel (calme/ énervé, joyeux/triste, motivé/démotivé, soupçonneux/confiant). Il ne peut pas avoir d’influence sur les sentiments comme l’amour ou la haine. En cas d’échec, l’état émotionnel actuel de la cible en sort renforcé et le personnage ne peut plus tenter de l’influencer pendant 24 heures.'),
('manipulation', 'Manipulation', 1, 0, '', 'le personnage peut actionner à distance (portée 20 mètres) des mécanismes (porte, serrures, pièges, etc.) et les ouvrir ou les bloquer. Il obtient un bonus égal au rang atteint dans la voie à tout test de compétence effectué de cette façon. Son Mod. de PER remplace le Mod. habituellement utilisé (DEX ou FOR). Il peut aussi tenter de subtiliser un objet porté par une créature, il doit pour cela réussir un test d’attaque magique opposé. Il peut le faire discrètement en réussissant un test de PER opposé (en plus du test d’attaque magique).'),
('manipulation-defensi', 'Manipulation défensive', 1, 0, '', 'Une fois par tour, s’il n’est pas Surpris, le personnage peut utiliser son pouvoir pour bloquer un projectile qui lui est destiné'),
('manoeuvre-devitement', 'Manoeuvre d\'évitement', 0, 0, '', 'Le personnage obtient un bonus supplémentaire de +5 pour éviter les accidents. De plus, son véhicule, lui-même et tous ses passagers gagnent un bonus de +2 en DEF.'),
('marche-des-ombres', 'Marche des ombres', 1, 0, '', 'Jusqu’à trois fois par jour, le personnage franchit le voile de façon partielle ; sans vraiment entrer dans l’autre monde, il se déplace dans le monde des ombres. Il disparaît dans l’ombre et franchit un kilomètre par tour pendant un nombre de tours maximum égal son niveau. Ce pouvoir ne fonctionne pas dans un bâtiment et il ne permet pas de franchir des étendues aquatiques ou de se déplacer en milieu urbain.'),
('marcheur-diurne', 'Marcheur diurne', 0, 0, '', 'Le vampire peut désormais utiliser des capacités nécessitant une action limitée pendant la période diurne tant qu’il est à l’abri de la lumière du soleil. À partir du rang 5, il abandonne le d12 pour retrouver l’usage du d20.'),
('marque-des-tenebres', 'Marque des ténèbres', 1, 0, '', 'Le personnage fait un test d’attaque magique sur une cible en vue (portée 50 mètres). La cible porte une marque magique visible par tous les autres loups-garous pour une durée de 24 heures quelle que soit sa forme ou son déguisement. La cible ne peut plus se rendre invisible aux yeux des lycanthropes. De plus, pendant 24 heures, le personnage peut automatiquement pister sa cible tant que celle-ci se déplace au sol. La vitesse de déplacement du personnage est divisée par deux lorsqu’il piste une cible de cette manière.'),
('masque-de-chair', 'Masque de chair', 1, 0, '', 'L’apparence humaine de l’être féerique n’est qu’un déguisement de chair que ce dernier peut modifier. Le personnage choisit une seconde identité et une seconde apparence qu’il peut adopter à son gré au prix d’une action limitée. Le joueur doit choisir la couleur des yeux et des cheveux ou les marques distinctives, comme il le ferait à la création d’un nouveau personnage. Ces choix sont faits une fois pour toutes et l’apparence secondaire d’un personnage sera toujours la même.'),
('mecano', 'Mécano', 0, 0, '', 'Le personnage obtient un bonus de +2 par rang atteint dans cette voie à tous les tests visant à réparer ou à comprendre des mécanismes.'),
('medecin', 'Médecin', 0, 0, '', 'Le personnage sait diagnostiquer les maladies et les traumatismes. Il reçoit un bonus de +2 par rang atteint dans cette voie à tous les tests de médecine, de biologie ou d’anatomie. S’il accorde des soins à un personnage blessé avant une période de repos, il lui permet de doubler le résultat du Dé de vie utilisé (soit 2 DV + Niveau + Mod. de CON).'),
('meme-pas-peur', 'Même pas peur', 0, 0, '', 'Le personnage aime le danger ou sait parfaitement gérer les situations à risques. Il gagne un bonus de +1 par rang atteint dans cette voie à tous les tests de caractéristique effectués sous la pression d’un danger mortel, par exemple crocheter une porte tandis que le plafond de la pièce s’effondre, ou sauter par-dessus un précipice ainsi qu’à tous les tests destinés à résister à la peur.'),
('memoire-eidetique', 'Mémoire eidétique', 0, 0, '', 'Le personnage a une mémoire parfaite de tout ce qu’il a vu et entendu. Si le joueur le demande, le MJ doit lui rappeler tous les détails relatifs à un lieu qu’il a visité ou une conversation qu’il a entendue. Le personnage obtient aussi un bonus de +5 sur tous les tests de culture générale.'),
('mental-dacier', 'Mental d\'acier', 0, 0, '', 'Le personnage a étudié ses propres points faibles et il est devenu particulièrement résilient. Lorsqu’il obtient un 1 (échec critique) sur le d20 lors d’un test, il récupère immédiatement un point de chance (sans pouvoir dépasser son maximum).'),
('mepris-pour-les-joue', 'Mépris pour les jouets', 0, 0, '', 'Vaincre le mal exige de la volonté et le courage de payer de son sang. Le personnage divise par deux tous les DM des armes à distance, et cette réduction s’étend aux armes à feu. Sa résistance au feu et froid devient totale.'),
('metal-brulant', 'Métal brûlant', 1, 1, '', 'Le personnage doit réussir un test d’attaque magique (portée 20 m) pour faire chauffer un objet métallique que sa cible transporte pendant [5 + Mod. d’INT] tours. S’il s’agit d’une arme, elle inflige 1 point de DM par tour à son porteur et un malus de -2 aux tests d’attaque. S’il s’agit d’une armure, elle inflige 1d4 DM par tour à son porteur. La victime peut se débarrasser précipitamment de son armure au prix d’une action limitée.'),
('metal-hurlant', 'Métal hurlant', 1, 1, '', 'Sur un test d’attaque magique réussi, le personnage déforme une pièce d’équipement métallique portée par sa cible. Une arme devient inutilisable et bonne pour le rebut, une armure inflige une pénalité de -5 à tous les tests de son porteur. La victime peut se débarrasser de son armure au prix d’une action limitée. Si l’objet est magique, le sort ne fait effet que 1d4 tours et ne peut viser à nouveau l’objet pour 24 heures. Appliqué à une structure (par exemple une porte blindée), ce sort inflige 4d6 DM en divisant par 2 sa RD (réduction des DM).'),
('microscopique', 'Microscopique', 1, 0, '', 'Le personnage est capable de prendre une taille microscopique pendant quelques instants. Jusqu’à son prochain tour, il ne peut plus être la cible d’une attaque. S’il est présent dans le périmètre d’une attaque de zone, il obtient une RD (réduction des DM) de 20 points. Durant ce tour, il peut se déplacer de 10 mètres en passant à travers la matière comme si elle n’existait pas. Si à la fin de son déplacement, il n’est pas dans une zone libre, il est éjecté vers la zone viable la plus proche et il subit 1d6 DM par mètre à franchir.'),
('milieux-extremes', 'Milieux extrêmes', 0, 0, '', 'Le personnage est formé aux techniques de progression dans les milieux difficiles et dangereux (haute altitude, froid ou chaleur extrême, marche sur glacier, escalade, etc.). Il obtient un bonus de +5 à tous les tests dans ces milieux, pour l’utilisation de matériel spécifique ainsi que pour les procédures de sécurité.'),
('mille-visages', 'Mille visages', 1, 0, '', 'Le contrôle du vampire sur les ombres est tel qu’il peut brouiller ses traits et sa silhouette (se rendant méconnaissable) ou imiter l’apparence d’une autre personne au prix d’une action de mouvement. Une personne étudiant de près le vampire peut tenter de percer à jour la supercherie en réussissant un test d’INT de difficulté 15.'),
('milles-yeux', 'Milles yeux', 1, 0, '', 'Le vampire peut voir à une distance de 200 mètres par rang par les sens des animaux (ou des vermines) qu’il contrôle. Il peut poster des sentinelles ou envoyer des espions. Il est donc très difficile de le prendre par surprise ou lui dissimuler quelque chose.'),
('minuscule', 'Minuscule', 1, 0, '', 'À partir du rang 3, le personnage peut adopter la taille d’une mouche et il double les bonus obtenus au rang 1. Sous cette forme, le personnage est capable de grimper sur toutes les surfaces et il peut sauter ou courir sur les mêmes distances que s’il faisait une taille normale.'),
('mirage', 'Mirage', 1, 1, '', 'Le personnage crée une illusion visuelle et sonore immobile d’une durée de [5 + Mod. d’INT] minutes (ou tours si l’illusion est animée). Le volume maximum de l’illusion est de 10 m de côté par rang dans la voie (portée 500 m). Divisez ces paramètres par 10 si l’illusion est animée. Interagir avec l’illusion la fait disparaître.'),
('mise-a-jour-systeme', 'Mise à jour système', 0, 0, '', 'Le personnage crée un dispositif qui lui permet d’obtenir au choix les effets d’une capacité de rang 3 ou 4 d’une voie de mutant. Il peut aussi remplacer définitivement une capacité de rang 1 à 3 acquise précédemment par une nouvelle capacité de même rang.'),
('modele-operationnel', 'Modèle opérationnel', 0, 0, '', 'Le personnage crée un dispositif qui lui permet d’obtenir au choix les effets d’une capacité de rang 2 ou 3 d’une voie de mutant. Un dysfonctionnement ne pénalise plus le personnage que pendant un seul tour.'),
('modification-dappare', 'Modification d’apparence', 0, 0, '', 'Le personnage peut changer à volonté de couleur de cheveux, de peau ou des yeux et agir sur la teinte de ses vêtements, au prix d’une action de mouvement. Il obtient un bonus de +10 à tous les tests de déguisement et de discrétion.'),
('modification-de-stru', 'Modification de structure', 1, 0, '', 'Le personnage peut changer de sexe ou de taille. Il peut grandir de 20 cm par rang et gagner ainsi un bonus de +1 par rang aux tests de FOR et aux DM. Il peut rapetisser de 20 cm par rang et gagner un bonus de +1 par rang en DEF et aux tests de discrétion (mais -1 par rang aux DM au contact).'),
('modification-des-lie', 'Modification des lieux', 1, 0, '', 'Le personnage peut modifier un élément du plan d’une bâtisse : créer un nouveau mur ou au contraire une porte, un escalier vers l’étage supérieur… La modification a une durée de 10 tours (portée 5 mètres).'),
('modifier-les-eveneme', 'Modifier les événements', 0, 0, '', 'Le personnage est capable d’influencer le hasard de façon à produire des événements ou des non-événements qui lui sont favorables en payant 1 point de chance. Par exemple, s’il commet un larcin, il peut éviter qu’une patrouille ne passe juste au moment où il le commet. S’il ouvre la porte d’une maison au hasard, il peut dépenser 1 PC pour qu’elle ne soit pas verrouillée. Des faits ou des événements prévus par le scénario nécessitent 2 PC pour être modifiés et des faits ou des événements cruciaux à sa bonne marche ne peuvent pas être modifiés. Dans tous les cas, le joueur ne peut pas changer un événement dont il connaît déjà l’issue'),
('modifier-les-probabi', 'Modifier les probabilités', 0, 0, '', 'Le personnage peut relancer un dé de son choix une fois par tour après avoir pris connaissance du résultat. Il garde ensuite le résultat de son choix. À partir du rang 4, il peut relancer deux dés par tour (ce ne peut toutefois pas être deux fois le même dé). Le joueur peut choisir de sacrifier chaque dé supplémentaire contre un bonus de +5 en DEF pour un tour.'),
('monolithe', 'Monolithe', 0, 0, '', 'Le personnage obtient une réduction de tous les DM physiques non-magiques subis (RD) égale au rang atteint dans la voie. Cette réduction des DM ne s’ajoute pas à la Résistance au progrès mais la remplace lorsqu’elle est plus avantageuse.'),
('montrer-sa-puissance', 'Montrer sa puissance', 0, 0, '', 'Le personnage peut infliger des DM temporaires avec ses griffes et ses crocs en ignorant la FOR de la victime. Normalement, la victime d’une attaque temporaire retranche son Mod. de FOR des DM temporaires.'),
('mort-lente', 'Mort lente', 1, 0, '', 'Le personnage touche sa victime et celle-ci doit faire un test de CON difficulté 15 ou contracter une affreuse maladie. Chaque jour, son état se dégrade, elle s’affaiblit, maigrit et crache du sang. Toutes les 24 heures, elle doit réussir un test de CON difficulté 10 ou abaisser de 1 son score maximum de PV. La maladie dure jusqu’à ce que mort s’ensuive, que le démon stoppe le pouvoir ou meure, ou que la victime réussisse un test de CON difficulté 20.'),
('mur-de-vent', 'Mur de vent', 1, 0, '', 'Le personnage invoque un mur circulaire de vents violents. Le mur peut avoir un rayon de son choix, à partir de 3 mètres et jusqu’à sa valeur d’INT mètres. Sa hauteur est de 6 mètres et sa durée de [5 + Mod. d’INT] tours, bien que le personnage puisse le faire cesser à tout moment. Il ne peut invoquer qu’un seul mur de vent à la fois. Il faut réussir un test de FOR difficulté 20 pour réussir à franchir le mur de vent, et cela inflige 2d6 DM par essai (objets volants à grandes vitesse). Les créatures protégées derrière le mur obtiennent +10 en DEF et une RD de 10 points contre les attaques à distance portées depuis l’autre côté.'),
('mur-depines', 'Mur d’épines', 1, 0, '', 'Le personnage transforme une haie ordinaire de jardin en mur d’épines acérées ou fait pousser une telle haie pour une durée de [1d6 + Mod. de CHA] minutes. Il affecte une zone de 1 mètre de large, pour une longueur maximum de 5 mètres par niveau (portée 30 mètres). Pour traverser la haie, il faut réussir un test de FOR difficulté 12 et chaque tentative, réussie ou non, inflige 1d6 DM. Le personnage peut traverser cette haie sans difficulté et faire passer des alliés au prix d’une action limitée. Il n’est pas possible d’invoquer plusieurs murs d’épines à la fois.'),
('murmures-du-suaire', 'Murmures du suaire', 1, 0, '', 'Le vampire peut envoyer un message à une personne à portée de vue à une distance maximum de 50 mètres par rang ou à une personne de sa connaissance hors de son champ de vision à une distance de 20 mètres par rang. Ces murmures sont si persuasifs que le vampire peut effectuer des tests sociaux comme s’il était présent.'),
('musique-fascinante', 'Musique fascinante', 1, 1, '', 'Le personnage joue de la musique pour fasciner et « contrôler » toutes les créatures de son choix (rats, humains, etc.) dans un rayon de 30 m. Seules les créatures dont les PV sont inférieurs ou égaux à [niveau + Mod. de CHA] du personnage répondent. Les créatures sortent de leur cachette et se dirigent vers le barde, elles le suivent tant qu’il continue à jouer. Quand il utilise cette capacité, le personnage peut également se déplacer de 10 m par tour.'),
('mutation-x', 'Mutation X', 0, 0, 'prest', 'Le mutant ajoute +1d6 à tous les DM qu’il inflige avec un type d’attaque ou de pouvoir qui dépend de sa voie première'),
('nage-rapide', 'Nage rapide', 0, 0, '', 'Dans l’eau, le personnage est capable de se déplacer de 20 mètres par rang par action de mouvement (soit 100 mètres par action de mouvement au rang 5, ce qui représente 70 km/h). Désormais, il peut nager à une profondeur d’environ 1 000 mètres et sa vision s’adapte à la nuit des profondeurs. Il voit dans la pénombre comme en plein jour et, dans le noir, il voit comme dans la pénombre à une portée de 10 mètres par rang.'),
('ne-fais-pas-a-autrui', 'Ne fais pas à autrui', 0, 0, '', 'Une fois par tour, le personnage peut appliquer les effets d’une attaque magique qui l’affecte à la créature qui en est à l’origine, en réussissant un test d’attaque magique opposé au résultat obtenu par l’adversaire. Par exemple, si le personnage est pris dans l’aire d’effet d’une boule de feu : il fait un test d’attaque magique et, s’il bat le résultat obtenu par le magicien sur son attaque, ce dernier subit les DM de la boule tout comme le personnage. La perte de PV peut au final être différente selon les résistances du personnage et de son adversaire.'),
('niveau-de-vie', 'Niveau de vie', 0, 0, '', 'Vous débutez avec le niveau de vie fortuné (si vous aviez déjà déterminé le niveau de vie fortuné, votre revenu passe à 20 000 par mois). Lorsque vous atteignez le rang 4 de la voie, vous obtenez le niveau de vie très fortuné.'),
('nuee-de-nuisibles', 'Nuée de nuisibles', 1, 0, '', 'Le personnage invoque une nuée de petits animaux qui surgissent des alentours, comme des campagnols (campagne), des écureuils (forêts) ou des rats (en ville). Ils sont totalement enragés et attaquent en grand nombre la cible désignée (portée 30 mètres) pendant [1d4 + Mod. de CHA] tours, infligeant automatiquement 1d6 DM par tour et obligeant la victime à utiliser un d12 pour ses actions pendant la durée de l’effet. La cible peut se débarrasser prématurément des rongeurs en infligeant 30 points de DM contre une DEF de .'),
('nulle-zone', 'Nulle zone', 1, 0, '', 'En se concentrant, le personnage peut empêcher tout pouvoir magique, mutant ou extraordinaire de fonctionner autour de lui dans une zone de 2 mètres de rayon par rang pendant un tour complet.'),
('oeil-du-predateur', 'Oeil du prédateur', 0, 0, '', 'Les yeux du vampire luisent d’une lueur surnaturelle, lui accordant une vision parfaite dans l’obscurité la plus totale à une distance de 50 mètres et lui donnant un bonus de +5 aux tests pour intimider ou effrayer.'),
('offrande-de-sang', 'Offrande de sang', 1, 0, '', 'Le personnage réalise une attaque simple au contact. En cas de succès, il inflige des DM normaux et il transforme le sang répandu (au moins 1 point de DM est nécessaire) en énergie ténébreuse. Au prochain, tour, il obtient un bonus de +5 à un test d’attaque de son choix (au contact, à distance ou magique) et un bonus de +1d6 au DM.'),
('ombre-mortelle', 'Ombre mortelle', 1, 1, '', 'L’ombre de la cible attaque son propriétaire pendant [3 + Mod. d’INT] tours (portée 20 m). L’ombre poursuit sa cible partout où elle se réfugie. Ombre : 1 attaque par tour, att = att de la cible, DM = DM de la cible divisés par 2.'),
('onde-sonore', 'Onde sonore', 1, 0, '', 'Le personnage crée une onde sonore concentrée sous forme d’un cône de 20 mètres de long et 3 mètre de large. Le personnage doit faire un test d’attaque à distance contre chaque créature sur la trajectoire et, en cas de réussite, il inflige [1d6 + Mod. de PER] DM et la cible doit faire un test de CON difficulté 10 ou être Étourdie.'),
('options-et-adaptatio', 'Options et adaptations', 0, 0, '', 'Le personnage crée un dispositif qui lui permet d’obtenir au choix les effets d’une capacité de rang 4 ou 5 d’une voie de mutant. De plus, en travaillant à modifier son invention pendant un jour par rang, le personnage peut, une fois par aventure, remplacer n’importe quelle capacité de mutant par une autre de même rang pour le reste de l’aventure.'),
('orage', 'Orage', 1, 0, '', 'Le personnage doit se concentrer (action limitée) pendant 3 tours afin de convoquer des nuages orageux dans le ciel dans une zone de 50 mètres autour de lui. Ensuite, il peut produire un éclair à chaque tour dans cette zone. Sur un test d’attaque à distance réussi, il inflige [2d6 + Mod. d’INT] DM. Les nuages se dissipent après 10 tours. Le personnage réduit de 5 points tous les DM d’électricité.'),
('ordalie-des-elements', 'Ordalie des éléments', 0, 0, '', 'Le personnage est immunisé aux DM de feu et de froid naturels. Il ne subit que la moitié des DM de feu ou de froid magiques.'),
('oreille-fantastique', 'Oreille fantastique', 0, 0, '', 'Le personnage possède un don exceptionnel pour percevoir les sons et leurs nuances. Le personnage obtient un bonus de +5 à tous les tests de perception auditive et de mémoire, ainsi que pour imiter des sons ou des voix. Il peut aussi détecter un état émotionnel en réussissant un test de PER opposé à un test de CHA de sa cible, et détecter les mensonges s’il obtient une marge de réussite de 10 points par rapport au résultat de son adversaire.'),
('oubli', 'Oubli', 1, 0, '', 'En réussissant un test d’attaque magique contre la valeur de PER de sa cible, le personnage disparaît de la mémoire de celle-ci. À la suite de l’utilisation de ce pouvoir, la cible ignore le personnage pendant 1 tour complet puis reprend ses activités normales. Elle ne se rappelle pas du personnage ni des événements dont il est directement responsable depuis une dizaine de tours. Par exemple, dans un combat contre trois adversaires, la cible se rappellera avoir affronté seulement deux adversaires. La portée du pouvoir est de 10 mètres et il ne fonctionne pas sur les cibles d’un niveau supérieur à la moitié de celui du personnage. Le pouvoir peut affecter jusqu’à une cible par rang atteint dans la voie à la fois.'),
('ouverture', 'Ouverture', 1, 0, '', 'Le personnage peut faire cesser l’effet de la Nulle zone au moment de son choix dans le tour. Par exemple, après l’action d’un ennemi, pour permettre à ses alliés d’agir. De plus, il peut utiliser cette capacité au prix d’une action d’attaque chaque tour, au lieu d’une action limitée.'),
('pacte-sanglant', 'Pacte sanglant', 0, 0, '', 'Par une action gratuite, le personnage sacrifie 1d4 PV et gagne immédiatement +3 sur un jet de d20 de son choix ou en DEF contre une attaque. À partir du rang 5 dans la voie, il peut sacrifier 2d4 PV pour faire passer ce bonus à +5.'),
('pain-beni', 'Pain béni', 1, 0, '', 'Le personnage bénit la nourriture et multiplie les mets. Il multiplie la quantité de nourriture présente par cinq. De plus, les mets deviennent enchantés et guérissent ceux qui les mangent pour [1d6 + Mod. CHA + Niveau] PV. On ne peut profiter des mets ainsi enchantés qu’une fois par repas (matin, midi et soir).'),
('paix-interieure', 'Paix intérieure', 1, 0, '', 'Le personnage peut automatiquement mettre fin à la Rage férale lorsqu’il le souhaite et, s’il réussit un test de CHA difficulté 15, il ne perd aucun point de rage. À partir du niveau 5, il peut faire de même pour la Furie lunaire. De plus, désormais, le joueur lance deux d20 à tous les tests de PER et garde le meilleur résultat.'),
('panne-techno-garou', 'Panne technologique', 1, 0, '', 'Le personnage peut provoquer une panne dans un objet technologique à une portée de 30 mètres en réussissant un test de PER de difficulté 10. Si l’objet est porté par un adversaire (comme une arme à feu), il doit à la place réussir un test opposé d’attaque magique.'),
('panne-technologique', 'Panne technologique', 1, 0, '', 'Le personnage peut provoquer une panne dans un objet technologique à une portée de 10 mètres en réussissant un test de CHA de difficulté 10. Si l’objet est porté par un adversaire (comme une arme à feu), il doit à la place réussir un test opposé d’attaque magique.'),
('par-monts-et-par-vau', 'Par monts et par vaux', 0, 0, '', 'Le personnage devient immunisé au mal des transports et ne subit pas de pénalité de fatigue pour les longs voyages ou les décalages horaires. Il obtient aussi un bonus de +5 pour tous les tests de pilotage de véhicules terrestres et nautiques ou les voyages à dos d’animal.'),
('pas-de-lombre', 'Pas de l\'ombre', 0, 0, '', 'Au prix d’une action de mouvement, le personnage peut entrer dans les ombres et y disparaître. Il peut y rester, totalement invisible et invulnérable (bien qu’il continue à subir des DM dont l’origine précède l’utilisation de ce pouvoir), mais capable de voir et d’entendre depuis son poste d’observation. Seule la lumière du soleil peut effacer l’ombre qui l’abrite en son sein et le forcer à réapparaître. Sortir de l’ombre nécessite une action de mouvement.'),
('passe-muraille', 'Passe-muraille', 1, 0, '', 'Le personnage fait quelques pas à travers le voile et, par cette autre dimension, passe de l’autre côté d’un obstacle tel qu’un mur ou une porte (maximum 1 mètre d’épaisseur).'),
('passe-muraille-estom', 'Passe-muraille', 1, 0, '', 'Le personnage peut passer à travers un mur d’une épaisseur maximum de 1 mètre par rang atteint. À partir du rang 5, le personnage peut activer ce pouvoir au prix d’une action de mouvement.'),
('pattes-daraignee', 'Pattes d\'araignée', 1, 1, '', 'Le personnage peut se déplacer de 10 m par action de mouvement sur les murs et les plafonds pendant [5 + Mod. d’INT] tours. S’il reste immobile, il peut lancer des sorts.'),
('peau-dacier', 'Peau d’acier', 0, 0, '', 'Le personnage gagne +1 en DEF par rang atteint dans la voie.'),
('peau-de-marbre', 'Peau de marbre', 0, 0, '', 'Le vampire augmente sa DEF de +2, les projectiles des armes à feu rebondissent sur sa peau et il divise les DM de ces armes par deux (après réduction des DM).'),
('peau-de-pierre', 'Peau de pierre', 1, 1, '', 'Le personnage obtient une réduction des DM égale à [5 + Mod. d’INT] pendant [5 + Mod. d’INT] tours ou jusqu’à ce que le sort ait absorbé 40 points de dégâts.'),
('penitence', 'Pénitence', 0, 0, '', 'À chaque fois qu’il obtient un résultat de 1 ou 2 sur un test de réussite, le personnage gagne un point de pénitence. Après avoir prié une heure en repentance, le personnage peut transformer 1 point de pénitence en 1 point de chance. Dépensez ce point selon les règles de chance, même si vous n’utilisez pas cette règle optionnelle.'),
('pensees-impures', 'Pensées impures', 1, 0, '', 'Le personnage se concentre sur une créature vivante à moins de 10 mètres. En réussissant un test de PER opposé au CHA de la créature ciblée, il peut déterminer si elle est sous l’emprise de pulsions maléfiques (meurtre, luxure, etc.). Les critères de jugement d’une pulsion maléfique sont laissés à la discrétion du MJ en fonction des préceptes de la religion du personnage et de son niveau d’intransigeance personnel.'),
('perception-extra-sen', 'Perception extra-sensorielle', 0, 0, '', 'Le personnage possède une perception surnaturelle de son environnement qui lui permet de dresser une sorte de carte mentale de ce qui l’entoure. Il obtient un bonus de +5 à tous les tests de PER et il voit dans le noir comme s’il s’agissait de pénombre à une portée de 30 mètres.'),
('perception-heroique', 'PERception héroïque', 0, 0, '', 'Le personnage augmente sa valeur de PER de +2. Il peut désormais lancer deux d20 à chaque fois qu’un test de PER lui est demandé et conserver le meilleur résultat.'),
('perception-instincti', 'Perception instinctive', 0, 0, '', 'Le personnage obtient un bonus de +3 à tous les tests de PER et +1 en attaque à distance. Ce bonus est doublé à partir du rang 4 de la voie.'),
('perception-superieur', 'PERception supérieure', 0, 0, '', 'Le personnage augmente de +2 la valeur de son score de PER. Lorsqu’il combat dans le noir, il peut retrancher son Mod. de PER aux malus subis et il ajoute son Mod. de PER à son score d’initiative.'),
('percuter', 'Percuter', 1, 0, 'creat', 'Sur une charge réussie, si la victime est d’une taille inférieure à la créature, elle est de plus projetée à [1d6 + 1] mètres de là. Elle doit réussir un test de CON de difficulté 15 ou être Étourdie. À chaque tour, elle peut tenter un nouveau test de CON pour retrouver ses esprits.'),
('perdition', 'Perdition', 1, 0, '', 'En forêt, le personnage invoque la nature féerique dans une zone de 50 mètres de diamètre pendant [1d6 + Mod. de CHA] tours. Toute créature qui entre dans cette zone doit faire un test de PER difficulté 15 ou se perdre entre les deux mondes pendant 2d6 heures. Elle erre dans une forêt sans fin où elle a l’impression de toujours revenir à son point de départ.'),
('pied-a-terre', 'Pied-à-terre', 0, 0, '', 'Le personnage a accès à un logement de qualité dans toutes les grandes capitales, il s’agit généralement de la résidence secondaire d’un ami ou d’un allié. L’endroit peut être discret ou ostentatoire, au gré du joueur. Il peut comprendre du personnel et donne aussi accès à tout l’équipement disponible dans ce type de local, y compris de l’armement ou d’autres produits éventuellement illégaux (à la discrétion du MJ).'),
('pilote-emerite', 'Pilote émérite', 0, 0, '', 'Le personnage obtient un bonus de +2 par rang atteint dans cette voie à tous les tests de pilotage (DEX) ainsi qu’en initiative lorsqu’il conduit un véhicule du type choisi (auto, moto, avion, bateau à moteur, voilier…). Il n’a plus besoin de faire de test de pilotage pour éviter une sortie de route lorsqu’il tire tout en conduisant.'),
('plus-cest-gros', 'Plus c\'est gros', 1, 0, '', 'Le personnage utilise ce sort pour influencer une personne et la rendre crédule alors qu’il lui raconte un énorme mensonge. Celui-ci peut être farfelu, mais doit rester du domaine du possible. À la fin de son baratin, le démon réalise un test d’attaque magique opposé avec sa cible. En cas de succès, la cible est convaincue de la véracité du propos. Si le mensonge est vraiment invraisemblable, elle aura droit à un test d’INT difficulté 10 ou 15 (selon l’énormité) toutes les cinq minutes pour réaliser qu’elle s’est fait duper. Si le mensonge est tout à fait crédible, elle ne se doutera de rien.'),
('plus-rapide-que-la-m', 'Plus rapide que la mort', 1, 0, '', 'Désormais, le joueur lance deux d20 à tous les tests de DEX et garde le meilleur résultat. La vitesse de course du vampire augmente et il peut ajouter 10 mètres de déplacement à chaque action qu’il utilise.'),
('poings-de-pierre', 'Poings de pierre', 1, 0, '', 'Au prix d’une action limitée, le personnage agglomère de la roche autour de ses poings pour une durée de [5 + Mod. de CON] tours. Il inflige +1 point de DM par rang atteint pendant la durée de la capacité. Le personnage est capable de modifier la forme d’un rocher de 50 cm d’arête par rang ou de creuser la terre d’autant en utilisant une action limitée (portée contact).');
INSERT INTO `coc_capacites` (`capacite`, `nom`, `limitee`, `sort`, `type`, `description`) VALUES
('polyvalent', 'Polyvalent', 0, 0, '', 'Le personnage choisi une nouvelle catégorie de véhicule (voir Pilote émérite). Il bénéficie de tous les bonus et effets des capacités de cette voie pour cette nouvelle catégorie de véhicule. Il apprend à piloter une nouvelle et dernière catégorie de véhicule au rang 5.'),
('pont-de-lune', 'Pont de lune', 1, 0, '', 'La lune doit être visible pour utiliser ce pouvoir. Le personnage et jusqu’à cinq compagnons voyagent instantanément sur un rayon de lune sur une distance pouvant aller jusqu’à 2 kilomètres. Le point d’arrivée doit être visible depuis le lieu de départ.'),
('porteur-de-poisse', 'Porteur de poisse', 0, 0, 'creat', 'Toutes les attaques et tous les tests effectués contre le PNJ sont réalisés avec deux dés, seul le plus mauvais résultat est pris en compte. À chaque fois qu’un joueur utilise 1 point de chance contre lui, le PNJ gagne 1 point de poisse. Un point de poisse peut être utilisé pour infliger une pénalité de -10 au test de d20 d’un adversaire au moment où le MJ en a envie.'),
('potion-de-forme-gaze', 'Potion de forme gazeuse', 0, 0, '', 'Le personnage prend la consistance d’un gaz. Il se déplace au ras du sol (s’il chute, il le fait au ralenti) à une vitesse de 10 m par tour. Il peut s’introduire par les plus petits interstices (comme sous une porte), mais ne peut utiliser aucune capacité sous cette forme. Il ne subit pas non plus de DM, à l’exception d’effets de zone occasionnant des DM (comme une explosion). L’effet a une durée de [1d4 + Mod. d’INT] tours.'),
('poupee', 'Poupée', 0, 0, '', 'Le personnage voit sa taille rapetisser jusqu’à devenir minuscule (entre 10 et 30 centimètres). Il prend alors l’apparence d’une poupée de chiffon à son effigie. La transformation dans un sens ou dans l’autre lui nécessite une action limitée, mais sa durée est illimitée. Sous cette forme, il gagne un bonus de +15 à tous les tests de discrétion (au lieu de +5) et peut passer dans des espaces très réduits. En revanche, ses DM sont réduits à 1 point par attaque réussie au contact ou à distance et ses pouvoirs n’affectent aucune créature de taille supérieure à très petite. Ses déplacements sont réduits à 10 mètres par action de mouvement. Il utilise un d6 au lieu du d20 pour les tests de FOR ou d’attaque au contact.'),
('poussee', 'Poussée', 1, 0, '', 'Ce pouvoir permet d’augmenter la gravité de façon localisée. Sur un test d’attaque magique réussi, le personnage inflige 1d6 DM par rang à une cible (portée de 20 mètres) et repousse son adversaire de 3 mètres par rang. Celui-ci doit faire un test de FOR de difficulté 15 pour résister et ne pas reculer. Ces DM affectent normalement les structures.'),
('pouvoir-de-reserve', 'Pouvoir de réserve', 1, 0, '', 'Désormais, en faisant usage de la capacité de rang 1, si le personnage réussit un test de CHA de difficulté [15 + rang du pouvoir], il peut conserver ce pouvoir en réserve pour en faire usage sans limite de temps. Toutefois, dès que le pouvoir est employé une première fois, le personnage en perd l’usage après [1d6 + Mod. de CHA] tours. Un pouvoir en réserve compte comme un pouvoir reproduit.'),
('pouvoir-doutre-monde', 'Pouvoir d\'outre-monde', 0, 0, '', 'Le personnage est désormais capable de pratiquer une forme de magie. Le MJ et le joueur doivent se mettre d’accord sur ce que le personnage apprend. Ce sera probablement un sort ou un rituel particulier avec lequel le personnage a été en contact durant les aventures qu’il a vécu. Attention, un pouvoir puissant a toujours une contrepartie déplaisante. Si vous n’avez pas d’idée, voici deux propositions.\r\n- Une fois par tour, le personnage peut sacrifier 1d4 PV (ou 1d6 au choix) pour obtenir un bonus égal au double de ce montant sur le résultat d’un test (d20, d12). Il peut annoncer cet effet après avoir pris connaissance du résultat du jet de dé. Ce dé de sacrifice de PV est un jet sans limite (comme la règle des DM).\r\n- Le personnage n’a plus besoin de dormir, il n’a besoin que de la moitié de la nourriture et de l’eau que consomme un être humain normal, il est immunisé aux maladies et aux poisons naturels. Enfin il guérit deux fois plus vite (il double le nombre de PV récupérés) et il vieillit deux fois moins vite. Mais cela a un prix, sa peau devient pâle et froide, et il développe une sensibilité à la lumière vive (elle est considérée comme de la pénombre).'),
('pouvoir-mineur', 'Pouvoir mineur', 0, 0, '', 'Le joueur choisit une capacité de rang 1 ou 2 de son choix d’une voie de magie (voir chapitre 4, p. 92).'),
('pouvoirs-multiples', 'Pouvoirs multiples', 1, 0, '', 'Désormais, le personnage peut reproduire deux pouvoirs différents pouvant appartenir à une seule ou à deux créatures différentes. À partir du rang 5, il peut reproduire et utiliser jusqu’à trois pouvoirs simultanément.'),
('prendre-sur-soi', 'Prendre sur soi', 0, 0, '', 'Une fois par tour en action gratuite, le personnage peut subir à la place d’un allié situé à moins de 30 mètres les DM qu’aurait dû recevoir ce dernier. Il perd les PV à la place de la victime.'),
('prescience', 'Prescience', 0, 1, '', 'Une fois par combat, le joueur peut décider qu’il réalise que tout ce qui s’est passé durant ce tour n’était que la vision d’un futur possible. On rejoue alors le tour depuis le début : les autres personnages ne peuvent pas changer leurs actions, contrairement au lanceur de sort qui bénéficie d’un bonus de +10 en Initiative et en DEF.'),
('presence-abominable', 'Présence abominable', 0, 0, '', 'S’il le souhaite, l’apparence décharnée du vampire devient affreuse et sa prestance ténébreuse complètement oppressante, la terreur qu’il inspire est digne des plus grands prédateurs de légende. Le vampire reçoit un bonus de +5 à tous les tests d’intimidation. Lorsqu’il attaque pour la première fois, toutes les créatures à moins de 20 mètres doivent réussir un test de CHA de difficulté 15 ou être Ralenties pendant 1d4 tours (submergées par la peur). Les autres Surhumains n’ont besoin de réussir qu’un test de difficulté 10 pour résister.'),
('prestidigtation', 'Prestidigitation', 0, 0, '', 'Au prix d’une action de mouvement, le personnage peut produire un effet de magie mineure : éteindre ou allumer une bougie en claquant des doigts, faire apparaître ou disparaître un petit objet dans sa main, faire claquer une porte à une distance maximum de 10 mètres ou encore produire un son simple à la même distance.'),
('priver-de-lumiere', 'Priver de lumière', 1, 0, '', 'Si le personnage gagne un test opposé d’attaque magique, la cible est Aveuglée pour [1d6 + Mod. de CHA] tours. Elle subit un malus de -5 en attaque au contact et en DEF et un malus de -10 en attaque à distance ou magique. Si le personnage le décide, un humain ordinaire de niveau 1 ou moins affecté par cette capacité doit faire un test de CON à la fin de la durée de la capacité, en cas.'),
('profiter-du-nombre', 'Profiter du nombre', 0, 0, '', 'Lorsqu’il combat au contact la même cible qu’un allié, le personnage reçoit un bonus de +2 en attaque ou en DEF. À partir du rang 4, il gagne le bonus en attaque et en DEF.'),
('projectile-de-feu', 'Projectile de feu', 0, 0, '', 'Le personnage projette sur une cible un projectile enflammé à une distance maximum de 10 mètres par rang. S’il réussit un test d’attaque à distance, il inflige [1d6 + Mod. de CON] DM. La cible prend feu et subit 1d6 DM supplémentaire chaque tour suivant. Sur un résultat de 1 à 3, les flammes s’éteignent et le pouvoir prend fin. Les DM supplémentaires de plusieurs projectiles ne peuvent pas se cumuler.'),
('projectile-de-glace', 'Projectile de glace', 1, 0, '', 'Le personnage projette une lance de glace sur une cible à une portée maximum de 50 mètres. S’il réussit un test d’attaque à distance, il inflige [3d6 + Mod. de CON] DM et la victime est Ralentie à son prochain tour. En cas de réussite critique, la victime est prise dans un bloc de glace pour 1d6 tours, elle peut essayer de se libérer à chaque tour en réussissant un test de FOR de difficulté 15.'),
('projection', 'Projection', 1, 0, '', 'Le personnage peut lancer un objet métallique sur une cible par une action d’attaque à une portée de 30 mètres. Un test d’attaque à distance réussi inflige [2d6 + Mod. d’INT] DM et la cible doit réussir un test de FOR difficulté [10 + rang] ou être Renversée (l’objet doit peser au moins 5 kg pour obtenir cet effet).'),
('projection-creature', 'Projection', 0, 0, 'creat', 'Sur 15 à 20 au test d’attaque, si la victime est de taille inférieure, elle est projetée à [1d6 + 1] mètres de là et subit +3d6 DM supplémentaires. Elle doit réussir un test de CON de difficulté 15 ou être Étourdie. À chaque tour, elle peut tenter un nouveau test de CON pour retrouver ses esprits. Sa résistance aux DM passe à 10 (RD 10).'),
('promptitude', 'Promptitude', 0, 0, '', 'La vitesse d’exécution exceptionnelle du vampire lui octroie un bonus égal au rang atteint dans la voie aux tests de DEX, en Init. et en DEF.'),
('protecteur', 'Protecteur', 0, 0, '', 'Une fois par tour, s’il est au contact d’un personnage, le golem peut s’interposer et subir les DM d’une attaque à sa place.'),
('protection-contre-le', 'Protection contre le mal', 1, 1, '', 'Le personnage peut lancer ce sort sur lui ou sur tout allié (portée : contact) pour la durée d’un combat. La cible obtient alors un bonus de +2 en DEF et pour tous les tests de résistance contre les attaques des morts-vivants, des démons, des élémentaires et des créatures conjurées (appelées d’un autre plan par magie).'),
('protection-de-la-ter', 'Protection de la terre', 0, 0, '', 'Le personnage divise par deux tous les DM des éléments de la nature, froid, chaleur, venin animal, plante toxique, etc. et il peut trouver automatiquement de la nourriture pour une personne (ou loup-garou) par rang en 1d6 heures de chasse en milieu naturel.'),
('protection-esprits', 'Protection contre les esprits', 1, 0, '', 'Le personnage obtient un bonus de +3 en DEF et pour tous les tests de résistance contre les attaques des morts-vivants, des démons, des élémentaires, des créatures conjurées ou des esprits pour toute la durée d’un combat. Il peut aussi conférer cette capacité à un allié en le touchant.'),
('protection-vs-elemen', 'Protection contre les éléments', 1, 1, '', 'Pendant [5 + Mod. d’INT] tours, le personnage retranche à tous les DM de feu, de froid, d’électricité ou d’acide subis un montant égal à 2 fois son rang dans cette voie.'),
('prototype', 'Prototype', 0, 0, '', 'Le personnage crée un dispositif qui lui permet d’obtenir au choix les effets d’une capacité de rang 1 ou 2 d’une voie de mutant. Lorsque le personnage obtient un échec critique sur un test d’action (attaque, test de FOR, DEX ou CON), le dispositif hightech rencontre un dysfonctionnement et le personnage utilise 1d12 à tous ses tests pendant les 1d6 prochains tours. S’il utilise déjà 1d12 (blessure grave), un dysfonctionnement grave survient'),
('prouesses-ferales', 'Prouesses férales', 1, 0, '', 'Le personnage peut sauter une distance incroyable de 10 mètres par rang ou courir la même distance sur une surface improbable pendant un tour (eau, feuillage, mur vertical, etc.). Il doit cesser son mouvement sur une surface stable. De plus, désormais, le joueur lance deux d20 à tous les tests de DEX et garde le meilleur résultat.'),
('provocation', 'Provocation', 1, 0, '', 'Le personnage maîtrise l’art de se rendre désagréable, voire insupportable. Par un test opposé de CHA contre l’INT de la victime, il peut forcer celle-ci à s’énerver ou à l’attaquer, au choix du joueur, pendant un tour. Une victime énervée réalise des actions stupides qui ne sont pas dans son intérêt : montrer son vrai visage, révéler des informations qu’elle entendait cacher ou prendre une décision inadéquate. Si elle attaque le personnage, elle subit une pénalité de -5 en attaque à son premier tour, en raison de l’énervement. Toute nouvelle tentative de provocation après la première se voit pénalisée d’un malus cumulatif de -5.'),
('puissance-de-la-tomb', 'Puissance de la tombe', 0, 0, '', 'Le vampire gagne un bonus de +5 à ses tests de FOR et, désormais, le joueur lance deux d20 à tous les tests de FOR et garde le meilleur résultat (le jour, il lance deux d12).'),
('puissance-du-dragon', 'Puissance du dragon', 0, 0, '', 'Le personnage obtient une capacité de son choix. Elle peut être choisie dans n’importe quelle voie (CO fantasy ou CO contemporain) et cela peut même être une capacité épique.'),
('puissance-mentale', 'Puissance mentale', 1, 0, '', 'Le personnage peut utiliser un d12 au lieu du d20 en attaque mentale (ou en attaque mentale de masse) et obtenir un bonus de +2d6 aux DM.'),
('pyromorphose', 'Pyromorphose', 1, 0, '', 'Le personnage transforme son corps en feu solide pour une durée de [1d6 + Mod. de CON] tours. Sous cette forme, il devient capable de voler à une vitesse de 30 mètres par action de mouvement, il réduit tous les DM de froid de 10 points et il est totalement immunisé au feu. Toute créature qui l’attaque à mains nues subit automatiquement 1d6 DM de feu par attaque.'),
('queue-puissante', 'Queue puissante', 0, 0, '', 'Le personnage possède une queue massive et puissante. Il peut réaliser en action gratuite une attaque supplémentaire avec un d12 et infliger [1d4 + Mod. de FOR] DM en cas de réussite. S’il obtient 12 au dé, la victime doit faire un test de FOR opposé ou être renversée.'),
('rage-ferale', 'Rage férale', 1, 0, '', 'Le personnage entre dans une rage sanguinaire pour le reste du combat. Il gagne un bonus de +2 en attaque et +1d6 aux DM de ses attaques au contact, mais subit un malus de -3 en DEF. Il doit attaquer tout ennemi en vue et ne peut fuir ou attaquer à distance. S’il veut stopper la rage avant d’avoir éliminé tous ses adversaires, il peut tenter un test de CHA difficulté 15 une fois par tour. S’il réussit cela lui fait immédiatement perdre 1 point de rage.'),
('rapide', 'Rapide', 0, 0, '', 'Le personnage gagne un bonus de +1 en DEF par rang atteint dans la voie. Il peut courir sur des surfaces verticales ou sur l’eau (mais il ne peut s’y arrêter).'),
('rappel-a-la-vie', 'Rappel à la vie', 1, 1, '', 'Une fois par aventure, le personnage peut rappeler à la vie un personnage décédé depuis moins de [5 + Mod. de CON de la victime] minutes. Le rituel ne fait pas repousser les membres perdus et le corps doit disposer de tous ses organes vitaux pour pouvoir être ramené à la vie. La cible revient à la conscience avec 1d6 PV.'),
('realite-virtuelle', 'Réalité virtuelle', 1, 0, '', 'Le personnage modifie complètement la perception que les cibles ont de leur environnement, il peut modifier l’apparence des créatures, des objets et même des bâtiments à volonté, allant jusqu’à tromper l’ensemble des cinq sens, faisant passer un taudis pour un palace et des ordures pour un festin. Le pouvoir affecte une zone d’une taille maximum de 50 mètres de rayon pendant [5 + Mod. de PER] tours. Toutefois, la taille approximative des lieux, des objets et des personnes doit correspondre, sans quoi la victime a droit à un test d’INT difficulté 10 pour s’apercevoir de la supercherie. Le personnage est le seul à voir la vraie nature des choses, et cet avantage lui donne un bonus de +2 en Init., en DEF et à tous ses tests. En passant une heure à créer cette illusion, le personnage peut augmenter sa durée à une heure par niveau.'),
('recherche-rapide', 'Recherche rapide', 0, 0, '', 'Le personnage divise par deux le temps nécessaire à la recherche de tout type d’indices.'),
('recuperation-eclair', 'Récupération éclair', 1, 0, '', 'Le personnage peut immédiatement récupérer [DV + Mod. de CON + Niveau] PV une fois par jour. Au rang 4, le personnage peut utiliser cette capacité sur un autre personnage en le touchant, mais la cible doit également utiliser une action limitée. Il peut utiliser cette capacité sur autant de créatures qu’il le souhaite, mais une seule fois par jour pour chacune d’elle.'),
('refuge', 'Refuge', 1, 0, '', 'Le personnage crée un espace hors du réel, il peut y entrer par une porte lumineuse, accompagné d’un maximum de [3 + Mod de CHA] alliés. Lorsqu’il referme la porte de l’intérieur, il n’y a plus aucun moyen d’y accéder ni de détecter l’endroit (à l’exception d’un sort ou d’une capacité de détection de l’invisible). Les personnages à l’intérieur sont en sécurité dans un cube transparent immobile perché dans les cieux, ils peuvent en sortir à tout moment, mais cela met fin au pouvoir. La capacité a une durée maximum de [1d6 + Mod. de CHA] heures.'),
('regard-de-lame', 'Regard de l’âme', 1, 0, '', 'Le vampire peut lire les pensées de la cible et déceler les mensonges, à une portée de 10 m. La cible peut résister avec un test de CHA de difficulté [10 + Mod. d’INT] du vampire. Une cible qui a résisté au Regard de l’âme y est immunisée pour 24 heures. Si le vampire réussit un test d’INT de difficulté 20, il perçoit la nature réelle de la cible et perce toute illusion.'),
('regeneration', 'Régénération', 1, 0, '', 'En dépensant un point de récupération, le personnage ciblé guérit de 1 PV par rang par tour jusqu’à revenir à son score maximum.'),
('relations', 'Relations', 0, 0, '', 'Une fois par aventure, avec l’accord du MJ, le personnage peut faire jouer ses relations pour obtenir un avantage important : faire sortir un allié ou lui-même de prison (si les faits ne sont pas trop graves), éviter une enquête embarrassante, rencontrer un personnage important, etc.'),
('renforcement', 'Renforcement', 1, 0, '', 'Le personnage utilise ses talents pour entraîner son corps, le renforcer et agir inconsciemment sur la gravité pour réduire les impacts des coups. Il retranche 5 points à tous les DM reçus (RD 5), son poids augmente de 50 %.'),
('reparation', 'Réparation', 1, 0, '', 'Le personnage guérit des effets d’une blessure grave, il ne subit plus de malus à ses actions. Il obtient un bonus de +5 à tous les tests de CON pendant 10 tours après l’utilisation de ce pouvoir.'),
('reparer-les-os', 'Réparer les os', 0, 0, '', 'Désormais, le personnage n’a plus besoin que d’une action d’attaque pour supprimer les effets d’une blessure grave. Au niveau 5, une action de mouvement suffit, mais il lui faut toujours dépenser 1 point de rage. Désormais, le joueur lance deux d20 à tous les tests de CON et garde le meilleur résultat.'),
('resistance', 'Résistance', 0, 0, '', 'Le personnage reçoit un bonus de +5 à tous les tests pour résister aux maladies et aux poisons et il ne subit que la moitié des pénalités ou des DM lorsqu’il est malade ou empoisonné. Il peut manger n’importe quelle nourriture locale comestible sans tomber malade, il est capable de manger ou de dormir deux fois moins que la normale et continue à guérir normalement, même dans les pires conditions.'),
('resistance-a-largent', 'Résistance à l’argent', 0, 0, '', 'Réduit les DM des attaques infligées par des armes en argent de 1 point par rang atteint dans la voie.'),
('resistance-a-lelectr', 'Résistance à l’électricité', 0, 0, '', 'Le personnage réduit tous les DM d’électricité subis de 5 points par rang atteint dans la voie. S’il a accès à une source d’électricité, comme une prise de courant, il peut, au prix d’une action limitée, se charger en électricité et utiliser dans les 1d6 tours la capacité de rang 2 (il n’a plus besoin de source externe lorsqu’il atteint le rang 2 de la voie).'),
('resistance-aux-armes', 'Résistance aux armes à feu', 0, 0, '', 'Le personnage divise par 2 les DM des armes à feu, même s’il s’agit de balles en argent. En forme humaine, il obtient un bonus de +1 en attaque et aux DM des armes à feu.'),
('resistance-mutant', 'Résistance', 0, 0, '', 'À chaque fois qu’un pouvoir est utilisé contre lui, le personnage peut faire un test opposé d’attaque magique contre l’agresseur. En cas de succès, il annule le pouvoir.'),
('resistance-occulte', 'Résistance occulte', 0, 0, '', 'Le personnage obtient un bonus de +5 à tous les tests destinés à résister à la perte de points de choc et augmente son score maximum de PC de +1. De plus, il peut dépenser un PC pour annuler la pénalité d’une blessure grave pendant 10 minutes.'),
('respiration-aquatiqu', 'Respiration aquatique', 1, 1, '', 'Le personnage peut respirer sous l’eau pendant 10 minutes. Cette capacité peut être étendue à un compagnon par point de Mod. d’INT.'),
('resurrection', 'Résurrection', 0, 0, '', 'Le personnage est capable de revenir d’entre les morts. Son corps disparaît 3d6 heures après sa mort et, au bout de trois jours, il revient à la vie. Il apparaît, nu, dans un endroit proche du lieu où son corps reposait. Il perd un point à sa valeur de CON, deux si son corps était détruit.'),
('resurrection-mutant', 'Résurrection', 1, 0, '', 'Le personnage revient d’entre les morts, il perd un point de CON. Le personnage peut utiliser ce pouvoir sur lui, même s’il est déjà mort, du moment qu’il lui restait un point de chance (qu’il dépense) au moment du décès. Son corps se régénère en 1d6 jours du moment qu’il n’était pas totalement détruit. Ce pouvoir permet aussi de faire repousser un membre en 1d6 heures sans perte de point de CON (en dépensant un point de chance).'),
('retour-a-lenvoyeur', 'Retour à l’envoyeur', 1, 0, '', 'Si le personnage réussit à bloquer complètement les DM d’une attaque en utilisant la capacité Manipulation défensive, il peut renvoyer le(s) projectile(s) à l’auteur de l’attaque. Il s’agit d’une action gratuite qui nécessite un test d’attaque magique réussi. S’il renvoie des projectiles à plusieurs cibles à la fois, chaque test utilise un d12 en attaque au lieu d’un d20.'),
('riche', 'Riche', 0, 0, '', 'Désormais, le personnage gagne très bien sa vie grâce à son art. Il obtient immédiatement 50 000 $ (ou €) et acquiert la même somme chaque année pendant les dix prochaines années. Lorsqu’il atteint le rang 5 dans cette voie, ce bonus passe à 200 000 $ par an.'),
('riposte', 'Riposte', 0, 0, '', 'En plus de ses actions normales, une fois par tour, lorsqu’un adversaire rate une attaque au contact contre le personnage, celui-ci obtient une attaque supplémentaire contre cet adversaire. Alternativement, le joueur peut choisir une capacité de rang 4 ou 5 issue d’une voie de guerrier ou de barbare de CO Fantasy.'),
('riposte-creature', 'Riposte', 0, 0, 'creat', 'Le champion peut effectuer une attaque au contact en action gratuite contre chaque adversaire qui l’attaque à l’exception de celui qu’il a lui-même choisi d’attaquer à son tour.'),
('sacrifice', 'Sacrifice', 1, 0, '', 'Le personnage sacrifie de 1d6 à 5d6 PV au choix, et tous ses alliés dans un rayon de 10 mètres sont guéris d’autant (lancez une seule fois les dés).'),
('sang-mordant', 'Sang mordant', 0, 0, '', 'Le sang noir du loup-garou est terriblement acide, toute créature qui le combat au contact subit 1d6 DM d’acide par attaque réussie. Cet acide affecte les garous comme si c’était de l’argent liquide et les vampires comme si c’était du feu.'),
('sante', 'Santé', 0, 0, '', 'Le personnage obtient un bonus de +3 à tous les tests de CON et +2 point de vie. Ce bonus est doublé à partir du rang 4 de la voie.'),
('saut', 'Saut', 0, 0, '', 'Le personnage peut se téléporter à un endroit en vue à une distance maximum de 10 mètres par rang au prix d’une action de mouvement.'),
('saut-mortel', 'Saut mortel', 1, 0, '', 'Une fois par combat, le personnage peut téléporter sa cible dans un obstacle matériel, sans l’accompagner. Il doit d’abord réussir un test d’attaque au contact à mains nues puis en cas de succès, un test d’attaque magique opposé. Si la cible perd, elle est téléportée à un emplacement en vue à une distance maximum de 20 mètres. Si l’endroit est occupé par un obstacle, la victime subit 8d6 DM. Si elle survit, on considère qu’elle a réussi à s’extraire de la matière à temps.'),
('savoir-ancestral', 'Savoir ancestral', 1, 0, '', 'Le personnage consulte les esprits de la longue lignée des loups de son clan pour obtenir un renseignement. Il détermine avec précision la géographie locale (sentiers et chemins, passages et vallées, proies et prédateurs, dangers et refuges, etc.) dans un rayon de 5 km. De plus, désormais, le joueur lance deux d20 à tous les tests d’INT et garde le meilleur résultat.'),
('savoir-ancien', 'Savoir ancien', 0, 0, '', 'Le personnage obtient un bonus de +5 à tous les tests d’histoire, de géographie, d’art et d’occultisme.'),
('savoirs-interdits', 'Savoirs interdits', 0, 0, '', 'Le personnage obtient un bonus de +5 pour résister à la peur ou à la perte de points de choc provoqués par l’apparition de créatures surnaturelles. De plus, il obtient un bonus de +5 aux tests pour résister à leurs pouvoirs et +2 en DEF contre leurs attaques.'),
('sciences-occultes', 'Sciences occultes', 0, 0, '', 'Le personnage obtient un bonus de +1 par rang atteint dans cette voie à tous les tests de sciences occultes (INT) et un bonus de +2 par rang sur un sujet en particulier (l’alchimie, les créatures des autres plans, les Grands Anciens, etc.). Mais cette connaissance n’est pas sans conséquence, il gagne immédiatement 1 point de Folie et il en gagne un second au rang 3.'),
('se-depasser', 'Se dépasser', 0, 0, '', 'En sacrifiant 1 PV, le personnage obtient un bonus de +5 sur n’importe quel test de FOR, DEX ou CON dont il ne connaît pas encore le résultat du jet de dé. En sacrifiant 1d4 PV (pas de jet sans limite), il peut obtenir le même bonus après avoir pris connaissance du résultat.'),
('secouriste', 'Secouriste', 0, 0, '', 'En passant 5 minutes à soigner un personnage à 0 PV, le médecin lui permet de récupérer 1d4 PV. Il accorde aussi un bonus de +5 à tous les tests de CON tentés par son patient.'),
('sens-aceres', 'Sens acérés', 0, 0, '', 'Le vampire gagne un bonus de +5 à ses tests de perception. De plus, il peut prendre une action limitée pour accroître l’efficacité d’un de ses sens durant [1D6 + Mod. d’INT] minutes. Les tests basés sur ce sens se font alors avec deux d20 (on garde le meilleur résultat) mais les stimuli trop importants (lumière pour la vue, etc.) imposent un jet de CON de difficulté 15 pour ne pas être étourdi un tour (une seule action au choix de mouvement ou d’attaque).'),
('sens-affutes', 'Sens affûtés', 0, 0, '', 'Pour chaque rang atteint dans cette voie, le personnage gagne un bonus de +1 à tous les tests de PER destinés à simuler la perception (vue, ouïe, vigilance, etc.).'),
('sens-du-danger', 'Sens du danger', 0, 0, '', 'Le personnage a l’habitude des situations tendues, il obtient un bonus de +5 pour repérer un danger ou ne pas être Surpris. Lorsqu’il arrive dans un lieu, le joueur peut faire un test de PER difficulté 12 (sans le bonus de +5 obtenu avec le rang 1 de cette voie) : en cas de réussite, le MJ doit lui indiquer si l’endroit est sûr ou potentiellement dangereux.'),
('sens-mutant', 'Sens mutant', 0, 0, '', 'Le personnage possède une perception surnaturelle de son environnement qui lui permet de dresser une sorte de carte mentale de ce qui l’entoure. Il obtient un bonus de +5 à tous les tests de PER et il voit dans le noir comme s’il s’agissait de la pénombre à une portée de 30 mètres.'),
('sentir-les-auras', 'Sentir les auras', 1, 0, '', 'Le personnage peut détecter la magie ou tout pouvoir magique ou mutant en action dans un rayon de 30 mètres autour de lui. En se concentrant un tour supplémentaire sur une aura particulière, il peut déterminer sa force (rang de la capacité, niveau du créateur) et sa nature (vampirique, démoniaque, angélique, mutant, magie, etc.).'),
('sentir-les-faiblesse', 'Sentir les faiblesses', 0, 0, '', 'En gagnant un test opposé de PER contre le CHA de sa cible, le personnage peut deviner quel est le type de pêché capital le plus à même de la tenter (orgueil, avarice, envie, colère, luxure, paresse, gourmandise). Le pouvoir fonctionne dans une portée de 30 mètres. Un démon ne peut tenter de percer à jour les faiblesses d’une créature qu’une seule fois.'),
('sergent', 'Sergent', 0, 0, 'creat', 'Une fois par tour, le sergent peut donner une action supplémentaire à n’importe quel allié sous ses ordres à portée de vue (attaque ou mouvement). Une fois par combat, une attaque qui aurait dû amener le sergent à 0 PV est ignorée.'),
('serres-de-la-bete', 'Serres de la bête', 0, 0, '', 'Le personnage est dorénavant capable de faire pousser ses doigts et ses ongles en véritables griffes pour se battre, il inflige [1d6 + Mod. de FOR] DM par attaque. Il obtient +5 aux tests d’escalade.'),
('seul-contre-tous', 'Seul contre tous', 0, 0, '', 'Les forces du personnage sont décuplées lorsqu’il se bat contre plusieurs adversaires. Il obtient un bonus de +2 en attaque et en DEF lorsque plusieurs adversaires l’attaquent au cours du même tour.'),
('seve-vitale', 'Sève vitale', 1, 0, '', 'Une fois par jour, le personnage peut poser ses mains sur l’écorce d’un arbre vigoureux et se nourrir de sa sève. Il récupère 1 PV par tour jusqu’à être complètement guéri ou jusqu’à ce que cesse le contact avec l’arbre. Il peut ensuite annuler une blessure grave en restant 10 minutes de plus en contact avec l’arbre.'),
('silence', 'Silence', 1, 0, '', 'Le personnage peut supprimer les sons de son choix dans un rayon de 10 mètres autour de lui et diviser par deux la puissance des sons émis à moins de 20 mètres de lui. Cela lui permet de diviser par deux les DM infligés à des alliés lorsqu’il utilise une capacité de sonore d’attaque. De plus, il peut chuchoter à l’oreille d’une créature en vue, même si la distance est considérable, de façon à ce qu’elle seule puisse l’entendre.'),
('soins-de-groupe', 'Soins de groupe', 1, 1, '', 'Une fois par combat, le personnage peut libérer une décharge d’énergie bienfaitrice : tous ses compagnons en vue et lui récupèrent [1d8 + niveau du lanceur de sort] PV perdus.'),
('soins-legers', 'Soins légers', 1, 1, '', 'Le personnage peut toucher une cible, qui récupère alors [1d8 + niveau du lanceur de sort] PV perdus. Le personnage peut utiliser ce sort sur lui-même.'),
('soins-moderes', 'Soins modérés', 1, 1, '', 'Le personnage peut toucher une cible, qui récupère alors [2d8 + niveau du lanceur de sort] PV perdus. Le personnage peut utiliser ce sort sur lui-même.'),
('sommeil', 'Sommeil', 1, 1, '', '[1d6 + Mod. d’INT] cibles vivantes dans une zone de 10 m de diamètre (portée 20 m) et dont le score max de PV ne dépasse pas le score d’attaque magique du personnage sombrent dans l’inconscience pendant [5 + Mod. d’INT] minutes. Il est possible de les réveiller en les giflant (action d’attaque). Les créatures dont les PV sont compris entre le score d’attaque magique du personnage et le double de celui-ci peuvent faire un test de CHA difficulté [10 + Mod. d’INT du lanceur] pour résister au sort. Les créatures avec des PV supérieurs ne sont pas affectées.'),
('sosie', 'Sosie', 1, 0, '', 'Le personnage peut prendre l’apparence de toute personne qu’il a déjà touchée. À partir du rang 4, il peut même imiter les vêtements mais, dans ce cas, il ne pourra pas les retirer… L’illusion est parfaite.'),
('souffle-de-vie', 'Souffle de vie', 0, 0, '', 'Le personnage peut vivre sans air aussi longtemps qu’il le souhaite. Il peut agir sous l’eau ou simplement éviter de respirer pour échapper à des gaz toxiques.'),
('soumission', 'Soumission', 1, 0, '', 'Une fois par combat, en action gratuite, suite à une attaque, le personnage chute au sol et semble vaincu. Le personnage ignore totalement les DM de l’attaque qu’il vient de subir. Un loup ou un loup-garou considère que le personnage s’est soumis et le laisse en paix. Tout autre adversaire pense qu’il est mort et, à son prochain tour, le personnage peut se relever et effectuer une Attaque perfide.'),
('sous-tension', 'Sous tension', 1, 0, '', 'Le personnage se charge d’énergie électrique pendant [5 + Mod. de CON] tours. Toute créature qui le blesse par une attaque au contact ou le touche reçoit une décharge infligeant 1d6 DM. De plus, en utilisant une action d’attaque, le personnage peut toucher une cible et, s’il réussit un test d’attaque au contact avec un bonus de +2, il inflige [1d6 + Mod. de DEX] DM. Les DM de ces deux effets sont majorés de +1d6 aux rangs 3 et 5.'),
('specialite', 'Spécialité', 0, 0, '', 'Le personnage acquiert une spécialité sportive au choix du joueur (jeux de ballon, jeux de raquette, course, etc.), il obtient un bonus de +5 à tous les tests en rapport avec cette activité (en plus du bonus de rang 1). Le MJ doit déterminer la caractéristique principale utilisée pour ces sports parmi FOR, DEX ou CON. S’il s’agit de la CON, le personnage gagne 3 PV, s’il s’agit de la DEX, il gagne +1 en DEF, s’il s’agit de la FOR, il gagne +1 aux DM au contact. S’il s’agit d’un sport de combat, le personnage peut à la place gagner un bonus de +1 en attaque au contact ou à distance, au choix du joueur.'),
('speleologue', 'Spéléologue', 0, 0, '', 'Sous terre, le personnage sait toujours retrouver la direction de la sortie la plus proche et à quelle profondeur environ il se trouve. Il obtient un bonus de +5 aux tests pour se faufiler dans des espaces étroits et il divise par 2 les malus (-2 au lieu de -5) lorsqu’il doit agir dans le noir (ou s’il est Aveuglé) ou dans un espace exigu.'),
('sphere-explosive', 'Sphère explosive', 1, 0, '', 'Le personnage projette une boule de feu à une portée maximum de 30 mètres. Arrivée à son point d’impact, elle explose en infligeant [4d6 + Mod. de CON] DM dans un diamètre de 10 mètres. Un test de DEX de difficulté 15 permet de ne subir que la moitié des DM.'),
('sportif-accompli', 'Sportif accompli', 0, 0, '', 'Le personnage obtient un bonus de +1 par rang atteint dans cette voie à tous les tests en rapport avec les activités sportives (natation, course, lancer, escalade, saut, etc.).'),
('sprint', 'Sprint', 0, 0, '', 'Une fois par tour, au moment de son choix, et jusqu’à 10 points avant sa propre initiative, le personnage reçoit une action de mouvement supplémentaire.'),
('sprinteur', 'Sprinteur', 0, 0, '', 'Le personnage se déplace de 80 mètres par action de mouvement (60 km/h). Il gagne +2 en Init. par rang. Il peut maintenir cette vitesse pendant 1 tour par point de sa valeur de CON. Ensuite, il doit se reposer pendant autant de temps que de tours de course.'),
('strangulation', 'Strangulation', 1, 1, '', 'En réussissant un test d’attaque magique (portée 20 m), le personnage étouffe une créature vivante et lui inflige [1d6 + Mod. d’INT] DM par tour pendant [rang] tours pourvu qu’il maintienne sa concentration par une action limitée. La victime subit un malus égal au nombre de tours d’effet de la Strangulation (-1 au premier tour, -2 au second, etc.) à tous ses tests. Si la victime sort du champ de vision du personnage, le sort prend fin.'),
('suggestion', 'Suggestion', 1, 0, '', 'Le personnage suggère une action à sa cible (aller chercher un objet, porter un message, etc.) et il fait un test d’attaque magique opposé avec sa cible. Si l’action est dangereuse ou diamétralement opposée aux intentions du moment de la cible, cette dernière reçoit un bonus de +5. Si l’action est suicidaire ou en désaccord total avec sa morale, elle gagne un bonus de +10. La victime peut faire un test d’INT de difficulté [10 + Mod. de CHA] toutes les dix minutes pour se débarrasser de l’influence du dragon (avec le même bonus).'),
('suggestion-mutant', 'Suggestion', 1, 0, '', 'Le personnage suggère une action à sa cible (aller chercher un objet, porter un message, etc.) et il fait un test d’attaque magique opposé contre elle. Si l’action est dangereuse ou diamétralement opposée à ses intentions du moment, la victime reçoit un bonus de +5, si elle est suicidaire ou en désaccord total avec sa morale, elle gagne un bonus de +10. La victime peut faire un test d’INT de difficulté [10 + Mod. de CHA] toutes les 5 minutes pour se débarrasser de l’influence du mutant (avec le même bonus).'),
('super-capacite', 'Super capacité', 0, 0, 'prest', 'Le joueur choisit une capacité issue de la voie support ou de sa voie première. Lorsqu’il l’utilise, il peut choisir une des trois options suivantes'),
('super-carac.', 'Super Carac.', 0, 0, 'prest', 'Le personnage augmente la valeur de la caractéristique mutante correspondant à la voie support choisie de +1 par rang acquis dans la Voie du superpouvoir. Il obtient aussi un bonus de +1 point de célébrité par rang.'),
('super-variante', 'Super variante', 0, 0, 'prest', 'Le joueur choisit une capacité de rang 1 à 3 de son choix de n’importe quelle voie de CO (Surhumains, Fantasy, etc.). Il doit faire ce choix en accord avec le MJ ou sur une suggestion de celui-ci, afin de trouver une capacité qui correspond au concept de son superhéros.'),
('sur-les-murs', 'Sur les murs', 0, 0, '', 'Le personnage devient capable de se déplacer sur les murs de 20 mètres par action de mouvement sans besoin de test de DEX. Il peut se déplacer au plafond de 10 mètres par action de mouvement.'),
('survivant', 'Survivant', 0, 0, '', 'Le personnage s’est déjà tiré de nombreux mauvais pas et a pu regarder la mort en face. Il est capable de trouver en lui des ressources surhumaines pour vaincre la fatigue ou les blessures. Désormais, le joueur lance deux d20 à tous les tests de CON et garde le meilleur résultat. De plus, lorsque le personnage est victime d’une blessure grave, le joueur continue à lancer un d20 pour tous les tests de caractéristiques, au lieu d’un d12.'),
('symbole-sacre', 'Symbole sacré', 0, 0, '', 'Le personnage possède un talisman qui le protège, il obtient un bonus de +2 en DEF lorsqu’il ne porte aucune armure.'),
('systeme-d', 'Système D', 0, 0, '', 'Le personnage est capable de réparer n’importe quoi avec presque rien. Une fois par aventure, le MJ devrait lui permettre de réparer ou de créer un mécanisme avec des objets improbables. De plus, le personnage ne subit pas de pénalité lorsqu’il ne possède pas l’outillage approprié et, lorsqu’il dispose de tout le nécessaire, il peut diviser par 2 le temps nécessaire à une réparation.'),
('systemes-modernes', 'Systèmes modernes', 0, 0, '', 'Le personnage s’est formé aux dernières technologies (électricité, électronique, informatique, selon l’époque). Il applique son bonus de Mécano aux tests concernés.'),
('tacticien', 'Tacticien', 0, 0, '', 'Le personnage applique le raisonnement logique et les probabilités aux actions à venir et analyse leurs effets à travers le prisme de la science (pensez au personnage de Sherlock Holmes dans le film du même nom, interprété par Robert Downey Jr). Il obtient son Mod. d’INT en bonus à l’initiative et peut utiliser chaque jour un nombre de points de tactique (PT) égal à son Mod. d’INT. Chaque point de tactique peut être dépensé pour relancer un dé dont le résultat ne convient pas au joueur.'),
('talent-pour-tuer', 'Talent pour tuer', 0, 0, '', 'Le joueur relance tous les 1 obtenus aux dés de DM.'),
('techno-adapte', 'Techno-adapté', 0, 0, '', 'Le personnage obtient un bonus de +3 aux tests en rapport avec la technologie et +1 en attaque avec des armes modernes (armes à feu). Ce bonus est doublé à partir du rang 4 de la voie.'),
('teleportation', 'Téléportation', 1, 0, '', 'Le personnage peut se téléporter à tout endroit où il s’est déjà trouvé auparavant. À partir du rang 4, il peut emmener avec lui une personne supplémentaire en la touchant. À partir du rang 5, il peut emporter jusqu’à cinq personnes ou une structure avec ses occupants. La taille maximum de la structure dépend du niveau du personnage (N5 = une voiture, N8 = un autocar, N12 = un navire ou un avion de ligne, N16 = un porteavions ou un bâtiment entier).'),
('temperament-de-feu', 'Tempérament de feu', 0, 0, '', 'Le personnage obtient un bonus de +3 en Init. et +1 en attaque au contact. Ce bonus est doublé à partir du rang 4 de la voie.'),
('tempete', 'Tempête', 1, 0, '', 'Désormais, le diamètre du ciel d’orage passe à 100 mètres de rayon autour du personnage et il peut continuer à l’agrandir de 100 mètres par tour de concentration supplémentaire (jusqu’à un maximum d’un kilomètre). De plus, il peut convoquer jusqu’à trois éclairs par action d’attaque sur différentes cibles en vue dans la zone. Le personnage réduit de 10 points tous les DM d’électricité.'),
('tempete-de-grele', 'Tempête de grêle', 1, 0, '', 'Le personnage déclenche une véritable tempête de glace coupante qui inflige 1d6 DM par rang dans une zone de 10 mètres de diamètre à une portée maximum de 30 mètres. Un test de CON de difficulté 15 permet de ne subir que la moitié des DM.'),
('tenebres', 'Ténèbres', 1, 1, '', 'Le personnage invoque une zone fixe de ténèbres magiques, de 10 m de diamètre, pour une durée de [5 + Mod. d’INT] tours. Même les créatures capables de voir dans le noir sont Aveuglées dans cette zone.'),
('tenebres-insondables', 'Ténèbres insondables', 1, 0, '', 'Ce pouvoir permet au personnage de rendre inopérantes toutes les lumières artificielles dans un rayon maximum de 10 mètres par rang (ou moins, au choix du joueur). Les ampoules et les flammes s’éteignent, les pouvoirs magiques sont stoppés, un feu important ne produit plus de lumière mais reste brûlant. Seule la lumière du jour ne peut pas être affectée. Une pièce fermée, même éclairée par la lumière du jour, s’assombrit et on y applique les règles de pénombre. Les ténèbres prennent une consistance quasi-palpable et les créatures de la nuit (démons, vampires) y gagnent un bonus de +2 en DEF, +2 en Init. et +5 en discrétion (+1 en DEF, +1 en Init. et +2 en discrétion dans la pénombre).'),
('tir-de-precision', 'Tir de précision', 0, 0, '', 'Lorsqu’il utilise une action de tir visé avec une arme à feu à deux mains (mais pas une arme de poing), le personnage double le résultat des dés de DM de son attaque (il les triple s’il obtient une réussite critique).'),
('tir-rapide', 'Tir rapide', 1, 0, '', 'Le personnage peut effectuer deux attaques à distance avec une arme à feu pendant ce tour. Le joueur utilise un d12 au lieu du d20 pour le test de la seconde attaque.'),
('tireur-delite', 'Tireur d\'élite', 0, 0, '', 'Le personnage peut choisir d’utiliser un d12 en attaque à distance au lieu du d20 habituel (il ajoute normalement son score d’attaque). Si une telle attaque est réussie, il ajoute +2d6 aux DM.'),
('tordre-le-metal', 'Tordre le métal', 1, 0, '', 'Le personnage est capable de tordre et de déformer un objet métallique en le touchant. Il peut écarter des barreaux, tordre une porte pour la coincer ou rendre une arme métallique inopérante. Dans le cas de figure où l’objet est porté par un adversaire, il doit d’abord réussir un test d’attaque au contact puis un test opposé d’attaque magique. Il ne peut pas affecter d’objet d’un poids en kilo supérieur à 100 fois son niveau.'),
('tornade', 'Tornade', 1, 0, '', 'Le personnage provoque un vent violent qui affecte une zone de jusqu’à 2 mètres de diamètre par rang atteint (moins au choix du personnage). Chaque créature présente dans la zone doit faire un test de FOR difficulté [10 + rang dans la voie] ou être Renversée et Immobilisée jusqu’au prochain tour du personnage.'),
('totem-chat', 'Totem chat', 0, 0, '', 'Le personnage adopte la posture du chat, il gagne +2 en attaque et +5 à tous les tests de DEX. Il conserve ces bonus tant qu’il ne change pas de totem. Désormais, changer de totem est une action de mouvement.'),
('totem-faucon', 'Totem faucon', 0, 0, '', 'Le personnage adopte la posture du faucon, il gagne +5 en Init. et +5 à tous les tests de PER et de détection. Il conserve ces bonus tant qu’il ne change pas de totem.'),
('totem-ours', 'Totem ours', 0, 0, '', 'Le personnage adopte la posture de l’ours, il gagne +1d6 aux DM et +5 à tous les tests de FOR. Il conserve ces bonus tant qu’il ne change pas de totem. Désormais, changer de totem est une action gratuite qui peut être réalisée une seule fois par tour.'),
('totem-rat', 'Totem rat', 0, 0, '', 'Le personnage adopte la posture du rat, il gagne +2 en DEF et +5 à tous les tests de CON. Il conserve ces bonus tant qu’il ne change pas de totem. Changer de totem est une action d’attaque.'),
('tout-a-un-prix', 'Tout a un prix', 0, 0, '', 'Le personnage peut obtenir de l’argent pratiquement sans limite. Il peut transformer un objet (d’environ 1 kg maximum) en or une fois par jour de façon permanente. Il peut aussi donner l’illusion de transformer en or un objet inanimé qu’il vient de toucher, pour une durée de 1 heure. Son niveau de vie est au-delà de très fortuné (voir les règles correspondantes).'),
('tout-petit', 'Tout petit', 1, 0, '', 'Le personnage réduit sa taille à celle d’une souris pendant [1d6+Mod. de CON] minutes, mais son équipement ne rapetisse pas avec lui (sauf peut-être son costume spécial). Sous cette forme, il conserve ses PV et sa vitesse de déplacement, mais il n’inflige plus aucun DM (Sa FOR est réduite à 0). En revanche, il gagne un bonus de +5 en DEF contre les attaques au contact et de +10 contre les attaques à distance (à l’exception des attaques de zone). Il gagne aussi un bonus de +10 aux tests de DEX (Discrétion).'),
('trait-de-lumiere', 'Trait de lumière', 1, 0, '', 'Le personnage produit ou transforme un rayon lumineux (par exemple celui d’une lampe qu’il tient) en un rayon ardent. En cas de réussite d’un test d’attaque magique, ce rayon inflige [2d6 + Mod. de DEX] DM à toute créature des ténèbres (mort-vivant, vampire, loup-garou, démon, etc.) prise dans la lumière. Si le rayon est produit par le personnage, celui-ci est alors de 10 mètres et sa largeur de 1 mètre. Mais si une lampe ou toute autre source de lumière est utilisée, c’est la portée et la surface affectée par celle-ci qui est utilisée.'),
('tranchant-comme-la-n', 'Tranchant comme la nuit', 0, 0, '', 'Au prix d’une action limitée, le personnage peut faire 2 attaques de griffes par tour. Il peut choisir de remplacer son Mod. de FOR par celui de DEX pour ses tests d’attaque au contact de griffes.'),
('transe-de-la-lune', 'Transe de la lune', 1, 0, '', 'Le personnage et jusqu’à un allié par niveau du personnage dansent en hurlant à la lune pendant 5d6 minutes, chaque participant gagne un point de rage sans risque d’entrer en Rage férale. Les loups-garous qui réussissent un test de PER difficulté 15 gagnent un second point. Cette cérémonie ne peut être réalisée qu’une fois par nuit.'),
('transmutation-en-arg', 'Transmutation en argent', 1, 0, '', 'Le personnage peut modifier la structure des munitions qu’il tire ou de l’arme qu’il tient pour les [1d6 + Mod. de CHA] prochains tours et lui donner les effets d’une arme en argent. De plus, l’arme inflige +1d6 DM à tous les Surhumains. Si le personnage change d’arme ou la transmet à une autre créature, l’effet prend fin immédiatement.'),
('transparent', 'Transparent', 0, 0, '', 'Le personnage a une nette tendance à disparaître de la mémoire de ceux avec qui il interagit. Les gens oublient à quoi il ressemble ou même son nom 2d6 tours après qu’il se soit éloigné. Il leur faut réussir un test d’INT de difficulté égale à [15 + Mod. d’INT du personnage] pour se souvenir de ce genre d’informations si quelqu’un les questionne par la suite ou s’ils le rencontrent à nouveau. La plupart des gens oublient tout simplement l’avoir rencontré. Toutefois, les personnes qu’il fréquente tous les jours sont immunisées à cet effet.'),
('trouble-memoriel', 'Trouble mémoriel', 1, 0, '', 'Le personnage cible une créature (portée 10 mètres) et doit réussir un test opposé d’attaque magique. En cas de succès, il peut choisir une information particulière à effacer de la mémoire de la victime, comme un nom, une adresse ou une chose à faire. La créature recouvre la mémoire au bout de 1d6 heures.'),
('trouver-la-foret', 'Trouver la forêt', 0, 0, '', 'Le personnage peut à tout moment déterminer la direction et la distance du lieu boisé le plus proche. Il est aussi capable de trouver la sortie la plus proche d’un bâtiment ou d’une cité.'),
('tueur-fantasmagoriqu', 'Tueur fantasmagorique', 1, 1, '', 'Ce sort invoque les pires terreurs d’une créature vivante et lui fait croire à sa propre mort. Le personnage doit réussir un test d’attaque magique opposé (portée 20 m). La victime fait un test d’INT difficulté [10 + Mod. d’INT] pour résister. En cas d’échec, elle tombe à 0 PV. En cas de succès, elle perd l’équilibre et elle est Renversée. Une créature ne peut être la cible de ce sort qu’une fois par jour, et le personnage ne peut pas affecter un personnage ou une créature de niveau supérieur au sien.'),
('tuez-les-tous', 'Tuez-les tous', 1, 0, '', 'La phrase complète est « Tuez-les tous, Dieu reconnaîtra les siens ». Toutes les créatures dans un rayon de 10 mètres autour du personnage subissent [2d6 + Mod. de CHA] DM. De plus, une affreuse douleur oblige les créatures affectées à utiliser le d12 à tous les tests au lieu du d20, pendant 1 tour. Les alliés du personnage peuvent faire un test de CHA de difficulté 20 pour échapper au pouvoir ! Les anges sont immunisés.'),
('un-coup-dans-le-noir', 'Un coup dans le noir', 0, 0, '', 'Le personnage obtient un bonus de +1d6 aux DM par rang atteint dans la voie à chaque fois qu’il attaque une cible de dos, par surprise ou si la cible ne voit pas son agresseur.'),
('usurpateur', 'Usurpateur', 0, 0, '', 'Le personnage sait se faire passer pour un autre ou pour un membre d’une corporation dont il n’est pas issu. Il reçoit un bonus de +5 à tous les tests d’imitation et de déguisement, ainsi que pour singer les habitudes et les règles de toute organisation à laquelle il n’appartient pas.'),
('vehicule-de-luxe', 'Véhicule de luxe', 0, 0, '', 'Une fois par aventure, le personnage peut faire l’acquisition d’un véhicule de son choix : automobile luxueuse, bateau de plaisance, petit avion. Désormais, le personnage obtient aussi un bonus de +2 à tous les tests de pilotage (DEX).'),
('vieux-comme-le-temps', 'Vieux comme le temps', 1, 0, '', 'Désormais, le joueur lance deux d20 à tous les tests d’INT et garde le meilleur résultat. De plus, le vampire peut résister à toute attaque mentale par un test d’INT opposé à son adversaire.');
INSERT INTO `coc_capacites` (`capacite`, `nom`, `limitee`, `sort`, `type`, `description`) VALUES
('vif-argent', 'Vif-argent', 1, 0, '', 'Le vampire a acquis une telle vitesse d’action qu’il peut effectuer deux attaques de griffes au prix d’une action limitée. Sa seconde attaque est réalisée avec un d12 au lieu d’un d20. À partir du rang 5, Vif-argent lui permet d’effectuer trois attaques, mais chacune d’elles doit alors être réalisée avec un d12 au lieu d’un d20.'),
('vigilance', 'Vigilance', 0, 0, '', 'Le personnage est passé maître dans l’art de détecter les pièges et de les éviter. Il obtient un bonus de +5 à tous les tests pour détecter un piège et pour résister à leurs effets. Il en divise les DM par 2.'),
('violon-dingres', 'Violon d\'Ingres', 0, 0, '', 'La curiosité naturelle du personnage lui permet de s’intéresser à de nombreux sujets, parfois très éloignés de la science. Il peut choisir n’importe quelle capacité de rang 1 à 3 dans une autre voie de son choix (si celle-ci fait appel à un rang, utilisez le rang atteint dans la Voie des sciences).'),
('vision-vraie', 'Vision vraie', 1, 1, '', 'Pendant [5 + Mod. d’INT] tours, le personnage voit à travers les illusions et les déguisements, même magiques, comme s’ils n’existaient pas. Il voit aussi les créatures invisibles.'),
('vision-x', 'Vision X', 1, 0, '', 'En se concentrant, le\r\npersonnage est capable de voir à travers\r\nles objets manufacturés, les murs\r\nou les parois non naturelles d’une\r\népaisseur maximum de [Mod. de PER]\r\nmètres.'),
('vitalite-impie', 'Vitalité impie', 0, 0, '', 'Le personnage gagne un bonus à sa valeur de CON égal au rang atteint dans la voie. Lorsqu’il atteint le rang 3 dans la voie, il devient immunisé aux poisons et aux maladies.'),
('vitalite-tenebreuse', 'Vitalité ténébreuse', 0, 0, '', 'Pour chaque rang atteint dans la voie, le vampire gagne une régénération de 1 point par tour (tant que ses PV sont supérieurs à 0) et une réduction des DM de 1 (sauf au feu et aux DM sacrés). Les PV sont récupérés au tout début de son tour.'),
('vitesse-infernale', 'Vitesse infernale', 0, 0, '', 'Le personnage augmente sa valeur de DEX de +1 par rang atteint dans la voie. À partir du rang 3, lorsqu’un test de DEX lui est demandé, il lance deux d20 et ne garde que le meilleur résultat.'),
('voir-linvisible', 'Voir l’invisible', 1, 0, '', 'Le personnage voit toutes les créatures invisibles et cachées ou même les esprits à une portée de 30 mètres. En se concentrant pendant un tour, il peut sentir les esprits ou les êtres cachés à une distance de 100 mètres et déterminer la direction approximative.'),
('vol', 'Vol', 1, 1, '', 'Le personnage peut voler pendant [1d6 + Mod. d’INT] minutes. Sa vitesse de déplacement est la même qu’au sol.'),
('vol-de-pouvoir', 'Vol de pouvoir', 1, 0, '', 'Cette capacité a le même effet que celle de rang 1, mais si la cible rate un test de CON de difficulté [10 + Mod. de CHA], elle perd l’usage de son propre pouvoir pendant la durée où le personnage peut en faire usage [1d6 + Mod. de CHA tours]. Un pouvoir volé compte comme un pouvoir reproduit.'),
('vol-leviteur', 'Vol', 0, 0, '', 'Le personnage est à présent capable de voler à la vitesse de 20 mètres par action de mouvement. Il peut atteindre une altitude de 10 000 mètres, soit celle d’un avion de ligne.'),
('vol-rapide', 'Vol rapide', 0, 0, '', 'Le personnage couvre 80 mètres par action de mouvement lorsqu’il vole (60 km/h). Il peut atteindre une altitude de 25 000 mètres, mais il ne peut pas respirer au-delà de 15 000 mètres.'),
('vol-rapide-creat', 'Vol rapide', 0, 0, 'creat', 'La créature obtient une action de mouvement supplémentaire par tour lorsqu’elle est en vol. Au premier tour de combat, la créature obtient un bonus de +5 en attaque et +1d6 aux DM si elle est en vol et attaque une créature au sol.'),
('vol-souffleur', 'Vol', 1, 0, '', 'Lorsqu’il est en extérieur, le personnage peut utiliser le vent pour voler. Il se déplace de 20 mètres par action limitée. À partir du rang 4, il lui suffit d’une action de mouvement et il se déplace de 20 mètres par action de mouvement. Sa vitesse passe à 30 mètres par action au rang 5.'),
('volonte-de-fer', 'Volonté de fer', 0, 0, '', 'Le personnage obtient un bonus de +5 à tous les tests de volonté (CHA) ou pour résister à des pouvoirs mentaux (DEF, tests opposés, etc.) ou à la peur.'),
('volonte-divine', 'Volonté divine', 0, 0, '', 'Le personnage obtient un bonus de +5 aux tests pour résister à toutes les formes de détection des pensées, de contrôle mental ou d’influence et il est immunisé à la peur. Il augmente de +2 sa valeur de CHA et, désormais, il lance deux d20 à tous les tests de CHA et garde le meilleur résultat.'),
('voyage', 'Voyage', 0, 0, '', 'Le personnage double sa vitesse de vol à chaque tour (60 km/h au tour 1, 120 km/h au tour 2, etc.), jusqu’à atteindre une vitesse égale à 100 fois sa valeur de DEX (par exemple, 1 500 km/h pour un mutant avec 15 de DEX). Le personnage peut maintenir cette vitesse de vol pendant 4 heures, comme s’il marchait.'),
('voyage-dans-la-pierr', 'Voyage dans la pierre', 1, 0, '', 'Le personnage peut s’enfoncer dans le sol et s’y déplacer de 10 mètres par action de mouvement pendant [5 + Mod. de CON] tours. Si le sol n’est pas naturel, il doit d’abord fracturer la surface artificielle par une action d’attaque et détruire la structure.'),
('zone-de-silence', 'Zone de silence', 1, 1, '', 'Le personnage crée une zone de silence fixe de 5 mètres de diamètre, jusqu’à une portée de 30 mètres, pendant [1d6+ Mod. de CHA] tours. Tous les sons émis dans cette sphère sont annulés. La zone n’empêche pas le lancement des sorts mais inflige un malus de -2 à tous les tests d’attaque magique.'),
('zone-discriminante', 'Zone discriminante', 1, 0, '', 'Le personnage peut créer une Nulle zone qui laisse une catégorie de pouvoir fonctionner au choix parmi'),
('zone-glaciale', 'Zone glaciale', 1, 0, '', 'Le personnage gèle autour de lui une surface de 5 mètres de rayon par rang pendant [1d6 + Mod. de CON] tours. Toutes les créatures dans la zone, à moins d’être résistantes au froid, doivent réussir un test de CON de difficulté 15 ou être Affaiblies.');

-- --------------------------------------------------------

--
-- Table structure for table `coc_capacites_voies`
--

DROP TABLE IF EXISTS `coc_capacites_voies`;
CREATE TABLE IF NOT EXISTS `coc_capacites_voies` (
  `voie` varchar(20) NOT NULL,
  `rang` varchar(1) NOT NULL,
  `capacite` varchar(20) NOT NULL,
  PRIMARY KEY (`voie`,`rang`),
  KEY `coc_capacites_voies_voie` (`voie`),
  KEY `coc_capacites_voies_capacite` (`capacite`)
) ENGINE=InnoDB DEFAULT CHARSET=utf8mb4 COLLATE=utf8mb4_general_ci;

--
-- Dumping data for table `coc_capacites_voies`
--

INSERT INTO `coc_capacites_voies` (`voie`, `rang`, `capacite`) VALUES
('corporations', '3', '5050'),
('divination', '1', '6eme-sens'),
('psychologie', '1', 'a-lecoute'),
('phaseur', '3', 'acceleration'),
('danger', '2', 'acrobate'),
('lutin', '2', 'adaptation'),
('nageur', '1', 'adaptation-aquatique'),
('voyages', '5', 'adaptation-heroique'),
('gobelin', '3', 'adaptation-martiale'),
('voltigeur', '1', 'agilite-surhumaine'),
('creatures-volantes', '2', 'agripper'),
('armes-a-feu', '1', 'ajuster'),
('densifieur', '1', 'allegement'),
('survie', '1', 'ami-de-la-nature'),
('envouteur', '4', 'amitie'),
('mere-terre', '4', 'apaiser-la-douleur'),
('maitre-de-meute', '4', 'appel-a-la-meute'),
('corporations', '2', 'appel-a-un-ami'),
('corps-a-corps', '2', 'arme-de-predilection'),
('magie-elementaire', '3', 'arme-enflammee'),
('estompeur', '4', 'arme-intangible'),
('colere-divine', '2', 'armure-de-foi'),
('givreur', '5', 'armure-de-glace'),
('magnetiseur', '2', 'arracher'),
('phaseur', '4', 'arret-du-temps'),
('corps-a-corps', '1', 'arts-martiaux'),
('pilotage', '5', 'as-des-as'),
('demon', '2', 'aspect-de-la-succube'),
('demon', '4', 'aspect-du-demon'),
('magie-elementaire', '1', 'asphyxie'),
('mere-terre', '3', 'aspirer-le-venin'),
('copieur', '2', 'assimilation-de-pouv'),
('voltigeur', '5', 'attaque-acrobatique'),
('1ere-loup-garou', '5', 'attaque-bondissante'),
('furtivite', '3', 'attaque-deloyale'),
('leviteur', '3', 'attaque-en-pique'),
('meute', '2', 'attaque-en-traitre'),
('1ere-endogene', '5', 'attaque-finale'),
('1ere-exogene', '5', 'attaque-finale'),
('1ere-psychogene', '5', 'attaque-finale'),
('1ere-psychogene', '3', 'attaque-mentale'),
('dominateur', '4', 'attaque-mentale-de-m'),
('gobelin', '4', 'attaque-perfide'),
('nuit-noire', '2', 'attaque-perfide-lg'),
('griffes-de-la-nuit', '5', 'attaque-puissante'),
('musicien', '2', 'attaque-sonore'),
('lune-pourpre', '3', 'attaques-sanglantes'),
('attrait-de-la-nuit', '3', 'attraction-irresisti'),
('1ere-voile', '2', 'au-dela-apparences-f'),
('humilite', '5', 'au-dela-des-apparenc'),
('1ere-sainte', '4', 'au-nom-du-tres-haut'),
('danger', '5', 'au-pied-du-mur'),
('malignite-doutre-tom', '1', 'baigne-par-la-nuit'),
('1ere-vampire', '3', 'baiser-de-la-goule'),
('colosse-creature', '2', 'balayage'),
('tentation', '1', 'beau-comme-un-dieu'),
('discours', '1', 'beau-parleur'),
('griffes-de-la-nuit', '3', 'bete-de-combat'),
('coureur', '4', 'bolide'),
('phaseur', '2', 'bond-quantique'),
('bloqueur', '4', 'bouclier'),
('1ere-psychogene', '2', 'bouclier-psy'),
('ogre', '3', 'brise-fer'),
('arcane-de-sable', '2', 'brouillard-dense'),
('cogneur', '5', 'brutalisation'),
('nuit-noire', '5', 'cameleon-tenebreux'),
('chef-darmee', '2', 'capitaine'),
('cogneur', '4', 'catapulter'),
('arts', '5', 'celebre'),
('savoir-impie', '4', 'celerite-odieuse'),
('foudroyeur', '4', 'chaine-declairs'),
('pnj-recurrent', '2', 'chair-a-canon'),
('resilience-sepulcral', '1', 'chair-morte'),
('magnetiseur', '4', 'champ-magnetique'),
('truqueur', '1', 'chanceux'),
('tentation', '4', 'changement-de-sexe'),
('musicien', '1', 'chant-des-heros'),
('cogneur-creature', '1', 'charge'),
('discours', '5', 'charisme-heroique'),
('arcane-de-sable', '1', 'charme-tenebreux'),
('vagabond-de-la-nuit', '1', 'chien-loup'),
('mystificateur', '1', 'chimere'),
('medecine', '3', 'chirurgien'),
('sculpteur', '4', 'choc'),
('esprit-farouche', '1', 'chuchotements-dans-l'),
('corruption', '1', 'chuchotements-insidi'),
('divination', '3', 'clairvoyance'),
('lumiere-celeste', '3', 'clairvoyance-ange'),
('reducteur', '4', 'clignotement'),
('cogneur', '1', 'cogner'),
('ogre', '4', 'colossal'),
('1ere-endogene', '1', 'combattant'),
('1ere-exogene', '1', 'combattant'),
('1ere-endogene', '3', 'combattant-chevronne'),
('arcane-de-gueules', '2', 'combustion-optimisee'),
('chef-darmee', '3', 'commandant'),
('inquisition-mentale', '1', 'communion-de-lesprit'),
('1ere-sainte', '2', 'communion-des-saints'),
('envouteur', '3', 'confusion'),
('dwergar', '3', 'connaissance-des-lie'),
('bouclier-de-la-foi', '1', 'constitution-divine'),
('magnetiseur', '1', 'controle'),
('incendieur', '3', 'controle-du-feu'),
('manipulateur', '1', 'controle-manipulateu'),
('manipulateur', '4', 'controle-multiple'),
('dominateur', '1', 'convaincant'),
('corporations', '1', 'corporatisme'),
('resilience-sepulcral', '4', 'corps-de-brume'),
('sculpteur', '2', 'corps-de-pierre'),
('vagabond-de-la-nuit', '2', 'course'),
('hurleur', '1', 'cri'),
('peur-des-tenebres', '3', 'crise-de-folie'),
('dwergar', '2', 'cuir-epais'),
('mecanique', '5', 'customisation'),
('arcane-de-sinople', '3', 'dans-un-trou'),
('musicien', '4', 'danse-irresistible'),
('attrait-de-la-nuit', '2', 'de-velours-est-ma-vo'),
('voyages', '1', 'debrouillardise'),
('expanseur', '5', 'dechainement'),
('illusions', '4', 'dedoublement'),
('sauteur', '2', 'defense-reflexe'),
('reducteur', '2', 'defier-la-gravite'),
('truqueur', '3', 'defier-les-probabili'),
('magnetiseur', '5', 'deformation'),
('mecanique', '3', 'degotter-du-matos'),
('savoir-impie', '2', 'deguisement-morbide'),
('exorcisme', '3', 'delivrance'),
('estompeur', '5', 'densite-partielle'),
('bloqueur', '2', 'desarmer'),
('arcane-de-sable', '3', 'deshydratation'),
('magie-universelle', '2', 'detection-de-la-magi'),
('divination', '2', 'detection-de-linvisi'),
('sondeur', '2', 'detection-des-etres-'),
('sondeur', '1', 'detection-des-mutant'),
('arcane-de-gueules', '3', 'detonation'),
('predateur', '2', 'devorer'),
('phaseur', '1', 'discontinuite'),
('furtivite', '1', 'discretion'),
('brouilleur', '3', 'disparition'),
('lumiere-celeste', '2', 'dissiper-les-tenebre'),
('envouteur', '5', 'domination'),
('dominateur', '5', 'domination-mutant'),
('1ere-endogene', '4', 'don-surhumain'),
('1ere-exogene', '4', 'don-surhumain'),
('1ere-psychogene', '4', 'don-surhumain'),
('corps-a-corps', '4', 'double-attaque'),
('truqueur', '4', 'dun-cheveu'),
('copieur', '1', 'duplication-de-pouvo'),
('1ere-sainte', '1', 'dur-au-mal'),
('1ere-sainte', '3', 'eau-benite'),
('dwergar', '4', 'eboulement'),
('hurleur', '2', 'ecoute'),
('estompeur', '2', 'effacement'),
('arcane-dazur', '5', 'effacer-la-memoire'),
('sculpteur', '3', 'effondrement'),
('lune-dargent', '5', 'egorger'),
('elixirs', '3', 'elixir-de-guerison'),
('elixirs', '5', 'elixir-de-hate'),
('adaptation-au-monde', '3', 'embrouiller-les-souv'),
('furtivite', '4', 'embuscade'),
('predateur', '1', 'embuscade-creat'),
('creatures-volantes', '3', 'emporter-dans-les-ai'),
('attrait-de-la-nuit', '5', 'emprise-sur-les-viva'),
('bloqueur', '5', 'emprisonner'),
('esprits-totemiques', '1', 'en-accord-avec-le-mo'),
('humilite', '4', 'en-pleine-lumiere'),
('pilotage', '4', 'en-un-seul-morceau'),
('expanseur', '2', 'encaisser'),
('corps-a-corps', '3', 'enchainement'),
('survie', '2', 'endurant'),
('coureur', '5', 'endurant-coureur'),
('metal', '5', 'endurer'),
('1ere-voile', '1', 'enfant-de-la-foret'),
('gobelin', '1', 'enfant-de-la-nuit'),
('nuit-noire', '1', 'enfant-de-la-nuit-lg'),
('dwergar', '1', 'enfant-du-roc'),
('resilience-sepulcral', '5', 'enfouissement'),
('cogneur-creature', '2', 'enrager'),
('sombre-savoir', '4', 'enterrement-psychiqu'),
('exploits-physiques', '5', 'entrainement-de-haut'),
('bloqueur', '1', 'entraver'),
('vitaliseur', '3', 'epuration'),
('arcane-dazur', '1', 'esprit-complexe'),
('investigation', '1', 'esprit-danalyse'),
('humilite', '1', 'esprit-limpide'),
('esprits-de-la-nuit', '5', 'esprits-grondants'),
('voltigeur', '2', 'esquive-rapide'),
('maitre-de-meute', '3', 'etre-en-accord'),
('vitaliseur', '4', 'eveil'),
('rage-primordiale', '5', 'eventrer'),
('tentation', '2', 'exacerber-les-vices'),
('psychologie', '4', 'examen-psychologique'),
('inquisition-mentale', '3', 'exorcisme-ange'),
('expanseur', '1', 'expansion'),
('medecine', '5', 'expert-medical'),
('investigation', '2', 'expertise'),
('arcane-de-gueules', '5', 'explosion-accidentel'),
('hurleur', '5', 'explosion-sonore'),
('phaseur', '5', 'faille-quantique'),
('1ere-demon', '3', 'fais-moi-mal'),
('colosse-creature', '1', 'fauchage'),
('arcane-dargent', '2', 'fausser-les-donnees'),
('elixirs', '2', 'feu-gregeois'),
('arcane-de-gueules', '4', 'fievre-du-combat'),
('investigation', '5', 'flair-infaillible'),
('coureur', '3', 'fonceur'),
('colere-divine', '1', 'force-divine'),
('metal', '1', 'forgeron'),
('arts', '1', 'formation-artistique'),
('archeologie', '1', 'formation-dhistorien'),
('sciences', '1', 'formation-scientifiq'),
('esprit-farouche', '4', 'forme-de-la-bete'),
('1ere-loup-garou', '1', 'forme-de-loup'),
('morpheur', '4', 'forme-elastique'),
('foudroyeur', '5', 'forme-electrique'),
('1ere-loup-garou', '2', 'forme-hybride'),
('ogre', '5', 'forme-massive'),
('lutin', '3', 'forme-mineure'),
('peur-des-tenebres', '5', 'forme-monstrueuse'),
('morpheur', '5', 'forme-monstrueuse-mo'),
('elixirs', '1', 'fortifiant'),
('corruption', '4', 'fortune-impie'),
('foudroyeur', '3', 'foudre'),
('colere-divine', '4', 'foudre-de-dieu'),
('lune-dargent', '1', 'fourrure-rigide'),
('1ere-voile', '3', 'franchir-le-voile'),
('medecine', '4', 'frappe-chirurgicale'),
('densifieur', '2', 'frappe-lourde'),
('expanseur', '3', 'frappe-massive'),
('maitre-de-meute', '5', 'freres-de-sang'),
('givreur', '1', 'frigo'),
('rage-primordiale', '4', 'furie-ecarlate'),
('brouilleur', '1', 'furtif'),
('dryade', '3', 'fusion-vegetale'),
('genie', '1', 'genie-en-herbe'),
('colere-divine', '3', 'glaive-de-la-foi'),
('predateur', '3', 'gober'),
('golem', '2', 'golem'),
('golem', '4', 'golem-superieur'),
('coeur-de-la-nuit', '3', 'grand-hurlement'),
('lune-pourpre', '1', 'griffes-acerees'),
('lune-dargent', '4', 'griffes-dargent'),
('griffes-de-la-nuit', '2', 'griffes-demoniaques'),
('savoir-impie', '3', 'griffes-empoisonnees'),
('sciences', '2', 'grosse-tete'),
('golem', '1', 'grosse-tete-golem'),
('corruption', '2', 'guerison-impie'),
('charite', '4', 'guerison-miraculeuse'),
('survie', '4', 'guide'),
('nageur', '5', 'habitant-des-abysses'),
('nageur', '3', 'habitant-des-grands-'),
('adaptation-au-monde', '2', 'habitue-a-la-technol'),
('coeur-de-la-nuit', '5', 'hanter-les-reves'),
('champion', '3', 'hausser-le-ton'),
('langues', '2', 'histoire-et-culture'),
('vagabond-de-la-nuit', '4', 'hurlement-choral'),
('superpouvoir', '5', 'hyper-variante'),
('danger', '3', 'ignorer-la-douleur'),
('lune-pourpre', '2', 'ignorer-les-blessure'),
('corruption', '5', 'illusion-morbide'),
('illusions', '1', 'image-decalee'),
('illusions', '3', 'imitation'),
('mystificateur', '4', 'imitation-mutant'),
('savoir-impie', '5', 'imitation-parfaite'),
('estompeur', '1', 'immateriel'),
('bloqueur', '3', 'immobiliser'),
('suppresseur', '5', 'immunite'),
('savoir-impie', '1', 'immunite-diplomatiqu'),
('champion', '1', 'imparable'),
('arts', '3', 'imprevisible'),
('1ere-demon', '5', 'infliger-la-douleur'),
('argent', '2', 'influence'),
('envouteur', '1', 'injonction'),
('inquisition-mentale', '2', 'injonction-ange'),
('dominateur', '2', 'injonction-mutant'),
('sondeur', '5', 'inquisition-mentale'),
('lutin', '1', 'insaisissable'),
('arts', '2', 'inspiration'),
('pnj-recurrent', '1', 'instinct-de-survie'),
('golem', '5', 'intelligence-heroiqu'),
('magie-universelle', '5', 'intelligence-heroiqu'),
('sciences', '5', 'intelligence-heroiqu'),
('sombre-magie', '5', 'intelligence-heroiqu'),
('meute', '1', 'interchangeables'),
('exorcisme', '4', 'interdiction'),
('sauteur', '4', 'intermittence'),
('psychologie', '3', 'intervention-psychol'),
('ogre', '1', 'intimidant'),
('psychologie', '5', 'intuition-heroique'),
('densifieur', '5', 'inversion-de-gravite'),
('magie-universelle', '3', 'invisibilite'),
('brouilleur', '5', 'invisibilite-de-grou'),
('brouilleur', '4', 'invisibilite-majeure'),
('mystificateur', '3', 'invisibilite-mutant'),
('demon', '5', 'invocation-dun-demon'),
('expanseur', '4', 'jaggernaut'),
('esprit-farouche', '5', 'je-suis-la-bete'),
('nageur', '4', 'jet-deau'),
('corporations', '4', 'joker'),
('armes-a-feu', '2', 'joli-coup'),
('colere-divine', '5', 'jugement-dernier'),
('bouclier-de-la-foi', '4', 'juste-retribution'),
('arcane-dazur', '4', 'kaleidoscope'),
('attrait-de-la-nuit', '4', 'la-nuit-incarnee'),
('arcane-de-sable', '5', 'la-proie-des-mouches'),
('cogneur', '3', 'lancer-brutal'),
('vagabond-de-la-nuit', '3', 'langage-universel'),
('archeologie', '2', 'langues-anciennes'),
('langues', '1', 'langues-etrangeres'),
('langues', '3', 'langues-mortes'),
('attrait-de-la-nuit', '1', 'le-fouet-de-la-langu'),
('exploits-physiques', '4', 'le-geste-parfait'),
('arcane-dor', '2', 'le-silence-est-dor'),
('mere-terre', '1', 'lecher-les-plaies'),
('mystificateur', '2', 'leurre'),
('arcane-dazur', '3', 'lever-le-voile'),
('leviteur', '1', 'levitation'),
('meute', '3', 'lhallali'),
('exorcisme', '5', 'liberte-daction'),
('sondeur', '3', 'lire-les-pensees'),
('magie-universelle', '1', 'lumiere'),
('lumiere-celeste', '5', 'lumiere-interieure'),
('lumiere-celeste', '1', 'ma-lumiere-est-savoi'),
('rage-primordiale', '2', 'machoire-beante'),
('1ere-loup-garou', '4', 'machoire-immense'),
('dryade', '2', 'magicien'),
('metal', '3', 'magnetisme'),
('corps-a-corps', '5', 'maitre-darme'),
('coeur-de-la-nuit', '1', 'maitre-des-metamorph'),
('resilience-sepulcral', '2', 'maitre-du-tombeau'),
('esprit-farouche', '2', 'maitre-du-troupeau'),
('incendieur', '1', 'maitrise-du-feu'),
('dragon', '3', 'majestueux'),
('demon', '1', 'malediction'),
('corporations', '5', 'mandarin'),
('discours', '4', 'manipulateur'),
('manipulateur', '2', 'manipulation'),
('manipulateur', '3', 'manipulation-defensi'),
('pilotage', '2', 'manoeuvre-devitement'),
('1ere-voile', '5', 'marche-des-ombres'),
('1ere-vampire', '4', 'marcheur-diurne'),
('coeur-de-la-nuit', '2', 'marque-des-tenebres'),
('dryade', '4', 'masque-de-chair'),
('mecanique', '1', 'mecano'),
('medecine', '2', 'medecin'),
('danger', '1', 'meme-pas-peur'),
('investigation', '4', 'memoire-eidetique'),
('psychologie', '2', 'mental-dacier'),
('1ere-demon', '4', 'mepris-pour-les-joue'),
('metal', '2', 'metal-brulant'),
('metal', '4', 'metal-hurlant'),
('reducteur', '5', 'microscopique'),
('survie', '3', 'milieux-extremes'),
('malignite-doutre-tom', '5', 'mille-visages'),
('esprit-farouche', '3', 'milles-yeux'),
('reducteur', '3', 'minuscule'),
('illusions', '2', 'mirage'),
('genie', '4', 'mise-a-jour-systeme'),
('genie', '3', 'modele-operationnel'),
('morpheur', '1', 'modification-dappare'),
('morpheur', '2', 'modification-de-stru'),
('dwergar', '5', 'modification-des-lie'),
('truqueur', '5', 'modifier-les-eveneme'),
('truqueur', '2', 'modifier-les-probabi'),
('ogre', '2', 'monolithe'),
('maitre-de-meute', '1', 'montrer-sa-puissance'),
('corruption', '3', 'mort-lente'),
('souffleur', '4', 'mur-de-vent'),
('arcane-de-sinople', '2', 'mur-depines'),
('sombre-savoir', '2', 'murmures-du-suaire'),
('musicien', '5', 'musique-fascinante'),
('superpouvoir', '4', 'mutation-x'),
('nageur', '2', 'nage-rapide'),
('bouclier-de-la-foi', '5', 'ne-fais-pas-a-autrui'),
('argent', '1', 'niveau-de-vie'),
('arcane-de-sinople', '4', 'nuee-de-nuisibles'),
('suppresseur', '1', 'nulle-zone'),
('rage-primordiale', '1', 'oeil-du-predateur'),
('arcane-de-sable', '4', 'offrande-de-sang'),
('sombre-magie', '4', 'ombre-mortelle'),
('hurleur', '3', 'onde-sonore'),
('genie', '5', 'options-et-adaptatio'),
('souffleur', '3', 'orage'),
('bouclier-de-la-foi', '3', 'ordalie-des-elements'),
('langues', '4', 'oreille-fantastique'),
('humilite', '3', 'oubli'),
('suppresseur', '3', 'ouverture'),
('demon', '3', 'pacte-sanglant'),
('charite', '2', 'pain-beni'),
('esprits-de-la-nuit', '3', 'paix-interieure'),
('adaptation-au-monde', '5', 'panne-techno-garou'),
('1ere-voile', '4', 'panne-technologique'),
('voyages', '2', 'par-monts-et-par-vau'),
('peur-des-tenebres', '4', 'pas-de-lombre'),
('lutin', '4', 'passe-muraille'),
('estompeur', '3', 'passe-muraille-estom'),
('sombre-magie', '2', 'pattes-daraignee'),
('cogneur', '2', 'peau-dacier'),
('resilience-sepulcral', '3', 'peau-de-marbre'),
('magie-elementaire', '5', 'peau-de-pierre'),
('humilite', '2', 'penitence'),
('inquisition-mentale', '4', 'pensees-impures'),
('1ere-psychogene', '1', 'perception-extra-sen'),
('furtivite', '5', 'perception-heroique'),
('arcane-de-sinople', '1', 'perception-instincti'),
('langues', '5', 'perception-superieur'),
('cogneur-creature', '3', 'percuter'),
('arcane-de-sinople', '5', 'perdition'),
('argent', '5', 'pied-a-terre'),
('pilotage', '1', 'pilote-emerite'),
('tentation', '3', 'plus-cest-gros'),
('malignite-doutre-tom', '4', 'plus-rapide-que-la-m'),
('sculpteur', '1', 'poings-de-pierre'),
('pilotage', '3', 'polyvalent'),
('vagabond-de-la-nuit', '5', 'pont-de-lune'),
('pnj-recurrent', '3', 'porteur-de-poisse'),
('elixirs', '4', 'potion-de-forme-gaze'),
('lutin', '5', 'poupee'),
('densifieur', '3', 'poussee'),
('copieur', '5', 'pouvoir-de-reserve'),
('dragon', '2', 'pouvoir-mineur'),
('copieur', '3', 'pouvoirs-multiples'),
('charite', '1', 'prendre-sur-soi'),
('divination', '4', 'prescience'),
('1ere-vampire', '5', 'presence-abominable'),
('dryade', '1', 'prestidigtation'),
('arcane-dor', '4', 'priver-de-lumiere'),
('maitre-de-meute', '2', 'profiter-du-nombre'),
('incendieur', '2', 'projectile-de-feu'),
('givreur', '4', 'projectile-de-glace'),
('magnetiseur', '3', 'projection'),
('colosse-creature', '3', 'projection-creature'),
('malignite-doutre-tom', '2', 'promptitude'),
('golem', '3', 'protecteur'),
('exorcisme', '2', 'protection-contre-le'),
('mere-terre', '2', 'protection-de-la-ter'),
('esprits-de-la-nuit', '2', 'protection-esprits'),
('magie-elementaire', '2', 'protection-vs-elemen'),
('genie', '2', 'prototype'),
('nuit-noire', '3', 'prouesses-ferales'),
('discours', '2', 'provocation'),
('rage-primordiale', '3', 'puissance-de-la-tomb'),
('dragon', '5', 'puissance-du-dragon'),
('sondeur', '4', 'puissance-mentale'),
('incendieur', '5', 'pyromorphose'),
('lune-pourpre', '4', 'queue-puissante'),
('1ere-loup-garou', '3', 'rage-ferale'),
('coureur', '2', 'rapide'),
('mystificateur', '5', 'realite-virtuelle'),
('investigation', '3', 'recherche-rapide'),
('arcane-dor', '3', 'recuperation-eclair'),
('arcane-dor', '5', 'refuge'),
('sombre-savoir', '3', 'regard-de-lame'),
('vitaliseur', '1', 'regeneration'),
('argent', '4', 'relations'),
('densifieur', '4', 'renforcement'),
('vitaliseur', '2', 'reparation'),
('lune-dargent', '3', 'reparer-les-os'),
('voyages', '4', 'resistance'),
('lune-dargent', '2', 'resistance-a-largent'),
('foudroyeur', '1', 'resistance-a-lelectr'),
('adaptation-au-monde', '4', 'resistance-aux-armes'),
('suppresseur', '2', 'resistance-mutant'),
('magie-elementaire', '4', 'respiration-aquatiqu'),
('charite', '5', 'resurrection'),
('vitaliseur', '5', 'resurrection-mutant'),
('manipulateur', '5', 'retour-a-lenvoyeur'),
('arts', '4', 'riche'),
('gobelin', '5', 'riposte'),
('champion', '2', 'riposte-creature'),
('charite', '3', 'sacrifice'),
('lune-pourpre', '5', 'sang-mordant'),
('arcane-dor', '1', 'sante'),
('sauteur', '1', 'saut'),
('sauteur', '5', 'saut-mortel'),
('coeur-de-la-nuit', '4', 'savoir-ancestral'),
('dragon', '1', 'savoir-ancien'),
('archeologie', '5', 'savoirs-interdits'),
('exploits-physiques', '3', 'se-depasser'),
('medecine', '1', 'secouriste'),
('sombre-savoir', '1', 'sens-aceres'),
('furtivite', '2', 'sens-affutes'),
('voyages', '3', 'sens-du-danger'),
('1ere-exogene', '3', 'sens-mutant'),
('esprits-de-la-nuit', '1', 'sentir-les-auras'),
('1ere-demon', '2', 'sentir-les-faiblesse'),
('chef-darmee', '1', 'sergent'),
('1ere-vampire', '2', 'serres-de-la-bete'),
('danger', '4', 'seul-contre-tous'),
('dryade', '5', 'seve-vitale'),
('hurleur', '4', 'silence'),
('envouteur', '2', 'sommeil'),
('morpheur', '3', 'sosie'),
('bouclier-de-la-foi', '2', 'souffle-de-vie'),
('nuit-noire', '4', 'soumission'),
('foudroyeur', '2', 'sous-tension'),
('exploits-physiques', '2', 'specialite'),
('archeologie', '3', 'speleologue'),
('incendieur', '4', 'sphere-explosive'),
('exploits-physiques', '1', 'sportif-accompli'),
('voltigeur', '4', 'sprint'),
('coureur', '1', 'sprinteur'),
('sombre-magie', '3', 'strangulation'),
('dragon', '4', 'suggestion'),
('dominateur', '3', 'suggestion-mutant'),
('superpouvoir', '2', 'super-capacite'),
('superpouvoir', '1', 'super-carac.'),
('superpouvoir', '3', 'super-variante'),
('voltigeur', '3', 'sur-les-murs'),
('survie', '5', 'survivant'),
('exorcisme', '1', 'symbole-sacre'),
('mecanique', '4', 'systeme-d'),
('mecanique', '2', 'systemes-modernes'),
('sciences', '3', 'tacticien'),
('gobelin', '2', 'talent-pour-tuer'),
('arcane-dargent', '1', 'techno-adapte'),
('sauteur', '3', 'teleportation'),
('arcane-de-gueules', '1', 'temperament-de-feu'),
('souffleur', '5', 'tempete'),
('givreur', '3', 'tempete-de-grele'),
('sombre-magie', '1', 'tenebres'),
('peur-des-tenebres', '2', 'tenebres-insondables'),
('armes-a-feu', '3', 'tir-de-precision'),
('armes-a-feu', '4', 'tir-rapide'),
('armes-a-feu', '5', 'tireur-delite'),
('arcane-dargent', '5', 'tordre-le-metal'),
('souffleur', '1', 'tornade'),
('esprits-totemiques', '4', 'totem-chat'),
('esprits-totemiques', '2', 'totem-faucon'),
('esprits-totemiques', '5', 'totem-ours'),
('esprits-totemiques', '3', 'totem-rat'),
('tentation', '5', 'tout-a-un-prix'),
('reducteur', '1', 'tout-petit'),
('lumiere-celeste', '4', 'trait-de-lumiere'),
('griffes-de-la-nuit', '4', 'tranchant-comme-la-n'),
('mere-terre', '5', 'transe-de-la-lune'),
('arcane-dargent', '3', 'transmutation-en-arg'),
('brouilleur', '2', 'transparent'),
('arcane-dazur', '2', 'trouble-memoriel'),
('adaptation-au-monde', '1', 'trouver-la-foret'),
('illusions', '5', 'tueur-fantasmagoriqu'),
('inquisition-mentale', '5', 'tuez-les-tous'),
('peur-des-tenebres', '1', 'un-coup-dans-le-noir'),
('discours', '3', 'usurpateur'),
('argent', '3', 'vehicule-de-luxe'),
('sombre-savoir', '5', 'vieux-comme-le-temps'),
('malignite-doutre-tom', '3', 'vif-argent'),
('archeologie', '4', 'vigilance'),
('sciences', '4', 'violon-dingres'),
('divination', '5', 'vision-vraie'),
('arcane-dargent', '4', 'vision-x'),
('1ere-demon', '1', 'vitalite-impie'),
('1ere-vampire', '1', 'vitalite-tenebreuse'),
('griffes-de-la-nuit', '1', 'vitesse-infernale'),
('esprits-de-la-nuit', '4', 'voir-linvisible'),
('magie-universelle', '4', 'vol'),
('copieur', '4', 'vol-de-pouvoir'),
('leviteur', '2', 'vol-leviteur'),
('leviteur', '4', 'vol-rapide'),
('creatures-volantes', '1', 'vol-rapide-creat'),
('souffleur', '2', 'vol-souffleur'),
('1ere-endogene', '2', 'volonte-de-fer'),
('1ere-exogene', '2', 'volonte-de-fer'),
('1ere-sainte', '5', 'volonte-divine'),
('leviteur', '5', 'voyage'),
('sculpteur', '5', 'voyage-dans-la-pierr'),
('musicien', '3', 'zone-de-silence'),
('suppresseur', '4', 'zone-discriminante'),
('givreur', '2', 'zone-glaciale');

-- --------------------------------------------------------

--
-- Table structure for table `coc_categories_equipement`
--

DROP TABLE IF EXISTS `coc_categories_equipement`;
CREATE TABLE IF NOT EXISTS `coc_categories_equipement` (
  `code` varchar(20) NOT NULL,
  `libelle` varchar(50) NOT NULL,
  `parent` varchar(20) DEFAULT NULL,
  `sequence` varchar(5) DEFAULT NULL,
  PRIMARY KEY (`code`),
  KEY `coc_categories_equipemet_parent` (`parent`)
) ENGINE=InnoDB DEFAULT CHARSET=utf8mb4 COLLATE=utf8mb4_general_ci;

--
-- Dumping data for table `coc_categories_equipement`
--

INSERT INTO `coc_categories_equipement` (`code`, `libelle`, `parent`, `sequence`) VALUES
('armes', 'Armes', NULL, '00005'),
('armes-a-distance', 'Armes à distance', 'armes', '00010'),
('armes-de-contact', 'Armes de contact', 'armes', '00005'),
('armures', 'Armures', 'defense', '00005'),
('autres', 'Autres', 'divers', '99999'),
('defense', 'Défense', NULL, '00010'),
('divers', 'Divers', NULL, '00015'),
('grenades', 'Grenades', 'armes', '00015'),
('hebergement-et-resta', 'Hébergement et restauration', 'divers', '00015'),
('materiel', 'Matériel', 'divers', '00005'),
('vehicules', 'Véhicules', 'divers', '00020'),
('vetements', 'Vêtements', 'divers', '00010');

-- --------------------------------------------------------

--
-- Table structure for table `coc_categories_proprietes`
--

DROP TABLE IF EXISTS `coc_categories_proprietes`;
CREATE TABLE IF NOT EXISTS `coc_categories_proprietes` (
  `code_categorie` varchar(20) NOT NULL,
  `code_propriete` varchar(20) NOT NULL,
  PRIMARY KEY (`code_categorie`,`code_propriete`),
  KEY `coc_categories_proprietes_categorie` (`code_categorie`),
  KEY `coc_categories_proprietes_propriete` (`code_propriete`)
) ENGINE=InnoDB DEFAULT CHARSET=utf8mb4 COLLATE=utf8mb4_general_ci;

--
-- Dumping data for table `coc_categories_proprietes`
--

INSERT INTO `coc_categories_proprietes` (`code_categorie`, `code_propriete`) VALUES
('armes-a-distance', 'dm1m'),
('armes-a-distance', 'dm2m'),
('armes-a-distance', 'dmarc'),
('armes-a-distance', 'for-mini'),
('armes-a-distance', 'portee'),
('armes-de-contact', 'critique'),
('armes-de-contact', 'dm1m'),
('armes-de-contact', 'dm2m'),
('armures', 'def'),
('armures', 'rd'),
('grenades', 'dm1m'),
('grenades', 'portee'),
('grenades', 'rayon'),
('vehicules', 'agi-vheicule'),
('vehicules', 'def'),
('vehicules', 'for-vehicule'),
('vehicules', 'pv-vehicule'),
('vehicules', 'rd');

-- --------------------------------------------------------

--
-- Table structure for table `coc_equipement`
--

DROP TABLE IF EXISTS `coc_equipement`;
CREATE TABLE IF NOT EXISTS `coc_equipement` (
  `code` varchar(20) NOT NULL,
  `designation` varchar(50) NOT NULL,
  `categorie` varchar(20) NOT NULL,
  `sequence` varchar(5) DEFAULT NULL,
  `prix` decimal(16,2) DEFAULT NULL,
  `notes` mediumtext DEFAULT NULL,
  PRIMARY KEY (`code`),
  KEY `coc_equipement_categorie` (`categorie`),
  KEY `coc_equipement_sequence_idx` (`sequence`)
) ENGINE=InnoDB DEFAULT CHARSET=utf8mb4 COLLATE=utf8mb4_general_ci;

--
-- Dumping data for table `coc_equipement`
--

INSERT INTO `coc_equipement` (`code`, `designation`, `categorie`, `sequence`, `prix`, `notes`) VALUES
('a-la-mode', 'Tenue à la mode', 'vetements', NULL, '200.00', NULL),
('appareil-photo', 'Appareil photo', 'materiel', NULL, '100.00', NULL),
('arc', 'Arc', 'armes-a-distance', NULL, '200.00', ''),
('auto-4x4', 'Auto 4x4', 'vehicules', NULL, '40000.00', 'Bonus d\'AGI x2 en mode tout-terrain'),
('auto-berline', 'Auto berline', 'vehicules', NULL, '20000.00', NULL),
('auto-citadine', 'Auto citadine', 'vehicules', NULL, '12000.00', NULL),
('auto-sportive', 'Auto sportive', 'vehicules', NULL, '60000.00', NULL),
('autre', 'Autre', 'autres', NULL, NULL, NULL),
('avion-bombardier', 'Avion bombardier', 'vehicules', NULL, NULL, NULL),
('avion-chasseur', 'Avion chasseur', 'vehicules', NULL, NULL, NULL),
('avion-de-tourisme', 'Avion de tourisme', 'vehicules', NULL, '400000.00', NULL),
('batte-base-ball', 'Batte de base-ball', 'armes-de-contact', NULL, '30.00', ''),
('berline-de-luxe', 'Berline de luxe', 'vehicules', NULL, '50000.00', NULL),
('blinde-leger', 'Blindé léger', 'vehicules', NULL, NULL, 'Bonus d\'AGI x2 en mode tout-terrain'),
('boussole', 'Boussole', 'materiel', NULL, '30.00', NULL),
('caisse-a-outils', 'Caisse à outils', 'materiel', NULL, '200.00', NULL),
('camion', 'Camion', 'vehicules', NULL, '50000.00', NULL),
('canon-scie', 'Canon scié', 'armes-a-distance', NULL, '1000.00', ''),
('carabine-a-repetitio', 'Carabine à répétition', 'armes-a-distance', NULL, '2000.00', ''),
('chambre-dhotel', 'Chambre d\'hôtel', 'hebergement-et-resta', NULL, '100.00', NULL),
('char-dassaut', 'Char d\'assaut', 'vehicules', NULL, NULL, 'Bonus d\'AGI x2 en mode tout-terrain'),
('classieux', 'Tenue classieuse', 'vetements', NULL, '800.00', NULL),
('couteau-de-lancer', 'Couteau de lancer', 'armes-a-distance', NULL, '10.00', ''),
('dirigeable', 'Dirigeable', 'vehicules', NULL, '2000000.00', NULL),
('dynamite', 'Dynamite', 'grenades', NULL, '0.00', 'Un bâton de dynamite s’utilise comme une grenade, mais nécessite obligatoirement une action limitée pour être allumé et lanc'),
('epee', 'Epée', 'armes-de-contact', NULL, '300.00', ''),
('foudroyeur', 'Foudroyeur', 'armes-a-distance', NULL, '300.00', 'Inventé en 1972, le Taser ne fait son apparition qu’à partir des années 2000. Les DM de cette arme à impulsion électrique sont temporaires. De plus, la victime doit faire un test de CON difficulté 15 ou être Renversée et Étourdie pendant 1 tour'),
('fusil-a-pompe', 'Fusil à pompe', 'armes-a-distance', NULL, '1500.00', ''),
('fusil-dassaut', 'Fusil d\'assaut', 'armes-a-distance', NULL, '2000.00', ''),
('fusil-de-chasse', 'Fusil de chasse', 'armes-a-distance', NULL, '1000.00', ''),
('fusil-de-precision', 'Fusil de précision', 'armes-a-distance', NULL, '5000.00', 'DM 3d6 en tir couché et visé'),
('fusil-gros-gibier', 'Fusil de chasse gros gibier', 'armes-a-distance', NULL, '3000.00', ''),
('fusil-precision-lour', 'Fusil de précision lourd', 'armes-a-distance', NULL, '8000.00', 'DM 3d8 en tir couché et visé'),
('gilet-pare-balles', 'Gilet pare-balles', 'armures', NULL, '400.00', 'Malus -2 en Initiative et aux tests de DEX\r\nRD contre les armes à feu annulée en cas de critique'),
('gilet-pare-balles-lo', 'Gilet pare-balles lourd', 'armures', NULL, '1500.00', 'Malus -4 en Initiative et aux tests de DEX\r\nRD contre les armes à feu annulée en cas de critique'),
('grand-restaurant', 'Grand restaurant', 'hebergement-et-resta', NULL, '400.00', NULL),
('grenade-defensive', 'Grenade défensive', 'grenades', NULL, '100.00', 'Les victimes peuvent réaliser un test de DEX difficulté 15 pour ne subir que la moitié des DM. Surdité offerte en sus pour 2d6 tours (1d6 si test de CON difficulté 15 réussi)'),
('grenade-lacrymogene', 'Grenade lacrymogène', 'grenades', NULL, '50.00', 'Pendant 10 tours, un personnage (ou une créature) qui reste un tour dans la zone est Aveuglé pour 1d6 tours. Réussir un test de CON difficulté 15 permet de diviser la durée par deux. L’effet perdure même après être sorti de la zone.'),
('grenade-offensive', 'Grenade offensive', 'grenades', NULL, '50.00', 'Les DM peuvent être temporaires ou létaux. Les victimes doivent faire un test de CON difficulté 15 ou être Étourdies pendant un tour. Surdité offerte en sus pour 2d6 tours (1d6 si test de CON difficulté 15 réussi).'),
('hache-2-mains', 'Hache à deux mains', 'armes-de-contact', NULL, '300.00', ''),
('hachette', 'Hachette', 'armes-de-contact', NULL, '50.00', ''),
('haute-couture', 'Tenue haute couture', 'vetements', NULL, '5000.00', NULL),
('helicoptere', 'Hélicoptère', 'vehicules', NULL, '1000000.00', NULL),
('hotel-de-luxe', 'Hôtel de luxe', 'hebergement-et-resta', NULL, '1000.00', NULL),
('hotel-minable', 'Hôtel minable', 'hebergement-et-resta', NULL, '20.00', NULL),
('jumelles', 'Jumelles', 'materiel', NULL, '100.00', NULL),
('lampe-torche', 'Lampe-torche', 'materiel', NULL, '50.00', NULL),
('lance-grenade', 'Lance grenade', 'armes-a-distance', NULL, '0.00', ''),
('lance-roquette', 'Lance-roquette', 'armes-a-distance', NULL, '0.00', 'Recharge = action limitée (L)'),
('luxe', 'Tenue de luxe', 'vetements', NULL, '2000.00', NULL),
('machette', 'Machette', 'armes-de-contact', NULL, '50.00', ''),
('marteau', 'Marteau', 'armes-de-contact', NULL, '30.00', ''),
('menottes', 'Menottes', 'materiel', NULL, '30.00', NULL),
('mini-pistolet-derrin', 'Mini-pistolet (Derringer)', 'armes-a-distance', NULL, '5.00', 'Un mini-pistolet est très facile à cacher, il ne peut tirer que 2 coups puis il faut une action limitée pour le recharger. En revanche, il ne subit un incident de tir que sur un résultat de 1 au d20.'),
('minivan', 'Minivan', 'vehicules', NULL, '30000.00', NULL),
('mitrailleuse-legere', 'Mitrailleuse légère', 'armes-a-distance', NULL, '0.00', ''),
('mitrailleuse-lourde', 'Mitrailleuse lourde', 'armes-a-distance', NULL, '0.00', ''),
('mitrailleuse-moyenne', 'Mitrailleuse moyenne', 'armes-a-distance', NULL, '0.00', ''),
('montre-bracelet', 'Montre bracelet', 'materiel', NULL, '60.00', NULL),
('moto-routiere', 'Moto routière', 'vehicules', NULL, '15000.00', NULL),
('moto-sportive', 'Moto sportive', 'vehicules', NULL, '12000.00', NULL),
('moto-tout-terrain', 'Moto tout terrain', 'vehicules', NULL, '8000.00', NULL),
('pisto-mitrailleur', 'Pistolet mitrailleur', 'armes-a-distance', NULL, '1500.00', ''),
('pisto-mitrailleur-lo', 'Pistolet mitrailleur lourd', 'armes-a-distance', NULL, '2000.00', ''),
('pistolet-leger', 'Pistolet léger', 'armes-a-distance', NULL, '200.00', ''),
('pistolet-lourd', 'Pistolet lourd', 'armes-a-distance', NULL, '800.00', 'cal. 45'),
('pistolet-moyen', 'Pistolet moyen', 'armes-a-distance', NULL, '400.00', 'cal. 38'),
('poignard', 'Poignard', 'armes-de-contact', NULL, '30.00', ''),
('poste-de-radio', 'Poste de radio', 'materiel', NULL, '50.00', NULL),
('premier-prix', 'Tenue premier prix', 'vetements', NULL, '20.00', NULL),
('rapiere', 'Rapière', 'armes-de-contact', NULL, '1000.00', ''),
('repas-rapide', 'Repas rapide', 'hebergement-et-resta', NULL, '10.00', NULL),
('restaurant', 'Restaurant', 'hebergement-et-resta', NULL, '40.00', NULL),
('sagaie', 'Sagaie', 'armes-a-distance', NULL, '0.00', ''),
('semi-remorque', 'Semi-remorque', 'vehicules', NULL, '100000.00', NULL),
('shuriken', 'Shuriken', 'armes-a-distance', NULL, '10.00', ''),
('suite-de-luxe', 'Suite de luxe', 'hebergement-et-resta', NULL, '5000.00', NULL),
('tenue-de-randonnee', 'Tenue de randonnée', 'vetements', NULL, '500.00', NULL),
('tenue-polaire', 'Tenue polaire', 'vetements', NULL, '1000.00', NULL),
('trousse-de-secours', 'Trousse de secours', 'materiel', NULL, '100.00', 'L’usage d’une trousse de secours offre un bonus de +2 aux tests de soins ou aux tests de CON du blessé. La trousse est réutilisable.'),
('vivres-1-semaine', 'Vivres (1 semaine)', 'materiel', NULL, '30.00', NULL),
('zeppelin', 'Zeppelin', 'vehicules', NULL, '2000000.00', NULL);

-- --------------------------------------------------------

--
-- Table structure for table `coc_equipement_profils`
--

DROP TABLE IF EXISTS `coc_equipement_profils`;
CREATE TABLE IF NOT EXISTS `coc_equipement_profils` (
  `profil` varchar(20) NOT NULL,
  `sequence` tinyint(4) NOT NULL,
  `equipement` varchar(20) NOT NULL,
  `nombre` tinyint(1) NOT NULL DEFAULT 1,
  `special` varchar(100) DEFAULT NULL,
  PRIMARY KEY (`profil`,`sequence`),
  KEY `coc_equipement_profils_equipement` (`equipement`),
  KEY `coc_equipement_profils_profil` (`profil`)
) ENGINE=InnoDB DEFAULT CHARSET=utf8mb4 COLLATE=utf8mb4_general_ci;

--
-- Dumping data for table `coc_equipement_profils`
--

INSERT INTO `coc_equipement_profils` (`profil`, `sequence`, `equipement`, `nombre`, `special`) VALUES
('activiste', 1, 'classieux', 1, ''),
('activiste', 2, 'autre', 1, 'Objet symbolique (activiste)'),
('activiste', 3, 'autre', 1, 'Lot de cartes de visite'),
('activiste', 4, 'autre', 1, 'Trousse de maquillage'),
('activiste', 5, 'lampe-torche', 1, ''),
('activiste', 6, 'autre', 1, 'Loupe'),
('archeologue', 1, 'autre', 1, 'Livre sur une civilisation perdue'),
('archeologue', 2, 'tenue-de-randonnee', 1, ''),
('archeologue', 3, 'autre', 1, 'Matériel de fouille'),
('archeologue', 4, 'lampe-torche', 1, ''),
('archeologue', 5, 'autre', 1, 'Loupe'),
('archeologue', 6, 'autre', 1, 'Lot de cartes diverses'),
('archeologue', 7, 'autre', 1, 'Devises de plusieurs pays'),
('archeologue', 8, 'autre', 1, 'Photos souvenirs de pays lointains'),
('artiste', 1, 'autre', 1, 'De quoi pratiquer son art'),
('artiste', 2, 'a-la-mode', 1, ''),
('artiste', 3, 'autre', 1, 'Lot de cartes de visite'),
('artiste', 4, 'autre', 1, 'Trousse de maquillage'),
('artiste', 5, 'autre', 1, 'Lot de livres de sciences humaines'),
('artiste-de-cirque', 1, 'a-la-mode', 1, ''),
('artiste-de-cirque', 2, 'autre', 1, 'De quoi pratiquer son art'),
('artiste-de-cirque', 3, 'trousse-de-secours', 1, ''),
('artiste-de-cirque', 4, 'autre', 1, 'Corde d\'escalade'),
('artiste-de-cirque', 5, 'autre', 1, 'Tenue de sport'),
('artiste-de-cirque', 6, 'autre', 1, 'De quoi pratiquer son sport'),
('aviateur', 1, 'autre', 1, 'Pistolet au choix'),
('aviateur', 2, 'autre', 1, 'Fusil au choix'),
('aviateur', 3, 'autre', 1, 'Véhicule au choix'),
('aviateur', 4, 'autre', 1, 'Tenue de pilote'),
('aviateur', 5, 'autre', 1, 'Objet symbolique (armée)'),
('baroudeur', 1, 'autre', 1, 'Véhicule au choix'),
('baroudeur', 2, 'autre', 1, 'Tenue de pilote'),
('baroudeur', 3, 'tenue-de-randonnee', 1, ''),
('baroudeur', 4, 'autre', 1, 'Matériel de camping'),
('baroudeur', 5, 'autre', 1, 'Lot de cartes diverses'),
('baroudeur', 6, 'autre', 1, 'Devises de plusieurs pays'),
('baroudeur', 7, 'autre', 1, 'Photos souvenirs de pays lointains'),
('bibliothecaire', 1, 'classieux', 1, ''),
('bibliothecaire', 2, 'autre', 1, 'Objet symbolique (université)'),
('bibliothecaire', 3, 'lampe-torche', 1, ''),
('bibliothecaire', 4, 'autre', 1, 'Loupe'),
('bibliothecaire', 5, 'autre', 1, 'Lot de romans en langue étrangère'),
('cambrioleur', 1, 'autre', 1, 'Objet symbolique (crime organisé)'),
('cambrioleur', 2, 'classieux', 1, ''),
('cambrioleur', 3, 'trousse-de-secours', 1, ''),
('cambrioleur', 4, 'autre', 1, 'Corde d\'escalade'),
('cambrioleur', 5, 'autre', 1, 'Chapeau ou casquette'),
('cambrioleur', 6, 'jumelles', 1, ''),
('cascadeur', 1, 'trousse-de-secours', 1, ''),
('cascadeur', 2, 'autre', 1, 'Corde d\'escalade'),
('cascadeur', 3, 'autre', 1, 'Tenue de sport'),
('cascadeur', 4, 'autre', 1, 'De quoi pratiquer son sport'),
('cascadeur', 5, 'autre', 1, 'Véhicule au choix'),
('cascadeur', 6, 'autre', 1, 'Tenue de pilote'),
('chasseur-de-tresor', 1, 'lampe-torche', 1, ''),
('chasseur-de-tresor', 2, 'autre', 1, 'Loupe'),
('chasseur-de-tresor', 3, 'tenue-de-randonnee', 1, ''),
('chasseur-de-tresor', 4, 'autre', 1, 'Matériel de camping'),
('chasseur-de-tresor', 5, 'autre', 1, 'Lot de cartes diverses'),
('chasseur-de-tresor', 6, 'autre', 1, 'Devises de plusieurs pays'),
('chasseur-de-tresor', 7, 'autre', 1, 'Photos souvenirs de pays lointains'),
('chasseur-gros-gibier', 1, 'luxe', 1, ''),
('chasseur-gros-gibier', 2, 'autre', 1, 'Accessoires de luxe (montre, bijou, etc...)'),
('chasseur-gros-gibier', 3, 'autre', 1, '1000 $ ou € en liquide'),
('chasseur-gros-gibier', 4, 'autre', 1, 'Pistolet au choix '),
('chasseur-gros-gibier', 5, 'autre', 1, 'Fusil au choix'),
('chasseur-gros-gibier', 6, 'autre', 1, 'Lot de cartes diverses'),
('chasseur-gros-gibier', 7, 'autre', 1, 'Devises de plusieurs pays'),
('chasseur-gros-gibier', 8, 'autre', 1, 'Photos souvenirs de pays lointains'),
('collectionneur-dart', 1, 'luxe', 1, ''),
('collectionneur-dart', 2, 'autre', 1, 'Accessoires de luxe (montre, bijou, etc...)'),
('collectionneur-dart', 3, 'autre', 1, '1000 $ ou € en liquide'),
('collectionneur-dart', 4, 'autre', 1, 'De quoi pratiquer son art'),
('collectionneur-dart', 5, 'a-la-mode', 1, ''),
('collectionneur-dart', 6, 'autre', 1, 'Lot de cartes diverses'),
('collectionneur-dart', 7, 'autre', 1, 'Devises de plusieurs pays'),
('collectionneur-dart', 8, 'autre', 1, 'Photos souvenirs de pays lointains'),
('commando', 1, 'autre', 1, 'Pistolet au choix'),
('commando', 2, 'autre', 1, 'Fusil au choix'),
('commando', 3, 'poignard', 1, ''),
('commando', 4, 'autre', 1, 'Arme de contact au choix'),
('commando', 5, 'tenue-de-randonnee', 1, ''),
('commando', 6, 'autre', 1, 'Matériel de camping'),
('criminel', 1, 'autre', 1, 'Pistolet au choix'),
('criminel', 2, 'autre', 1, 'Fusil au choix'),
('criminel', 3, 'classieux', 1, 'Costume'),
('criminel', 4, 'autre', 1, 'Objet symbolique (crime organisé)'),
('criminel', 5, 'trousse-de-secours', 1, ''),
('criminel', 6, 'autre', 1, 'Corde d\'escalade'),
('dandy', 1, 'luxe', 1, ''),
('dandy', 2, 'autre', 1, 'Accessoires de luxe (montre, bijou, etc...)'),
('dandy', 3, 'autre', 1, '1000 $ ou € en liquide'),
('dandy', 4, 'classieux', 1, ''),
('dandy', 5, 'autre', 1, 'Objet symbolique (jet-set)'),
('dandy', 6, 'autre', 1, 'Lot de cartes diverses'),
('dandy', 7, 'autre', 1, 'Devises de plusieurs pays'),
('dandy', 8, 'autre', 1, 'Photos souvenirs de pays lointains'),
('dilettante', 1, 'luxe', 1, ''),
('dilettante', 2, 'autre', 1, 'Accessoires de luxe (montre, bijou, etc...)'),
('dilettante', 3, 'autre', 1, '1000 $ ou € en liquide'),
('dilettante', 4, 'autre', 1, 'De quoi pratiquer son art'),
('dilettante', 5, 'a-la-mode', 1, ''),
('dilettante', 6, 'autre', 1, 'Lot de cartes de visite'),
('dilettante', 7, 'autre', 1, 'Trousse de maquillage'),
('ecrivain', 1, 'autre', 1, 'De quoi pratiquer son art'),
('ecrivain', 2, 'a-la-mode', 1, ''),
('ecrivain', 3, 'autre', 1, 'Lot de romans en langue étrangère'),
('ecrivain', 4, 'autre', 1, 'Lot de cartes diverses'),
('ecrivain', 5, 'autre', 1, 'Devises de plusieurs pays'),
('ecrivain', 6, 'autre', 1, 'Photos souvenirs de pays lointains'),
('erudit', 1, 'autre', 1, 'Livre sur une civilisation perdue'),
('erudit', 2, 'tenue-de-randonnee', 1, ''),
('erudit', 3, 'autre', 1, 'Matériel de fouille'),
('erudit', 4, 'autre', 1, 'Lot de cartes de visite'),
('erudit', 5, 'autre', 1, 'Trousse de maquillage'),
('erudit', 6, 'autre', 1, 'Lot de livres de science'),
('erudit', 7, 'classieux', 1, ''),
('espion', 1, 'autre', 1, 'Chapeau ou casquette'),
('espion', 2, 'jumelles', 1, ''),
('espion', 3, 'lampe-torche', 1, ''),
('espion', 4, 'autre', 1, 'Loupe'),
('espion', 5, 'autre', 1, 'Lot de cartes diverses'),
('espion', 6, 'autre', 1, 'Devises de plusieurs pays'),
('espion', 7, 'autre', 1, 'Photos souvenirs de pays lointains'),
('explorateur', 1, 'autre', 1, 'Lot de romans en langue étrangère'),
('explorateur', 2, 'tenue-de-randonnee', 1, ''),
('explorateur', 3, 'autre', 1, 'Matériel de camping'),
('explorateur', 4, 'autre', 1, 'Lot de cartes diverses'),
('explorateur', 5, 'autre', 1, 'Devises de plusieurs pays'),
('explorateur', 6, 'autre', 1, 'Photos souvenirs de pays lointains'),
('garde-du-corps', 1, 'autre', 1, 'Pistolet au choix'),
('garde-du-corps', 2, 'autre', 1, 'Fusil au choix'),
('garde-du-corps', 3, 'poignard', 1, ''),
('garde-du-corps', 4, 'autre', 1, 'Arme de contact au choix'),
('garde-du-corps', 5, 'autre', 1, 'Tenue de sport'),
('garde-du-corps', 6, 'autre', 1, 'De quoi pratiquer son sport'),
('humanitaire', 1, 'trousse-de-secours', 2, ''),
('humanitaire', 2, 'autre', 1, 'Corde d\'escalade'),
('humanitaire', 3, 'autre', 1, 'Livre de pharmacie'),
('humanitaire', 4, 'classieux', 1, ''),
('humanitaire', 5, 'autre', 1, 'Lot de cartes diverses'),
('humanitaire', 6, 'autre', 1, 'Devises de plusieurs pays'),
('humanitaire', 7, 'autre', 1, 'Photos souvenirs de pays lointains'),
('inspecteur', 1, 'autre', 1, 'Pistolet au choix'),
('inspecteur', 2, 'autre', 1, 'Fusil au choix'),
('inspecteur', 3, 'classieux', 1, ''),
('inspecteur', 4, 'autre', 1, 'Objet symbolique (police)'),
('inspecteur', 5, 'lampe-torche', 1, ''),
('inspecteur', 6, 'autre', 1, 'Loupe'),
('inventeur', 1, 'trousse-de-secours', 1, ''),
('inventeur', 2, 'autre', 1, 'Corde d\'escalade'),
('inventeur', 3, 'caisse-a-outils', 1, ''),
('inventeur', 4, 'autre', 1, 'Voiture ou moto au choix'),
('inventeur', 5, 'classieux', 1, ''),
('inventeur', 6, 'autre', 1, 'Livre de science'),
('journaliste', 1, 'autre', 1, 'Lot de cartes de visite'),
('journaliste', 2, 'autre', 1, 'Trousse de maquillage'),
('journaliste', 3, 'lampe-torche', 1, ''),
('journaliste', 4, 'autre', 1, 'Loupe'),
('journaliste', 5, 'autre', 1, 'Lot de cartes diverses'),
('journaliste', 6, 'autre', 1, 'Devises de plusieurs pays'),
('journaliste', 7, 'autre', 1, 'Photos souvenirs de pays lointains'),
('linguiste', 1, 'autre', 1, 'Lot de cartes de visite'),
('linguiste', 2, 'autre', 1, 'Trousse de maquillage'),
('linguiste', 3, 'autre', 1, 'Lot de romans en langue étrangère'),
('linguiste', 4, 'autre', 1, 'Lot de cartes diverses'),
('linguiste', 5, 'autre', 1, 'Devises de plusieurs pays'),
('linguiste', 6, 'autre', 1, 'Photos souvenirs de pays lointains'),
('majordome', 1, 'autre', 1, 'Lot de cartes de visite'),
('majordome', 2, 'autre', 1, 'Trousse de maquillage'),
('majordome', 3, 'autre', 1, 'Chapeau ou casquette'),
('majordome', 4, 'jumelles', 1, ''),
('majordome', 5, 'autre', 1, 'Lot de livres de sciences humaines'),
('medecin', 1, 'classieux', 1, ''),
('medecin', 2, 'autre', 1, 'Objet symbolique (médecine)'),
('medecin', 3, 'trousse-de-secours', 1, ''),
('medecin', 4, 'autre', 1, 'Livre sur les médicaments'),
('medecin', 5, 'autre', 1, 'Lot de livres de sciences humaines'),
('militaire', 1, 'autre', 1, 'Pistolet au choix'),
('militaire', 2, 'autre', 1, 'Fusil au choix'),
('militaire', 3, 'classieux', 1, 'Uniforme'),
('militaire', 4, 'autre', 1, 'Objet symbolique (armée)'),
('militaire', 5, 'poignard', 1, ''),
('militaire', 6, 'autre', 1, 'Arme de contact au choix'),
('missionnaire', 1, 'premier-prix', 1, ''),
('missionnaire', 2, 'autre', 1, 'Objet symbolique (clergé)'),
('missionnaire', 3, 'autre', 1, 'Lot de cartes de visite'),
('missionnaire', 4, 'autre', 1, 'Trousse de maquillage'),
('missionnaire', 5, 'autre', 1, 'Lot de cartes diverses'),
('missionnaire', 6, 'autre', 1, 'Devises de plusieurs pays'),
('missionnaire', 7, 'autre', 1, 'Photos souvenirs de pays lointains'),
('ouvrier', 1, 'premier-prix', 1, ''),
('ouvrier', 2, 'autre', 1, 'Objet symbolique (corporation professionnelle)'),
('ouvrier', 3, 'autre', 1, 'Tenue de sport'),
('ouvrier', 4, 'autre', 1, 'De quoi pratiquer son sport'),
('ouvrier', 5, 'caisse-a-outils', 1, ''),
('ouvrier', 6, 'autre', 1, 'Voiture ou moto au choix'),
('pilote', 1, 'trousse-de-secours', 1, ''),
('pilote', 2, 'autre', 1, 'Corde d\'escalade'),
('pilote', 3, 'caisse-a-outils', 1, ''),
('pilote', 4, 'autre', 1, 'Voiture ou moto au choix'),
('pilote', 5, 'autre', 1, 'Véhicule au choix'),
('pilote', 6, 'autre', 1, 'Tenue de pilote'),
('pompier', 1, 'autre', 1, 'Tenue de sport'),
('pompier', 2, 'autre', 1, 'De quoi pratiquer son sport'),
('pompier', 3, 'trousse-de-secours', 1, ''),
('pompier', 4, 'autre', 1, 'Livre sur les médicaments'),
('pompier', 5, 'autre', 1, 'Véhicule au choix'),
('scientifique', 1, 'classieux', 1, ''),
('scientifique', 2, 'autre', 1, 'Objet symbolique (université)'),
('scientifique', 3, 'lampe-torche', 1, ''),
('scientifique', 4, 'autre', 1, 'Loupe'),
('scientifique', 5, 'autre', 1, 'Lot de livres de science'),
('specialiste-milieux-', 1, 'trousse-de-secours', 1, ''),
('specialiste-milieux-', 2, 'autre', 1, 'Corde d\'escalade'),
('specialiste-milieux-', 3, 'autre', 1, 'Tenue de sport'),
('specialiste-milieux-', 4, 'autre', 1, 'De quoi pratiquer son sport'),
('specialiste-milieux-', 5, 'tenue-de-randonnee', 1, ''),
('specialiste-milieux-', 6, 'autre', 1, 'Matériel de camping'),
('sportif-haut-niveau', 1, 'luxe', 1, ''),
('sportif-haut-niveau', 2, 'autre', 1, 'Accessoires de luxe (montre, bijou, etc...)'),
('sportif-haut-niveau', 3, 'poignard', 1, ''),
('sportif-haut-niveau', 4, 'autre', 1, 'Arme de contact au choix'),
('sportif-haut-niveau', 5, 'autre', 1, 'Tenue de sport'),
('sportif-haut-niveau', 6, 'autre', 1, 'De quoi pratiquer son sport');

-- --------------------------------------------------------

--
-- Table structure for table `coc_equipement_proprietes`
--

DROP TABLE IF EXISTS `coc_equipement_proprietes`;
CREATE TABLE IF NOT EXISTS `coc_equipement_proprietes` (
  `code_equipement` varchar(20) NOT NULL,
  `code_propriete` varchar(20) NOT NULL,
  `valeur` varchar(250) DEFAULT NULL,
  PRIMARY KEY (`code_equipement`,`code_propriete`),
  KEY `coc_equipement_proprietes_equipement` (`code_equipement`),
  KEY `coc_equipement_proprietes_propriete` (`code_propriete`)
) ENGINE=InnoDB DEFAULT CHARSET=utf8mb4 COLLATE=utf8mb4_general_ci;

--
-- Dumping data for table `coc_equipement_proprietes`
--

INSERT INTO `coc_equipement_proprietes` (`code_equipement`, `code_propriete`, `valeur`) VALUES
('arc', 'dm2m', '1d6'),
('arc', 'for-mini', '8'),
('arc', 'portee', '30'),
('auto-4x4', 'agi-vheicule', '+3'),
('auto-4x4', 'def', '12'),
('auto-4x4', 'for-vehicule', '+2'),
('auto-4x4', 'pv-vehicule', '25'),
('auto-berline', 'agi-vheicule', '+2'),
('auto-berline', 'def', '12'),
('auto-berline', 'for-vehicule', '+1'),
('auto-berline', 'pv-vehicule', '20'),
('auto-citadine', 'agi-vheicule', '+1'),
('auto-citadine', 'def', '12'),
('auto-citadine', 'for-vehicule', '+0'),
('auto-citadine', 'pv-vehicule', '15'),
('auto-sportive', 'agi-vheicule', '+5'),
('auto-sportive', 'def', '13'),
('auto-sportive', 'for-vehicule', '+0'),
('auto-sportive', 'pv-vehicule', '20'),
('avion-bombardier', 'agi-vheicule', '+4'),
('avion-bombardier', 'def', '16'),
('avion-bombardier', 'for-vehicule', 'NA'),
('avion-bombardier', 'pv-vehicule', '40'),
('avion-bombardier', 'rd', '10'),
('avion-chasseur', 'agi-vheicule', '+10'),
('avion-chasseur', 'def', '18'),
('avion-chasseur', 'for-vehicule', 'NA'),
('avion-chasseur', 'pv-vehicule', '25'),
('avion-chasseur', 'rd', '5'),
('avion-de-tourisme', 'agi-vheicule', '+5'),
('avion-de-tourisme', 'def', '18'),
('avion-de-tourisme', 'for-vehicule', 'NA'),
('avion-de-tourisme', 'pv-vehicule', '25'),
('batte-base-ball', 'critique', '20'),
('batte-base-ball', 'dm1m', '1d4'),
('berline-de-luxe', 'agi-vheicule', '+4'),
('berline-de-luxe', 'def', '13'),
('berline-de-luxe', 'for-vehicule', '+2'),
('berline-de-luxe', 'pv-vehicule', '25'),
('blinde-leger', 'agi-vheicule', '+1'),
('blinde-leger', 'def', '18'),
('blinde-leger', 'for-vehicule', '+5'),
('blinde-leger', 'pv-vehicule', '40'),
('blinde-leger', 'rd', '10'),
('camion', 'agi-vheicule', '+0'),
('camion', 'def', '14'),
('camion', 'for-vehicule', '+4'),
('camion', 'pv-vehicule', '40'),
('canon-scie', 'dm2m', '1d10'),
('canon-scie', 'for-mini', '12'),
('canon-scie', 'portee', '20'),
('carabine-a-repetitio', 'dm2m', '1d8'),
('carabine-a-repetitio', 'for-mini', '8'),
('carabine-a-repetitio', 'portee', '80'),
('char-dassaut', 'agi-vheicule', '+1'),
('char-dassaut', 'def', '20'),
('char-dassaut', 'for-vehicule', '+8'),
('char-dassaut', 'pv-vehicule', '50'),
('char-dassaut', 'rd', '15'),
('couteau-de-lancer', 'dm1m', '1d4'),
('couteau-de-lancer', 'for-mini', '4'),
('couteau-de-lancer', 'portee', '5'),
('dirigeable', 'agi-vheicule', '+2'),
('dirigeable', 'def', '10'),
('dirigeable', 'for-vehicule', 'NA'),
('dirigeable', 'pv-vehicule', '50'),
('dynamite', 'dm1m', '3d6'),
('dynamite', 'portee', '20'),
('dynamite', 'rayon', '3'),
('epee', 'critique', '20'),
('epee', 'dm1m', '1d8'),
('foudroyeur', 'dm1m', '1d6'),
('foudroyeur', 'for-mini', '6'),
('foudroyeur', 'portee', '5'),
('fusil-a-pompe', 'dm2m', '1d10'),
('fusil-a-pompe', 'for-mini', '10'),
('fusil-a-pompe', 'portee', '40'),
('fusil-dassaut', 'dm2m', '2d8'),
('fusil-dassaut', 'dmarc', '1d8'),
('fusil-dassaut', 'for-mini', '12'),
('fusil-dassaut', 'portee', '80'),
('fusil-de-chasse', 'dm2m', '1d10'),
('fusil-de-chasse', 'for-mini', '10'),
('fusil-de-chasse', 'portee', '50'),
('fusil-de-precision', 'dm2m', '2d6'),
('fusil-de-precision', 'for-mini', '14'),
('fusil-de-precision', 'portee', '100'),
('fusil-gros-gibier', 'dm2m', '1d12'),
('fusil-gros-gibier', 'for-mini', '14'),
('fusil-gros-gibier', 'portee', '60'),
('fusil-precision-lour', 'dm2m', '2d8'),
('fusil-precision-lour', 'for-mini', '16'),
('fusil-precision-lour', 'portee', '100'),
('gilet-pare-balles', 'def', '2'),
('gilet-pare-balles', 'rd', '5'),
('gilet-pare-balles-lo', 'def', '4'),
('gilet-pare-balles-lo', 'rd', '8'),
('grenade-defensive', 'dm1m', '4d6'),
('grenade-defensive', 'portee', '20'),
('grenade-defensive', 'rayon', '5'),
('grenade-lacrymogene', 'portee', '20'),
('grenade-lacrymogene', 'rayon', '5'),
('grenade-offensive', 'dm1m', '2d6'),
('grenade-offensive', 'portee', '20'),
('grenade-offensive', 'rayon', '3'),
('hache-2-mains', 'critique', '20'),
('hache-2-mains', 'dm2m', '1d12'),
('hachette', 'critique', '20'),
('hachette', 'dm1m', '1d6'),
('helicoptere', 'agi-vheicule', '+6'),
('helicoptere', 'def', '15'),
('helicoptere', 'for-vehicule', 'NA'),
('helicoptere', 'pv-vehicule', '25'),
('lance-grenade', 'dm2m', '3d6'),
('lance-grenade', 'for-mini', '14'),
('lance-grenade', 'portee', '40'),
('lance-roquette', 'dm2m', '4d6'),
('lance-roquette', 'for-mini', '16'),
('lance-roquette', 'portee', '100'),
('machette', 'critique', '20'),
('machette', 'dm1m', '1d6'),
('marteau', 'critique', '20'),
('marteau', 'dm1m', '1d4'),
('mini-pistolet-derrin', 'dm1m', '1d6'),
('mini-pistolet-derrin', 'portee', '5m'),
('minivan', 'agi-vheicule', '+1'),
('minivan', 'def', '12'),
('minivan', 'for-vehicule', '+3'),
('minivan', 'pv-vehicule', '30'),
('mitrailleuse-legere', 'dm2m', '3d6'),
('mitrailleuse-legere', 'dmarc', '2d6'),
('mitrailleuse-legere', 'for-mini', '18'),
('mitrailleuse-legere', 'portee', '80'),
('mitrailleuse-lourde', 'dm2m', '3d10'),
('mitrailleuse-lourde', 'dmarc', '2d10'),
('mitrailleuse-lourde', 'for-mini', '26'),
('mitrailleuse-lourde', 'portee', '80'),
('mitrailleuse-moyenne', 'dm2m', '3d8'),
('mitrailleuse-moyenne', 'dmarc', '2d8'),
('mitrailleuse-moyenne', 'for-mini', '22'),
('mitrailleuse-moyenne', 'portee', '80'),
('moto-routiere', 'agi-vheicule', '+4'),
('moto-routiere', 'def', '14'),
('moto-routiere', 'for-vehicule', '-2'),
('moto-routiere', 'pv-vehicule', '8'),
('moto-sportive', 'agi-vheicule', '+5'),
('moto-sportive', 'def', '14'),
('moto-sportive', 'for-vehicule', '-3'),
('moto-sportive', 'pv-vehicule', '5'),
('moto-tout-terrain', 'agi-vheicule', '+3'),
('moto-tout-terrain', 'def', '15'),
('moto-tout-terrain', 'for-vehicule', '-3'),
('moto-tout-terrain', 'pv-vehicule', '5'),
('pisto-mitrailleur', 'dm1m', '2d6'),
('pisto-mitrailleur', 'dmarc', '1d6'),
('pisto-mitrailleur', 'for-mini', '14'),
('pisto-mitrailleur', 'portee', '30'),
('pisto-mitrailleur-lo', 'dm1m', '2d8'),
('pisto-mitrailleur-lo', 'dmarc', '1d8'),
('pisto-mitrailleur-lo', 'for-mini', '16'),
('pisto-mitrailleur-lo', 'portee', '30'),
('pistolet-leger', 'dm1m', '1d6'),
('pistolet-leger', 'for-mini', '8'),
('pistolet-leger', 'portee', '10'),
('pistolet-lourd', 'dm1m', '1d8'),
('pistolet-lourd', 'for-mini', '12'),
('pistolet-lourd', 'portee', '20'),
('pistolet-moyen', 'dm1m', '1d10'),
('pistolet-moyen', 'for-mini', '10'),
('pistolet-moyen', 'portee', '20'),
('poignard', 'critique', '20'),
('poignard', 'dm1m', '1d4'),
('rapiere', 'critique', '19'),
('rapiere', 'dm1m', '1d6'),
('sagaie', 'dm1m', '1d8'),
('sagaie', 'for-mini', '8'),
('sagaie', 'portee', '10'),
('semi-remorque', 'agi-vheicule', '-2'),
('semi-remorque', 'def', '16'),
('semi-remorque', 'for-vehicule', '+6'),
('semi-remorque', 'pv-vehicule', '60'),
('shuriken', 'dm1m', '1d4'),
('shuriken', 'for-mini', '4'),
('shuriken', 'portee', '5'),
('zeppelin', 'agi-vheicule', '+1'),
('zeppelin', 'def', '10'),
('zeppelin', 'for-vehicule', 'NA'),
('zeppelin', 'pv-vehicule', '80');

-- --------------------------------------------------------

--
-- Table structure for table `coc_familles`
--

DROP TABLE IF EXISTS `coc_familles`;
CREATE TABLE IF NOT EXISTS `coc_familles` (
  `famille` varchar(20) NOT NULL,
  `description` varchar(50) NOT NULL,
  PRIMARY KEY (`famille`)
) ENGINE=InnoDB DEFAULT CHARSET=utf8mb4 COLLATE=utf8mb4_general_ci;

--
-- Dumping data for table `coc_familles`
--

INSERT INTO `coc_familles` (`famille`, `description`) VALUES
('coc-action', 'Action'),
('coc-aventure', 'Aventure'),
('coc-reflexion', 'Réflexion'),
('magie', 'Magie'),
('surhumains', 'Surhumains');

-- --------------------------------------------------------

--
-- Table structure for table `coc_profils`
--

DROP TABLE IF EXISTS `coc_profils`;
CREATE TABLE IF NOT EXISTS `coc_profils` (
  `profil` varchar(20) NOT NULL,
  `nom` varchar(50) NOT NULL,
  `description` text DEFAULT NULL,
  `famille` varchar(20) NOT NULL,
  `type` char(1) NOT NULL DEFAULT '0',
  PRIMARY KEY (`profil`),
  KEY `coc_profils_famille` (`famille`)
) ENGINE=InnoDB DEFAULT CHARSET=utf8mb4 COLLATE=utf8mb4_general_ci;

--
-- Dumping data for table `coc_profils`
--

INSERT INTO `coc_profils` (`profil`, `nom`, `description`, `famille`, `type`) VALUES
('activiste', 'Activiste', NULL, 'coc-reflexion', '0'),
('alchimiste', 'Alchimiste', NULL, 'magie', '1'),
('ange', 'Ange', 'Les voies angéliques permettent de jouer un envoyé des cieux, un ange incarné sur Terre pour veiller à l’application de la loi divine, lutter contre les forces des ténèbres qui tentent de corrompre le monde et de le faire basculer dans les ténèbres. \r\nLes anges utilisent leur Mod. de CHA pour calculer leur score d’attaque magique. Les anges utilisent la règle pulp optionnelle des points de récupération (PR).', 'surhumains', '1'),
('archeologue', 'Archéologue', NULL, 'coc-aventure', '0'),
('artiste', 'Artiste', NULL, 'coc-reflexion', '0'),
('artiste-de-cirque', 'Artiste de cirque', NULL, 'coc-action', '0'),
('aviateur', 'Aviateur', NULL, 'coc-action', '0'),
('baroudeur', 'Baroudeur', NULL, 'coc-action', '0'),
('bibliothecaire', 'Bibliothécaire', NULL, 'coc-reflexion', '0'),
('cambrioleur', 'Cambrioleur', NULL, 'coc-aventure', '0'),
('cascadeur', 'Cascadeur', NULL, 'coc-action', '0'),
('chasseur-de-tresor', 'Chasseur de trésor', NULL, 'coc-aventure', '0'),
('chasseur-gros-gibier', 'Chasseur de gros gibier', NULL, 'coc-aventure', '0'),
('collectionneur-dart', 'Collectionneur d\'art', NULL, 'coc-aventure', '0'),
('commando', 'Commando', NULL, 'coc-action', '0'),
('criminel', 'Criminel', NULL, 'coc-action', '0'),
('dandy', 'Dandy', NULL, 'coc-reflexion', '0'),
('demon', 'Démon', 'Les démons sont le reflet négatif des anges. D’ailleurs, ces derniers seraient beaucoup moins drôles à jouer si leurs ennemis jurés n’existaient pas. Les questions fondamentales qui s’appliquent à l’incarnation des anges - corps occupés, souvenirs, supérieurs hiérarchiques - se posent de façon similaire pour les forces du mal. Le débat autour de l’origine du mal est également un sujet de discussion intéressant. Dans la version la plus classique, le grand Satan luimême est un ange déchu.\r\nLes démons utilisent le Mod. de CHA pour calculer leur score d’attaque magique.', 'surhumains', '1'),
('dilettante', 'Dilettante', NULL, 'coc-reflexion', '0'),
('ecrivain', 'Ecrivain', NULL, 'coc-reflexion', '0'),
('elementaliste', 'Elementaliste', NULL, 'magie', '1'),
('erudit', 'Erudit', NULL, 'coc-reflexion', '0'),
('espion', 'Espion', NULL, 'coc-aventure', '0'),
('etre-feerique', 'Être féerique', 'Les êtres féeriques sont les plus discrets de tous les Surhumains. Il est difficile de les reconnaître et encore plus difficile pour le commun des mortels de se souvenir d’eux. Lorsqu’il traverse le voile pour exister dans le monde des hommes, un être féerique dissimule son ascendance en prenant forme humaine. Chaque ascendance féerique détermine des pouvoirs particuliers, mais seuls les êtres féeriques les plus puissants sont capables de les exprimer dans le monde ordinaire.\r\nUn personnage féerique est caractérisé de façon normale par sa voie première de Surhumain : la Voie du voile. Puis chaque être féerique possède une ascendance unique qui correspond à la race ancienne qui coule dans ses veines. Le joueur ne peut choisir qu’une seule des voies d’ascendance décrites ci-après. La troisième voie de Surhumain est une voie arcanique, l’antique magie des êtres féeriques, adaptée pour exister dans le monde des hommes. Chacune d’elle correspond à une des couleurs principales de l’héraldique (or : jaune, argent : blanc, azur : bleu, sinople : vert, gueules : rouge, sable : noir).', 'surhumains', '1'),
('exorciste', 'Exorciste', NULL, 'magie', '1'),
('explorateur', 'Explorateur', NULL, 'coc-aventure', '0'),
('garde-du-corps', 'Garde du corps', NULL, 'coc-action', '0'),
('guerisseur', 'Guérisseur', NULL, 'magie', '1'),
('herboriste', 'Herboriste', NULL, 'magie', '1'),
('humanitaire', 'Humanitaire', NULL, 'coc-aventure', '0'),
('illusionniste', 'Illusionniste', NULL, 'magie', '1'),
('inspecteur', 'Inspecteur', NULL, 'coc-aventure', '0'),
('inventeur', 'Inventeur', NULL, 'coc-aventure', '0'),
('invocateur', 'Invocateur', NULL, 'magie', '1'),
('journaliste', 'Journaliste', NULL, 'coc-aventure', '0'),
('linguiste', 'Linguiste', NULL, 'coc-reflexion', '0'),
('loup-garou', 'Loup-garou', 'Les loups-garous naturels sont porteurs du don lunaire depuis leur naissance car un de leur parent était lui-même un loup-garou. L’enfant né d’un loup-garou ne montre pas de signe particulier jusqu’à la puberté, puis vient la nuit de sa première transformation en loup. Cette nuit revêt un caractère important puisque de la phase de la lune ce jour-là dépendront ses pouvoirs et sa fonction dans le clan. En effet, les loups-garous ont tendance à se regrouper en groupes très hiérarchisés, l’équivalent d’une meute de loups.\r\nTous les personnages loups-garous obtiennent la voie première du loup-garou. Ensuite, le joueur doit choisir un aspect lunaire parmi les cinq existants, chaque aspect correspond à la phase de la lune pendant laquelle le personnage s’est transformé pour la première fois en loup. Pour terminer, il choisit une voie parmi les six voies de lycanthrope. \r\nLe MJ peut aussi décider de déterminer l’aspect lunaire de chaque loup-garou au hasard. Lancez 1d8 : 1. Nouvelle lune, 2-3. Croissant de lune. 4-5. Quartier de lune. 6-7. Lune gibbeuse. 8. Pleine lune. \r\nLes loups-garous utilisent leur Mod. de PER pour calculer leur score d’attaque magique.', 'surhumains', '1'),
('majordome', 'Majordome', NULL, 'coc-reflexion', '0'),
('manipulateur', 'Manipulateur', NULL, 'magie', '1'),
('medecin', 'Médecin', NULL, 'coc-reflexion', '0'),
('militaire', 'Militaire', NULL, 'coc-action', '0'),
('missionnaire', 'Missionnaire', NULL, 'coc-reflexion', '0'),
('musicien', 'Musicien', NULL, 'magie', '1'),
('mutant-endogene', 'Mutant endogène', 'Les mutants endogènes exercent leurs pouvoirs sur eux-mêmes.\r\nIls utilisent leur Mod. de CHA pour calculer leur score d’attaque magique.', 'surhumains', '1'),
('mutant-exogene', 'Mutant exogène', 'Les mutants exogènes exercent leurs pouvoirs sur l’environnement.\r\nIls utilisent leur Mod. de PER pour calculer leur score d’attaque magique.', 'surhumains', '1'),
('mutant-psychogene', 'Mutant psychogène', 'Les mutants psychogènes exercent leur pouvoir sur l’esprit.\r\nIls utilisent leur Mod. d’INT pour calculer leur score d’attaque magique.', 'surhumains', '1'),
('ouvrier', 'Ouvrier', NULL, 'coc-aventure', '0'),
('pilote', 'Pilote', NULL, 'coc-action', '0'),
('pompier', 'Pompier', NULL, 'coc-action', '0'),
('savant', 'Savant', NULL, 'magie', '1'),
('scientifique', 'Scientifique', NULL, 'coc-reflexion', '0'),
('sorcier', 'Sorcier', NULL, 'magie', '1'),
('specialiste-milieux-', 'Spécialiste des milieux extrêmes', NULL, 'coc-action', '0'),
('sportif-haut-niveau', 'Sportif de haut niveau', NULL, 'coc-action', '0'),
('vampire', 'Vampire', 'Un être humain qui s’est entièrement fait drainer de ses fluides vitaux et a subi le baiser vampirique se transforme en vampire. Il présente tous les signes de la mort, mais sortira de la tombe à la prochaine nuit tombée. Pour se relever comme vampire, il faut impérativement disposer d’un point dans la Voie du vampire (un personnage peut gagner cette capacité immédiatement pour en bénéficier en jeu et payer le point de capacité au prochain passage de niveau).\r\nLes vampires utilisent leur Mod. d’INT pour calculer leur score d’attaque magique.', 'surhumains', '1'),
('voyante', 'Voyante', NULL, 'magie', '1');

-- --------------------------------------------------------

--
-- Table structure for table `coc_profils_maitrises`
--

DROP TABLE IF EXISTS `coc_profils_maitrises`;
CREATE TABLE IF NOT EXISTS `coc_profils_maitrises` (
  `profil` varchar(20) NOT NULL,
  `equipement` varchar(20) NOT NULL,
  PRIMARY KEY (`profil`,`equipement`),
  KEY `coc_profils_maitrises_profil` (`profil`),
  KEY `coc_profils_maitrises_equipement` (`equipement`)
) ENGINE=InnoDB DEFAULT CHARSET=utf8mb4 COLLATE=utf8mb4_general_ci;

--
-- Dumping data for table `coc_profils_maitrises`
--

INSERT INTO `coc_profils_maitrises` (`profil`, `equipement`) VALUES
('activiste', 'a-la-mode'),
('activiste', 'appareil-photo'),
('activiste', 'arc'),
('activiste', 'auto-4x4'),
('activiste', 'auto-berline'),
('activiste', 'auto-citadine'),
('activiste', 'auto-sportive'),
('activiste', 'autre'),
('activiste', 'avion-bombardier'),
('activiste', 'avion-chasseur'),
('activiste', 'avion-de-tourisme'),
('activiste', 'batte-base-ball'),
('activiste', 'berline-de-luxe'),
('activiste', 'blinde-leger'),
('activiste', 'boussole'),
('activiste', 'caisse-a-outils'),
('activiste', 'camion'),
('activiste', 'canon-scie'),
('activiste', 'carabine-a-repetitio'),
('activiste', 'chambre-dhotel'),
('activiste', 'char-dassaut'),
('activiste', 'classieux'),
('activiste', 'couteau-de-lancer'),
('activiste', 'dirigeable'),
('activiste', 'dynamite'),
('activiste', 'epee'),
('activiste', 'foudroyeur'),
('activiste', 'fusil-a-pompe'),
('activiste', 'fusil-dassaut'),
('activiste', 'fusil-de-chasse'),
('activiste', 'fusil-de-precision'),
('activiste', 'fusil-gros-gibier'),
('activiste', 'fusil-precision-lour'),
('activiste', 'gilet-pare-balles'),
('activiste', 'gilet-pare-balles-lo'),
('activiste', 'grand-restaurant'),
('activiste', 'grenade-defensive'),
('activiste', 'grenade-lacrymogene'),
('activiste', 'grenade-offensive'),
('activiste', 'hache-2-mains'),
('activiste', 'hachette'),
('activiste', 'haute-couture'),
('activiste', 'helicoptere'),
('activiste', 'hotel-de-luxe'),
('activiste', 'hotel-minable'),
('activiste', 'jumelles'),
('activiste', 'lampe-torche'),
('activiste', 'lance-grenade'),
('activiste', 'lance-roquette'),
('activiste', 'luxe'),
('activiste', 'machette'),
('activiste', 'marteau'),
('activiste', 'menottes'),
('activiste', 'mini-pistolet-derrin'),
('activiste', 'minivan'),
('activiste', 'mitrailleuse-legere'),
('activiste', 'mitrailleuse-lourde'),
('activiste', 'mitrailleuse-moyenne'),
('activiste', 'montre-bracelet'),
('activiste', 'moto-routiere'),
('activiste', 'moto-sportive'),
('activiste', 'moto-tout-terrain'),
('activiste', 'pisto-mitrailleur'),
('activiste', 'pisto-mitrailleur-lo'),
('activiste', 'pistolet-leger'),
('activiste', 'pistolet-lourd'),
('activiste', 'pistolet-moyen'),
('activiste', 'poignard'),
('activiste', 'poste-de-radio'),
('activiste', 'premier-prix'),
('activiste', 'rapiere'),
('activiste', 'repas-rapide'),
('activiste', 'restaurant'),
('activiste', 'sagaie'),
('activiste', 'semi-remorque'),
('activiste', 'shuriken'),
('activiste', 'suite-de-luxe'),
('activiste', 'tenue-de-randonnee'),
('activiste', 'tenue-polaire'),
('activiste', 'trousse-de-secours'),
('activiste', 'vivres-1-semaine'),
('activiste', 'zeppelin'),
('alchimiste', 'a-la-mode'),
('alchimiste', 'appareil-photo'),
('alchimiste', 'arc'),
('alchimiste', 'auto-4x4'),
('alchimiste', 'auto-berline'),
('alchimiste', 'auto-citadine'),
('alchimiste', 'auto-sportive'),
('alchimiste', 'autre'),
('alchimiste', 'avion-bombardier'),
('alchimiste', 'avion-chasseur'),
('alchimiste', 'avion-de-tourisme'),
('alchimiste', 'batte-base-ball'),
('alchimiste', 'berline-de-luxe'),
('alchimiste', 'blinde-leger'),
('alchimiste', 'boussole'),
('alchimiste', 'caisse-a-outils'),
('alchimiste', 'camion'),
('alchimiste', 'canon-scie'),
('alchimiste', 'carabine-a-repetitio'),
('alchimiste', 'chambre-dhotel'),
('alchimiste', 'char-dassaut'),
('alchimiste', 'classieux'),
('alchimiste', 'couteau-de-lancer'),
('alchimiste', 'dirigeable'),
('alchimiste', 'dynamite'),
('alchimiste', 'epee'),
('alchimiste', 'foudroyeur'),
('alchimiste', 'fusil-a-pompe'),
('alchimiste', 'fusil-dassaut'),
('alchimiste', 'fusil-de-chasse'),
('alchimiste', 'fusil-de-precision'),
('alchimiste', 'fusil-gros-gibier'),
('alchimiste', 'fusil-precision-lour'),
('alchimiste', 'gilet-pare-balles'),
('alchimiste', 'gilet-pare-balles-lo'),
('alchimiste', 'grand-restaurant'),
('alchimiste', 'grenade-defensive'),
('alchimiste', 'grenade-lacrymogene'),
('alchimiste', 'grenade-offensive'),
('alchimiste', 'hache-2-mains'),
('alchimiste', 'hachette'),
('alchimiste', 'haute-couture'),
('alchimiste', 'helicoptere'),
('alchimiste', 'hotel-de-luxe'),
('alchimiste', 'hotel-minable'),
('alchimiste', 'jumelles'),
('alchimiste', 'lampe-torche'),
('alchimiste', 'lance-grenade'),
('alchimiste', 'lance-roquette'),
('alchimiste', 'luxe'),
('alchimiste', 'machette'),
('alchimiste', 'marteau'),
('alchimiste', 'menottes'),
('alchimiste', 'mini-pistolet-derrin'),
('alchimiste', 'minivan'),
('alchimiste', 'mitrailleuse-legere'),
('alchimiste', 'mitrailleuse-lourde'),
('alchimiste', 'mitrailleuse-moyenne'),
('alchimiste', 'montre-bracelet'),
('alchimiste', 'moto-routiere'),
('alchimiste', 'moto-sportive'),
('alchimiste', 'moto-tout-terrain'),
('alchimiste', 'pisto-mitrailleur'),
('alchimiste', 'pisto-mitrailleur-lo'),
('alchimiste', 'pistolet-leger'),
('alchimiste', 'pistolet-lourd'),
('alchimiste', 'pistolet-moyen'),
('alchimiste', 'poignard'),
('alchimiste', 'poste-de-radio'),
('alchimiste', 'premier-prix'),
('alchimiste', 'rapiere'),
('alchimiste', 'repas-rapide'),
('alchimiste', 'restaurant'),
('alchimiste', 'sagaie'),
('alchimiste', 'semi-remorque'),
('alchimiste', 'shuriken'),
('alchimiste', 'suite-de-luxe'),
('alchimiste', 'tenue-de-randonnee'),
('alchimiste', 'tenue-polaire'),
('alchimiste', 'trousse-de-secours'),
('alchimiste', 'vivres-1-semaine'),
('alchimiste', 'zeppelin'),
('ange', 'a-la-mode'),
('ange', 'appareil-photo'),
('ange', 'arc'),
('ange', 'auto-4x4'),
('ange', 'auto-berline'),
('ange', 'auto-citadine'),
('ange', 'auto-sportive'),
('ange', 'autre'),
('ange', 'avion-bombardier'),
('ange', 'avion-chasseur'),
('ange', 'avion-de-tourisme'),
('ange', 'batte-base-ball'),
('ange', 'berline-de-luxe'),
('ange', 'blinde-leger'),
('ange', 'boussole'),
('ange', 'caisse-a-outils'),
('ange', 'camion'),
('ange', 'canon-scie'),
('ange', 'carabine-a-repetitio'),
('ange', 'chambre-dhotel'),
('ange', 'char-dassaut'),
('ange', 'classieux'),
('ange', 'couteau-de-lancer'),
('ange', 'dirigeable'),
('ange', 'dynamite'),
('ange', 'epee'),
('ange', 'foudroyeur'),
('ange', 'fusil-a-pompe'),
('ange', 'fusil-dassaut'),
('ange', 'fusil-de-chasse'),
('ange', 'fusil-de-precision'),
('ange', 'fusil-gros-gibier'),
('ange', 'fusil-precision-lour'),
('ange', 'gilet-pare-balles'),
('ange', 'gilet-pare-balles-lo'),
('ange', 'grand-restaurant'),
('ange', 'grenade-defensive'),
('ange', 'grenade-lacrymogene'),
('ange', 'grenade-offensive'),
('ange', 'hache-2-mains'),
('ange', 'hachette'),
('ange', 'haute-couture'),
('ange', 'helicoptere'),
('ange', 'hotel-de-luxe'),
('ange', 'hotel-minable'),
('ange', 'jumelles'),
('ange', 'lampe-torche'),
('ange', 'lance-grenade'),
('ange', 'lance-roquette'),
('ange', 'luxe'),
('ange', 'machette'),
('ange', 'marteau'),
('ange', 'menottes'),
('ange', 'mini-pistolet-derrin'),
('ange', 'minivan'),
('ange', 'mitrailleuse-legere'),
('ange', 'mitrailleuse-lourde'),
('ange', 'mitrailleuse-moyenne'),
('ange', 'montre-bracelet'),
('ange', 'moto-routiere'),
('ange', 'moto-sportive'),
('ange', 'moto-tout-terrain'),
('ange', 'pisto-mitrailleur'),
('ange', 'pisto-mitrailleur-lo'),
('ange', 'pistolet-leger'),
('ange', 'pistolet-lourd'),
('ange', 'pistolet-moyen'),
('ange', 'poignard'),
('ange', 'poste-de-radio'),
('ange', 'premier-prix'),
('ange', 'rapiere'),
('ange', 'repas-rapide'),
('ange', 'restaurant'),
('ange', 'sagaie'),
('ange', 'semi-remorque'),
('ange', 'shuriken'),
('ange', 'suite-de-luxe'),
('ange', 'tenue-de-randonnee'),
('ange', 'tenue-polaire'),
('ange', 'trousse-de-secours'),
('ange', 'vivres-1-semaine'),
('ange', 'zeppelin'),
('archeologue', 'a-la-mode'),
('archeologue', 'appareil-photo'),
('archeologue', 'arc'),
('archeologue', 'auto-4x4'),
('archeologue', 'auto-berline'),
('archeologue', 'auto-citadine'),
('archeologue', 'auto-sportive'),
('archeologue', 'autre'),
('archeologue', 'avion-bombardier'),
('archeologue', 'avion-chasseur'),
('archeologue', 'avion-de-tourisme'),
('archeologue', 'batte-base-ball'),
('archeologue', 'berline-de-luxe'),
('archeologue', 'blinde-leger'),
('archeologue', 'boussole'),
('archeologue', 'caisse-a-outils'),
('archeologue', 'camion'),
('archeologue', 'canon-scie'),
('archeologue', 'carabine-a-repetitio'),
('archeologue', 'chambre-dhotel'),
('archeologue', 'char-dassaut'),
('archeologue', 'classieux'),
('archeologue', 'couteau-de-lancer'),
('archeologue', 'dirigeable'),
('archeologue', 'dynamite'),
('archeologue', 'epee'),
('archeologue', 'foudroyeur'),
('archeologue', 'fusil-a-pompe'),
('archeologue', 'fusil-dassaut'),
('archeologue', 'fusil-de-chasse'),
('archeologue', 'fusil-de-precision'),
('archeologue', 'fusil-gros-gibier'),
('archeologue', 'fusil-precision-lour'),
('archeologue', 'gilet-pare-balles'),
('archeologue', 'gilet-pare-balles-lo'),
('archeologue', 'grand-restaurant'),
('archeologue', 'grenade-defensive'),
('archeologue', 'grenade-lacrymogene'),
('archeologue', 'grenade-offensive'),
('archeologue', 'hache-2-mains'),
('archeologue', 'hachette'),
('archeologue', 'haute-couture'),
('archeologue', 'helicoptere'),
('archeologue', 'hotel-de-luxe'),
('archeologue', 'hotel-minable'),
('archeologue', 'jumelles'),
('archeologue', 'lampe-torche'),
('archeologue', 'lance-grenade'),
('archeologue', 'lance-roquette'),
('archeologue', 'luxe'),
('archeologue', 'machette'),
('archeologue', 'marteau'),
('archeologue', 'menottes'),
('archeologue', 'mini-pistolet-derrin'),
('archeologue', 'minivan'),
('archeologue', 'mitrailleuse-legere'),
('archeologue', 'mitrailleuse-lourde'),
('archeologue', 'mitrailleuse-moyenne'),
('archeologue', 'montre-bracelet'),
('archeologue', 'moto-routiere'),
('archeologue', 'moto-sportive'),
('archeologue', 'moto-tout-terrain'),
('archeologue', 'pisto-mitrailleur'),
('archeologue', 'pisto-mitrailleur-lo'),
('archeologue', 'pistolet-leger'),
('archeologue', 'pistolet-lourd'),
('archeologue', 'pistolet-moyen'),
('archeologue', 'poignard'),
('archeologue', 'poste-de-radio'),
('archeologue', 'premier-prix'),
('archeologue', 'rapiere'),
('archeologue', 'repas-rapide'),
('archeologue', 'restaurant'),
('archeologue', 'sagaie'),
('archeologue', 'semi-remorque'),
('archeologue', 'shuriken'),
('archeologue', 'suite-de-luxe'),
('archeologue', 'tenue-de-randonnee'),
('archeologue', 'tenue-polaire'),
('archeologue', 'trousse-de-secours'),
('archeologue', 'vivres-1-semaine'),
('archeologue', 'zeppelin'),
('artiste', 'a-la-mode'),
('artiste', 'appareil-photo'),
('artiste', 'arc'),
('artiste', 'auto-4x4'),
('artiste', 'auto-berline'),
('artiste', 'auto-citadine'),
('artiste', 'auto-sportive'),
('artiste', 'autre'),
('artiste', 'avion-bombardier'),
('artiste', 'avion-chasseur'),
('artiste', 'avion-de-tourisme'),
('artiste', 'batte-base-ball'),
('artiste', 'berline-de-luxe'),
('artiste', 'blinde-leger'),
('artiste', 'boussole'),
('artiste', 'caisse-a-outils'),
('artiste', 'camion'),
('artiste', 'canon-scie'),
('artiste', 'carabine-a-repetitio'),
('artiste', 'chambre-dhotel'),
('artiste', 'char-dassaut'),
('artiste', 'classieux'),
('artiste', 'couteau-de-lancer'),
('artiste', 'dirigeable'),
('artiste', 'dynamite'),
('artiste', 'epee'),
('artiste', 'foudroyeur'),
('artiste', 'fusil-a-pompe'),
('artiste', 'fusil-dassaut'),
('artiste', 'fusil-de-chasse'),
('artiste', 'fusil-de-precision'),
('artiste', 'fusil-gros-gibier'),
('artiste', 'fusil-precision-lour'),
('artiste', 'gilet-pare-balles'),
('artiste', 'gilet-pare-balles-lo'),
('artiste', 'grand-restaurant'),
('artiste', 'grenade-defensive'),
('artiste', 'grenade-lacrymogene'),
('artiste', 'grenade-offensive'),
('artiste', 'hache-2-mains'),
('artiste', 'hachette'),
('artiste', 'haute-couture'),
('artiste', 'helicoptere'),
('artiste', 'hotel-de-luxe'),
('artiste', 'hotel-minable'),
('artiste', 'jumelles'),
('artiste', 'lampe-torche'),
('artiste', 'lance-grenade'),
('artiste', 'lance-roquette'),
('artiste', 'luxe'),
('artiste', 'machette'),
('artiste', 'marteau'),
('artiste', 'menottes'),
('artiste', 'mini-pistolet-derrin'),
('artiste', 'minivan'),
('artiste', 'mitrailleuse-legere'),
('artiste', 'mitrailleuse-lourde'),
('artiste', 'mitrailleuse-moyenne'),
('artiste', 'montre-bracelet'),
('artiste', 'moto-routiere'),
('artiste', 'moto-sportive'),
('artiste', 'moto-tout-terrain'),
('artiste', 'pisto-mitrailleur'),
('artiste', 'pisto-mitrailleur-lo'),
('artiste', 'pistolet-leger'),
('artiste', 'pistolet-lourd'),
('artiste', 'pistolet-moyen'),
('artiste', 'poignard'),
('artiste', 'poste-de-radio'),
('artiste', 'premier-prix'),
('artiste', 'rapiere'),
('artiste', 'repas-rapide'),
('artiste', 'restaurant'),
('artiste', 'sagaie'),
('artiste', 'semi-remorque'),
('artiste', 'shuriken'),
('artiste', 'suite-de-luxe'),
('artiste', 'tenue-de-randonnee'),
('artiste', 'tenue-polaire'),
('artiste', 'trousse-de-secours'),
('artiste', 'vivres-1-semaine'),
('artiste', 'zeppelin'),
('artiste-de-cirque', 'a-la-mode'),
('artiste-de-cirque', 'appareil-photo'),
('artiste-de-cirque', 'arc'),
('artiste-de-cirque', 'auto-4x4'),
('artiste-de-cirque', 'auto-berline'),
('artiste-de-cirque', 'auto-citadine'),
('artiste-de-cirque', 'auto-sportive'),
('artiste-de-cirque', 'autre'),
('artiste-de-cirque', 'avion-bombardier'),
('artiste-de-cirque', 'avion-chasseur'),
('artiste-de-cirque', 'avion-de-tourisme'),
('artiste-de-cirque', 'batte-base-ball'),
('artiste-de-cirque', 'berline-de-luxe'),
('artiste-de-cirque', 'blinde-leger'),
('artiste-de-cirque', 'boussole'),
('artiste-de-cirque', 'caisse-a-outils'),
('artiste-de-cirque', 'camion'),
('artiste-de-cirque', 'canon-scie'),
('artiste-de-cirque', 'carabine-a-repetitio'),
('artiste-de-cirque', 'chambre-dhotel'),
('artiste-de-cirque', 'char-dassaut'),
('artiste-de-cirque', 'classieux'),
('artiste-de-cirque', 'couteau-de-lancer'),
('artiste-de-cirque', 'dirigeable'),
('artiste-de-cirque', 'dynamite'),
('artiste-de-cirque', 'epee'),
('artiste-de-cirque', 'foudroyeur'),
('artiste-de-cirque', 'fusil-a-pompe'),
('artiste-de-cirque', 'fusil-dassaut'),
('artiste-de-cirque', 'fusil-de-chasse'),
('artiste-de-cirque', 'fusil-de-precision'),
('artiste-de-cirque', 'fusil-gros-gibier'),
('artiste-de-cirque', 'fusil-precision-lour'),
('artiste-de-cirque', 'gilet-pare-balles'),
('artiste-de-cirque', 'gilet-pare-balles-lo'),
('artiste-de-cirque', 'grand-restaurant'),
('artiste-de-cirque', 'grenade-defensive'),
('artiste-de-cirque', 'grenade-lacrymogene'),
('artiste-de-cirque', 'grenade-offensive'),
('artiste-de-cirque', 'hache-2-mains'),
('artiste-de-cirque', 'hachette'),
('artiste-de-cirque', 'haute-couture'),
('artiste-de-cirque', 'helicoptere'),
('artiste-de-cirque', 'hotel-de-luxe'),
('artiste-de-cirque', 'hotel-minable'),
('artiste-de-cirque', 'jumelles'),
('artiste-de-cirque', 'lampe-torche'),
('artiste-de-cirque', 'lance-grenade'),
('artiste-de-cirque', 'lance-roquette'),
('artiste-de-cirque', 'luxe'),
('artiste-de-cirque', 'machette'),
('artiste-de-cirque', 'marteau'),
('artiste-de-cirque', 'menottes'),
('artiste-de-cirque', 'mini-pistolet-derrin'),
('artiste-de-cirque', 'minivan'),
('artiste-de-cirque', 'mitrailleuse-legere'),
('artiste-de-cirque', 'mitrailleuse-lourde'),
('artiste-de-cirque', 'mitrailleuse-moyenne'),
('artiste-de-cirque', 'montre-bracelet'),
('artiste-de-cirque', 'moto-routiere'),
('artiste-de-cirque', 'moto-sportive'),
('artiste-de-cirque', 'moto-tout-terrain'),
('artiste-de-cirque', 'pisto-mitrailleur'),
('artiste-de-cirque', 'pisto-mitrailleur-lo'),
('artiste-de-cirque', 'pistolet-leger'),
('artiste-de-cirque', 'pistolet-lourd'),
('artiste-de-cirque', 'pistolet-moyen'),
('artiste-de-cirque', 'poignard'),
('artiste-de-cirque', 'poste-de-radio'),
('artiste-de-cirque', 'premier-prix'),
('artiste-de-cirque', 'rapiere'),
('artiste-de-cirque', 'repas-rapide'),
('artiste-de-cirque', 'restaurant'),
('artiste-de-cirque', 'sagaie'),
('artiste-de-cirque', 'semi-remorque'),
('artiste-de-cirque', 'shuriken'),
('artiste-de-cirque', 'suite-de-luxe'),
('artiste-de-cirque', 'tenue-de-randonnee'),
('artiste-de-cirque', 'tenue-polaire'),
('artiste-de-cirque', 'trousse-de-secours'),
('artiste-de-cirque', 'vivres-1-semaine'),
('artiste-de-cirque', 'zeppelin'),
('aviateur', 'a-la-mode'),
('aviateur', 'appareil-photo'),
('aviateur', 'arc'),
('aviateur', 'auto-4x4'),
('aviateur', 'auto-berline'),
('aviateur', 'auto-citadine'),
('aviateur', 'auto-sportive'),
('aviateur', 'autre'),
('aviateur', 'avion-bombardier'),
('aviateur', 'avion-chasseur'),
('aviateur', 'avion-de-tourisme'),
('aviateur', 'batte-base-ball'),
('aviateur', 'berline-de-luxe'),
('aviateur', 'blinde-leger'),
('aviateur', 'boussole'),
('aviateur', 'caisse-a-outils'),
('aviateur', 'camion'),
('aviateur', 'canon-scie'),
('aviateur', 'carabine-a-repetitio'),
('aviateur', 'chambre-dhotel'),
('aviateur', 'char-dassaut'),
('aviateur', 'classieux'),
('aviateur', 'couteau-de-lancer'),
('aviateur', 'dirigeable'),
('aviateur', 'dynamite'),
('aviateur', 'epee'),
('aviateur', 'foudroyeur'),
('aviateur', 'fusil-a-pompe'),
('aviateur', 'fusil-dassaut'),
('aviateur', 'fusil-de-chasse'),
('aviateur', 'fusil-de-precision'),
('aviateur', 'fusil-gros-gibier'),
('aviateur', 'fusil-precision-lour'),
('aviateur', 'gilet-pare-balles'),
('aviateur', 'gilet-pare-balles-lo'),
('aviateur', 'grand-restaurant'),
('aviateur', 'grenade-defensive'),
('aviateur', 'grenade-lacrymogene'),
('aviateur', 'grenade-offensive'),
('aviateur', 'hache-2-mains'),
('aviateur', 'hachette'),
('aviateur', 'haute-couture'),
('aviateur', 'helicoptere'),
('aviateur', 'hotel-de-luxe'),
('aviateur', 'hotel-minable'),
('aviateur', 'jumelles'),
('aviateur', 'lampe-torche'),
('aviateur', 'lance-grenade'),
('aviateur', 'lance-roquette'),
('aviateur', 'luxe'),
('aviateur', 'machette'),
('aviateur', 'marteau'),
('aviateur', 'menottes'),
('aviateur', 'mini-pistolet-derrin'),
('aviateur', 'minivan'),
('aviateur', 'mitrailleuse-legere'),
('aviateur', 'mitrailleuse-lourde'),
('aviateur', 'mitrailleuse-moyenne'),
('aviateur', 'montre-bracelet'),
('aviateur', 'moto-routiere'),
('aviateur', 'moto-sportive'),
('aviateur', 'moto-tout-terrain'),
('aviateur', 'pisto-mitrailleur'),
('aviateur', 'pisto-mitrailleur-lo'),
('aviateur', 'pistolet-leger'),
('aviateur', 'pistolet-lourd'),
('aviateur', 'pistolet-moyen'),
('aviateur', 'poignard'),
('aviateur', 'poste-de-radio'),
('aviateur', 'premier-prix'),
('aviateur', 'rapiere'),
('aviateur', 'repas-rapide'),
('aviateur', 'restaurant'),
('aviateur', 'sagaie'),
('aviateur', 'semi-remorque'),
('aviateur', 'shuriken'),
('aviateur', 'suite-de-luxe'),
('aviateur', 'tenue-de-randonnee'),
('aviateur', 'tenue-polaire'),
('aviateur', 'trousse-de-secours'),
('aviateur', 'vivres-1-semaine'),
('aviateur', 'zeppelin'),
('baroudeur', 'a-la-mode'),
('baroudeur', 'appareil-photo'),
('baroudeur', 'arc'),
('baroudeur', 'auto-4x4'),
('baroudeur', 'auto-berline'),
('baroudeur', 'auto-citadine'),
('baroudeur', 'auto-sportive'),
('baroudeur', 'autre'),
('baroudeur', 'avion-bombardier'),
('baroudeur', 'avion-chasseur'),
('baroudeur', 'avion-de-tourisme'),
('baroudeur', 'batte-base-ball'),
('baroudeur', 'berline-de-luxe'),
('baroudeur', 'blinde-leger'),
('baroudeur', 'boussole'),
('baroudeur', 'caisse-a-outils'),
('baroudeur', 'camion'),
('baroudeur', 'canon-scie'),
('baroudeur', 'carabine-a-repetitio'),
('baroudeur', 'chambre-dhotel'),
('baroudeur', 'char-dassaut'),
('baroudeur', 'classieux'),
('baroudeur', 'couteau-de-lancer'),
('baroudeur', 'dirigeable'),
('baroudeur', 'dynamite'),
('baroudeur', 'epee'),
('baroudeur', 'foudroyeur'),
('baroudeur', 'fusil-a-pompe'),
('baroudeur', 'fusil-dassaut'),
('baroudeur', 'fusil-de-chasse'),
('baroudeur', 'fusil-de-precision'),
('baroudeur', 'fusil-gros-gibier'),
('baroudeur', 'fusil-precision-lour'),
('baroudeur', 'gilet-pare-balles'),
('baroudeur', 'gilet-pare-balles-lo'),
('baroudeur', 'grand-restaurant'),
('baroudeur', 'grenade-defensive'),
('baroudeur', 'grenade-lacrymogene'),
('baroudeur', 'grenade-offensive'),
('baroudeur', 'hache-2-mains'),
('baroudeur', 'hachette'),
('baroudeur', 'haute-couture'),
('baroudeur', 'helicoptere'),
('baroudeur', 'hotel-de-luxe'),
('baroudeur', 'hotel-minable'),
('baroudeur', 'jumelles'),
('baroudeur', 'lampe-torche'),
('baroudeur', 'lance-grenade'),
('baroudeur', 'lance-roquette'),
('baroudeur', 'luxe'),
('baroudeur', 'machette'),
('baroudeur', 'marteau'),
('baroudeur', 'menottes'),
('baroudeur', 'mini-pistolet-derrin'),
('baroudeur', 'minivan'),
('baroudeur', 'mitrailleuse-legere'),
('baroudeur', 'mitrailleuse-lourde'),
('baroudeur', 'mitrailleuse-moyenne'),
('baroudeur', 'montre-bracelet'),
('baroudeur', 'moto-routiere'),
('baroudeur', 'moto-sportive'),
('baroudeur', 'moto-tout-terrain'),
('baroudeur', 'pisto-mitrailleur'),
('baroudeur', 'pisto-mitrailleur-lo'),
('baroudeur', 'pistolet-leger'),
('baroudeur', 'pistolet-lourd'),
('baroudeur', 'pistolet-moyen'),
('baroudeur', 'poignard'),
('baroudeur', 'poste-de-radio'),
('baroudeur', 'premier-prix'),
('baroudeur', 'rapiere'),
('baroudeur', 'repas-rapide'),
('baroudeur', 'restaurant'),
('baroudeur', 'sagaie'),
('baroudeur', 'semi-remorque'),
('baroudeur', 'shuriken'),
('baroudeur', 'suite-de-luxe'),
('baroudeur', 'tenue-de-randonnee'),
('baroudeur', 'tenue-polaire'),
('baroudeur', 'trousse-de-secours'),
('baroudeur', 'vivres-1-semaine'),
('baroudeur', 'zeppelin'),
('bibliothecaire', 'a-la-mode'),
('bibliothecaire', 'appareil-photo'),
('bibliothecaire', 'arc'),
('bibliothecaire', 'auto-4x4'),
('bibliothecaire', 'auto-berline'),
('bibliothecaire', 'auto-citadine'),
('bibliothecaire', 'auto-sportive'),
('bibliothecaire', 'autre'),
('bibliothecaire', 'avion-bombardier'),
('bibliothecaire', 'avion-chasseur'),
('bibliothecaire', 'avion-de-tourisme'),
('bibliothecaire', 'batte-base-ball'),
('bibliothecaire', 'berline-de-luxe'),
('bibliothecaire', 'blinde-leger'),
('bibliothecaire', 'boussole'),
('bibliothecaire', 'caisse-a-outils'),
('bibliothecaire', 'camion'),
('bibliothecaire', 'canon-scie'),
('bibliothecaire', 'carabine-a-repetitio'),
('bibliothecaire', 'chambre-dhotel'),
('bibliothecaire', 'char-dassaut'),
('bibliothecaire', 'classieux'),
('bibliothecaire', 'couteau-de-lancer'),
('bibliothecaire', 'dirigeable'),
('bibliothecaire', 'dynamite'),
('bibliothecaire', 'epee'),
('bibliothecaire', 'foudroyeur'),
('bibliothecaire', 'fusil-a-pompe'),
('bibliothecaire', 'fusil-dassaut'),
('bibliothecaire', 'fusil-de-chasse'),
('bibliothecaire', 'fusil-de-precision'),
('bibliothecaire', 'fusil-gros-gibier'),
('bibliothecaire', 'fusil-precision-lour'),
('bibliothecaire', 'gilet-pare-balles'),
('bibliothecaire', 'gilet-pare-balles-lo'),
('bibliothecaire', 'grand-restaurant'),
('bibliothecaire', 'grenade-defensive'),
('bibliothecaire', 'grenade-lacrymogene'),
('bibliothecaire', 'grenade-offensive'),
('bibliothecaire', 'hache-2-mains'),
('bibliothecaire', 'hachette'),
('bibliothecaire', 'haute-couture'),
('bibliothecaire', 'helicoptere'),
('bibliothecaire', 'hotel-de-luxe'),
('bibliothecaire', 'hotel-minable'),
('bibliothecaire', 'jumelles'),
('bibliothecaire', 'lampe-torche'),
('bibliothecaire', 'lance-grenade'),
('bibliothecaire', 'lance-roquette'),
('bibliothecaire', 'luxe'),
('bibliothecaire', 'machette'),
('bibliothecaire', 'marteau'),
('bibliothecaire', 'menottes'),
('bibliothecaire', 'mini-pistolet-derrin'),
('bibliothecaire', 'minivan'),
('bibliothecaire', 'mitrailleuse-legere'),
('bibliothecaire', 'mitrailleuse-lourde'),
('bibliothecaire', 'mitrailleuse-moyenne'),
('bibliothecaire', 'montre-bracelet'),
('bibliothecaire', 'moto-routiere'),
('bibliothecaire', 'moto-sportive'),
('bibliothecaire', 'moto-tout-terrain'),
('bibliothecaire', 'pisto-mitrailleur'),
('bibliothecaire', 'pisto-mitrailleur-lo'),
('bibliothecaire', 'pistolet-leger'),
('bibliothecaire', 'pistolet-lourd'),
('bibliothecaire', 'pistolet-moyen'),
('bibliothecaire', 'poignard'),
('bibliothecaire', 'poste-de-radio'),
('bibliothecaire', 'premier-prix'),
('bibliothecaire', 'rapiere'),
('bibliothecaire', 'repas-rapide'),
('bibliothecaire', 'restaurant'),
('bibliothecaire', 'sagaie'),
('bibliothecaire', 'semi-remorque'),
('bibliothecaire', 'shuriken'),
('bibliothecaire', 'suite-de-luxe'),
('bibliothecaire', 'tenue-de-randonnee'),
('bibliothecaire', 'tenue-polaire'),
('bibliothecaire', 'trousse-de-secours'),
('bibliothecaire', 'vivres-1-semaine'),
('bibliothecaire', 'zeppelin'),
('cambrioleur', 'a-la-mode'),
('cambrioleur', 'appareil-photo'),
('cambrioleur', 'arc'),
('cambrioleur', 'auto-4x4'),
('cambrioleur', 'auto-berline'),
('cambrioleur', 'auto-citadine'),
('cambrioleur', 'auto-sportive'),
('cambrioleur', 'autre'),
('cambrioleur', 'avion-bombardier'),
('cambrioleur', 'avion-chasseur'),
('cambrioleur', 'avion-de-tourisme'),
('cambrioleur', 'batte-base-ball'),
('cambrioleur', 'berline-de-luxe'),
('cambrioleur', 'blinde-leger'),
('cambrioleur', 'boussole'),
('cambrioleur', 'caisse-a-outils'),
('cambrioleur', 'camion'),
('cambrioleur', 'canon-scie'),
('cambrioleur', 'carabine-a-repetitio'),
('cambrioleur', 'chambre-dhotel'),
('cambrioleur', 'char-dassaut'),
('cambrioleur', 'classieux'),
('cambrioleur', 'couteau-de-lancer'),
('cambrioleur', 'dirigeable'),
('cambrioleur', 'dynamite'),
('cambrioleur', 'epee'),
('cambrioleur', 'foudroyeur'),
('cambrioleur', 'fusil-a-pompe'),
('cambrioleur', 'fusil-dassaut'),
('cambrioleur', 'fusil-de-chasse'),
('cambrioleur', 'fusil-de-precision'),
('cambrioleur', 'fusil-gros-gibier'),
('cambrioleur', 'fusil-precision-lour'),
('cambrioleur', 'gilet-pare-balles'),
('cambrioleur', 'gilet-pare-balles-lo'),
('cambrioleur', 'grand-restaurant'),
('cambrioleur', 'grenade-defensive'),
('cambrioleur', 'grenade-lacrymogene'),
('cambrioleur', 'grenade-offensive'),
('cambrioleur', 'hache-2-mains'),
('cambrioleur', 'hachette'),
('cambrioleur', 'haute-couture'),
('cambrioleur', 'helicoptere'),
('cambrioleur', 'hotel-de-luxe'),
('cambrioleur', 'hotel-minable'),
('cambrioleur', 'jumelles'),
('cambrioleur', 'lampe-torche'),
('cambrioleur', 'lance-grenade'),
('cambrioleur', 'lance-roquette'),
('cambrioleur', 'luxe'),
('cambrioleur', 'machette'),
('cambrioleur', 'marteau'),
('cambrioleur', 'menottes'),
('cambrioleur', 'mini-pistolet-derrin'),
('cambrioleur', 'minivan'),
('cambrioleur', 'mitrailleuse-legere'),
('cambrioleur', 'mitrailleuse-lourde'),
('cambrioleur', 'mitrailleuse-moyenne'),
('cambrioleur', 'montre-bracelet'),
('cambrioleur', 'moto-routiere'),
('cambrioleur', 'moto-sportive'),
('cambrioleur', 'moto-tout-terrain'),
('cambrioleur', 'pisto-mitrailleur'),
('cambrioleur', 'pisto-mitrailleur-lo'),
('cambrioleur', 'pistolet-leger'),
('cambrioleur', 'pistolet-lourd'),
('cambrioleur', 'pistolet-moyen'),
('cambrioleur', 'poignard'),
('cambrioleur', 'poste-de-radio'),
('cambrioleur', 'premier-prix'),
('cambrioleur', 'rapiere'),
('cambrioleur', 'repas-rapide'),
('cambrioleur', 'restaurant'),
('cambrioleur', 'sagaie'),
('cambrioleur', 'semi-remorque'),
('cambrioleur', 'shuriken'),
('cambrioleur', 'suite-de-luxe'),
('cambrioleur', 'tenue-de-randonnee'),
('cambrioleur', 'tenue-polaire'),
('cambrioleur', 'trousse-de-secours'),
('cambrioleur', 'vivres-1-semaine'),
('cambrioleur', 'zeppelin'),
('cascadeur', 'a-la-mode'),
('cascadeur', 'appareil-photo'),
('cascadeur', 'arc'),
('cascadeur', 'auto-4x4'),
('cascadeur', 'auto-berline'),
('cascadeur', 'auto-citadine'),
('cascadeur', 'auto-sportive'),
('cascadeur', 'autre'),
('cascadeur', 'avion-bombardier'),
('cascadeur', 'avion-chasseur'),
('cascadeur', 'avion-de-tourisme'),
('cascadeur', 'batte-base-ball'),
('cascadeur', 'berline-de-luxe'),
('cascadeur', 'blinde-leger'),
('cascadeur', 'boussole'),
('cascadeur', 'caisse-a-outils'),
('cascadeur', 'camion'),
('cascadeur', 'canon-scie'),
('cascadeur', 'carabine-a-repetitio'),
('cascadeur', 'chambre-dhotel'),
('cascadeur', 'char-dassaut'),
('cascadeur', 'classieux'),
('cascadeur', 'couteau-de-lancer'),
('cascadeur', 'dirigeable'),
('cascadeur', 'dynamite'),
('cascadeur', 'epee'),
('cascadeur', 'foudroyeur'),
('cascadeur', 'fusil-a-pompe'),
('cascadeur', 'fusil-dassaut'),
('cascadeur', 'fusil-de-chasse'),
('cascadeur', 'fusil-de-precision'),
('cascadeur', 'fusil-gros-gibier'),
('cascadeur', 'fusil-precision-lour'),
('cascadeur', 'gilet-pare-balles'),
('cascadeur', 'gilet-pare-balles-lo'),
('cascadeur', 'grand-restaurant'),
('cascadeur', 'grenade-defensive'),
('cascadeur', 'grenade-lacrymogene'),
('cascadeur', 'grenade-offensive'),
('cascadeur', 'hache-2-mains'),
('cascadeur', 'hachette'),
('cascadeur', 'haute-couture'),
('cascadeur', 'helicoptere'),
('cascadeur', 'hotel-de-luxe'),
('cascadeur', 'hotel-minable'),
('cascadeur', 'jumelles'),
('cascadeur', 'lampe-torche'),
('cascadeur', 'lance-grenade'),
('cascadeur', 'lance-roquette'),
('cascadeur', 'luxe'),
('cascadeur', 'machette'),
('cascadeur', 'marteau'),
('cascadeur', 'menottes'),
('cascadeur', 'mini-pistolet-derrin'),
('cascadeur', 'minivan'),
('cascadeur', 'mitrailleuse-legere'),
('cascadeur', 'mitrailleuse-lourde'),
('cascadeur', 'mitrailleuse-moyenne'),
('cascadeur', 'montre-bracelet'),
('cascadeur', 'moto-routiere'),
('cascadeur', 'moto-sportive'),
('cascadeur', 'moto-tout-terrain'),
('cascadeur', 'pisto-mitrailleur'),
('cascadeur', 'pisto-mitrailleur-lo'),
('cascadeur', 'pistolet-leger'),
('cascadeur', 'pistolet-lourd'),
('cascadeur', 'pistolet-moyen'),
('cascadeur', 'poignard'),
('cascadeur', 'poste-de-radio'),
('cascadeur', 'premier-prix'),
('cascadeur', 'rapiere'),
('cascadeur', 'repas-rapide'),
('cascadeur', 'restaurant'),
('cascadeur', 'sagaie'),
('cascadeur', 'semi-remorque'),
('cascadeur', 'shuriken'),
('cascadeur', 'suite-de-luxe'),
('cascadeur', 'tenue-de-randonnee'),
('cascadeur', 'tenue-polaire'),
('cascadeur', 'trousse-de-secours'),
('cascadeur', 'vivres-1-semaine'),
('cascadeur', 'zeppelin'),
('chasseur-de-tresor', 'a-la-mode'),
('chasseur-de-tresor', 'appareil-photo'),
('chasseur-de-tresor', 'arc'),
('chasseur-de-tresor', 'auto-4x4'),
('chasseur-de-tresor', 'auto-berline'),
('chasseur-de-tresor', 'auto-citadine'),
('chasseur-de-tresor', 'auto-sportive'),
('chasseur-de-tresor', 'autre'),
('chasseur-de-tresor', 'avion-bombardier'),
('chasseur-de-tresor', 'avion-chasseur'),
('chasseur-de-tresor', 'avion-de-tourisme'),
('chasseur-de-tresor', 'batte-base-ball'),
('chasseur-de-tresor', 'berline-de-luxe'),
('chasseur-de-tresor', 'blinde-leger'),
('chasseur-de-tresor', 'boussole'),
('chasseur-de-tresor', 'caisse-a-outils'),
('chasseur-de-tresor', 'camion'),
('chasseur-de-tresor', 'canon-scie'),
('chasseur-de-tresor', 'carabine-a-repetitio'),
('chasseur-de-tresor', 'chambre-dhotel'),
('chasseur-de-tresor', 'char-dassaut'),
('chasseur-de-tresor', 'classieux'),
('chasseur-de-tresor', 'couteau-de-lancer'),
('chasseur-de-tresor', 'dirigeable'),
('chasseur-de-tresor', 'dynamite'),
('chasseur-de-tresor', 'epee'),
('chasseur-de-tresor', 'foudroyeur'),
('chasseur-de-tresor', 'fusil-a-pompe'),
('chasseur-de-tresor', 'fusil-dassaut'),
('chasseur-de-tresor', 'fusil-de-chasse'),
('chasseur-de-tresor', 'fusil-de-precision'),
('chasseur-de-tresor', 'fusil-gros-gibier'),
('chasseur-de-tresor', 'fusil-precision-lour'),
('chasseur-de-tresor', 'gilet-pare-balles'),
('chasseur-de-tresor', 'gilet-pare-balles-lo'),
('chasseur-de-tresor', 'grand-restaurant'),
('chasseur-de-tresor', 'grenade-defensive'),
('chasseur-de-tresor', 'grenade-lacrymogene'),
('chasseur-de-tresor', 'grenade-offensive'),
('chasseur-de-tresor', 'hache-2-mains'),
('chasseur-de-tresor', 'hachette'),
('chasseur-de-tresor', 'haute-couture'),
('chasseur-de-tresor', 'helicoptere'),
('chasseur-de-tresor', 'hotel-de-luxe'),
('chasseur-de-tresor', 'hotel-minable'),
('chasseur-de-tresor', 'jumelles'),
('chasseur-de-tresor', 'lampe-torche'),
('chasseur-de-tresor', 'lance-grenade'),
('chasseur-de-tresor', 'lance-roquette'),
('chasseur-de-tresor', 'luxe'),
('chasseur-de-tresor', 'machette'),
('chasseur-de-tresor', 'marteau'),
('chasseur-de-tresor', 'menottes'),
('chasseur-de-tresor', 'mini-pistolet-derrin'),
('chasseur-de-tresor', 'minivan'),
('chasseur-de-tresor', 'mitrailleuse-legere'),
('chasseur-de-tresor', 'mitrailleuse-lourde'),
('chasseur-de-tresor', 'mitrailleuse-moyenne'),
('chasseur-de-tresor', 'montre-bracelet'),
('chasseur-de-tresor', 'moto-routiere'),
('chasseur-de-tresor', 'moto-sportive'),
('chasseur-de-tresor', 'moto-tout-terrain'),
('chasseur-de-tresor', 'pisto-mitrailleur'),
('chasseur-de-tresor', 'pisto-mitrailleur-lo'),
('chasseur-de-tresor', 'pistolet-leger'),
('chasseur-de-tresor', 'pistolet-lourd'),
('chasseur-de-tresor', 'pistolet-moyen'),
('chasseur-de-tresor', 'poignard'),
('chasseur-de-tresor', 'poste-de-radio'),
('chasseur-de-tresor', 'premier-prix'),
('chasseur-de-tresor', 'rapiere'),
('chasseur-de-tresor', 'repas-rapide'),
('chasseur-de-tresor', 'restaurant'),
('chasseur-de-tresor', 'sagaie'),
('chasseur-de-tresor', 'semi-remorque'),
('chasseur-de-tresor', 'shuriken'),
('chasseur-de-tresor', 'suite-de-luxe'),
('chasseur-de-tresor', 'tenue-de-randonnee'),
('chasseur-de-tresor', 'tenue-polaire'),
('chasseur-de-tresor', 'trousse-de-secours'),
('chasseur-de-tresor', 'vivres-1-semaine'),
('chasseur-de-tresor', 'zeppelin'),
('chasseur-gros-gibier', 'a-la-mode'),
('chasseur-gros-gibier', 'appareil-photo'),
('chasseur-gros-gibier', 'arc'),
('chasseur-gros-gibier', 'auto-4x4'),
('chasseur-gros-gibier', 'auto-berline'),
('chasseur-gros-gibier', 'auto-citadine'),
('chasseur-gros-gibier', 'auto-sportive'),
('chasseur-gros-gibier', 'autre'),
('chasseur-gros-gibier', 'avion-bombardier'),
('chasseur-gros-gibier', 'avion-chasseur'),
('chasseur-gros-gibier', 'avion-de-tourisme'),
('chasseur-gros-gibier', 'batte-base-ball'),
('chasseur-gros-gibier', 'berline-de-luxe'),
('chasseur-gros-gibier', 'blinde-leger'),
('chasseur-gros-gibier', 'boussole'),
('chasseur-gros-gibier', 'caisse-a-outils'),
('chasseur-gros-gibier', 'camion'),
('chasseur-gros-gibier', 'canon-scie'),
('chasseur-gros-gibier', 'carabine-a-repetitio'),
('chasseur-gros-gibier', 'chambre-dhotel'),
('chasseur-gros-gibier', 'char-dassaut'),
('chasseur-gros-gibier', 'classieux'),
('chasseur-gros-gibier', 'couteau-de-lancer'),
('chasseur-gros-gibier', 'dirigeable'),
('chasseur-gros-gibier', 'dynamite'),
('chasseur-gros-gibier', 'epee'),
('chasseur-gros-gibier', 'foudroyeur'),
('chasseur-gros-gibier', 'fusil-a-pompe'),
('chasseur-gros-gibier', 'fusil-dassaut'),
('chasseur-gros-gibier', 'fusil-de-chasse'),
('chasseur-gros-gibier', 'fusil-de-precision'),
('chasseur-gros-gibier', 'fusil-gros-gibier'),
('chasseur-gros-gibier', 'fusil-precision-lour'),
('chasseur-gros-gibier', 'gilet-pare-balles'),
('chasseur-gros-gibier', 'gilet-pare-balles-lo'),
('chasseur-gros-gibier', 'grand-restaurant'),
('chasseur-gros-gibier', 'grenade-defensive'),
('chasseur-gros-gibier', 'grenade-lacrymogene'),
('chasseur-gros-gibier', 'grenade-offensive'),
('chasseur-gros-gibier', 'hache-2-mains'),
('chasseur-gros-gibier', 'hachette'),
('chasseur-gros-gibier', 'haute-couture'),
('chasseur-gros-gibier', 'helicoptere'),
('chasseur-gros-gibier', 'hotel-de-luxe'),
('chasseur-gros-gibier', 'hotel-minable'),
('chasseur-gros-gibier', 'jumelles'),
('chasseur-gros-gibier', 'lampe-torche'),
('chasseur-gros-gibier', 'lance-grenade'),
('chasseur-gros-gibier', 'lance-roquette'),
('chasseur-gros-gibier', 'luxe'),
('chasseur-gros-gibier', 'machette'),
('chasseur-gros-gibier', 'marteau'),
('chasseur-gros-gibier', 'menottes'),
('chasseur-gros-gibier', 'mini-pistolet-derrin'),
('chasseur-gros-gibier', 'minivan'),
('chasseur-gros-gibier', 'mitrailleuse-legere'),
('chasseur-gros-gibier', 'mitrailleuse-lourde'),
('chasseur-gros-gibier', 'mitrailleuse-moyenne'),
('chasseur-gros-gibier', 'montre-bracelet'),
('chasseur-gros-gibier', 'moto-routiere'),
('chasseur-gros-gibier', 'moto-sportive'),
('chasseur-gros-gibier', 'moto-tout-terrain'),
('chasseur-gros-gibier', 'pisto-mitrailleur'),
('chasseur-gros-gibier', 'pisto-mitrailleur-lo'),
('chasseur-gros-gibier', 'pistolet-leger'),
('chasseur-gros-gibier', 'pistolet-lourd'),
('chasseur-gros-gibier', 'pistolet-moyen'),
('chasseur-gros-gibier', 'poignard'),
('chasseur-gros-gibier', 'poste-de-radio'),
('chasseur-gros-gibier', 'premier-prix'),
('chasseur-gros-gibier', 'rapiere'),
('chasseur-gros-gibier', 'repas-rapide'),
('chasseur-gros-gibier', 'restaurant'),
('chasseur-gros-gibier', 'sagaie'),
('chasseur-gros-gibier', 'semi-remorque'),
('chasseur-gros-gibier', 'shuriken'),
('chasseur-gros-gibier', 'suite-de-luxe'),
('chasseur-gros-gibier', 'tenue-de-randonnee'),
('chasseur-gros-gibier', 'tenue-polaire'),
('chasseur-gros-gibier', 'trousse-de-secours'),
('chasseur-gros-gibier', 'vivres-1-semaine'),
('chasseur-gros-gibier', 'zeppelin'),
('collectionneur-dart', 'a-la-mode'),
('collectionneur-dart', 'appareil-photo'),
('collectionneur-dart', 'arc'),
('collectionneur-dart', 'auto-4x4'),
('collectionneur-dart', 'auto-berline'),
('collectionneur-dart', 'auto-citadine'),
('collectionneur-dart', 'auto-sportive'),
('collectionneur-dart', 'autre'),
('collectionneur-dart', 'avion-bombardier'),
('collectionneur-dart', 'avion-chasseur'),
('collectionneur-dart', 'avion-de-tourisme'),
('collectionneur-dart', 'batte-base-ball'),
('collectionneur-dart', 'berline-de-luxe'),
('collectionneur-dart', 'blinde-leger'),
('collectionneur-dart', 'boussole'),
('collectionneur-dart', 'caisse-a-outils'),
('collectionneur-dart', 'camion'),
('collectionneur-dart', 'canon-scie'),
('collectionneur-dart', 'carabine-a-repetitio'),
('collectionneur-dart', 'chambre-dhotel'),
('collectionneur-dart', 'char-dassaut'),
('collectionneur-dart', 'classieux'),
('collectionneur-dart', 'couteau-de-lancer'),
('collectionneur-dart', 'dirigeable'),
('collectionneur-dart', 'dynamite'),
('collectionneur-dart', 'epee'),
('collectionneur-dart', 'foudroyeur'),
('collectionneur-dart', 'fusil-a-pompe'),
('collectionneur-dart', 'fusil-dassaut'),
('collectionneur-dart', 'fusil-de-chasse'),
('collectionneur-dart', 'fusil-de-precision'),
('collectionneur-dart', 'fusil-gros-gibier'),
('collectionneur-dart', 'fusil-precision-lour'),
('collectionneur-dart', 'gilet-pare-balles'),
('collectionneur-dart', 'gilet-pare-balles-lo'),
('collectionneur-dart', 'grand-restaurant'),
('collectionneur-dart', 'grenade-defensive'),
('collectionneur-dart', 'grenade-lacrymogene'),
('collectionneur-dart', 'grenade-offensive'),
('collectionneur-dart', 'hache-2-mains'),
('collectionneur-dart', 'hachette'),
('collectionneur-dart', 'haute-couture'),
('collectionneur-dart', 'helicoptere'),
('collectionneur-dart', 'hotel-de-luxe'),
('collectionneur-dart', 'hotel-minable'),
('collectionneur-dart', 'jumelles'),
('collectionneur-dart', 'lampe-torche'),
('collectionneur-dart', 'lance-grenade'),
('collectionneur-dart', 'lance-roquette'),
('collectionneur-dart', 'luxe'),
('collectionneur-dart', 'machette'),
('collectionneur-dart', 'marteau'),
('collectionneur-dart', 'menottes'),
('collectionneur-dart', 'mini-pistolet-derrin'),
('collectionneur-dart', 'minivan'),
('collectionneur-dart', 'mitrailleuse-legere'),
('collectionneur-dart', 'mitrailleuse-lourde'),
('collectionneur-dart', 'mitrailleuse-moyenne'),
('collectionneur-dart', 'montre-bracelet'),
('collectionneur-dart', 'moto-routiere'),
('collectionneur-dart', 'moto-sportive'),
('collectionneur-dart', 'moto-tout-terrain'),
('collectionneur-dart', 'pisto-mitrailleur'),
('collectionneur-dart', 'pisto-mitrailleur-lo'),
('collectionneur-dart', 'pistolet-leger'),
('collectionneur-dart', 'pistolet-lourd'),
('collectionneur-dart', 'pistolet-moyen'),
('collectionneur-dart', 'poignard'),
('collectionneur-dart', 'poste-de-radio'),
('collectionneur-dart', 'premier-prix'),
('collectionneur-dart', 'rapiere'),
('collectionneur-dart', 'repas-rapide'),
('collectionneur-dart', 'restaurant'),
('collectionneur-dart', 'sagaie'),
('collectionneur-dart', 'semi-remorque'),
('collectionneur-dart', 'shuriken'),
('collectionneur-dart', 'suite-de-luxe'),
('collectionneur-dart', 'tenue-de-randonnee'),
('collectionneur-dart', 'tenue-polaire'),
('collectionneur-dart', 'trousse-de-secours'),
('collectionneur-dart', 'vivres-1-semaine'),
('collectionneur-dart', 'zeppelin'),
('commando', 'a-la-mode'),
('commando', 'appareil-photo'),
('commando', 'arc'),
('commando', 'auto-4x4'),
('commando', 'auto-berline'),
('commando', 'auto-citadine'),
('commando', 'auto-sportive'),
('commando', 'autre'),
('commando', 'avion-bombardier'),
('commando', 'avion-chasseur'),
('commando', 'avion-de-tourisme'),
('commando', 'batte-base-ball'),
('commando', 'berline-de-luxe'),
('commando', 'blinde-leger'),
('commando', 'boussole'),
('commando', 'caisse-a-outils'),
('commando', 'camion'),
('commando', 'canon-scie'),
('commando', 'carabine-a-repetitio'),
('commando', 'chambre-dhotel'),
('commando', 'char-dassaut'),
('commando', 'classieux'),
('commando', 'couteau-de-lancer'),
('commando', 'dirigeable'),
('commando', 'dynamite'),
('commando', 'epee'),
('commando', 'foudroyeur'),
('commando', 'fusil-a-pompe'),
('commando', 'fusil-dassaut'),
('commando', 'fusil-de-chasse'),
('commando', 'fusil-de-precision'),
('commando', 'fusil-gros-gibier'),
('commando', 'fusil-precision-lour'),
('commando', 'gilet-pare-balles'),
('commando', 'gilet-pare-balles-lo'),
('commando', 'grand-restaurant'),
('commando', 'grenade-defensive'),
('commando', 'grenade-lacrymogene'),
('commando', 'grenade-offensive'),
('commando', 'hache-2-mains'),
('commando', 'hachette'),
('commando', 'haute-couture'),
('commando', 'helicoptere'),
('commando', 'hotel-de-luxe'),
('commando', 'hotel-minable'),
('commando', 'jumelles'),
('commando', 'lampe-torche'),
('commando', 'lance-grenade'),
('commando', 'lance-roquette'),
('commando', 'luxe'),
('commando', 'machette'),
('commando', 'marteau'),
('commando', 'menottes'),
('commando', 'mini-pistolet-derrin'),
('commando', 'minivan'),
('commando', 'mitrailleuse-legere'),
('commando', 'mitrailleuse-lourde'),
('commando', 'mitrailleuse-moyenne'),
('commando', 'montre-bracelet'),
('commando', 'moto-routiere'),
('commando', 'moto-sportive'),
('commando', 'moto-tout-terrain'),
('commando', 'pisto-mitrailleur'),
('commando', 'pisto-mitrailleur-lo'),
('commando', 'pistolet-leger'),
('commando', 'pistolet-lourd'),
('commando', 'pistolet-moyen'),
('commando', 'poignard'),
('commando', 'poste-de-radio'),
('commando', 'premier-prix'),
('commando', 'rapiere'),
('commando', 'repas-rapide'),
('commando', 'restaurant'),
('commando', 'sagaie'),
('commando', 'semi-remorque'),
('commando', 'shuriken'),
('commando', 'suite-de-luxe'),
('commando', 'tenue-de-randonnee'),
('commando', 'tenue-polaire'),
('commando', 'trousse-de-secours'),
('commando', 'vivres-1-semaine'),
('commando', 'zeppelin'),
('criminel', 'a-la-mode'),
('criminel', 'appareil-photo'),
('criminel', 'arc'),
('criminel', 'auto-4x4'),
('criminel', 'auto-berline'),
('criminel', 'auto-citadine'),
('criminel', 'auto-sportive'),
('criminel', 'autre'),
('criminel', 'avion-bombardier'),
('criminel', 'avion-chasseur'),
('criminel', 'avion-de-tourisme'),
('criminel', 'batte-base-ball'),
('criminel', 'berline-de-luxe'),
('criminel', 'blinde-leger'),
('criminel', 'boussole'),
('criminel', 'caisse-a-outils'),
('criminel', 'camion'),
('criminel', 'canon-scie'),
('criminel', 'carabine-a-repetitio'),
('criminel', 'chambre-dhotel'),
('criminel', 'char-dassaut'),
('criminel', 'classieux'),
('criminel', 'couteau-de-lancer'),
('criminel', 'dirigeable'),
('criminel', 'dynamite'),
('criminel', 'epee'),
('criminel', 'foudroyeur'),
('criminel', 'fusil-a-pompe'),
('criminel', 'fusil-dassaut'),
('criminel', 'fusil-de-chasse'),
('criminel', 'fusil-de-precision'),
('criminel', 'fusil-gros-gibier'),
('criminel', 'fusil-precision-lour'),
('criminel', 'gilet-pare-balles'),
('criminel', 'gilet-pare-balles-lo'),
('criminel', 'grand-restaurant'),
('criminel', 'grenade-defensive'),
('criminel', 'grenade-lacrymogene'),
('criminel', 'grenade-offensive'),
('criminel', 'hache-2-mains'),
('criminel', 'hachette'),
('criminel', 'haute-couture'),
('criminel', 'helicoptere'),
('criminel', 'hotel-de-luxe'),
('criminel', 'hotel-minable'),
('criminel', 'jumelles'),
('criminel', 'lampe-torche'),
('criminel', 'lance-grenade'),
('criminel', 'lance-roquette'),
('criminel', 'luxe'),
('criminel', 'machette'),
('criminel', 'marteau'),
('criminel', 'menottes'),
('criminel', 'mini-pistolet-derrin'),
('criminel', 'minivan'),
('criminel', 'mitrailleuse-legere'),
('criminel', 'mitrailleuse-lourde'),
('criminel', 'mitrailleuse-moyenne'),
('criminel', 'montre-bracelet'),
('criminel', 'moto-routiere'),
('criminel', 'moto-sportive'),
('criminel', 'moto-tout-terrain'),
('criminel', 'pisto-mitrailleur'),
('criminel', 'pisto-mitrailleur-lo'),
('criminel', 'pistolet-leger'),
('criminel', 'pistolet-lourd'),
('criminel', 'pistolet-moyen'),
('criminel', 'poignard'),
('criminel', 'poste-de-radio'),
('criminel', 'premier-prix'),
('criminel', 'rapiere'),
('criminel', 'repas-rapide'),
('criminel', 'restaurant'),
('criminel', 'sagaie'),
('criminel', 'semi-remorque'),
('criminel', 'shuriken'),
('criminel', 'suite-de-luxe'),
('criminel', 'tenue-de-randonnee'),
('criminel', 'tenue-polaire'),
('criminel', 'trousse-de-secours'),
('criminel', 'vivres-1-semaine'),
('criminel', 'zeppelin'),
('dandy', 'a-la-mode'),
('dandy', 'appareil-photo'),
('dandy', 'arc'),
('dandy', 'auto-4x4'),
('dandy', 'auto-berline'),
('dandy', 'auto-citadine'),
('dandy', 'auto-sportive'),
('dandy', 'autre'),
('dandy', 'avion-bombardier'),
('dandy', 'avion-chasseur'),
('dandy', 'avion-de-tourisme'),
('dandy', 'batte-base-ball'),
('dandy', 'berline-de-luxe'),
('dandy', 'blinde-leger'),
('dandy', 'boussole'),
('dandy', 'caisse-a-outils'),
('dandy', 'camion'),
('dandy', 'canon-scie'),
('dandy', 'carabine-a-repetitio'),
('dandy', 'chambre-dhotel'),
('dandy', 'char-dassaut'),
('dandy', 'classieux'),
('dandy', 'couteau-de-lancer'),
('dandy', 'dirigeable'),
('dandy', 'dynamite'),
('dandy', 'epee'),
('dandy', 'foudroyeur'),
('dandy', 'fusil-a-pompe'),
('dandy', 'fusil-dassaut'),
('dandy', 'fusil-de-chasse'),
('dandy', 'fusil-de-precision'),
('dandy', 'fusil-gros-gibier'),
('dandy', 'fusil-precision-lour'),
('dandy', 'gilet-pare-balles'),
('dandy', 'gilet-pare-balles-lo'),
('dandy', 'grand-restaurant'),
('dandy', 'grenade-defensive'),
('dandy', 'grenade-lacrymogene'),
('dandy', 'grenade-offensive'),
('dandy', 'hache-2-mains'),
('dandy', 'hachette'),
('dandy', 'haute-couture'),
('dandy', 'helicoptere'),
('dandy', 'hotel-de-luxe'),
('dandy', 'hotel-minable'),
('dandy', 'jumelles'),
('dandy', 'lampe-torche'),
('dandy', 'lance-grenade'),
('dandy', 'lance-roquette'),
('dandy', 'luxe'),
('dandy', 'machette'),
('dandy', 'marteau'),
('dandy', 'menottes'),
('dandy', 'mini-pistolet-derrin'),
('dandy', 'minivan'),
('dandy', 'mitrailleuse-legere'),
('dandy', 'mitrailleuse-lourde'),
('dandy', 'mitrailleuse-moyenne'),
('dandy', 'montre-bracelet'),
('dandy', 'moto-routiere'),
('dandy', 'moto-sportive'),
('dandy', 'moto-tout-terrain'),
('dandy', 'pisto-mitrailleur'),
('dandy', 'pisto-mitrailleur-lo'),
('dandy', 'pistolet-leger'),
('dandy', 'pistolet-lourd'),
('dandy', 'pistolet-moyen'),
('dandy', 'poignard'),
('dandy', 'poste-de-radio'),
('dandy', 'premier-prix'),
('dandy', 'rapiere'),
('dandy', 'repas-rapide'),
('dandy', 'restaurant'),
('dandy', 'sagaie'),
('dandy', 'semi-remorque'),
('dandy', 'shuriken'),
('dandy', 'suite-de-luxe'),
('dandy', 'tenue-de-randonnee'),
('dandy', 'tenue-polaire'),
('dandy', 'trousse-de-secours'),
('dandy', 'vivres-1-semaine'),
('dandy', 'zeppelin'),
('demon', 'a-la-mode'),
('demon', 'appareil-photo'),
('demon', 'arc'),
('demon', 'auto-4x4'),
('demon', 'auto-berline'),
('demon', 'auto-citadine'),
('demon', 'auto-sportive'),
('demon', 'autre'),
('demon', 'avion-bombardier'),
('demon', 'avion-chasseur'),
('demon', 'avion-de-tourisme'),
('demon', 'batte-base-ball'),
('demon', 'berline-de-luxe'),
('demon', 'blinde-leger'),
('demon', 'boussole'),
('demon', 'caisse-a-outils'),
('demon', 'camion'),
('demon', 'canon-scie'),
('demon', 'carabine-a-repetitio'),
('demon', 'chambre-dhotel'),
('demon', 'char-dassaut'),
('demon', 'classieux'),
('demon', 'couteau-de-lancer'),
('demon', 'dirigeable'),
('demon', 'dynamite'),
('demon', 'epee'),
('demon', 'foudroyeur'),
('demon', 'fusil-a-pompe'),
('demon', 'fusil-dassaut'),
('demon', 'fusil-de-chasse'),
('demon', 'fusil-de-precision'),
('demon', 'fusil-gros-gibier'),
('demon', 'fusil-precision-lour'),
('demon', 'gilet-pare-balles'),
('demon', 'gilet-pare-balles-lo'),
('demon', 'grand-restaurant'),
('demon', 'grenade-defensive'),
('demon', 'grenade-lacrymogene'),
('demon', 'grenade-offensive'),
('demon', 'hache-2-mains'),
('demon', 'hachette'),
('demon', 'haute-couture'),
('demon', 'helicoptere'),
('demon', 'hotel-de-luxe'),
('demon', 'hotel-minable'),
('demon', 'jumelles'),
('demon', 'lampe-torche'),
('demon', 'lance-grenade'),
('demon', 'lance-roquette'),
('demon', 'luxe'),
('demon', 'machette'),
('demon', 'marteau'),
('demon', 'menottes'),
('demon', 'mini-pistolet-derrin'),
('demon', 'minivan'),
('demon', 'mitrailleuse-legere'),
('demon', 'mitrailleuse-lourde'),
('demon', 'mitrailleuse-moyenne'),
('demon', 'montre-bracelet'),
('demon', 'moto-routiere'),
('demon', 'moto-sportive'),
('demon', 'moto-tout-terrain'),
('demon', 'pisto-mitrailleur'),
('demon', 'pisto-mitrailleur-lo'),
('demon', 'pistolet-leger'),
('demon', 'pistolet-lourd'),
('demon', 'pistolet-moyen'),
('demon', 'poignard'),
('demon', 'poste-de-radio'),
('demon', 'premier-prix'),
('demon', 'rapiere'),
('demon', 'repas-rapide'),
('demon', 'restaurant'),
('demon', 'sagaie'),
('demon', 'semi-remorque'),
('demon', 'shuriken'),
('demon', 'suite-de-luxe'),
('demon', 'tenue-de-randonnee'),
('demon', 'tenue-polaire'),
('demon', 'trousse-de-secours'),
('demon', 'vivres-1-semaine'),
('demon', 'zeppelin'),
('dilettante', 'a-la-mode'),
('dilettante', 'appareil-photo'),
('dilettante', 'arc'),
('dilettante', 'auto-4x4'),
('dilettante', 'auto-berline'),
('dilettante', 'auto-citadine'),
('dilettante', 'auto-sportive'),
('dilettante', 'autre'),
('dilettante', 'avion-bombardier'),
('dilettante', 'avion-chasseur'),
('dilettante', 'avion-de-tourisme'),
('dilettante', 'batte-base-ball'),
('dilettante', 'berline-de-luxe'),
('dilettante', 'blinde-leger'),
('dilettante', 'boussole'),
('dilettante', 'caisse-a-outils'),
('dilettante', 'camion'),
('dilettante', 'canon-scie'),
('dilettante', 'carabine-a-repetitio'),
('dilettante', 'chambre-dhotel'),
('dilettante', 'char-dassaut'),
('dilettante', 'classieux'),
('dilettante', 'couteau-de-lancer'),
('dilettante', 'dirigeable'),
('dilettante', 'dynamite'),
('dilettante', 'epee'),
('dilettante', 'foudroyeur'),
('dilettante', 'fusil-a-pompe'),
('dilettante', 'fusil-dassaut'),
('dilettante', 'fusil-de-chasse'),
('dilettante', 'fusil-de-precision'),
('dilettante', 'fusil-gros-gibier'),
('dilettante', 'fusil-precision-lour'),
('dilettante', 'gilet-pare-balles'),
('dilettante', 'gilet-pare-balles-lo'),
('dilettante', 'grand-restaurant'),
('dilettante', 'grenade-defensive'),
('dilettante', 'grenade-lacrymogene'),
('dilettante', 'grenade-offensive'),
('dilettante', 'hache-2-mains'),
('dilettante', 'hachette'),
('dilettante', 'haute-couture'),
('dilettante', 'helicoptere'),
('dilettante', 'hotel-de-luxe'),
('dilettante', 'hotel-minable'),
('dilettante', 'jumelles'),
('dilettante', 'lampe-torche'),
('dilettante', 'lance-grenade'),
('dilettante', 'lance-roquette'),
('dilettante', 'luxe'),
('dilettante', 'machette'),
('dilettante', 'marteau'),
('dilettante', 'menottes'),
('dilettante', 'mini-pistolet-derrin'),
('dilettante', 'minivan'),
('dilettante', 'mitrailleuse-legere'),
('dilettante', 'mitrailleuse-lourde'),
('dilettante', 'mitrailleuse-moyenne'),
('dilettante', 'montre-bracelet'),
('dilettante', 'moto-routiere'),
('dilettante', 'moto-sportive'),
('dilettante', 'moto-tout-terrain'),
('dilettante', 'pisto-mitrailleur'),
('dilettante', 'pisto-mitrailleur-lo'),
('dilettante', 'pistolet-leger'),
('dilettante', 'pistolet-lourd'),
('dilettante', 'pistolet-moyen'),
('dilettante', 'poignard'),
('dilettante', 'poste-de-radio'),
('dilettante', 'premier-prix'),
('dilettante', 'rapiere'),
('dilettante', 'repas-rapide'),
('dilettante', 'restaurant'),
('dilettante', 'sagaie'),
('dilettante', 'semi-remorque'),
('dilettante', 'shuriken'),
('dilettante', 'suite-de-luxe'),
('dilettante', 'tenue-de-randonnee'),
('dilettante', 'tenue-polaire'),
('dilettante', 'trousse-de-secours'),
('dilettante', 'vivres-1-semaine'),
('dilettante', 'zeppelin'),
('ecrivain', 'a-la-mode'),
('ecrivain', 'appareil-photo'),
('ecrivain', 'arc'),
('ecrivain', 'auto-4x4'),
('ecrivain', 'auto-berline'),
('ecrivain', 'auto-citadine'),
('ecrivain', 'auto-sportive'),
('ecrivain', 'autre'),
('ecrivain', 'avion-bombardier'),
('ecrivain', 'avion-chasseur'),
('ecrivain', 'avion-de-tourisme'),
('ecrivain', 'batte-base-ball'),
('ecrivain', 'berline-de-luxe'),
('ecrivain', 'blinde-leger'),
('ecrivain', 'boussole'),
('ecrivain', 'caisse-a-outils'),
('ecrivain', 'camion'),
('ecrivain', 'canon-scie'),
('ecrivain', 'carabine-a-repetitio'),
('ecrivain', 'chambre-dhotel'),
('ecrivain', 'char-dassaut'),
('ecrivain', 'classieux'),
('ecrivain', 'couteau-de-lancer'),
('ecrivain', 'dirigeable'),
('ecrivain', 'dynamite'),
('ecrivain', 'epee'),
('ecrivain', 'foudroyeur'),
('ecrivain', 'fusil-a-pompe'),
('ecrivain', 'fusil-dassaut'),
('ecrivain', 'fusil-de-chasse'),
('ecrivain', 'fusil-de-precision');
INSERT INTO `coc_profils_maitrises` (`profil`, `equipement`) VALUES
('ecrivain', 'fusil-gros-gibier'),
('ecrivain', 'fusil-precision-lour'),
('ecrivain', 'gilet-pare-balles'),
('ecrivain', 'gilet-pare-balles-lo'),
('ecrivain', 'grand-restaurant'),
('ecrivain', 'grenade-defensive'),
('ecrivain', 'grenade-lacrymogene'),
('ecrivain', 'grenade-offensive'),
('ecrivain', 'hache-2-mains'),
('ecrivain', 'hachette'),
('ecrivain', 'haute-couture'),
('ecrivain', 'helicoptere'),
('ecrivain', 'hotel-de-luxe'),
('ecrivain', 'hotel-minable'),
('ecrivain', 'jumelles'),
('ecrivain', 'lampe-torche'),
('ecrivain', 'lance-grenade'),
('ecrivain', 'lance-roquette'),
('ecrivain', 'luxe'),
('ecrivain', 'machette'),
('ecrivain', 'marteau'),
('ecrivain', 'menottes'),
('ecrivain', 'mini-pistolet-derrin'),
('ecrivain', 'minivan'),
('ecrivain', 'mitrailleuse-legere'),
('ecrivain', 'mitrailleuse-lourde'),
('ecrivain', 'mitrailleuse-moyenne'),
('ecrivain', 'montre-bracelet'),
('ecrivain', 'moto-routiere'),
('ecrivain', 'moto-sportive'),
('ecrivain', 'moto-tout-terrain'),
('ecrivain', 'pisto-mitrailleur'),
('ecrivain', 'pisto-mitrailleur-lo'),
('ecrivain', 'pistolet-leger'),
('ecrivain', 'pistolet-lourd'),
('ecrivain', 'pistolet-moyen'),
('ecrivain', 'poignard'),
('ecrivain', 'poste-de-radio'),
('ecrivain', 'premier-prix'),
('ecrivain', 'rapiere'),
('ecrivain', 'repas-rapide'),
('ecrivain', 'restaurant'),
('ecrivain', 'sagaie'),
('ecrivain', 'semi-remorque'),
('ecrivain', 'shuriken'),
('ecrivain', 'suite-de-luxe'),
('ecrivain', 'tenue-de-randonnee'),
('ecrivain', 'tenue-polaire'),
('ecrivain', 'trousse-de-secours'),
('ecrivain', 'vivres-1-semaine'),
('ecrivain', 'zeppelin'),
('elementaliste', 'a-la-mode'),
('elementaliste', 'appareil-photo'),
('elementaliste', 'arc'),
('elementaliste', 'auto-4x4'),
('elementaliste', 'auto-berline'),
('elementaliste', 'auto-citadine'),
('elementaliste', 'auto-sportive'),
('elementaliste', 'autre'),
('elementaliste', 'avion-bombardier'),
('elementaliste', 'avion-chasseur'),
('elementaliste', 'avion-de-tourisme'),
('elementaliste', 'batte-base-ball'),
('elementaliste', 'berline-de-luxe'),
('elementaliste', 'blinde-leger'),
('elementaliste', 'boussole'),
('elementaliste', 'caisse-a-outils'),
('elementaliste', 'camion'),
('elementaliste', 'canon-scie'),
('elementaliste', 'carabine-a-repetitio'),
('elementaliste', 'chambre-dhotel'),
('elementaliste', 'char-dassaut'),
('elementaliste', 'classieux'),
('elementaliste', 'couteau-de-lancer'),
('elementaliste', 'dirigeable'),
('elementaliste', 'dynamite'),
('elementaliste', 'epee'),
('elementaliste', 'foudroyeur'),
('elementaliste', 'fusil-a-pompe'),
('elementaliste', 'fusil-dassaut'),
('elementaliste', 'fusil-de-chasse'),
('elementaliste', 'fusil-de-precision'),
('elementaliste', 'fusil-gros-gibier'),
('elementaliste', 'fusil-precision-lour'),
('elementaliste', 'gilet-pare-balles'),
('elementaliste', 'gilet-pare-balles-lo'),
('elementaliste', 'grand-restaurant'),
('elementaliste', 'grenade-defensive'),
('elementaliste', 'grenade-lacrymogene'),
('elementaliste', 'grenade-offensive'),
('elementaliste', 'hache-2-mains'),
('elementaliste', 'hachette'),
('elementaliste', 'haute-couture'),
('elementaliste', 'helicoptere'),
('elementaliste', 'hotel-de-luxe'),
('elementaliste', 'hotel-minable'),
('elementaliste', 'jumelles'),
('elementaliste', 'lampe-torche'),
('elementaliste', 'lance-grenade'),
('elementaliste', 'lance-roquette'),
('elementaliste', 'luxe'),
('elementaliste', 'machette'),
('elementaliste', 'marteau'),
('elementaliste', 'menottes'),
('elementaliste', 'mini-pistolet-derrin'),
('elementaliste', 'minivan'),
('elementaliste', 'mitrailleuse-legere'),
('elementaliste', 'mitrailleuse-lourde'),
('elementaliste', 'mitrailleuse-moyenne'),
('elementaliste', 'montre-bracelet'),
('elementaliste', 'moto-routiere'),
('elementaliste', 'moto-sportive'),
('elementaliste', 'moto-tout-terrain'),
('elementaliste', 'pisto-mitrailleur'),
('elementaliste', 'pisto-mitrailleur-lo'),
('elementaliste', 'pistolet-leger'),
('elementaliste', 'pistolet-lourd'),
('elementaliste', 'pistolet-moyen'),
('elementaliste', 'poignard'),
('elementaliste', 'poste-de-radio'),
('elementaliste', 'premier-prix'),
('elementaliste', 'rapiere'),
('elementaliste', 'repas-rapide'),
('elementaliste', 'restaurant'),
('elementaliste', 'sagaie'),
('elementaliste', 'semi-remorque'),
('elementaliste', 'shuriken'),
('elementaliste', 'suite-de-luxe'),
('elementaliste', 'tenue-de-randonnee'),
('elementaliste', 'tenue-polaire'),
('elementaliste', 'trousse-de-secours'),
('elementaliste', 'vivres-1-semaine'),
('elementaliste', 'zeppelin'),
('erudit', 'a-la-mode'),
('erudit', 'appareil-photo'),
('erudit', 'arc'),
('erudit', 'auto-4x4'),
('erudit', 'auto-berline'),
('erudit', 'auto-citadine'),
('erudit', 'auto-sportive'),
('erudit', 'autre'),
('erudit', 'avion-bombardier'),
('erudit', 'avion-chasseur'),
('erudit', 'avion-de-tourisme'),
('erudit', 'batte-base-ball'),
('erudit', 'berline-de-luxe'),
('erudit', 'blinde-leger'),
('erudit', 'boussole'),
('erudit', 'caisse-a-outils'),
('erudit', 'camion'),
('erudit', 'canon-scie'),
('erudit', 'carabine-a-repetitio'),
('erudit', 'chambre-dhotel'),
('erudit', 'char-dassaut'),
('erudit', 'classieux'),
('erudit', 'couteau-de-lancer'),
('erudit', 'dirigeable'),
('erudit', 'dynamite'),
('erudit', 'epee'),
('erudit', 'foudroyeur'),
('erudit', 'fusil-a-pompe'),
('erudit', 'fusil-dassaut'),
('erudit', 'fusil-de-chasse'),
('erudit', 'fusil-de-precision'),
('erudit', 'fusil-gros-gibier'),
('erudit', 'fusil-precision-lour'),
('erudit', 'gilet-pare-balles'),
('erudit', 'gilet-pare-balles-lo'),
('erudit', 'grand-restaurant'),
('erudit', 'grenade-defensive'),
('erudit', 'grenade-lacrymogene'),
('erudit', 'grenade-offensive'),
('erudit', 'hache-2-mains'),
('erudit', 'hachette'),
('erudit', 'haute-couture'),
('erudit', 'helicoptere'),
('erudit', 'hotel-de-luxe'),
('erudit', 'hotel-minable'),
('erudit', 'jumelles'),
('erudit', 'lampe-torche'),
('erudit', 'lance-grenade'),
('erudit', 'lance-roquette'),
('erudit', 'luxe'),
('erudit', 'machette'),
('erudit', 'marteau'),
('erudit', 'menottes'),
('erudit', 'mini-pistolet-derrin'),
('erudit', 'minivan'),
('erudit', 'mitrailleuse-legere'),
('erudit', 'mitrailleuse-lourde'),
('erudit', 'mitrailleuse-moyenne'),
('erudit', 'montre-bracelet'),
('erudit', 'moto-routiere'),
('erudit', 'moto-sportive'),
('erudit', 'moto-tout-terrain'),
('erudit', 'pisto-mitrailleur'),
('erudit', 'pisto-mitrailleur-lo'),
('erudit', 'pistolet-leger'),
('erudit', 'pistolet-lourd'),
('erudit', 'pistolet-moyen'),
('erudit', 'poignard'),
('erudit', 'poste-de-radio'),
('erudit', 'premier-prix'),
('erudit', 'rapiere'),
('erudit', 'repas-rapide'),
('erudit', 'restaurant'),
('erudit', 'sagaie'),
('erudit', 'semi-remorque'),
('erudit', 'shuriken'),
('erudit', 'suite-de-luxe'),
('erudit', 'tenue-de-randonnee'),
('erudit', 'tenue-polaire'),
('erudit', 'trousse-de-secours'),
('erudit', 'vivres-1-semaine'),
('erudit', 'zeppelin'),
('espion', 'a-la-mode'),
('espion', 'appareil-photo'),
('espion', 'arc'),
('espion', 'auto-4x4'),
('espion', 'auto-berline'),
('espion', 'auto-citadine'),
('espion', 'auto-sportive'),
('espion', 'autre'),
('espion', 'avion-bombardier'),
('espion', 'avion-chasseur'),
('espion', 'avion-de-tourisme'),
('espion', 'batte-base-ball'),
('espion', 'berline-de-luxe'),
('espion', 'blinde-leger'),
('espion', 'boussole'),
('espion', 'caisse-a-outils'),
('espion', 'camion'),
('espion', 'canon-scie'),
('espion', 'carabine-a-repetitio'),
('espion', 'chambre-dhotel'),
('espion', 'char-dassaut'),
('espion', 'classieux'),
('espion', 'couteau-de-lancer'),
('espion', 'dirigeable'),
('espion', 'dynamite'),
('espion', 'epee'),
('espion', 'foudroyeur'),
('espion', 'fusil-a-pompe'),
('espion', 'fusil-dassaut'),
('espion', 'fusil-de-chasse'),
('espion', 'fusil-de-precision'),
('espion', 'fusil-gros-gibier'),
('espion', 'fusil-precision-lour'),
('espion', 'gilet-pare-balles'),
('espion', 'gilet-pare-balles-lo'),
('espion', 'grand-restaurant'),
('espion', 'grenade-defensive'),
('espion', 'grenade-lacrymogene'),
('espion', 'grenade-offensive'),
('espion', 'hache-2-mains'),
('espion', 'hachette'),
('espion', 'haute-couture'),
('espion', 'helicoptere'),
('espion', 'hotel-de-luxe'),
('espion', 'hotel-minable'),
('espion', 'jumelles'),
('espion', 'lampe-torche'),
('espion', 'lance-grenade'),
('espion', 'lance-roquette'),
('espion', 'luxe'),
('espion', 'machette'),
('espion', 'marteau'),
('espion', 'menottes'),
('espion', 'mini-pistolet-derrin'),
('espion', 'minivan'),
('espion', 'mitrailleuse-legere'),
('espion', 'mitrailleuse-lourde'),
('espion', 'mitrailleuse-moyenne'),
('espion', 'montre-bracelet'),
('espion', 'moto-routiere'),
('espion', 'moto-sportive'),
('espion', 'moto-tout-terrain'),
('espion', 'pisto-mitrailleur'),
('espion', 'pisto-mitrailleur-lo'),
('espion', 'pistolet-leger'),
('espion', 'pistolet-lourd'),
('espion', 'pistolet-moyen'),
('espion', 'poignard'),
('espion', 'poste-de-radio'),
('espion', 'premier-prix'),
('espion', 'rapiere'),
('espion', 'repas-rapide'),
('espion', 'restaurant'),
('espion', 'sagaie'),
('espion', 'semi-remorque'),
('espion', 'shuriken'),
('espion', 'suite-de-luxe'),
('espion', 'tenue-de-randonnee'),
('espion', 'tenue-polaire'),
('espion', 'trousse-de-secours'),
('espion', 'vivres-1-semaine'),
('espion', 'zeppelin'),
('etre-feerique', 'a-la-mode'),
('etre-feerique', 'appareil-photo'),
('etre-feerique', 'arc'),
('etre-feerique', 'auto-4x4'),
('etre-feerique', 'auto-berline'),
('etre-feerique', 'auto-citadine'),
('etre-feerique', 'auto-sportive'),
('etre-feerique', 'autre'),
('etre-feerique', 'avion-bombardier'),
('etre-feerique', 'avion-chasseur'),
('etre-feerique', 'avion-de-tourisme'),
('etre-feerique', 'batte-base-ball'),
('etre-feerique', 'berline-de-luxe'),
('etre-feerique', 'blinde-leger'),
('etre-feerique', 'boussole'),
('etre-feerique', 'caisse-a-outils'),
('etre-feerique', 'camion'),
('etre-feerique', 'canon-scie'),
('etre-feerique', 'carabine-a-repetitio'),
('etre-feerique', 'chambre-dhotel'),
('etre-feerique', 'char-dassaut'),
('etre-feerique', 'classieux'),
('etre-feerique', 'couteau-de-lancer'),
('etre-feerique', 'dirigeable'),
('etre-feerique', 'dynamite'),
('etre-feerique', 'epee'),
('etre-feerique', 'foudroyeur'),
('etre-feerique', 'fusil-a-pompe'),
('etre-feerique', 'fusil-dassaut'),
('etre-feerique', 'fusil-de-chasse'),
('etre-feerique', 'fusil-de-precision'),
('etre-feerique', 'fusil-gros-gibier'),
('etre-feerique', 'fusil-precision-lour'),
('etre-feerique', 'gilet-pare-balles'),
('etre-feerique', 'gilet-pare-balles-lo'),
('etre-feerique', 'grand-restaurant'),
('etre-feerique', 'grenade-defensive'),
('etre-feerique', 'grenade-lacrymogene'),
('etre-feerique', 'grenade-offensive'),
('etre-feerique', 'hache-2-mains'),
('etre-feerique', 'hachette'),
('etre-feerique', 'haute-couture'),
('etre-feerique', 'helicoptere'),
('etre-feerique', 'hotel-de-luxe'),
('etre-feerique', 'hotel-minable'),
('etre-feerique', 'jumelles'),
('etre-feerique', 'lampe-torche'),
('etre-feerique', 'lance-grenade'),
('etre-feerique', 'lance-roquette'),
('etre-feerique', 'luxe'),
('etre-feerique', 'machette'),
('etre-feerique', 'marteau'),
('etre-feerique', 'menottes'),
('etre-feerique', 'mini-pistolet-derrin'),
('etre-feerique', 'minivan'),
('etre-feerique', 'mitrailleuse-legere'),
('etre-feerique', 'mitrailleuse-lourde'),
('etre-feerique', 'mitrailleuse-moyenne'),
('etre-feerique', 'montre-bracelet'),
('etre-feerique', 'moto-routiere'),
('etre-feerique', 'moto-sportive'),
('etre-feerique', 'moto-tout-terrain'),
('etre-feerique', 'pisto-mitrailleur'),
('etre-feerique', 'pisto-mitrailleur-lo'),
('etre-feerique', 'pistolet-leger'),
('etre-feerique', 'pistolet-lourd'),
('etre-feerique', 'pistolet-moyen'),
('etre-feerique', 'poignard'),
('etre-feerique', 'poste-de-radio'),
('etre-feerique', 'premier-prix'),
('etre-feerique', 'rapiere'),
('etre-feerique', 'repas-rapide'),
('etre-feerique', 'restaurant'),
('etre-feerique', 'sagaie'),
('etre-feerique', 'semi-remorque'),
('etre-feerique', 'shuriken'),
('etre-feerique', 'suite-de-luxe'),
('etre-feerique', 'tenue-de-randonnee'),
('etre-feerique', 'tenue-polaire'),
('etre-feerique', 'trousse-de-secours'),
('etre-feerique', 'vivres-1-semaine'),
('etre-feerique', 'zeppelin'),
('exorciste', 'a-la-mode'),
('exorciste', 'appareil-photo'),
('exorciste', 'arc'),
('exorciste', 'auto-4x4'),
('exorciste', 'auto-berline'),
('exorciste', 'auto-citadine'),
('exorciste', 'auto-sportive'),
('exorciste', 'autre'),
('exorciste', 'avion-bombardier'),
('exorciste', 'avion-chasseur'),
('exorciste', 'avion-de-tourisme'),
('exorciste', 'batte-base-ball'),
('exorciste', 'berline-de-luxe'),
('exorciste', 'blinde-leger'),
('exorciste', 'boussole'),
('exorciste', 'caisse-a-outils'),
('exorciste', 'camion'),
('exorciste', 'canon-scie'),
('exorciste', 'carabine-a-repetitio'),
('exorciste', 'chambre-dhotel'),
('exorciste', 'char-dassaut'),
('exorciste', 'classieux'),
('exorciste', 'couteau-de-lancer'),
('exorciste', 'dirigeable'),
('exorciste', 'dynamite'),
('exorciste', 'epee'),
('exorciste', 'foudroyeur'),
('exorciste', 'fusil-a-pompe'),
('exorciste', 'fusil-dassaut'),
('exorciste', 'fusil-de-chasse'),
('exorciste', 'fusil-de-precision'),
('exorciste', 'fusil-gros-gibier'),
('exorciste', 'fusil-precision-lour'),
('exorciste', 'gilet-pare-balles'),
('exorciste', 'gilet-pare-balles-lo'),
('exorciste', 'grand-restaurant'),
('exorciste', 'grenade-defensive'),
('exorciste', 'grenade-lacrymogene'),
('exorciste', 'grenade-offensive'),
('exorciste', 'hache-2-mains'),
('exorciste', 'hachette'),
('exorciste', 'haute-couture'),
('exorciste', 'helicoptere'),
('exorciste', 'hotel-de-luxe'),
('exorciste', 'hotel-minable'),
('exorciste', 'jumelles'),
('exorciste', 'lampe-torche'),
('exorciste', 'lance-grenade'),
('exorciste', 'lance-roquette'),
('exorciste', 'luxe'),
('exorciste', 'machette'),
('exorciste', 'marteau'),
('exorciste', 'menottes'),
('exorciste', 'mini-pistolet-derrin'),
('exorciste', 'minivan'),
('exorciste', 'mitrailleuse-legere'),
('exorciste', 'mitrailleuse-lourde'),
('exorciste', 'mitrailleuse-moyenne'),
('exorciste', 'montre-bracelet'),
('exorciste', 'moto-routiere'),
('exorciste', 'moto-sportive'),
('exorciste', 'moto-tout-terrain'),
('exorciste', 'pisto-mitrailleur'),
('exorciste', 'pisto-mitrailleur-lo'),
('exorciste', 'pistolet-leger'),
('exorciste', 'pistolet-lourd'),
('exorciste', 'pistolet-moyen'),
('exorciste', 'poignard'),
('exorciste', 'poste-de-radio'),
('exorciste', 'premier-prix'),
('exorciste', 'rapiere'),
('exorciste', 'repas-rapide'),
('exorciste', 'restaurant'),
('exorciste', 'sagaie'),
('exorciste', 'semi-remorque'),
('exorciste', 'shuriken'),
('exorciste', 'suite-de-luxe'),
('exorciste', 'tenue-de-randonnee'),
('exorciste', 'tenue-polaire'),
('exorciste', 'trousse-de-secours'),
('exorciste', 'vivres-1-semaine'),
('exorciste', 'zeppelin'),
('explorateur', 'a-la-mode'),
('explorateur', 'appareil-photo'),
('explorateur', 'arc'),
('explorateur', 'auto-4x4'),
('explorateur', 'auto-berline'),
('explorateur', 'auto-citadine'),
('explorateur', 'auto-sportive'),
('explorateur', 'autre'),
('explorateur', 'avion-bombardier'),
('explorateur', 'avion-chasseur'),
('explorateur', 'avion-de-tourisme'),
('explorateur', 'batte-base-ball'),
('explorateur', 'berline-de-luxe'),
('explorateur', 'blinde-leger'),
('explorateur', 'boussole'),
('explorateur', 'caisse-a-outils'),
('explorateur', 'camion'),
('explorateur', 'canon-scie'),
('explorateur', 'carabine-a-repetitio'),
('explorateur', 'chambre-dhotel'),
('explorateur', 'char-dassaut'),
('explorateur', 'classieux'),
('explorateur', 'couteau-de-lancer'),
('explorateur', 'dirigeable'),
('explorateur', 'dynamite'),
('explorateur', 'epee'),
('explorateur', 'foudroyeur'),
('explorateur', 'fusil-a-pompe'),
('explorateur', 'fusil-dassaut'),
('explorateur', 'fusil-de-chasse'),
('explorateur', 'fusil-de-precision'),
('explorateur', 'fusil-gros-gibier'),
('explorateur', 'fusil-precision-lour'),
('explorateur', 'gilet-pare-balles'),
('explorateur', 'gilet-pare-balles-lo'),
('explorateur', 'grand-restaurant'),
('explorateur', 'grenade-defensive'),
('explorateur', 'grenade-lacrymogene'),
('explorateur', 'grenade-offensive'),
('explorateur', 'hache-2-mains'),
('explorateur', 'hachette'),
('explorateur', 'haute-couture'),
('explorateur', 'helicoptere'),
('explorateur', 'hotel-de-luxe'),
('explorateur', 'hotel-minable'),
('explorateur', 'jumelles'),
('explorateur', 'lampe-torche'),
('explorateur', 'lance-grenade'),
('explorateur', 'lance-roquette'),
('explorateur', 'luxe'),
('explorateur', 'machette'),
('explorateur', 'marteau'),
('explorateur', 'menottes'),
('explorateur', 'mini-pistolet-derrin'),
('explorateur', 'minivan'),
('explorateur', 'mitrailleuse-legere'),
('explorateur', 'mitrailleuse-lourde'),
('explorateur', 'mitrailleuse-moyenne'),
('explorateur', 'montre-bracelet'),
('explorateur', 'moto-routiere'),
('explorateur', 'moto-sportive'),
('explorateur', 'moto-tout-terrain'),
('explorateur', 'pisto-mitrailleur'),
('explorateur', 'pisto-mitrailleur-lo'),
('explorateur', 'pistolet-leger'),
('explorateur', 'pistolet-lourd'),
('explorateur', 'pistolet-moyen'),
('explorateur', 'poignard'),
('explorateur', 'poste-de-radio'),
('explorateur', 'premier-prix'),
('explorateur', 'rapiere'),
('explorateur', 'repas-rapide'),
('explorateur', 'restaurant'),
('explorateur', 'sagaie'),
('explorateur', 'semi-remorque'),
('explorateur', 'shuriken'),
('explorateur', 'suite-de-luxe'),
('explorateur', 'tenue-de-randonnee'),
('explorateur', 'tenue-polaire'),
('explorateur', 'trousse-de-secours'),
('explorateur', 'vivres-1-semaine'),
('explorateur', 'zeppelin'),
('garde-du-corps', 'a-la-mode'),
('garde-du-corps', 'appareil-photo'),
('garde-du-corps', 'arc'),
('garde-du-corps', 'auto-4x4'),
('garde-du-corps', 'auto-berline'),
('garde-du-corps', 'auto-citadine'),
('garde-du-corps', 'auto-sportive'),
('garde-du-corps', 'autre'),
('garde-du-corps', 'avion-bombardier'),
('garde-du-corps', 'avion-chasseur'),
('garde-du-corps', 'avion-de-tourisme'),
('garde-du-corps', 'batte-base-ball'),
('garde-du-corps', 'berline-de-luxe'),
('garde-du-corps', 'blinde-leger'),
('garde-du-corps', 'boussole'),
('garde-du-corps', 'caisse-a-outils'),
('garde-du-corps', 'camion'),
('garde-du-corps', 'canon-scie'),
('garde-du-corps', 'carabine-a-repetitio'),
('garde-du-corps', 'chambre-dhotel'),
('garde-du-corps', 'char-dassaut'),
('garde-du-corps', 'classieux'),
('garde-du-corps', 'couteau-de-lancer'),
('garde-du-corps', 'dirigeable'),
('garde-du-corps', 'dynamite'),
('garde-du-corps', 'epee'),
('garde-du-corps', 'foudroyeur'),
('garde-du-corps', 'fusil-a-pompe'),
('garde-du-corps', 'fusil-dassaut'),
('garde-du-corps', 'fusil-de-chasse'),
('garde-du-corps', 'fusil-de-precision'),
('garde-du-corps', 'fusil-gros-gibier'),
('garde-du-corps', 'fusil-precision-lour'),
('garde-du-corps', 'gilet-pare-balles'),
('garde-du-corps', 'gilet-pare-balles-lo'),
('garde-du-corps', 'grand-restaurant'),
('garde-du-corps', 'grenade-defensive'),
('garde-du-corps', 'grenade-lacrymogene'),
('garde-du-corps', 'grenade-offensive'),
('garde-du-corps', 'hache-2-mains'),
('garde-du-corps', 'hachette'),
('garde-du-corps', 'haute-couture'),
('garde-du-corps', 'helicoptere'),
('garde-du-corps', 'hotel-de-luxe'),
('garde-du-corps', 'hotel-minable'),
('garde-du-corps', 'jumelles'),
('garde-du-corps', 'lampe-torche'),
('garde-du-corps', 'lance-grenade'),
('garde-du-corps', 'lance-roquette'),
('garde-du-corps', 'luxe'),
('garde-du-corps', 'machette'),
('garde-du-corps', 'marteau'),
('garde-du-corps', 'menottes'),
('garde-du-corps', 'mini-pistolet-derrin'),
('garde-du-corps', 'minivan'),
('garde-du-corps', 'mitrailleuse-legere'),
('garde-du-corps', 'mitrailleuse-lourde'),
('garde-du-corps', 'mitrailleuse-moyenne'),
('garde-du-corps', 'montre-bracelet'),
('garde-du-corps', 'moto-routiere'),
('garde-du-corps', 'moto-sportive'),
('garde-du-corps', 'moto-tout-terrain'),
('garde-du-corps', 'pisto-mitrailleur'),
('garde-du-corps', 'pisto-mitrailleur-lo'),
('garde-du-corps', 'pistolet-leger'),
('garde-du-corps', 'pistolet-lourd'),
('garde-du-corps', 'pistolet-moyen'),
('garde-du-corps', 'poignard'),
('garde-du-corps', 'poste-de-radio'),
('garde-du-corps', 'premier-prix'),
('garde-du-corps', 'rapiere'),
('garde-du-corps', 'repas-rapide'),
('garde-du-corps', 'restaurant'),
('garde-du-corps', 'sagaie'),
('garde-du-corps', 'semi-remorque'),
('garde-du-corps', 'shuriken'),
('garde-du-corps', 'suite-de-luxe'),
('garde-du-corps', 'tenue-de-randonnee'),
('garde-du-corps', 'tenue-polaire'),
('garde-du-corps', 'trousse-de-secours'),
('garde-du-corps', 'vivres-1-semaine'),
('garde-du-corps', 'zeppelin'),
('guerisseur', 'a-la-mode'),
('guerisseur', 'appareil-photo'),
('guerisseur', 'arc'),
('guerisseur', 'auto-4x4'),
('guerisseur', 'auto-berline'),
('guerisseur', 'auto-citadine'),
('guerisseur', 'auto-sportive'),
('guerisseur', 'autre'),
('guerisseur', 'avion-bombardier'),
('guerisseur', 'avion-chasseur'),
('guerisseur', 'avion-de-tourisme'),
('guerisseur', 'batte-base-ball'),
('guerisseur', 'berline-de-luxe'),
('guerisseur', 'blinde-leger'),
('guerisseur', 'boussole'),
('guerisseur', 'caisse-a-outils'),
('guerisseur', 'camion'),
('guerisseur', 'canon-scie'),
('guerisseur', 'carabine-a-repetitio'),
('guerisseur', 'chambre-dhotel'),
('guerisseur', 'char-dassaut'),
('guerisseur', 'classieux'),
('guerisseur', 'couteau-de-lancer'),
('guerisseur', 'dirigeable'),
('guerisseur', 'dynamite'),
('guerisseur', 'epee'),
('guerisseur', 'foudroyeur'),
('guerisseur', 'fusil-a-pompe'),
('guerisseur', 'fusil-dassaut'),
('guerisseur', 'fusil-de-chasse'),
('guerisseur', 'fusil-de-precision'),
('guerisseur', 'fusil-gros-gibier'),
('guerisseur', 'fusil-precision-lour'),
('guerisseur', 'gilet-pare-balles'),
('guerisseur', 'gilet-pare-balles-lo'),
('guerisseur', 'grand-restaurant'),
('guerisseur', 'grenade-defensive'),
('guerisseur', 'grenade-lacrymogene'),
('guerisseur', 'grenade-offensive'),
('guerisseur', 'hache-2-mains'),
('guerisseur', 'hachette'),
('guerisseur', 'haute-couture'),
('guerisseur', 'helicoptere'),
('guerisseur', 'hotel-de-luxe'),
('guerisseur', 'hotel-minable'),
('guerisseur', 'jumelles'),
('guerisseur', 'lampe-torche'),
('guerisseur', 'lance-grenade'),
('guerisseur', 'lance-roquette'),
('guerisseur', 'luxe'),
('guerisseur', 'machette'),
('guerisseur', 'marteau'),
('guerisseur', 'menottes'),
('guerisseur', 'mini-pistolet-derrin'),
('guerisseur', 'minivan'),
('guerisseur', 'mitrailleuse-legere'),
('guerisseur', 'mitrailleuse-lourde'),
('guerisseur', 'mitrailleuse-moyenne'),
('guerisseur', 'montre-bracelet'),
('guerisseur', 'moto-routiere'),
('guerisseur', 'moto-sportive'),
('guerisseur', 'moto-tout-terrain'),
('guerisseur', 'pisto-mitrailleur'),
('guerisseur', 'pisto-mitrailleur-lo'),
('guerisseur', 'pistolet-leger'),
('guerisseur', 'pistolet-lourd'),
('guerisseur', 'pistolet-moyen'),
('guerisseur', 'poignard'),
('guerisseur', 'poste-de-radio'),
('guerisseur', 'premier-prix'),
('guerisseur', 'rapiere'),
('guerisseur', 'repas-rapide'),
('guerisseur', 'restaurant'),
('guerisseur', 'sagaie'),
('guerisseur', 'semi-remorque'),
('guerisseur', 'shuriken'),
('guerisseur', 'suite-de-luxe'),
('guerisseur', 'tenue-de-randonnee'),
('guerisseur', 'tenue-polaire'),
('guerisseur', 'trousse-de-secours'),
('guerisseur', 'vivres-1-semaine'),
('guerisseur', 'zeppelin'),
('herboriste', 'a-la-mode'),
('herboriste', 'appareil-photo'),
('herboriste', 'arc'),
('herboriste', 'auto-4x4'),
('herboriste', 'auto-berline'),
('herboriste', 'auto-citadine'),
('herboriste', 'auto-sportive'),
('herboriste', 'autre'),
('herboriste', 'avion-bombardier'),
('herboriste', 'avion-chasseur'),
('herboriste', 'avion-de-tourisme'),
('herboriste', 'batte-base-ball'),
('herboriste', 'berline-de-luxe'),
('herboriste', 'blinde-leger'),
('herboriste', 'boussole'),
('herboriste', 'caisse-a-outils'),
('herboriste', 'camion'),
('herboriste', 'canon-scie'),
('herboriste', 'carabine-a-repetitio'),
('herboriste', 'chambre-dhotel'),
('herboriste', 'char-dassaut'),
('herboriste', 'classieux'),
('herboriste', 'couteau-de-lancer'),
('herboriste', 'dirigeable'),
('herboriste', 'dynamite'),
('herboriste', 'epee'),
('herboriste', 'foudroyeur'),
('herboriste', 'fusil-a-pompe'),
('herboriste', 'fusil-dassaut'),
('herboriste', 'fusil-de-chasse'),
('herboriste', 'fusil-de-precision'),
('herboriste', 'fusil-gros-gibier'),
('herboriste', 'fusil-precision-lour'),
('herboriste', 'gilet-pare-balles'),
('herboriste', 'gilet-pare-balles-lo'),
('herboriste', 'grand-restaurant'),
('herboriste', 'grenade-defensive'),
('herboriste', 'grenade-lacrymogene'),
('herboriste', 'grenade-offensive'),
('herboriste', 'hache-2-mains'),
('herboriste', 'hachette'),
('herboriste', 'haute-couture'),
('herboriste', 'helicoptere'),
('herboriste', 'hotel-de-luxe'),
('herboriste', 'hotel-minable'),
('herboriste', 'jumelles'),
('herboriste', 'lampe-torche'),
('herboriste', 'lance-grenade'),
('herboriste', 'lance-roquette'),
('herboriste', 'luxe'),
('herboriste', 'machette'),
('herboriste', 'marteau'),
('herboriste', 'menottes'),
('herboriste', 'mini-pistolet-derrin'),
('herboriste', 'minivan'),
('herboriste', 'mitrailleuse-legere'),
('herboriste', 'mitrailleuse-lourde'),
('herboriste', 'mitrailleuse-moyenne'),
('herboriste', 'montre-bracelet'),
('herboriste', 'moto-routiere'),
('herboriste', 'moto-sportive'),
('herboriste', 'moto-tout-terrain'),
('herboriste', 'pisto-mitrailleur'),
('herboriste', 'pisto-mitrailleur-lo'),
('herboriste', 'pistolet-leger'),
('herboriste', 'pistolet-lourd'),
('herboriste', 'pistolet-moyen'),
('herboriste', 'poignard'),
('herboriste', 'poste-de-radio'),
('herboriste', 'premier-prix'),
('herboriste', 'rapiere'),
('herboriste', 'repas-rapide'),
('herboriste', 'restaurant'),
('herboriste', 'sagaie'),
('herboriste', 'semi-remorque'),
('herboriste', 'shuriken'),
('herboriste', 'suite-de-luxe'),
('herboriste', 'tenue-de-randonnee'),
('herboriste', 'tenue-polaire'),
('herboriste', 'trousse-de-secours'),
('herboriste', 'vivres-1-semaine'),
('herboriste', 'zeppelin'),
('humanitaire', 'a-la-mode'),
('humanitaire', 'appareil-photo'),
('humanitaire', 'arc'),
('humanitaire', 'auto-4x4'),
('humanitaire', 'auto-berline'),
('humanitaire', 'auto-citadine'),
('humanitaire', 'auto-sportive'),
('humanitaire', 'autre'),
('humanitaire', 'avion-bombardier'),
('humanitaire', 'avion-chasseur'),
('humanitaire', 'avion-de-tourisme'),
('humanitaire', 'batte-base-ball'),
('humanitaire', 'berline-de-luxe'),
('humanitaire', 'blinde-leger'),
('humanitaire', 'boussole'),
('humanitaire', 'caisse-a-outils'),
('humanitaire', 'camion'),
('humanitaire', 'canon-scie'),
('humanitaire', 'carabine-a-repetitio'),
('humanitaire', 'chambre-dhotel'),
('humanitaire', 'char-dassaut'),
('humanitaire', 'classieux'),
('humanitaire', 'couteau-de-lancer'),
('humanitaire', 'dirigeable'),
('humanitaire', 'dynamite'),
('humanitaire', 'epee'),
('humanitaire', 'foudroyeur'),
('humanitaire', 'fusil-a-pompe'),
('humanitaire', 'fusil-dassaut'),
('humanitaire', 'fusil-de-chasse'),
('humanitaire', 'fusil-de-precision'),
('humanitaire', 'fusil-gros-gibier'),
('humanitaire', 'fusil-precision-lour'),
('humanitaire', 'gilet-pare-balles'),
('humanitaire', 'gilet-pare-balles-lo'),
('humanitaire', 'grand-restaurant'),
('humanitaire', 'grenade-defensive'),
('humanitaire', 'grenade-lacrymogene'),
('humanitaire', 'grenade-offensive'),
('humanitaire', 'hache-2-mains'),
('humanitaire', 'hachette'),
('humanitaire', 'haute-couture'),
('humanitaire', 'helicoptere'),
('humanitaire', 'hotel-de-luxe'),
('humanitaire', 'hotel-minable'),
('humanitaire', 'jumelles'),
('humanitaire', 'lampe-torche'),
('humanitaire', 'lance-grenade'),
('humanitaire', 'lance-roquette'),
('humanitaire', 'luxe'),
('humanitaire', 'machette'),
('humanitaire', 'marteau'),
('humanitaire', 'menottes'),
('humanitaire', 'mini-pistolet-derrin'),
('humanitaire', 'minivan'),
('humanitaire', 'mitrailleuse-legere'),
('humanitaire', 'mitrailleuse-lourde'),
('humanitaire', 'mitrailleuse-moyenne'),
('humanitaire', 'montre-bracelet'),
('humanitaire', 'moto-routiere'),
('humanitaire', 'moto-sportive'),
('humanitaire', 'moto-tout-terrain'),
('humanitaire', 'pisto-mitrailleur'),
('humanitaire', 'pisto-mitrailleur-lo'),
('humanitaire', 'pistolet-leger'),
('humanitaire', 'pistolet-lourd'),
('humanitaire', 'pistolet-moyen'),
('humanitaire', 'poignard'),
('humanitaire', 'poste-de-radio'),
('humanitaire', 'premier-prix'),
('humanitaire', 'rapiere'),
('humanitaire', 'repas-rapide'),
('humanitaire', 'restaurant'),
('humanitaire', 'sagaie'),
('humanitaire', 'semi-remorque'),
('humanitaire', 'shuriken'),
('humanitaire', 'suite-de-luxe'),
('humanitaire', 'tenue-de-randonnee'),
('humanitaire', 'tenue-polaire'),
('humanitaire', 'trousse-de-secours'),
('humanitaire', 'vivres-1-semaine'),
('humanitaire', 'zeppelin'),
('illusionniste', 'a-la-mode'),
('illusionniste', 'appareil-photo'),
('illusionniste', 'arc'),
('illusionniste', 'auto-4x4'),
('illusionniste', 'auto-berline'),
('illusionniste', 'auto-citadine'),
('illusionniste', 'auto-sportive'),
('illusionniste', 'autre'),
('illusionniste', 'avion-bombardier'),
('illusionniste', 'avion-chasseur'),
('illusionniste', 'avion-de-tourisme'),
('illusionniste', 'batte-base-ball'),
('illusionniste', 'berline-de-luxe'),
('illusionniste', 'blinde-leger'),
('illusionniste', 'boussole'),
('illusionniste', 'caisse-a-outils'),
('illusionniste', 'camion'),
('illusionniste', 'canon-scie'),
('illusionniste', 'carabine-a-repetitio'),
('illusionniste', 'chambre-dhotel'),
('illusionniste', 'char-dassaut'),
('illusionniste', 'classieux'),
('illusionniste', 'couteau-de-lancer'),
('illusionniste', 'dirigeable'),
('illusionniste', 'dynamite'),
('illusionniste', 'epee'),
('illusionniste', 'foudroyeur'),
('illusionniste', 'fusil-a-pompe'),
('illusionniste', 'fusil-dassaut'),
('illusionniste', 'fusil-de-chasse'),
('illusionniste', 'fusil-de-precision'),
('illusionniste', 'fusil-gros-gibier'),
('illusionniste', 'fusil-precision-lour'),
('illusionniste', 'gilet-pare-balles'),
('illusionniste', 'gilet-pare-balles-lo'),
('illusionniste', 'grand-restaurant'),
('illusionniste', 'grenade-defensive'),
('illusionniste', 'grenade-lacrymogene'),
('illusionniste', 'grenade-offensive'),
('illusionniste', 'hache-2-mains'),
('illusionniste', 'hachette'),
('illusionniste', 'haute-couture'),
('illusionniste', 'helicoptere'),
('illusionniste', 'hotel-de-luxe'),
('illusionniste', 'hotel-minable'),
('illusionniste', 'jumelles'),
('illusionniste', 'lampe-torche'),
('illusionniste', 'lance-grenade'),
('illusionniste', 'lance-roquette'),
('illusionniste', 'luxe'),
('illusionniste', 'machette'),
('illusionniste', 'marteau'),
('illusionniste', 'menottes'),
('illusionniste', 'mini-pistolet-derrin'),
('illusionniste', 'minivan'),
('illusionniste', 'mitrailleuse-legere'),
('illusionniste', 'mitrailleuse-lourde'),
('illusionniste', 'mitrailleuse-moyenne'),
('illusionniste', 'montre-bracelet'),
('illusionniste', 'moto-routiere'),
('illusionniste', 'moto-sportive'),
('illusionniste', 'moto-tout-terrain'),
('illusionniste', 'pisto-mitrailleur'),
('illusionniste', 'pisto-mitrailleur-lo'),
('illusionniste', 'pistolet-leger'),
('illusionniste', 'pistolet-lourd'),
('illusionniste', 'pistolet-moyen'),
('illusionniste', 'poignard'),
('illusionniste', 'poste-de-radio'),
('illusionniste', 'premier-prix'),
('illusionniste', 'rapiere'),
('illusionniste', 'repas-rapide'),
('illusionniste', 'restaurant'),
('illusionniste', 'sagaie'),
('illusionniste', 'semi-remorque'),
('illusionniste', 'shuriken'),
('illusionniste', 'suite-de-luxe'),
('illusionniste', 'tenue-de-randonnee'),
('illusionniste', 'tenue-polaire'),
('illusionniste', 'trousse-de-secours'),
('illusionniste', 'vivres-1-semaine'),
('illusionniste', 'zeppelin'),
('inspecteur', 'a-la-mode'),
('inspecteur', 'appareil-photo'),
('inspecteur', 'arc'),
('inspecteur', 'auto-4x4'),
('inspecteur', 'auto-berline'),
('inspecteur', 'auto-citadine'),
('inspecteur', 'auto-sportive'),
('inspecteur', 'autre'),
('inspecteur', 'avion-bombardier'),
('inspecteur', 'avion-chasseur'),
('inspecteur', 'avion-de-tourisme'),
('inspecteur', 'batte-base-ball'),
('inspecteur', 'berline-de-luxe'),
('inspecteur', 'blinde-leger'),
('inspecteur', 'boussole'),
('inspecteur', 'caisse-a-outils'),
('inspecteur', 'camion'),
('inspecteur', 'canon-scie'),
('inspecteur', 'carabine-a-repetitio'),
('inspecteur', 'chambre-dhotel'),
('inspecteur', 'char-dassaut'),
('inspecteur', 'classieux'),
('inspecteur', 'couteau-de-lancer'),
('inspecteur', 'dirigeable'),
('inspecteur', 'dynamite'),
('inspecteur', 'epee'),
('inspecteur', 'foudroyeur'),
('inspecteur', 'fusil-a-pompe'),
('inspecteur', 'fusil-dassaut'),
('inspecteur', 'fusil-de-chasse'),
('inspecteur', 'fusil-de-precision'),
('inspecteur', 'fusil-gros-gibier'),
('inspecteur', 'fusil-precision-lour'),
('inspecteur', 'gilet-pare-balles'),
('inspecteur', 'gilet-pare-balles-lo'),
('inspecteur', 'grand-restaurant'),
('inspecteur', 'grenade-defensive'),
('inspecteur', 'grenade-lacrymogene'),
('inspecteur', 'grenade-offensive'),
('inspecteur', 'hache-2-mains'),
('inspecteur', 'hachette'),
('inspecteur', 'haute-couture'),
('inspecteur', 'helicoptere'),
('inspecteur', 'hotel-de-luxe'),
('inspecteur', 'hotel-minable'),
('inspecteur', 'jumelles'),
('inspecteur', 'lampe-torche'),
('inspecteur', 'lance-grenade'),
('inspecteur', 'lance-roquette'),
('inspecteur', 'luxe'),
('inspecteur', 'machette'),
('inspecteur', 'marteau'),
('inspecteur', 'menottes'),
('inspecteur', 'mini-pistolet-derrin'),
('inspecteur', 'minivan'),
('inspecteur', 'mitrailleuse-legere'),
('inspecteur', 'mitrailleuse-lourde'),
('inspecteur', 'mitrailleuse-moyenne'),
('inspecteur', 'montre-bracelet'),
('inspecteur', 'moto-routiere'),
('inspecteur', 'moto-sportive'),
('inspecteur', 'moto-tout-terrain'),
('inspecteur', 'pisto-mitrailleur'),
('inspecteur', 'pisto-mitrailleur-lo'),
('inspecteur', 'pistolet-leger'),
('inspecteur', 'pistolet-lourd'),
('inspecteur', 'pistolet-moyen'),
('inspecteur', 'poignard'),
('inspecteur', 'poste-de-radio'),
('inspecteur', 'premier-prix'),
('inspecteur', 'rapiere'),
('inspecteur', 'repas-rapide'),
('inspecteur', 'restaurant'),
('inspecteur', 'sagaie'),
('inspecteur', 'semi-remorque'),
('inspecteur', 'shuriken'),
('inspecteur', 'suite-de-luxe'),
('inspecteur', 'tenue-de-randonnee'),
('inspecteur', 'tenue-polaire'),
('inspecteur', 'trousse-de-secours'),
('inspecteur', 'vivres-1-semaine'),
('inspecteur', 'zeppelin'),
('inventeur', 'a-la-mode'),
('inventeur', 'appareil-photo'),
('inventeur', 'arc'),
('inventeur', 'auto-4x4'),
('inventeur', 'auto-berline'),
('inventeur', 'auto-citadine'),
('inventeur', 'auto-sportive'),
('inventeur', 'autre'),
('inventeur', 'avion-bombardier'),
('inventeur', 'avion-chasseur'),
('inventeur', 'avion-de-tourisme'),
('inventeur', 'batte-base-ball'),
('inventeur', 'berline-de-luxe'),
('inventeur', 'blinde-leger'),
('inventeur', 'boussole'),
('inventeur', 'caisse-a-outils'),
('inventeur', 'camion'),
('inventeur', 'canon-scie'),
('inventeur', 'carabine-a-repetitio'),
('inventeur', 'chambre-dhotel'),
('inventeur', 'char-dassaut'),
('inventeur', 'classieux'),
('inventeur', 'couteau-de-lancer'),
('inventeur', 'dirigeable'),
('inventeur', 'dynamite'),
('inventeur', 'epee'),
('inventeur', 'foudroyeur'),
('inventeur', 'fusil-a-pompe'),
('inventeur', 'fusil-dassaut'),
('inventeur', 'fusil-de-chasse'),
('inventeur', 'fusil-de-precision'),
('inventeur', 'fusil-gros-gibier'),
('inventeur', 'fusil-precision-lour'),
('inventeur', 'gilet-pare-balles'),
('inventeur', 'gilet-pare-balles-lo'),
('inventeur', 'grand-restaurant'),
('inventeur', 'grenade-defensive'),
('inventeur', 'grenade-lacrymogene'),
('inventeur', 'grenade-offensive'),
('inventeur', 'hache-2-mains'),
('inventeur', 'hachette'),
('inventeur', 'haute-couture'),
('inventeur', 'helicoptere'),
('inventeur', 'hotel-de-luxe'),
('inventeur', 'hotel-minable'),
('inventeur', 'jumelles'),
('inventeur', 'lampe-torche'),
('inventeur', 'lance-grenade'),
('inventeur', 'lance-roquette'),
('inventeur', 'luxe'),
('inventeur', 'machette'),
('inventeur', 'marteau'),
('inventeur', 'menottes'),
('inventeur', 'mini-pistolet-derrin'),
('inventeur', 'minivan'),
('inventeur', 'mitrailleuse-legere'),
('inventeur', 'mitrailleuse-lourde'),
('inventeur', 'mitrailleuse-moyenne'),
('inventeur', 'montre-bracelet'),
('inventeur', 'moto-routiere'),
('inventeur', 'moto-sportive'),
('inventeur', 'moto-tout-terrain'),
('inventeur', 'pisto-mitrailleur'),
('inventeur', 'pisto-mitrailleur-lo'),
('inventeur', 'pistolet-leger'),
('inventeur', 'pistolet-lourd'),
('inventeur', 'pistolet-moyen'),
('inventeur', 'poignard'),
('inventeur', 'poste-de-radio'),
('inventeur', 'premier-prix'),
('inventeur', 'rapiere'),
('inventeur', 'repas-rapide'),
('inventeur', 'restaurant'),
('inventeur', 'sagaie'),
('inventeur', 'semi-remorque'),
('inventeur', 'shuriken'),
('inventeur', 'suite-de-luxe'),
('inventeur', 'tenue-de-randonnee'),
('inventeur', 'tenue-polaire'),
('inventeur', 'trousse-de-secours'),
('inventeur', 'vivres-1-semaine'),
('inventeur', 'zeppelin'),
('invocateur', 'a-la-mode'),
('invocateur', 'appareil-photo'),
('invocateur', 'arc'),
('invocateur', 'auto-4x4'),
('invocateur', 'auto-berline'),
('invocateur', 'auto-citadine'),
('invocateur', 'auto-sportive'),
('invocateur', 'autre'),
('invocateur', 'avion-bombardier'),
('invocateur', 'avion-chasseur'),
('invocateur', 'avion-de-tourisme'),
('invocateur', 'batte-base-ball'),
('invocateur', 'berline-de-luxe'),
('invocateur', 'blinde-leger'),
('invocateur', 'boussole'),
('invocateur', 'caisse-a-outils'),
('invocateur', 'camion'),
('invocateur', 'canon-scie'),
('invocateur', 'carabine-a-repetitio'),
('invocateur', 'chambre-dhotel'),
('invocateur', 'char-dassaut'),
('invocateur', 'classieux'),
('invocateur', 'couteau-de-lancer'),
('invocateur', 'dirigeable'),
('invocateur', 'dynamite'),
('invocateur', 'epee'),
('invocateur', 'foudroyeur'),
('invocateur', 'fusil-a-pompe'),
('invocateur', 'fusil-dassaut'),
('invocateur', 'fusil-de-chasse'),
('invocateur', 'fusil-de-precision'),
('invocateur', 'fusil-gros-gibier'),
('invocateur', 'fusil-precision-lour'),
('invocateur', 'gilet-pare-balles'),
('invocateur', 'gilet-pare-balles-lo'),
('invocateur', 'grand-restaurant'),
('invocateur', 'grenade-defensive'),
('invocateur', 'grenade-lacrymogene'),
('invocateur', 'grenade-offensive'),
('invocateur', 'hache-2-mains'),
('invocateur', 'hachette'),
('invocateur', 'haute-couture'),
('invocateur', 'helicoptere'),
('invocateur', 'hotel-de-luxe'),
('invocateur', 'hotel-minable'),
('invocateur', 'jumelles'),
('invocateur', 'lampe-torche'),
('invocateur', 'lance-grenade'),
('invocateur', 'lance-roquette'),
('invocateur', 'luxe'),
('invocateur', 'machette'),
('invocateur', 'marteau'),
('invocateur', 'menottes'),
('invocateur', 'mini-pistolet-derrin'),
('invocateur', 'minivan'),
('invocateur', 'mitrailleuse-legere'),
('invocateur', 'mitrailleuse-lourde'),
('invocateur', 'mitrailleuse-moyenne'),
('invocateur', 'montre-bracelet'),
('invocateur', 'moto-routiere'),
('invocateur', 'moto-sportive'),
('invocateur', 'moto-tout-terrain'),
('invocateur', 'pisto-mitrailleur'),
('invocateur', 'pisto-mitrailleur-lo'),
('invocateur', 'pistolet-leger'),
('invocateur', 'pistolet-lourd'),
('invocateur', 'pistolet-moyen'),
('invocateur', 'poignard'),
('invocateur', 'poste-de-radio'),
('invocateur', 'premier-prix'),
('invocateur', 'rapiere'),
('invocateur', 'repas-rapide'),
('invocateur', 'restaurant'),
('invocateur', 'sagaie'),
('invocateur', 'semi-remorque'),
('invocateur', 'shuriken'),
('invocateur', 'suite-de-luxe'),
('invocateur', 'tenue-de-randonnee'),
('invocateur', 'tenue-polaire'),
('invocateur', 'trousse-de-secours'),
('invocateur', 'vivres-1-semaine'),
('invocateur', 'zeppelin'),
('journaliste', 'a-la-mode'),
('journaliste', 'appareil-photo'),
('journaliste', 'arc'),
('journaliste', 'auto-4x4'),
('journaliste', 'auto-berline'),
('journaliste', 'auto-citadine'),
('journaliste', 'auto-sportive'),
('journaliste', 'autre'),
('journaliste', 'avion-bombardier'),
('journaliste', 'avion-chasseur'),
('journaliste', 'avion-de-tourisme'),
('journaliste', 'batte-base-ball'),
('journaliste', 'berline-de-luxe'),
('journaliste', 'blinde-leger'),
('journaliste', 'boussole'),
('journaliste', 'caisse-a-outils'),
('journaliste', 'camion'),
('journaliste', 'canon-scie'),
('journaliste', 'carabine-a-repetitio'),
('journaliste', 'chambre-dhotel'),
('journaliste', 'char-dassaut'),
('journaliste', 'classieux'),
('journaliste', 'couteau-de-lancer'),
('journaliste', 'dirigeable'),
('journaliste', 'dynamite'),
('journaliste', 'epee'),
('journaliste', 'foudroyeur'),
('journaliste', 'fusil-a-pompe'),
('journaliste', 'fusil-dassaut'),
('journaliste', 'fusil-de-chasse'),
('journaliste', 'fusil-de-precision'),
('journaliste', 'fusil-gros-gibier'),
('journaliste', 'fusil-precision-lour'),
('journaliste', 'gilet-pare-balles'),
('journaliste', 'gilet-pare-balles-lo'),
('journaliste', 'grand-restaurant'),
('journaliste', 'grenade-defensive'),
('journaliste', 'grenade-lacrymogene'),
('journaliste', 'grenade-offensive'),
('journaliste', 'hache-2-mains'),
('journaliste', 'hachette'),
('journaliste', 'haute-couture'),
('journaliste', 'helicoptere'),
('journaliste', 'hotel-de-luxe'),
('journaliste', 'hotel-minable'),
('journaliste', 'jumelles'),
('journaliste', 'lampe-torche'),
('journaliste', 'lance-grenade'),
('journaliste', 'lance-roquette'),
('journaliste', 'luxe'),
('journaliste', 'machette'),
('journaliste', 'marteau'),
('journaliste', 'menottes'),
('journaliste', 'mini-pistolet-derrin'),
('journaliste', 'minivan'),
('journaliste', 'mitrailleuse-legere'),
('journaliste', 'mitrailleuse-lourde'),
('journaliste', 'mitrailleuse-moyenne'),
('journaliste', 'montre-bracelet'),
('journaliste', 'moto-routiere'),
('journaliste', 'moto-sportive'),
('journaliste', 'moto-tout-terrain'),
('journaliste', 'pisto-mitrailleur'),
('journaliste', 'pisto-mitrailleur-lo'),
('journaliste', 'pistolet-leger'),
('journaliste', 'pistolet-lourd'),
('journaliste', 'pistolet-moyen'),
('journaliste', 'poignard'),
('journaliste', 'poste-de-radio'),
('journaliste', 'premier-prix'),
('journaliste', 'rapiere'),
('journaliste', 'repas-rapide'),
('journaliste', 'restaurant'),
('journaliste', 'sagaie'),
('journaliste', 'semi-remorque'),
('journaliste', 'shuriken'),
('journaliste', 'suite-de-luxe'),
('journaliste', 'tenue-de-randonnee'),
('journaliste', 'tenue-polaire'),
('journaliste', 'trousse-de-secours'),
('journaliste', 'vivres-1-semaine'),
('journaliste', 'zeppelin'),
('linguiste', 'a-la-mode'),
('linguiste', 'appareil-photo'),
('linguiste', 'arc'),
('linguiste', 'auto-4x4'),
('linguiste', 'auto-berline'),
('linguiste', 'auto-citadine'),
('linguiste', 'auto-sportive'),
('linguiste', 'autre'),
('linguiste', 'avion-bombardier'),
('linguiste', 'avion-chasseur'),
('linguiste', 'avion-de-tourisme'),
('linguiste', 'batte-base-ball'),
('linguiste', 'berline-de-luxe'),
('linguiste', 'blinde-leger'),
('linguiste', 'boussole'),
('linguiste', 'caisse-a-outils'),
('linguiste', 'camion'),
('linguiste', 'canon-scie'),
('linguiste', 'carabine-a-repetitio'),
('linguiste', 'chambre-dhotel'),
('linguiste', 'char-dassaut'),
('linguiste', 'classieux'),
('linguiste', 'couteau-de-lancer'),
('linguiste', 'dirigeable'),
('linguiste', 'dynamite'),
('linguiste', 'epee'),
('linguiste', 'foudroyeur'),
('linguiste', 'fusil-a-pompe'),
('linguiste', 'fusil-dassaut'),
('linguiste', 'fusil-de-chasse'),
('linguiste', 'fusil-de-precision'),
('linguiste', 'fusil-gros-gibier'),
('linguiste', 'fusil-precision-lour'),
('linguiste', 'gilet-pare-balles'),
('linguiste', 'gilet-pare-balles-lo'),
('linguiste', 'grand-restaurant'),
('linguiste', 'grenade-defensive'),
('linguiste', 'grenade-lacrymogene'),
('linguiste', 'grenade-offensive'),
('linguiste', 'hache-2-mains'),
('linguiste', 'hachette'),
('linguiste', 'haute-couture'),
('linguiste', 'helicoptere'),
('linguiste', 'hotel-de-luxe'),
('linguiste', 'hotel-minable'),
('linguiste', 'jumelles'),
('linguiste', 'lampe-torche'),
('linguiste', 'lance-grenade'),
('linguiste', 'lance-roquette'),
('linguiste', 'luxe'),
('linguiste', 'machette'),
('linguiste', 'marteau'),
('linguiste', 'menottes'),
('linguiste', 'mini-pistolet-derrin'),
('linguiste', 'minivan'),
('linguiste', 'mitrailleuse-legere'),
('linguiste', 'mitrailleuse-lourde'),
('linguiste', 'mitrailleuse-moyenne'),
('linguiste', 'montre-bracelet'),
('linguiste', 'moto-routiere'),
('linguiste', 'moto-sportive'),
('linguiste', 'moto-tout-terrain'),
('linguiste', 'pisto-mitrailleur'),
('linguiste', 'pisto-mitrailleur-lo'),
('linguiste', 'pistolet-leger'),
('linguiste', 'pistolet-lourd'),
('linguiste', 'pistolet-moyen'),
('linguiste', 'poignard'),
('linguiste', 'poste-de-radio'),
('linguiste', 'premier-prix'),
('linguiste', 'rapiere'),
('linguiste', 'repas-rapide'),
('linguiste', 'restaurant'),
('linguiste', 'sagaie'),
('linguiste', 'semi-remorque'),
('linguiste', 'shuriken'),
('linguiste', 'suite-de-luxe'),
('linguiste', 'tenue-de-randonnee'),
('linguiste', 'tenue-polaire'),
('linguiste', 'trousse-de-secours'),
('linguiste', 'vivres-1-semaine'),
('linguiste', 'zeppelin'),
('loup-garou', 'a-la-mode'),
('loup-garou', 'appareil-photo'),
('loup-garou', 'arc'),
('loup-garou', 'auto-4x4'),
('loup-garou', 'auto-berline'),
('loup-garou', 'auto-citadine'),
('loup-garou', 'auto-sportive'),
('loup-garou', 'autre'),
('loup-garou', 'avion-bombardier'),
('loup-garou', 'avion-chasseur'),
('loup-garou', 'avion-de-tourisme'),
('loup-garou', 'batte-base-ball'),
('loup-garou', 'berline-de-luxe'),
('loup-garou', 'blinde-leger'),
('loup-garou', 'boussole'),
('loup-garou', 'caisse-a-outils'),
('loup-garou', 'camion'),
('loup-garou', 'canon-scie'),
('loup-garou', 'carabine-a-repetitio'),
('loup-garou', 'chambre-dhotel'),
('loup-garou', 'char-dassaut'),
('loup-garou', 'classieux'),
('loup-garou', 'couteau-de-lancer'),
('loup-garou', 'dirigeable'),
('loup-garou', 'dynamite'),
('loup-garou', 'epee'),
('loup-garou', 'foudroyeur'),
('loup-garou', 'fusil-a-pompe'),
('loup-garou', 'fusil-dassaut'),
('loup-garou', 'fusil-de-chasse'),
('loup-garou', 'fusil-de-precision'),
('loup-garou', 'fusil-gros-gibier'),
('loup-garou', 'fusil-precision-lour'),
('loup-garou', 'gilet-pare-balles'),
('loup-garou', 'gilet-pare-balles-lo'),
('loup-garou', 'grand-restaurant'),
('loup-garou', 'grenade-defensive'),
('loup-garou', 'grenade-lacrymogene'),
('loup-garou', 'grenade-offensive'),
('loup-garou', 'hache-2-mains'),
('loup-garou', 'hachette'),
('loup-garou', 'haute-couture'),
('loup-garou', 'helicoptere'),
('loup-garou', 'hotel-de-luxe'),
('loup-garou', 'hotel-minable'),
('loup-garou', 'jumelles'),
('loup-garou', 'lampe-torche'),
('loup-garou', 'lance-grenade'),
('loup-garou', 'lance-roquette'),
('loup-garou', 'luxe'),
('loup-garou', 'machette'),
('loup-garou', 'marteau'),
('loup-garou', 'menottes'),
('loup-garou', 'mini-pistolet-derrin'),
('loup-garou', 'minivan'),
('loup-garou', 'mitrailleuse-legere'),
('loup-garou', 'mitrailleuse-lourde'),
('loup-garou', 'mitrailleuse-moyenne'),
('loup-garou', 'montre-bracelet'),
('loup-garou', 'moto-routiere'),
('loup-garou', 'moto-sportive'),
('loup-garou', 'moto-tout-terrain'),
('loup-garou', 'pisto-mitrailleur'),
('loup-garou', 'pisto-mitrailleur-lo'),
('loup-garou', 'pistolet-leger'),
('loup-garou', 'pistolet-lourd'),
('loup-garou', 'pistolet-moyen'),
('loup-garou', 'poignard'),
('loup-garou', 'poste-de-radio'),
('loup-garou', 'premier-prix'),
('loup-garou', 'rapiere'),
('loup-garou', 'repas-rapide'),
('loup-garou', 'restaurant'),
('loup-garou', 'sagaie'),
('loup-garou', 'semi-remorque'),
('loup-garou', 'shuriken'),
('loup-garou', 'suite-de-luxe'),
('loup-garou', 'tenue-de-randonnee'),
('loup-garou', 'tenue-polaire'),
('loup-garou', 'trousse-de-secours'),
('loup-garou', 'vivres-1-semaine'),
('loup-garou', 'zeppelin'),
('majordome', 'a-la-mode'),
('majordome', 'appareil-photo'),
('majordome', 'arc'),
('majordome', 'auto-4x4'),
('majordome', 'auto-berline'),
('majordome', 'auto-citadine'),
('majordome', 'auto-sportive'),
('majordome', 'autre'),
('majordome', 'avion-bombardier'),
('majordome', 'avion-chasseur'),
('majordome', 'avion-de-tourisme'),
('majordome', 'batte-base-ball'),
('majordome', 'berline-de-luxe'),
('majordome', 'blinde-leger'),
('majordome', 'boussole'),
('majordome', 'caisse-a-outils'),
('majordome', 'camion'),
('majordome', 'canon-scie'),
('majordome', 'carabine-a-repetitio'),
('majordome', 'chambre-dhotel'),
('majordome', 'char-dassaut'),
('majordome', 'classieux'),
('majordome', 'couteau-de-lancer'),
('majordome', 'dirigeable'),
('majordome', 'dynamite'),
('majordome', 'epee'),
('majordome', 'foudroyeur'),
('majordome', 'fusil-a-pompe'),
('majordome', 'fusil-dassaut'),
('majordome', 'fusil-de-chasse'),
('majordome', 'fusil-de-precision'),
('majordome', 'fusil-gros-gibier'),
('majordome', 'fusil-precision-lour'),
('majordome', 'gilet-pare-balles'),
('majordome', 'gilet-pare-balles-lo'),
('majordome', 'grand-restaurant'),
('majordome', 'grenade-defensive'),
('majordome', 'grenade-lacrymogene'),
('majordome', 'grenade-offensive'),
('majordome', 'hache-2-mains'),
('majordome', 'hachette'),
('majordome', 'haute-couture'),
('majordome', 'helicoptere'),
('majordome', 'hotel-de-luxe'),
('majordome', 'hotel-minable'),
('majordome', 'jumelles'),
('majordome', 'lampe-torche'),
('majordome', 'lance-grenade'),
('majordome', 'lance-roquette'),
('majordome', 'luxe'),
('majordome', 'machette'),
('majordome', 'marteau'),
('majordome', 'menottes'),
('majordome', 'mini-pistolet-derrin'),
('majordome', 'minivan'),
('majordome', 'mitrailleuse-legere'),
('majordome', 'mitrailleuse-lourde'),
('majordome', 'mitrailleuse-moyenne'),
('majordome', 'montre-bracelet'),
('majordome', 'moto-routiere'),
('majordome', 'moto-sportive'),
('majordome', 'moto-tout-terrain'),
('majordome', 'pisto-mitrailleur'),
('majordome', 'pisto-mitrailleur-lo'),
('majordome', 'pistolet-leger'),
('majordome', 'pistolet-lourd'),
('majordome', 'pistolet-moyen'),
('majordome', 'poignard'),
('majordome', 'poste-de-radio'),
('majordome', 'premier-prix'),
('majordome', 'rapiere'),
('majordome', 'repas-rapide'),
('majordome', 'restaurant'),
('majordome', 'sagaie'),
('majordome', 'semi-remorque'),
('majordome', 'shuriken'),
('majordome', 'suite-de-luxe'),
('majordome', 'tenue-de-randonnee'),
('majordome', 'tenue-polaire'),
('majordome', 'trousse-de-secours'),
('majordome', 'vivres-1-semaine'),
('majordome', 'zeppelin'),
('manipulateur', 'a-la-mode'),
('manipulateur', 'appareil-photo'),
('manipulateur', 'arc'),
('manipulateur', 'auto-4x4'),
('manipulateur', 'auto-berline'),
('manipulateur', 'auto-citadine'),
('manipulateur', 'auto-sportive'),
('manipulateur', 'autre'),
('manipulateur', 'avion-bombardier'),
('manipulateur', 'avion-chasseur'),
('manipulateur', 'avion-de-tourisme'),
('manipulateur', 'batte-base-ball'),
('manipulateur', 'berline-de-luxe'),
('manipulateur', 'blinde-leger'),
('manipulateur', 'boussole'),
('manipulateur', 'caisse-a-outils'),
('manipulateur', 'camion'),
('manipulateur', 'canon-scie'),
('manipulateur', 'carabine-a-repetitio'),
('manipulateur', 'chambre-dhotel'),
('manipulateur', 'char-dassaut'),
('manipulateur', 'classieux'),
('manipulateur', 'couteau-de-lancer'),
('manipulateur', 'dirigeable'),
('manipulateur', 'dynamite'),
('manipulateur', 'epee'),
('manipulateur', 'foudroyeur'),
('manipulateur', 'fusil-a-pompe'),
('manipulateur', 'fusil-dassaut'),
('manipulateur', 'fusil-de-chasse'),
('manipulateur', 'fusil-de-precision'),
('manipulateur', 'fusil-gros-gibier'),
('manipulateur', 'fusil-precision-lour'),
('manipulateur', 'gilet-pare-balles'),
('manipulateur', 'gilet-pare-balles-lo'),
('manipulateur', 'grand-restaurant'),
('manipulateur', 'grenade-defensive'),
('manipulateur', 'grenade-lacrymogene'),
('manipulateur', 'grenade-offensive'),
('manipulateur', 'hache-2-mains'),
('manipulateur', 'hachette'),
('manipulateur', 'haute-couture'),
('manipulateur', 'helicoptere'),
('manipulateur', 'hotel-de-luxe'),
('manipulateur', 'hotel-minable'),
('manipulateur', 'jumelles'),
('manipulateur', 'lampe-torche'),
('manipulateur', 'lance-grenade'),
('manipulateur', 'lance-roquette'),
('manipulateur', 'luxe'),
('manipulateur', 'machette'),
('manipulateur', 'marteau'),
('manipulateur', 'menottes'),
('manipulateur', 'mini-pistolet-derrin'),
('manipulateur', 'minivan'),
('manipulateur', 'mitrailleuse-legere'),
('manipulateur', 'mitrailleuse-lourde'),
('manipulateur', 'mitrailleuse-moyenne'),
('manipulateur', 'montre-bracelet'),
('manipulateur', 'moto-routiere'),
('manipulateur', 'moto-sportive'),
('manipulateur', 'moto-tout-terrain'),
('manipulateur', 'pisto-mitrailleur'),
('manipulateur', 'pisto-mitrailleur-lo'),
('manipulateur', 'pistolet-leger'),
('manipulateur', 'pistolet-lourd'),
('manipulateur', 'pistolet-moyen'),
('manipulateur', 'poignard'),
('manipulateur', 'poste-de-radio'),
('manipulateur', 'premier-prix'),
('manipulateur', 'rapiere'),
('manipulateur', 'repas-rapide'),
('manipulateur', 'restaurant'),
('manipulateur', 'sagaie'),
('manipulateur', 'semi-remorque'),
('manipulateur', 'shuriken'),
('manipulateur', 'suite-de-luxe'),
('manipulateur', 'tenue-de-randonnee');
INSERT INTO `coc_profils_maitrises` (`profil`, `equipement`) VALUES
('manipulateur', 'tenue-polaire'),
('manipulateur', 'trousse-de-secours'),
('manipulateur', 'vivres-1-semaine'),
('manipulateur', 'zeppelin'),
('medecin', 'a-la-mode'),
('medecin', 'appareil-photo'),
('medecin', 'arc'),
('medecin', 'auto-4x4'),
('medecin', 'auto-berline'),
('medecin', 'auto-citadine'),
('medecin', 'auto-sportive'),
('medecin', 'autre'),
('medecin', 'avion-bombardier'),
('medecin', 'avion-chasseur'),
('medecin', 'avion-de-tourisme'),
('medecin', 'batte-base-ball'),
('medecin', 'berline-de-luxe'),
('medecin', 'blinde-leger'),
('medecin', 'boussole'),
('medecin', 'caisse-a-outils'),
('medecin', 'camion'),
('medecin', 'canon-scie'),
('medecin', 'carabine-a-repetitio'),
('medecin', 'chambre-dhotel'),
('medecin', 'char-dassaut'),
('medecin', 'classieux'),
('medecin', 'couteau-de-lancer'),
('medecin', 'dirigeable'),
('medecin', 'dynamite'),
('medecin', 'epee'),
('medecin', 'foudroyeur'),
('medecin', 'fusil-a-pompe'),
('medecin', 'fusil-dassaut'),
('medecin', 'fusil-de-chasse'),
('medecin', 'fusil-de-precision'),
('medecin', 'fusil-gros-gibier'),
('medecin', 'fusil-precision-lour'),
('medecin', 'gilet-pare-balles'),
('medecin', 'gilet-pare-balles-lo'),
('medecin', 'grand-restaurant'),
('medecin', 'grenade-defensive'),
('medecin', 'grenade-lacrymogene'),
('medecin', 'grenade-offensive'),
('medecin', 'hache-2-mains'),
('medecin', 'hachette'),
('medecin', 'haute-couture'),
('medecin', 'helicoptere'),
('medecin', 'hotel-de-luxe'),
('medecin', 'hotel-minable'),
('medecin', 'jumelles'),
('medecin', 'lampe-torche'),
('medecin', 'lance-grenade'),
('medecin', 'lance-roquette'),
('medecin', 'luxe'),
('medecin', 'machette'),
('medecin', 'marteau'),
('medecin', 'menottes'),
('medecin', 'mini-pistolet-derrin'),
('medecin', 'minivan'),
('medecin', 'mitrailleuse-legere'),
('medecin', 'mitrailleuse-lourde'),
('medecin', 'mitrailleuse-moyenne'),
('medecin', 'montre-bracelet'),
('medecin', 'moto-routiere'),
('medecin', 'moto-sportive'),
('medecin', 'moto-tout-terrain'),
('medecin', 'pisto-mitrailleur'),
('medecin', 'pisto-mitrailleur-lo'),
('medecin', 'pistolet-leger'),
('medecin', 'pistolet-lourd'),
('medecin', 'pistolet-moyen'),
('medecin', 'poignard'),
('medecin', 'poste-de-radio'),
('medecin', 'premier-prix'),
('medecin', 'rapiere'),
('medecin', 'repas-rapide'),
('medecin', 'restaurant'),
('medecin', 'sagaie'),
('medecin', 'semi-remorque'),
('medecin', 'shuriken'),
('medecin', 'suite-de-luxe'),
('medecin', 'tenue-de-randonnee'),
('medecin', 'tenue-polaire'),
('medecin', 'trousse-de-secours'),
('medecin', 'vivres-1-semaine'),
('medecin', 'zeppelin'),
('militaire', 'a-la-mode'),
('militaire', 'appareil-photo'),
('militaire', 'arc'),
('militaire', 'auto-4x4'),
('militaire', 'auto-berline'),
('militaire', 'auto-citadine'),
('militaire', 'auto-sportive'),
('militaire', 'autre'),
('militaire', 'avion-bombardier'),
('militaire', 'avion-chasseur'),
('militaire', 'avion-de-tourisme'),
('militaire', 'batte-base-ball'),
('militaire', 'berline-de-luxe'),
('militaire', 'blinde-leger'),
('militaire', 'boussole'),
('militaire', 'caisse-a-outils'),
('militaire', 'camion'),
('militaire', 'canon-scie'),
('militaire', 'carabine-a-repetitio'),
('militaire', 'chambre-dhotel'),
('militaire', 'char-dassaut'),
('militaire', 'classieux'),
('militaire', 'couteau-de-lancer'),
('militaire', 'dirigeable'),
('militaire', 'dynamite'),
('militaire', 'epee'),
('militaire', 'foudroyeur'),
('militaire', 'fusil-a-pompe'),
('militaire', 'fusil-dassaut'),
('militaire', 'fusil-de-chasse'),
('militaire', 'fusil-de-precision'),
('militaire', 'fusil-gros-gibier'),
('militaire', 'fusil-precision-lour'),
('militaire', 'gilet-pare-balles'),
('militaire', 'gilet-pare-balles-lo'),
('militaire', 'grand-restaurant'),
('militaire', 'grenade-defensive'),
('militaire', 'grenade-lacrymogene'),
('militaire', 'grenade-offensive'),
('militaire', 'hache-2-mains'),
('militaire', 'hachette'),
('militaire', 'haute-couture'),
('militaire', 'helicoptere'),
('militaire', 'hotel-de-luxe'),
('militaire', 'hotel-minable'),
('militaire', 'jumelles'),
('militaire', 'lampe-torche'),
('militaire', 'lance-grenade'),
('militaire', 'lance-roquette'),
('militaire', 'luxe'),
('militaire', 'machette'),
('militaire', 'marteau'),
('militaire', 'menottes'),
('militaire', 'mini-pistolet-derrin'),
('militaire', 'minivan'),
('militaire', 'mitrailleuse-legere'),
('militaire', 'mitrailleuse-lourde'),
('militaire', 'mitrailleuse-moyenne'),
('militaire', 'montre-bracelet'),
('militaire', 'moto-routiere'),
('militaire', 'moto-sportive'),
('militaire', 'moto-tout-terrain'),
('militaire', 'pisto-mitrailleur'),
('militaire', 'pisto-mitrailleur-lo'),
('militaire', 'pistolet-leger'),
('militaire', 'pistolet-lourd'),
('militaire', 'pistolet-moyen'),
('militaire', 'poignard'),
('militaire', 'poste-de-radio'),
('militaire', 'premier-prix'),
('militaire', 'rapiere'),
('militaire', 'repas-rapide'),
('militaire', 'restaurant'),
('militaire', 'sagaie'),
('militaire', 'semi-remorque'),
('militaire', 'shuriken'),
('militaire', 'suite-de-luxe'),
('militaire', 'tenue-de-randonnee'),
('militaire', 'tenue-polaire'),
('militaire', 'trousse-de-secours'),
('militaire', 'vivres-1-semaine'),
('militaire', 'zeppelin'),
('missionnaire', 'a-la-mode'),
('missionnaire', 'appareil-photo'),
('missionnaire', 'arc'),
('missionnaire', 'auto-4x4'),
('missionnaire', 'auto-berline'),
('missionnaire', 'auto-citadine'),
('missionnaire', 'auto-sportive'),
('missionnaire', 'autre'),
('missionnaire', 'avion-bombardier'),
('missionnaire', 'avion-chasseur'),
('missionnaire', 'avion-de-tourisme'),
('missionnaire', 'batte-base-ball'),
('missionnaire', 'berline-de-luxe'),
('missionnaire', 'blinde-leger'),
('missionnaire', 'boussole'),
('missionnaire', 'caisse-a-outils'),
('missionnaire', 'camion'),
('missionnaire', 'canon-scie'),
('missionnaire', 'carabine-a-repetitio'),
('missionnaire', 'chambre-dhotel'),
('missionnaire', 'char-dassaut'),
('missionnaire', 'classieux'),
('missionnaire', 'couteau-de-lancer'),
('missionnaire', 'dirigeable'),
('missionnaire', 'dynamite'),
('missionnaire', 'epee'),
('missionnaire', 'foudroyeur'),
('missionnaire', 'fusil-a-pompe'),
('missionnaire', 'fusil-dassaut'),
('missionnaire', 'fusil-de-chasse'),
('missionnaire', 'fusil-de-precision'),
('missionnaire', 'fusil-gros-gibier'),
('missionnaire', 'fusil-precision-lour'),
('missionnaire', 'gilet-pare-balles'),
('missionnaire', 'gilet-pare-balles-lo'),
('missionnaire', 'grand-restaurant'),
('missionnaire', 'grenade-defensive'),
('missionnaire', 'grenade-lacrymogene'),
('missionnaire', 'grenade-offensive'),
('missionnaire', 'hache-2-mains'),
('missionnaire', 'hachette'),
('missionnaire', 'haute-couture'),
('missionnaire', 'helicoptere'),
('missionnaire', 'hotel-de-luxe'),
('missionnaire', 'hotel-minable'),
('missionnaire', 'jumelles'),
('missionnaire', 'lampe-torche'),
('missionnaire', 'lance-grenade'),
('missionnaire', 'lance-roquette'),
('missionnaire', 'luxe'),
('missionnaire', 'machette'),
('missionnaire', 'marteau'),
('missionnaire', 'menottes'),
('missionnaire', 'mini-pistolet-derrin'),
('missionnaire', 'minivan'),
('missionnaire', 'mitrailleuse-legere'),
('missionnaire', 'mitrailleuse-lourde'),
('missionnaire', 'mitrailleuse-moyenne'),
('missionnaire', 'montre-bracelet'),
('missionnaire', 'moto-routiere'),
('missionnaire', 'moto-sportive'),
('missionnaire', 'moto-tout-terrain'),
('missionnaire', 'pisto-mitrailleur'),
('missionnaire', 'pisto-mitrailleur-lo'),
('missionnaire', 'pistolet-leger'),
('missionnaire', 'pistolet-lourd'),
('missionnaire', 'pistolet-moyen'),
('missionnaire', 'poignard'),
('missionnaire', 'poste-de-radio'),
('missionnaire', 'premier-prix'),
('missionnaire', 'rapiere'),
('missionnaire', 'repas-rapide'),
('missionnaire', 'restaurant'),
('missionnaire', 'sagaie'),
('missionnaire', 'semi-remorque'),
('missionnaire', 'shuriken'),
('missionnaire', 'suite-de-luxe'),
('missionnaire', 'tenue-de-randonnee'),
('missionnaire', 'tenue-polaire'),
('missionnaire', 'trousse-de-secours'),
('missionnaire', 'vivres-1-semaine'),
('missionnaire', 'zeppelin'),
('musicien', 'a-la-mode'),
('musicien', 'appareil-photo'),
('musicien', 'arc'),
('musicien', 'auto-4x4'),
('musicien', 'auto-berline'),
('musicien', 'auto-citadine'),
('musicien', 'auto-sportive'),
('musicien', 'autre'),
('musicien', 'avion-bombardier'),
('musicien', 'avion-chasseur'),
('musicien', 'avion-de-tourisme'),
('musicien', 'batte-base-ball'),
('musicien', 'berline-de-luxe'),
('musicien', 'blinde-leger'),
('musicien', 'boussole'),
('musicien', 'caisse-a-outils'),
('musicien', 'camion'),
('musicien', 'canon-scie'),
('musicien', 'carabine-a-repetitio'),
('musicien', 'chambre-dhotel'),
('musicien', 'char-dassaut'),
('musicien', 'classieux'),
('musicien', 'couteau-de-lancer'),
('musicien', 'dirigeable'),
('musicien', 'dynamite'),
('musicien', 'epee'),
('musicien', 'foudroyeur'),
('musicien', 'fusil-a-pompe'),
('musicien', 'fusil-dassaut'),
('musicien', 'fusil-de-chasse'),
('musicien', 'fusil-de-precision'),
('musicien', 'fusil-gros-gibier'),
('musicien', 'fusil-precision-lour'),
('musicien', 'gilet-pare-balles'),
('musicien', 'gilet-pare-balles-lo'),
('musicien', 'grand-restaurant'),
('musicien', 'grenade-defensive'),
('musicien', 'grenade-lacrymogene'),
('musicien', 'grenade-offensive'),
('musicien', 'hache-2-mains'),
('musicien', 'hachette'),
('musicien', 'haute-couture'),
('musicien', 'helicoptere'),
('musicien', 'hotel-de-luxe'),
('musicien', 'hotel-minable'),
('musicien', 'jumelles'),
('musicien', 'lampe-torche'),
('musicien', 'lance-grenade'),
('musicien', 'lance-roquette'),
('musicien', 'luxe'),
('musicien', 'machette'),
('musicien', 'marteau'),
('musicien', 'menottes'),
('musicien', 'mini-pistolet-derrin'),
('musicien', 'minivan'),
('musicien', 'mitrailleuse-legere'),
('musicien', 'mitrailleuse-lourde'),
('musicien', 'mitrailleuse-moyenne'),
('musicien', 'montre-bracelet'),
('musicien', 'moto-routiere'),
('musicien', 'moto-sportive'),
('musicien', 'moto-tout-terrain'),
('musicien', 'pisto-mitrailleur'),
('musicien', 'pisto-mitrailleur-lo'),
('musicien', 'pistolet-leger'),
('musicien', 'pistolet-lourd'),
('musicien', 'pistolet-moyen'),
('musicien', 'poignard'),
('musicien', 'poste-de-radio'),
('musicien', 'premier-prix'),
('musicien', 'rapiere'),
('musicien', 'repas-rapide'),
('musicien', 'restaurant'),
('musicien', 'sagaie'),
('musicien', 'semi-remorque'),
('musicien', 'shuriken'),
('musicien', 'suite-de-luxe'),
('musicien', 'tenue-de-randonnee'),
('musicien', 'tenue-polaire'),
('musicien', 'trousse-de-secours'),
('musicien', 'vivres-1-semaine'),
('musicien', 'zeppelin'),
('mutant-endogene', 'a-la-mode'),
('mutant-endogene', 'appareil-photo'),
('mutant-endogene', 'arc'),
('mutant-endogene', 'auto-4x4'),
('mutant-endogene', 'auto-berline'),
('mutant-endogene', 'auto-citadine'),
('mutant-endogene', 'auto-sportive'),
('mutant-endogene', 'autre'),
('mutant-endogene', 'avion-bombardier'),
('mutant-endogene', 'avion-chasseur'),
('mutant-endogene', 'avion-de-tourisme'),
('mutant-endogene', 'batte-base-ball'),
('mutant-endogene', 'berline-de-luxe'),
('mutant-endogene', 'blinde-leger'),
('mutant-endogene', 'boussole'),
('mutant-endogene', 'caisse-a-outils'),
('mutant-endogene', 'camion'),
('mutant-endogene', 'canon-scie'),
('mutant-endogene', 'carabine-a-repetitio'),
('mutant-endogene', 'chambre-dhotel'),
('mutant-endogene', 'char-dassaut'),
('mutant-endogene', 'classieux'),
('mutant-endogene', 'couteau-de-lancer'),
('mutant-endogene', 'dirigeable'),
('mutant-endogene', 'dynamite'),
('mutant-endogene', 'epee'),
('mutant-endogene', 'foudroyeur'),
('mutant-endogene', 'fusil-a-pompe'),
('mutant-endogene', 'fusil-dassaut'),
('mutant-endogene', 'fusil-de-chasse'),
('mutant-endogene', 'fusil-de-precision'),
('mutant-endogene', 'fusil-gros-gibier'),
('mutant-endogene', 'fusil-precision-lour'),
('mutant-endogene', 'gilet-pare-balles'),
('mutant-endogene', 'gilet-pare-balles-lo'),
('mutant-endogene', 'grand-restaurant'),
('mutant-endogene', 'grenade-defensive'),
('mutant-endogene', 'grenade-lacrymogene'),
('mutant-endogene', 'grenade-offensive'),
('mutant-endogene', 'hache-2-mains'),
('mutant-endogene', 'hachette'),
('mutant-endogene', 'haute-couture'),
('mutant-endogene', 'helicoptere'),
('mutant-endogene', 'hotel-de-luxe'),
('mutant-endogene', 'hotel-minable'),
('mutant-endogene', 'jumelles'),
('mutant-endogene', 'lampe-torche'),
('mutant-endogene', 'lance-grenade'),
('mutant-endogene', 'lance-roquette'),
('mutant-endogene', 'luxe'),
('mutant-endogene', 'machette'),
('mutant-endogene', 'marteau'),
('mutant-endogene', 'menottes'),
('mutant-endogene', 'mini-pistolet-derrin'),
('mutant-endogene', 'minivan'),
('mutant-endogene', 'mitrailleuse-legere'),
('mutant-endogene', 'mitrailleuse-lourde'),
('mutant-endogene', 'mitrailleuse-moyenne'),
('mutant-endogene', 'montre-bracelet'),
('mutant-endogene', 'moto-routiere'),
('mutant-endogene', 'moto-sportive'),
('mutant-endogene', 'moto-tout-terrain'),
('mutant-endogene', 'pisto-mitrailleur'),
('mutant-endogene', 'pisto-mitrailleur-lo'),
('mutant-endogene', 'pistolet-leger'),
('mutant-endogene', 'pistolet-lourd'),
('mutant-endogene', 'pistolet-moyen'),
('mutant-endogene', 'poignard'),
('mutant-endogene', 'poste-de-radio'),
('mutant-endogene', 'premier-prix'),
('mutant-endogene', 'rapiere'),
('mutant-endogene', 'repas-rapide'),
('mutant-endogene', 'restaurant'),
('mutant-endogene', 'sagaie'),
('mutant-endogene', 'semi-remorque'),
('mutant-endogene', 'shuriken'),
('mutant-endogene', 'suite-de-luxe'),
('mutant-endogene', 'tenue-de-randonnee'),
('mutant-endogene', 'tenue-polaire'),
('mutant-endogene', 'trousse-de-secours'),
('mutant-endogene', 'vivres-1-semaine'),
('mutant-endogene', 'zeppelin'),
('mutant-exogene', 'a-la-mode'),
('mutant-exogene', 'appareil-photo'),
('mutant-exogene', 'arc'),
('mutant-exogene', 'auto-4x4'),
('mutant-exogene', 'auto-berline'),
('mutant-exogene', 'auto-citadine'),
('mutant-exogene', 'auto-sportive'),
('mutant-exogene', 'autre'),
('mutant-exogene', 'avion-bombardier'),
('mutant-exogene', 'avion-chasseur'),
('mutant-exogene', 'avion-de-tourisme'),
('mutant-exogene', 'batte-base-ball'),
('mutant-exogene', 'berline-de-luxe'),
('mutant-exogene', 'blinde-leger'),
('mutant-exogene', 'boussole'),
('mutant-exogene', 'caisse-a-outils'),
('mutant-exogene', 'camion'),
('mutant-exogene', 'canon-scie'),
('mutant-exogene', 'carabine-a-repetitio'),
('mutant-exogene', 'chambre-dhotel'),
('mutant-exogene', 'char-dassaut'),
('mutant-exogene', 'classieux'),
('mutant-exogene', 'couteau-de-lancer'),
('mutant-exogene', 'dirigeable'),
('mutant-exogene', 'dynamite'),
('mutant-exogene', 'epee'),
('mutant-exogene', 'foudroyeur'),
('mutant-exogene', 'fusil-a-pompe'),
('mutant-exogene', 'fusil-dassaut'),
('mutant-exogene', 'fusil-de-chasse'),
('mutant-exogene', 'fusil-de-precision'),
('mutant-exogene', 'fusil-gros-gibier'),
('mutant-exogene', 'fusil-precision-lour'),
('mutant-exogene', 'gilet-pare-balles'),
('mutant-exogene', 'gilet-pare-balles-lo'),
('mutant-exogene', 'grand-restaurant'),
('mutant-exogene', 'grenade-defensive'),
('mutant-exogene', 'grenade-lacrymogene'),
('mutant-exogene', 'grenade-offensive'),
('mutant-exogene', 'hache-2-mains'),
('mutant-exogene', 'hachette'),
('mutant-exogene', 'haute-couture'),
('mutant-exogene', 'helicoptere'),
('mutant-exogene', 'hotel-de-luxe'),
('mutant-exogene', 'hotel-minable'),
('mutant-exogene', 'jumelles'),
('mutant-exogene', 'lampe-torche'),
('mutant-exogene', 'lance-grenade'),
('mutant-exogene', 'lance-roquette'),
('mutant-exogene', 'luxe'),
('mutant-exogene', 'machette'),
('mutant-exogene', 'marteau'),
('mutant-exogene', 'menottes'),
('mutant-exogene', 'mini-pistolet-derrin'),
('mutant-exogene', 'minivan'),
('mutant-exogene', 'mitrailleuse-legere'),
('mutant-exogene', 'mitrailleuse-lourde'),
('mutant-exogene', 'mitrailleuse-moyenne'),
('mutant-exogene', 'montre-bracelet'),
('mutant-exogene', 'moto-routiere'),
('mutant-exogene', 'moto-sportive'),
('mutant-exogene', 'moto-tout-terrain'),
('mutant-exogene', 'pisto-mitrailleur'),
('mutant-exogene', 'pisto-mitrailleur-lo'),
('mutant-exogene', 'pistolet-leger'),
('mutant-exogene', 'pistolet-lourd'),
('mutant-exogene', 'pistolet-moyen'),
('mutant-exogene', 'poignard'),
('mutant-exogene', 'poste-de-radio'),
('mutant-exogene', 'premier-prix'),
('mutant-exogene', 'rapiere'),
('mutant-exogene', 'repas-rapide'),
('mutant-exogene', 'restaurant'),
('mutant-exogene', 'sagaie'),
('mutant-exogene', 'semi-remorque'),
('mutant-exogene', 'shuriken'),
('mutant-exogene', 'suite-de-luxe'),
('mutant-exogene', 'tenue-de-randonnee'),
('mutant-exogene', 'tenue-polaire'),
('mutant-exogene', 'trousse-de-secours'),
('mutant-exogene', 'vivres-1-semaine'),
('mutant-exogene', 'zeppelin'),
('mutant-psychogene', 'a-la-mode'),
('mutant-psychogene', 'appareil-photo'),
('mutant-psychogene', 'arc'),
('mutant-psychogene', 'auto-4x4'),
('mutant-psychogene', 'auto-berline'),
('mutant-psychogene', 'auto-citadine'),
('mutant-psychogene', 'auto-sportive'),
('mutant-psychogene', 'autre'),
('mutant-psychogene', 'avion-bombardier'),
('mutant-psychogene', 'avion-chasseur'),
('mutant-psychogene', 'avion-de-tourisme'),
('mutant-psychogene', 'batte-base-ball'),
('mutant-psychogene', 'berline-de-luxe'),
('mutant-psychogene', 'blinde-leger'),
('mutant-psychogene', 'boussole'),
('mutant-psychogene', 'caisse-a-outils'),
('mutant-psychogene', 'camion'),
('mutant-psychogene', 'canon-scie'),
('mutant-psychogene', 'carabine-a-repetitio'),
('mutant-psychogene', 'chambre-dhotel'),
('mutant-psychogene', 'char-dassaut'),
('mutant-psychogene', 'classieux'),
('mutant-psychogene', 'couteau-de-lancer'),
('mutant-psychogene', 'dirigeable'),
('mutant-psychogene', 'dynamite'),
('mutant-psychogene', 'epee'),
('mutant-psychogene', 'foudroyeur'),
('mutant-psychogene', 'fusil-a-pompe'),
('mutant-psychogene', 'fusil-dassaut'),
('mutant-psychogene', 'fusil-de-chasse'),
('mutant-psychogene', 'fusil-de-precision'),
('mutant-psychogene', 'fusil-gros-gibier'),
('mutant-psychogene', 'fusil-precision-lour'),
('mutant-psychogene', 'gilet-pare-balles'),
('mutant-psychogene', 'gilet-pare-balles-lo'),
('mutant-psychogene', 'grand-restaurant'),
('mutant-psychogene', 'grenade-defensive'),
('mutant-psychogene', 'grenade-lacrymogene'),
('mutant-psychogene', 'grenade-offensive'),
('mutant-psychogene', 'hache-2-mains'),
('mutant-psychogene', 'hachette'),
('mutant-psychogene', 'haute-couture'),
('mutant-psychogene', 'helicoptere'),
('mutant-psychogene', 'hotel-de-luxe'),
('mutant-psychogene', 'hotel-minable'),
('mutant-psychogene', 'jumelles'),
('mutant-psychogene', 'lampe-torche'),
('mutant-psychogene', 'lance-grenade'),
('mutant-psychogene', 'lance-roquette'),
('mutant-psychogene', 'luxe'),
('mutant-psychogene', 'machette'),
('mutant-psychogene', 'marteau'),
('mutant-psychogene', 'menottes'),
('mutant-psychogene', 'mini-pistolet-derrin'),
('mutant-psychogene', 'minivan'),
('mutant-psychogene', 'mitrailleuse-legere'),
('mutant-psychogene', 'mitrailleuse-lourde'),
('mutant-psychogene', 'mitrailleuse-moyenne'),
('mutant-psychogene', 'montre-bracelet'),
('mutant-psychogene', 'moto-routiere'),
('mutant-psychogene', 'moto-sportive'),
('mutant-psychogene', 'moto-tout-terrain'),
('mutant-psychogene', 'pisto-mitrailleur'),
('mutant-psychogene', 'pisto-mitrailleur-lo'),
('mutant-psychogene', 'pistolet-leger'),
('mutant-psychogene', 'pistolet-lourd'),
('mutant-psychogene', 'pistolet-moyen'),
('mutant-psychogene', 'poignard'),
('mutant-psychogene', 'poste-de-radio'),
('mutant-psychogene', 'premier-prix'),
('mutant-psychogene', 'rapiere'),
('mutant-psychogene', 'repas-rapide'),
('mutant-psychogene', 'restaurant'),
('mutant-psychogene', 'sagaie'),
('mutant-psychogene', 'semi-remorque'),
('mutant-psychogene', 'shuriken'),
('mutant-psychogene', 'suite-de-luxe'),
('mutant-psychogene', 'tenue-de-randonnee'),
('mutant-psychogene', 'tenue-polaire'),
('mutant-psychogene', 'trousse-de-secours'),
('mutant-psychogene', 'vivres-1-semaine'),
('mutant-psychogene', 'zeppelin'),
('ouvrier', 'a-la-mode'),
('ouvrier', 'appareil-photo'),
('ouvrier', 'arc'),
('ouvrier', 'auto-4x4'),
('ouvrier', 'auto-berline'),
('ouvrier', 'auto-citadine'),
('ouvrier', 'auto-sportive'),
('ouvrier', 'autre'),
('ouvrier', 'avion-bombardier'),
('ouvrier', 'avion-chasseur'),
('ouvrier', 'avion-de-tourisme'),
('ouvrier', 'batte-base-ball'),
('ouvrier', 'berline-de-luxe'),
('ouvrier', 'blinde-leger'),
('ouvrier', 'boussole'),
('ouvrier', 'caisse-a-outils'),
('ouvrier', 'camion'),
('ouvrier', 'canon-scie'),
('ouvrier', 'carabine-a-repetitio'),
('ouvrier', 'chambre-dhotel'),
('ouvrier', 'char-dassaut'),
('ouvrier', 'classieux'),
('ouvrier', 'couteau-de-lancer'),
('ouvrier', 'dirigeable'),
('ouvrier', 'dynamite'),
('ouvrier', 'epee'),
('ouvrier', 'foudroyeur'),
('ouvrier', 'fusil-a-pompe'),
('ouvrier', 'fusil-dassaut'),
('ouvrier', 'fusil-de-chasse'),
('ouvrier', 'fusil-de-precision'),
('ouvrier', 'fusil-gros-gibier'),
('ouvrier', 'fusil-precision-lour'),
('ouvrier', 'gilet-pare-balles'),
('ouvrier', 'gilet-pare-balles-lo'),
('ouvrier', 'grand-restaurant'),
('ouvrier', 'grenade-defensive'),
('ouvrier', 'grenade-lacrymogene'),
('ouvrier', 'grenade-offensive'),
('ouvrier', 'hache-2-mains'),
('ouvrier', 'hachette'),
('ouvrier', 'haute-couture'),
('ouvrier', 'helicoptere'),
('ouvrier', 'hotel-de-luxe'),
('ouvrier', 'hotel-minable'),
('ouvrier', 'jumelles'),
('ouvrier', 'lampe-torche'),
('ouvrier', 'lance-grenade'),
('ouvrier', 'lance-roquette'),
('ouvrier', 'luxe'),
('ouvrier', 'machette'),
('ouvrier', 'marteau'),
('ouvrier', 'menottes'),
('ouvrier', 'mini-pistolet-derrin'),
('ouvrier', 'minivan'),
('ouvrier', 'mitrailleuse-legere'),
('ouvrier', 'mitrailleuse-lourde'),
('ouvrier', 'mitrailleuse-moyenne'),
('ouvrier', 'montre-bracelet'),
('ouvrier', 'moto-routiere'),
('ouvrier', 'moto-sportive'),
('ouvrier', 'moto-tout-terrain'),
('ouvrier', 'pisto-mitrailleur'),
('ouvrier', 'pisto-mitrailleur-lo'),
('ouvrier', 'pistolet-leger'),
('ouvrier', 'pistolet-lourd'),
('ouvrier', 'pistolet-moyen'),
('ouvrier', 'poignard'),
('ouvrier', 'poste-de-radio'),
('ouvrier', 'premier-prix'),
('ouvrier', 'rapiere'),
('ouvrier', 'repas-rapide'),
('ouvrier', 'restaurant'),
('ouvrier', 'sagaie'),
('ouvrier', 'semi-remorque'),
('ouvrier', 'shuriken'),
('ouvrier', 'suite-de-luxe'),
('ouvrier', 'tenue-de-randonnee'),
('ouvrier', 'tenue-polaire'),
('ouvrier', 'trousse-de-secours'),
('ouvrier', 'vivres-1-semaine'),
('ouvrier', 'zeppelin'),
('pilote', 'a-la-mode'),
('pilote', 'appareil-photo'),
('pilote', 'arc'),
('pilote', 'auto-4x4'),
('pilote', 'auto-berline'),
('pilote', 'auto-citadine'),
('pilote', 'auto-sportive'),
('pilote', 'autre'),
('pilote', 'avion-bombardier'),
('pilote', 'avion-chasseur'),
('pilote', 'avion-de-tourisme'),
('pilote', 'batte-base-ball'),
('pilote', 'berline-de-luxe'),
('pilote', 'blinde-leger'),
('pilote', 'boussole'),
('pilote', 'caisse-a-outils'),
('pilote', 'camion'),
('pilote', 'canon-scie'),
('pilote', 'carabine-a-repetitio'),
('pilote', 'chambre-dhotel'),
('pilote', 'char-dassaut'),
('pilote', 'classieux'),
('pilote', 'couteau-de-lancer'),
('pilote', 'dirigeable'),
('pilote', 'dynamite'),
('pilote', 'epee'),
('pilote', 'foudroyeur'),
('pilote', 'fusil-a-pompe'),
('pilote', 'fusil-dassaut'),
('pilote', 'fusil-de-chasse'),
('pilote', 'fusil-de-precision'),
('pilote', 'fusil-gros-gibier'),
('pilote', 'fusil-precision-lour'),
('pilote', 'gilet-pare-balles'),
('pilote', 'gilet-pare-balles-lo'),
('pilote', 'grand-restaurant'),
('pilote', 'grenade-defensive'),
('pilote', 'grenade-lacrymogene'),
('pilote', 'grenade-offensive'),
('pilote', 'hache-2-mains'),
('pilote', 'hachette'),
('pilote', 'haute-couture'),
('pilote', 'helicoptere'),
('pilote', 'hotel-de-luxe'),
('pilote', 'hotel-minable'),
('pilote', 'jumelles'),
('pilote', 'lampe-torche'),
('pilote', 'lance-grenade'),
('pilote', 'lance-roquette'),
('pilote', 'luxe'),
('pilote', 'machette'),
('pilote', 'marteau'),
('pilote', 'menottes'),
('pilote', 'mini-pistolet-derrin'),
('pilote', 'minivan'),
('pilote', 'mitrailleuse-legere'),
('pilote', 'mitrailleuse-lourde'),
('pilote', 'mitrailleuse-moyenne'),
('pilote', 'montre-bracelet'),
('pilote', 'moto-routiere'),
('pilote', 'moto-sportive'),
('pilote', 'moto-tout-terrain'),
('pilote', 'pisto-mitrailleur'),
('pilote', 'pisto-mitrailleur-lo'),
('pilote', 'pistolet-leger'),
('pilote', 'pistolet-lourd'),
('pilote', 'pistolet-moyen'),
('pilote', 'poignard'),
('pilote', 'poste-de-radio'),
('pilote', 'premier-prix'),
('pilote', 'rapiere'),
('pilote', 'repas-rapide'),
('pilote', 'restaurant'),
('pilote', 'sagaie'),
('pilote', 'semi-remorque'),
('pilote', 'shuriken'),
('pilote', 'suite-de-luxe'),
('pilote', 'tenue-de-randonnee'),
('pilote', 'tenue-polaire'),
('pilote', 'trousse-de-secours'),
('pilote', 'vivres-1-semaine'),
('pilote', 'zeppelin'),
('pompier', 'a-la-mode'),
('pompier', 'appareil-photo'),
('pompier', 'arc'),
('pompier', 'auto-4x4'),
('pompier', 'auto-berline'),
('pompier', 'auto-citadine'),
('pompier', 'auto-sportive'),
('pompier', 'autre'),
('pompier', 'avion-bombardier'),
('pompier', 'avion-chasseur'),
('pompier', 'avion-de-tourisme'),
('pompier', 'batte-base-ball'),
('pompier', 'berline-de-luxe'),
('pompier', 'blinde-leger'),
('pompier', 'boussole'),
('pompier', 'caisse-a-outils'),
('pompier', 'camion'),
('pompier', 'canon-scie'),
('pompier', 'carabine-a-repetitio'),
('pompier', 'chambre-dhotel'),
('pompier', 'char-dassaut'),
('pompier', 'classieux'),
('pompier', 'couteau-de-lancer'),
('pompier', 'dirigeable'),
('pompier', 'dynamite'),
('pompier', 'epee'),
('pompier', 'foudroyeur'),
('pompier', 'fusil-a-pompe'),
('pompier', 'fusil-dassaut'),
('pompier', 'fusil-de-chasse'),
('pompier', 'fusil-de-precision'),
('pompier', 'fusil-gros-gibier'),
('pompier', 'fusil-precision-lour'),
('pompier', 'gilet-pare-balles'),
('pompier', 'gilet-pare-balles-lo'),
('pompier', 'grand-restaurant'),
('pompier', 'grenade-defensive'),
('pompier', 'grenade-lacrymogene'),
('pompier', 'grenade-offensive'),
('pompier', 'hache-2-mains'),
('pompier', 'hachette'),
('pompier', 'haute-couture'),
('pompier', 'helicoptere'),
('pompier', 'hotel-de-luxe'),
('pompier', 'hotel-minable'),
('pompier', 'jumelles'),
('pompier', 'lampe-torche'),
('pompier', 'lance-grenade'),
('pompier', 'lance-roquette'),
('pompier', 'luxe'),
('pompier', 'machette'),
('pompier', 'marteau'),
('pompier', 'menottes'),
('pompier', 'mini-pistolet-derrin'),
('pompier', 'minivan'),
('pompier', 'mitrailleuse-legere'),
('pompier', 'mitrailleuse-lourde'),
('pompier', 'mitrailleuse-moyenne'),
('pompier', 'montre-bracelet'),
('pompier', 'moto-routiere'),
('pompier', 'moto-sportive'),
('pompier', 'moto-tout-terrain'),
('pompier', 'pisto-mitrailleur'),
('pompier', 'pisto-mitrailleur-lo'),
('pompier', 'pistolet-leger'),
('pompier', 'pistolet-lourd'),
('pompier', 'pistolet-moyen'),
('pompier', 'poignard'),
('pompier', 'poste-de-radio'),
('pompier', 'premier-prix'),
('pompier', 'rapiere'),
('pompier', 'repas-rapide'),
('pompier', 'restaurant'),
('pompier', 'sagaie'),
('pompier', 'semi-remorque'),
('pompier', 'shuriken'),
('pompier', 'suite-de-luxe'),
('pompier', 'tenue-de-randonnee'),
('pompier', 'tenue-polaire'),
('pompier', 'trousse-de-secours'),
('pompier', 'vivres-1-semaine'),
('pompier', 'zeppelin'),
('savant', 'a-la-mode'),
('savant', 'appareil-photo'),
('savant', 'arc'),
('savant', 'auto-4x4'),
('savant', 'auto-berline'),
('savant', 'auto-citadine'),
('savant', 'auto-sportive'),
('savant', 'autre'),
('savant', 'avion-bombardier'),
('savant', 'avion-chasseur'),
('savant', 'avion-de-tourisme'),
('savant', 'batte-base-ball'),
('savant', 'berline-de-luxe'),
('savant', 'blinde-leger'),
('savant', 'boussole'),
('savant', 'caisse-a-outils'),
('savant', 'camion'),
('savant', 'canon-scie'),
('savant', 'carabine-a-repetitio'),
('savant', 'chambre-dhotel'),
('savant', 'char-dassaut'),
('savant', 'classieux'),
('savant', 'couteau-de-lancer'),
('savant', 'dirigeable'),
('savant', 'dynamite'),
('savant', 'epee'),
('savant', 'foudroyeur'),
('savant', 'fusil-a-pompe'),
('savant', 'fusil-dassaut'),
('savant', 'fusil-de-chasse'),
('savant', 'fusil-de-precision'),
('savant', 'fusil-gros-gibier'),
('savant', 'fusil-precision-lour'),
('savant', 'gilet-pare-balles'),
('savant', 'gilet-pare-balles-lo'),
('savant', 'grand-restaurant'),
('savant', 'grenade-defensive'),
('savant', 'grenade-lacrymogene'),
('savant', 'grenade-offensive'),
('savant', 'hache-2-mains'),
('savant', 'hachette'),
('savant', 'haute-couture'),
('savant', 'helicoptere'),
('savant', 'hotel-de-luxe'),
('savant', 'hotel-minable'),
('savant', 'jumelles'),
('savant', 'lampe-torche'),
('savant', 'lance-grenade'),
('savant', 'lance-roquette'),
('savant', 'luxe'),
('savant', 'machette'),
('savant', 'marteau'),
('savant', 'menottes'),
('savant', 'mini-pistolet-derrin'),
('savant', 'minivan'),
('savant', 'mitrailleuse-legere'),
('savant', 'mitrailleuse-lourde'),
('savant', 'mitrailleuse-moyenne'),
('savant', 'montre-bracelet'),
('savant', 'moto-routiere'),
('savant', 'moto-sportive'),
('savant', 'moto-tout-terrain'),
('savant', 'pisto-mitrailleur'),
('savant', 'pisto-mitrailleur-lo'),
('savant', 'pistolet-leger'),
('savant', 'pistolet-lourd'),
('savant', 'pistolet-moyen'),
('savant', 'poignard'),
('savant', 'poste-de-radio'),
('savant', 'premier-prix'),
('savant', 'rapiere'),
('savant', 'repas-rapide'),
('savant', 'restaurant'),
('savant', 'sagaie'),
('savant', 'semi-remorque'),
('savant', 'shuriken'),
('savant', 'suite-de-luxe'),
('savant', 'tenue-de-randonnee'),
('savant', 'tenue-polaire'),
('savant', 'trousse-de-secours'),
('savant', 'vivres-1-semaine'),
('savant', 'zeppelin'),
('scientifique', 'a-la-mode'),
('scientifique', 'appareil-photo'),
('scientifique', 'arc'),
('scientifique', 'auto-4x4'),
('scientifique', 'auto-berline'),
('scientifique', 'auto-citadine'),
('scientifique', 'auto-sportive'),
('scientifique', 'autre'),
('scientifique', 'avion-bombardier'),
('scientifique', 'avion-chasseur'),
('scientifique', 'avion-de-tourisme'),
('scientifique', 'batte-base-ball'),
('scientifique', 'berline-de-luxe'),
('scientifique', 'blinde-leger'),
('scientifique', 'boussole'),
('scientifique', 'caisse-a-outils'),
('scientifique', 'camion'),
('scientifique', 'canon-scie'),
('scientifique', 'carabine-a-repetitio'),
('scientifique', 'chambre-dhotel'),
('scientifique', 'char-dassaut'),
('scientifique', 'classieux'),
('scientifique', 'couteau-de-lancer'),
('scientifique', 'dirigeable'),
('scientifique', 'dynamite'),
('scientifique', 'epee'),
('scientifique', 'foudroyeur'),
('scientifique', 'fusil-a-pompe'),
('scientifique', 'fusil-dassaut'),
('scientifique', 'fusil-de-chasse'),
('scientifique', 'fusil-de-precision'),
('scientifique', 'fusil-gros-gibier'),
('scientifique', 'fusil-precision-lour'),
('scientifique', 'gilet-pare-balles'),
('scientifique', 'gilet-pare-balles-lo'),
('scientifique', 'grand-restaurant'),
('scientifique', 'grenade-defensive'),
('scientifique', 'grenade-lacrymogene'),
('scientifique', 'grenade-offensive'),
('scientifique', 'hache-2-mains'),
('scientifique', 'hachette'),
('scientifique', 'haute-couture'),
('scientifique', 'helicoptere'),
('scientifique', 'hotel-de-luxe'),
('scientifique', 'hotel-minable'),
('scientifique', 'jumelles'),
('scientifique', 'lampe-torche'),
('scientifique', 'lance-grenade'),
('scientifique', 'lance-roquette'),
('scientifique', 'luxe'),
('scientifique', 'machette'),
('scientifique', 'marteau'),
('scientifique', 'menottes'),
('scientifique', 'mini-pistolet-derrin'),
('scientifique', 'minivan'),
('scientifique', 'mitrailleuse-legere'),
('scientifique', 'mitrailleuse-lourde'),
('scientifique', 'mitrailleuse-moyenne'),
('scientifique', 'montre-bracelet'),
('scientifique', 'moto-routiere'),
('scientifique', 'moto-sportive'),
('scientifique', 'moto-tout-terrain'),
('scientifique', 'pisto-mitrailleur'),
('scientifique', 'pisto-mitrailleur-lo'),
('scientifique', 'pistolet-leger'),
('scientifique', 'pistolet-lourd'),
('scientifique', 'pistolet-moyen'),
('scientifique', 'poignard'),
('scientifique', 'poste-de-radio'),
('scientifique', 'premier-prix'),
('scientifique', 'rapiere'),
('scientifique', 'repas-rapide'),
('scientifique', 'restaurant'),
('scientifique', 'sagaie'),
('scientifique', 'semi-remorque'),
('scientifique', 'shuriken'),
('scientifique', 'suite-de-luxe'),
('scientifique', 'tenue-de-randonnee'),
('scientifique', 'tenue-polaire'),
('scientifique', 'trousse-de-secours'),
('scientifique', 'vivres-1-semaine'),
('scientifique', 'zeppelin'),
('sorcier', 'a-la-mode'),
('sorcier', 'appareil-photo'),
('sorcier', 'arc'),
('sorcier', 'auto-4x4'),
('sorcier', 'auto-berline'),
('sorcier', 'auto-citadine'),
('sorcier', 'auto-sportive'),
('sorcier', 'autre'),
('sorcier', 'avion-bombardier'),
('sorcier', 'avion-chasseur'),
('sorcier', 'avion-de-tourisme'),
('sorcier', 'batte-base-ball'),
('sorcier', 'berline-de-luxe'),
('sorcier', 'blinde-leger'),
('sorcier', 'boussole'),
('sorcier', 'caisse-a-outils'),
('sorcier', 'camion'),
('sorcier', 'canon-scie'),
('sorcier', 'carabine-a-repetitio'),
('sorcier', 'chambre-dhotel'),
('sorcier', 'char-dassaut'),
('sorcier', 'classieux'),
('sorcier', 'couteau-de-lancer'),
('sorcier', 'dirigeable'),
('sorcier', 'dynamite'),
('sorcier', 'epee'),
('sorcier', 'foudroyeur'),
('sorcier', 'fusil-a-pompe'),
('sorcier', 'fusil-dassaut'),
('sorcier', 'fusil-de-chasse'),
('sorcier', 'fusil-de-precision'),
('sorcier', 'fusil-gros-gibier'),
('sorcier', 'fusil-precision-lour'),
('sorcier', 'gilet-pare-balles'),
('sorcier', 'gilet-pare-balles-lo'),
('sorcier', 'grand-restaurant'),
('sorcier', 'grenade-defensive'),
('sorcier', 'grenade-lacrymogene'),
('sorcier', 'grenade-offensive'),
('sorcier', 'hache-2-mains'),
('sorcier', 'hachette'),
('sorcier', 'haute-couture'),
('sorcier', 'helicoptere'),
('sorcier', 'hotel-de-luxe'),
('sorcier', 'hotel-minable'),
('sorcier', 'jumelles'),
('sorcier', 'lampe-torche'),
('sorcier', 'lance-grenade'),
('sorcier', 'lance-roquette'),
('sorcier', 'luxe'),
('sorcier', 'machette'),
('sorcier', 'marteau'),
('sorcier', 'menottes'),
('sorcier', 'mini-pistolet-derrin'),
('sorcier', 'minivan'),
('sorcier', 'mitrailleuse-legere'),
('sorcier', 'mitrailleuse-lourde'),
('sorcier', 'mitrailleuse-moyenne'),
('sorcier', 'montre-bracelet'),
('sorcier', 'moto-routiere'),
('sorcier', 'moto-sportive'),
('sorcier', 'moto-tout-terrain'),
('sorcier', 'pisto-mitrailleur'),
('sorcier', 'pisto-mitrailleur-lo'),
('sorcier', 'pistolet-leger'),
('sorcier', 'pistolet-lourd'),
('sorcier', 'pistolet-moyen'),
('sorcier', 'poignard'),
('sorcier', 'poste-de-radio'),
('sorcier', 'premier-prix'),
('sorcier', 'rapiere'),
('sorcier', 'repas-rapide'),
('sorcier', 'restaurant'),
('sorcier', 'sagaie'),
('sorcier', 'semi-remorque'),
('sorcier', 'shuriken'),
('sorcier', 'suite-de-luxe'),
('sorcier', 'tenue-de-randonnee'),
('sorcier', 'tenue-polaire'),
('sorcier', 'trousse-de-secours'),
('sorcier', 'vivres-1-semaine'),
('sorcier', 'zeppelin'),
('specialiste-milieux-', 'a-la-mode'),
('specialiste-milieux-', 'appareil-photo'),
('specialiste-milieux-', 'arc'),
('specialiste-milieux-', 'auto-4x4'),
('specialiste-milieux-', 'auto-berline'),
('specialiste-milieux-', 'auto-citadine'),
('specialiste-milieux-', 'auto-sportive'),
('specialiste-milieux-', 'autre'),
('specialiste-milieux-', 'avion-bombardier'),
('specialiste-milieux-', 'avion-chasseur'),
('specialiste-milieux-', 'avion-de-tourisme'),
('specialiste-milieux-', 'batte-base-ball'),
('specialiste-milieux-', 'berline-de-luxe'),
('specialiste-milieux-', 'blinde-leger'),
('specialiste-milieux-', 'boussole'),
('specialiste-milieux-', 'caisse-a-outils'),
('specialiste-milieux-', 'camion'),
('specialiste-milieux-', 'canon-scie'),
('specialiste-milieux-', 'carabine-a-repetitio'),
('specialiste-milieux-', 'chambre-dhotel'),
('specialiste-milieux-', 'char-dassaut'),
('specialiste-milieux-', 'classieux'),
('specialiste-milieux-', 'couteau-de-lancer'),
('specialiste-milieux-', 'dirigeable'),
('specialiste-milieux-', 'dynamite'),
('specialiste-milieux-', 'epee'),
('specialiste-milieux-', 'foudroyeur'),
('specialiste-milieux-', 'fusil-a-pompe'),
('specialiste-milieux-', 'fusil-dassaut'),
('specialiste-milieux-', 'fusil-de-chasse'),
('specialiste-milieux-', 'fusil-de-precision'),
('specialiste-milieux-', 'fusil-gros-gibier'),
('specialiste-milieux-', 'fusil-precision-lour'),
('specialiste-milieux-', 'gilet-pare-balles'),
('specialiste-milieux-', 'gilet-pare-balles-lo'),
('specialiste-milieux-', 'grand-restaurant'),
('specialiste-milieux-', 'grenade-defensive'),
('specialiste-milieux-', 'grenade-lacrymogene'),
('specialiste-milieux-', 'grenade-offensive'),
('specialiste-milieux-', 'hache-2-mains'),
('specialiste-milieux-', 'hachette'),
('specialiste-milieux-', 'haute-couture'),
('specialiste-milieux-', 'helicoptere'),
('specialiste-milieux-', 'hotel-de-luxe'),
('specialiste-milieux-', 'hotel-minable'),
('specialiste-milieux-', 'jumelles'),
('specialiste-milieux-', 'lampe-torche'),
('specialiste-milieux-', 'lance-grenade'),
('specialiste-milieux-', 'lance-roquette'),
('specialiste-milieux-', 'luxe'),
('specialiste-milieux-', 'machette'),
('specialiste-milieux-', 'marteau'),
('specialiste-milieux-', 'menottes'),
('specialiste-milieux-', 'mini-pistolet-derrin'),
('specialiste-milieux-', 'minivan'),
('specialiste-milieux-', 'mitrailleuse-legere'),
('specialiste-milieux-', 'mitrailleuse-lourde'),
('specialiste-milieux-', 'mitrailleuse-moyenne'),
('specialiste-milieux-', 'montre-bracelet'),
('specialiste-milieux-', 'moto-routiere'),
('specialiste-milieux-', 'moto-sportive'),
('specialiste-milieux-', 'moto-tout-terrain'),
('specialiste-milieux-', 'pisto-mitrailleur'),
('specialiste-milieux-', 'pisto-mitrailleur-lo'),
('specialiste-milieux-', 'pistolet-leger'),
('specialiste-milieux-', 'pistolet-lourd'),
('specialiste-milieux-', 'pistolet-moyen'),
('specialiste-milieux-', 'poignard'),
('specialiste-milieux-', 'poste-de-radio'),
('specialiste-milieux-', 'premier-prix'),
('specialiste-milieux-', 'rapiere'),
('specialiste-milieux-', 'repas-rapide'),
('specialiste-milieux-', 'restaurant'),
('specialiste-milieux-', 'sagaie'),
('specialiste-milieux-', 'semi-remorque'),
('specialiste-milieux-', 'shuriken'),
('specialiste-milieux-', 'suite-de-luxe'),
('specialiste-milieux-', 'tenue-de-randonnee'),
('specialiste-milieux-', 'tenue-polaire'),
('specialiste-milieux-', 'trousse-de-secours'),
('specialiste-milieux-', 'vivres-1-semaine'),
('specialiste-milieux-', 'zeppelin'),
('sportif-haut-niveau', 'a-la-mode'),
('sportif-haut-niveau', 'appareil-photo'),
('sportif-haut-niveau', 'arc'),
('sportif-haut-niveau', 'auto-4x4'),
('sportif-haut-niveau', 'auto-berline'),
('sportif-haut-niveau', 'auto-citadine'),
('sportif-haut-niveau', 'auto-sportive'),
('sportif-haut-niveau', 'autre'),
('sportif-haut-niveau', 'avion-bombardier'),
('sportif-haut-niveau', 'avion-chasseur'),
('sportif-haut-niveau', 'avion-de-tourisme'),
('sportif-haut-niveau', 'batte-base-ball'),
('sportif-haut-niveau', 'berline-de-luxe'),
('sportif-haut-niveau', 'blinde-leger'),
('sportif-haut-niveau', 'boussole'),
('sportif-haut-niveau', 'caisse-a-outils'),
('sportif-haut-niveau', 'camion'),
('sportif-haut-niveau', 'canon-scie'),
('sportif-haut-niveau', 'carabine-a-repetitio'),
('sportif-haut-niveau', 'chambre-dhotel'),
('sportif-haut-niveau', 'char-dassaut'),
('sportif-haut-niveau', 'classieux'),
('sportif-haut-niveau', 'couteau-de-lancer'),
('sportif-haut-niveau', 'dirigeable'),
('sportif-haut-niveau', 'dynamite'),
('sportif-haut-niveau', 'epee'),
('sportif-haut-niveau', 'foudroyeur'),
('sportif-haut-niveau', 'fusil-a-pompe'),
('sportif-haut-niveau', 'fusil-dassaut'),
('sportif-haut-niveau', 'fusil-de-chasse'),
('sportif-haut-niveau', 'fusil-de-precision'),
('sportif-haut-niveau', 'fusil-gros-gibier'),
('sportif-haut-niveau', 'fusil-precision-lour'),
('sportif-haut-niveau', 'gilet-pare-balles'),
('sportif-haut-niveau', 'gilet-pare-balles-lo'),
('sportif-haut-niveau', 'grand-restaurant'),
('sportif-haut-niveau', 'grenade-defensive'),
('sportif-haut-niveau', 'grenade-lacrymogene'),
('sportif-haut-niveau', 'grenade-offensive'),
('sportif-haut-niveau', 'hache-2-mains'),
('sportif-haut-niveau', 'hachette'),
('sportif-haut-niveau', 'haute-couture'),
('sportif-haut-niveau', 'helicoptere'),
('sportif-haut-niveau', 'hotel-de-luxe'),
('sportif-haut-niveau', 'hotel-minable'),
('sportif-haut-niveau', 'jumelles'),
('sportif-haut-niveau', 'lampe-torche'),
('sportif-haut-niveau', 'lance-grenade'),
('sportif-haut-niveau', 'lance-roquette'),
('sportif-haut-niveau', 'luxe'),
('sportif-haut-niveau', 'machette'),
('sportif-haut-niveau', 'marteau'),
('sportif-haut-niveau', 'menottes'),
('sportif-haut-niveau', 'mini-pistolet-derrin'),
('sportif-haut-niveau', 'minivan'),
('sportif-haut-niveau', 'mitrailleuse-legere'),
('sportif-haut-niveau', 'mitrailleuse-lourde'),
('sportif-haut-niveau', 'mitrailleuse-moyenne'),
('sportif-haut-niveau', 'montre-bracelet'),
('sportif-haut-niveau', 'moto-routiere'),
('sportif-haut-niveau', 'moto-sportive'),
('sportif-haut-niveau', 'moto-tout-terrain'),
('sportif-haut-niveau', 'pisto-mitrailleur'),
('sportif-haut-niveau', 'pisto-mitrailleur-lo'),
('sportif-haut-niveau', 'pistolet-leger'),
('sportif-haut-niveau', 'pistolet-lourd'),
('sportif-haut-niveau', 'pistolet-moyen'),
('sportif-haut-niveau', 'poignard'),
('sportif-haut-niveau', 'poste-de-radio'),
('sportif-haut-niveau', 'premier-prix'),
('sportif-haut-niveau', 'rapiere'),
('sportif-haut-niveau', 'repas-rapide'),
('sportif-haut-niveau', 'restaurant'),
('sportif-haut-niveau', 'sagaie'),
('sportif-haut-niveau', 'semi-remorque'),
('sportif-haut-niveau', 'shuriken'),
('sportif-haut-niveau', 'suite-de-luxe'),
('sportif-haut-niveau', 'tenue-de-randonnee'),
('sportif-haut-niveau', 'tenue-polaire'),
('sportif-haut-niveau', 'trousse-de-secours'),
('sportif-haut-niveau', 'vivres-1-semaine'),
('sportif-haut-niveau', 'zeppelin'),
('vampire', 'a-la-mode'),
('vampire', 'appareil-photo'),
('vampire', 'arc'),
('vampire', 'auto-4x4'),
('vampire', 'auto-berline'),
('vampire', 'auto-citadine'),
('vampire', 'auto-sportive'),
('vampire', 'autre'),
('vampire', 'avion-bombardier'),
('vampire', 'avion-chasseur'),
('vampire', 'avion-de-tourisme'),
('vampire', 'batte-base-ball'),
('vampire', 'berline-de-luxe'),
('vampire', 'blinde-leger'),
('vampire', 'boussole'),
('vampire', 'caisse-a-outils'),
('vampire', 'camion'),
('vampire', 'canon-scie'),
('vampire', 'carabine-a-repetitio'),
('vampire', 'chambre-dhotel'),
('vampire', 'char-dassaut'),
('vampire', 'classieux'),
('vampire', 'couteau-de-lancer'),
('vampire', 'dirigeable'),
('vampire', 'dynamite'),
('vampire', 'epee'),
('vampire', 'foudroyeur'),
('vampire', 'fusil-a-pompe'),
('vampire', 'fusil-dassaut'),
('vampire', 'fusil-de-chasse'),
('vampire', 'fusil-de-precision'),
('vampire', 'fusil-gros-gibier'),
('vampire', 'fusil-precision-lour'),
('vampire', 'gilet-pare-balles'),
('vampire', 'gilet-pare-balles-lo'),
('vampire', 'grand-restaurant'),
('vampire', 'grenade-defensive'),
('vampire', 'grenade-lacrymogene'),
('vampire', 'grenade-offensive'),
('vampire', 'hache-2-mains'),
('vampire', 'hachette'),
('vampire', 'haute-couture'),
('vampire', 'helicoptere'),
('vampire', 'hotel-de-luxe'),
('vampire', 'hotel-minable'),
('vampire', 'jumelles'),
('vampire', 'lampe-torche'),
('vampire', 'lance-grenade'),
('vampire', 'lance-roquette'),
('vampire', 'luxe'),
('vampire', 'machette'),
('vampire', 'marteau'),
('vampire', 'menottes'),
('vampire', 'mini-pistolet-derrin'),
('vampire', 'minivan'),
('vampire', 'mitrailleuse-legere'),
('vampire', 'mitrailleuse-lourde'),
('vampire', 'mitrailleuse-moyenne'),
('vampire', 'montre-bracelet'),
('vampire', 'moto-routiere'),
('vampire', 'moto-sportive'),
('vampire', 'moto-tout-terrain'),
('vampire', 'pisto-mitrailleur'),
('vampire', 'pisto-mitrailleur-lo'),
('vampire', 'pistolet-leger'),
('vampire', 'pistolet-lourd'),
('vampire', 'pistolet-moyen'),
('vampire', 'poignard'),
('vampire', 'poste-de-radio'),
('vampire', 'premier-prix'),
('vampire', 'rapiere'),
('vampire', 'repas-rapide'),
('vampire', 'restaurant'),
('vampire', 'sagaie'),
('vampire', 'semi-remorque'),
('vampire', 'shuriken'),
('vampire', 'suite-de-luxe'),
('vampire', 'tenue-de-randonnee'),
('vampire', 'tenue-polaire'),
('vampire', 'trousse-de-secours'),
('vampire', 'vivres-1-semaine'),
('vampire', 'zeppelin'),
('voyante', 'a-la-mode'),
('voyante', 'appareil-photo'),
('voyante', 'arc'),
('voyante', 'auto-4x4'),
('voyante', 'auto-berline'),
('voyante', 'auto-citadine'),
('voyante', 'auto-sportive'),
('voyante', 'autre'),
('voyante', 'avion-bombardier'),
('voyante', 'avion-chasseur'),
('voyante', 'avion-de-tourisme'),
('voyante', 'batte-base-ball'),
('voyante', 'berline-de-luxe'),
('voyante', 'blinde-leger'),
('voyante', 'boussole'),
('voyante', 'caisse-a-outils'),
('voyante', 'camion'),
('voyante', 'canon-scie'),
('voyante', 'carabine-a-repetitio'),
('voyante', 'chambre-dhotel'),
('voyante', 'char-dassaut'),
('voyante', 'classieux'),
('voyante', 'couteau-de-lancer'),
('voyante', 'dirigeable'),
('voyante', 'dynamite'),
('voyante', 'epee'),
('voyante', 'foudroyeur'),
('voyante', 'fusil-a-pompe'),
('voyante', 'fusil-dassaut'),
('voyante', 'fusil-de-chasse'),
('voyante', 'fusil-de-precision'),
('voyante', 'fusil-gros-gibier'),
('voyante', 'fusil-precision-lour'),
('voyante', 'gilet-pare-balles'),
('voyante', 'gilet-pare-balles-lo'),
('voyante', 'grand-restaurant'),
('voyante', 'grenade-defensive'),
('voyante', 'grenade-lacrymogene'),
('voyante', 'grenade-offensive'),
('voyante', 'hache-2-mains'),
('voyante', 'hachette'),
('voyante', 'haute-couture'),
('voyante', 'helicoptere'),
('voyante', 'hotel-de-luxe'),
('voyante', 'hotel-minable'),
('voyante', 'jumelles'),
('voyante', 'lampe-torche'),
('voyante', 'lance-grenade'),
('voyante', 'lance-roquette'),
('voyante', 'luxe'),
('voyante', 'machette'),
('voyante', 'marteau'),
('voyante', 'menottes'),
('voyante', 'mini-pistolet-derrin'),
('voyante', 'minivan'),
('voyante', 'mitrailleuse-legere'),
('voyante', 'mitrailleuse-lourde'),
('voyante', 'mitrailleuse-moyenne'),
('voyante', 'montre-bracelet'),
('voyante', 'moto-routiere'),
('voyante', 'moto-sportive'),
('voyante', 'moto-tout-terrain'),
('voyante', 'pisto-mitrailleur'),
('voyante', 'pisto-mitrailleur-lo'),
('voyante', 'pistolet-leger'),
('voyante', 'pistolet-lourd'),
('voyante', 'pistolet-moyen'),
('voyante', 'poignard'),
('voyante', 'poste-de-radio'),
('voyante', 'premier-prix'),
('voyante', 'rapiere'),
('voyante', 'repas-rapide'),
('voyante', 'restaurant'),
('voyante', 'sagaie'),
('voyante', 'semi-remorque'),
('voyante', 'shuriken'),
('voyante', 'suite-de-luxe'),
('voyante', 'tenue-de-randonnee'),
('voyante', 'tenue-polaire'),
('voyante', 'trousse-de-secours'),
('voyante', 'vivres-1-semaine'),
('voyante', 'zeppelin');

-- --------------------------------------------------------

--
-- Table structure for table `coc_profils_traits`
--

DROP TABLE IF EXISTS `coc_profils_traits`;
CREATE TABLE IF NOT EXISTS `coc_profils_traits` (
  `profil` varchar(20) NOT NULL,
  `sequence` tinyint(4) NOT NULL,
  `intitule` varchar(50) NOT NULL,
  `description` text NOT NULL,
  PRIMARY KEY (`profil`,`sequence`),
  KEY `coc_profils_traits_profil` (`profil`)
) ENGINE=InnoDB DEFAULT CHARSET=utf8mb4 COLLATE=utf8mb4_general_ci;

--
-- Dumping data for table `coc_profils_traits`
--

INSERT INTO `coc_profils_traits` (`profil`, `sequence`, `intitule`, `description`) VALUES
('ange', 1, 'Blessure grave', 'Un personnage angélique récupère automatiquement d’une blessure grave en dépensant un point de récupération (PR). Cela nécessite le temps de repos de 5 minutes.'),
('ange', 2, 'Prière', '5 fois par jour, le personnage a la possibilité de prier pendant une heure complète. Matines (la nuit), Laudes (matin), Office (midi), Vêpres (soir) et Complies (fin de soirée). Chaque prière apporte 1 point de récupération et un point de chance au personnage. S’il est dépensé immédiatement, le point de récupération prend effet sans délai supplémentaire de repos.'),
('ange', 3, 'Sang ardent', 'Le sang des anges est un feu brûlant pour un vampire. Un vampire qui commence à boire le sang d’un ange subit immédiatement 3d6 DM de feu et doit réussir un test de CON difficulté 15 pour s’arracher au feu purificateur chaque tour ou subir à nouveau le même montant de DM. L’ange reçoit 1d6 DM par tour mais aucun autre des effets habituels d’une morsure de vampire.'),
('ange', 4, 'Sacré', 'Tous les DM infligés par des pouvoirs angéliques sont des DM de type sacré, ils ignorent la réduction des DM des créatures maléfiques, comme les démons et les vampires.'),
('demon', 1, 'Acheter une âme', 'Le démon peut accorder à un mortel le bénéfice d’un de ses propres pouvoirs, en échange de la signature d’un contrat sur son âme. Le démon perd 1 PV sur son score maximum de PV tant que la cible est vivante et il n’a pas le droit de tenter de lui nuire directement. Lorsque la cible décède, il récupère le PV perdu et il gagne 1 point d’âme.'),
('demon', 2, 'Blessure grave', 'Si vous utilisez la règle de blessure grave, un personnage démoniaque récupère automatiquement d’une blessure grave en dépensant une action de mouvement, mais seulement la nuit.'),
('demon', 3, 'Destin tragique', 'Un démon ne peut pas dépenser de point de chance pour obtenir un bonus de +10 sur un test ou transformer une réussite en réussite critique. En revanche, il peut dépenser un point de chance pour infliger un malus de -10 à une cible à portée de vue ou transformer un échec en échec critique… Toutefois, ces options ne peuvent être utilisées que contre une créature de niveau inférieur au sien. Chez les démons, la loi du plus fort est un concept fondamental…'),
('demon', 4, 'Points d’âme', 'Un démon ne possède pas de points de récupération, il ne guérit pas de façon ordinaire, il se régénère chaque nuit (voir ci-dessous). Un personnage démon utilise donc les cases normalement destinées à la gestion des points de récupération pour noter ses points d’âme. Un démon débute le jeu avec un seul point d’âme et le rang 1 dans la Voie du démon. Il ne peut obtenir de capacité de la Voie du démon d’un rang supérieur à son nombre de points d’âmes. En d’autres termes, pour pouvoir progresser, un démon doit obligatoirement passer des contrats et « attendre » la mort de ses victimes. Les points d’âme ne sont jamais dépensés mais, si le démon possède déjà 5 points d’âme, chaque point supplémentaire lui permet de récupérer immédiatement tous ses points de chance.'),
('demon', 5, 'Régénération', 'La nuit, un démon régénère automatiquement 1 PV par minute. Ce rythme est suffisant pour guérir très vite, mais assez lent pour rester discret la plupart du temps.'),
('demon', 6, 'Résistance aux éléments', 'Le personnage divise par deux tous les DM provoqués par le feu ou le froid, un souvenir des conditions accueillantes qui règnent en enfer.'),
('demon', 7, 'Sang impur', 'Le sang des démons n’apporte aucun point de sang à un vampire.'),
('demon', 8, 'Vision nocturne', 'Les démons voient dans le noir total comme dans la pénombre, sans limitation de distance.'),
('etre-feerique', 1, 'Caractéristique féérique', 'Chaque voie d’ascendance des êtres féeriques fait référence à une caractéristique (indiquée entre parenthèses). En plus de toutes les autres capacités, le personnage reçoit automatiquement un bonus de +1 à la valeur de cette caractéristique par rang atteint dans la voie.'),
('etre-feerique', 2, 'Don d’oubli', 'Les êtres féeriques sont des créatures de légendes, et les mortels qui sont témoins de faits surnaturels les oublient inévitablement. Leur mémoire devient confuse et ces souvenirs s’effacent progressivement de leur conscience. On ne sait pas s’il s’agit là des effets d’une puissante magie des faës ou si le monde des hommes lui-même voue ces êtres à l’oubli. Lorsqu’un humain ordinaire assiste à un événement irrationnel provoqué par un être féerique (comme l’utilisation d’une capacité magique), il doit faire un test de PER de difficulté 15 chaque heure suivante pour en garder la mémoire. Au premier échec, la mémoire de l’événement devient confuse et, au second test raté, le mortel trouve une explication rationnelle mais totalement fausse pour expliquer ce dont il a été le témoin. Ce pouvoir n’affecte pas les Surhumains.'),
('etre-feerique', 3, 'Fascinant', 'Tout être féerique est baigné d’une sorte d’aura subtile, quelque chose de magique que les humains ordinaires ont oublié depuis longtemps et sont incapables de définir. Cela les rend terriblement charismatiques. Tous les êtres féeriques bénéficient d’un bonus de +2 à la valeur de CHA.'),
('etre-feerique', 4, 'Passer dans le monde magique', 'Pour passer dans le monde féerique, le personnage doit utiliser une action limitée et trouver un lieu et un moment de transition : le lever ou le coucher du soleil, l’orée d’une forêt, un cercle de champignons, l’entrée d’une grotte, la porte de la cave, etc. Le personnage ne peut franchir le voile si un humain ordinaire l’observe. L’être féerique peut rester dans le monde magique aussi longtemps qu’il le souhaite. Il y guérit deux fois plus vite que dans le monde ordinaire, il y trouve de quoi se nourrir ou boire. Il peut en ressortir au même endroit ou par un autre lieu dans un rayon de trois kilomètres au coucher ou au lever du soleil suivant.'),
('etre-feerique', 5, 'Résistance au progrès', 'Les êtres féeriques obtiennent une réduction des DM (RD) de 1 point par rang atteint dans leur voie première à tous les DM provoqués par des armes de technologie avancée : les armes à feu, lasers et autres tronçonneuses. Un arc ou une épée leur inflige des DM normaux.'),
('etre-feerique', 6, 'Vision dans le noir', 'Le personnage voit dans la pénombre comme en plein jour et dans le noir total comme dans la pénombre à une distance de 30 mètres.'),
('etre-feerique', 7, 'Affaibli', 'Leur exil du monde réel, la domination de la technologie, la quasi- disparition de la magie et la destruction de la nature a affaibli les êtres féeriques pendant des siècles. Tous les êtres féeriques subissent une pénalité de -2 à la valeur de CON.'),
('etre-feerique', 8, 'Réfractaire à la technologie', 'Les êtres féeriques ont en commun d’avoir beaucoup de mal avec la technologie. Ils utilisent un d12 pour tous les tests de mécanique ou d’informatique. De même, le joueur doit lancer un d12 en attaque à distance au lieu du d20 lorsque le personnage utilise une arme technologiquement avancée. Toutefois, un personnage peut ignorer cette dernière pénalité en utilisant une action limitée pour réaliser une attaque simple avec une telle arme.'),
('loup-garou', 1, 'Caractéristique extraordinaire', 'Certaines voies de loup-garou font référence à une caractéristique indiquée entre parenthèses après son nom. En plus de toutes les autres capacités, un loup-garou reçoit automatiquement un bonus de +1 à la valeur de cette caractéristique par rang atteint dans la voie.'),
('loup-garou', 2, 'Changer de forme', 'La nuit, passer de la forme humaine à une autre forme (loup ou hybride) coûte 1 point de rage. Le jour, ce coût passe à 2 points. Les nuits de pleine lune, les changements de forme sont gratuits.'),
('loup-garou', 3, 'Empathie avec les loups', 'Le personnage peut communiquer et partager des sentiments à une portée de 30 mètres avec les loups, et ceux-ci sont enclins à le considérer favorablement.'),
('loup-garou', 4, 'Guérison rapide', 'Le jour, le personnage récupère 1d6 PV par heure. La nuit, ce score passe automatiquement à 6 PV par heure. Un loup-garou qui revient à son maximum de PV se débarrasse automatiquement d’une blessure grave.'),
('loup-garou', 5, 'Infecter la victime', 'Un loup-garou peut infecter sa victime par la lycanthropie avec une attaque de morsure en dépensant un point de rage. Cela n’en fait pas un lycanthrope naturel et seuls les loups-garous maléfiques utilisent cette capacité. La victime peut tenter de résister à l’infection en réussissant un test de CON difficulté 15.'),
('loup-garou', 6, 'Points de Rage (PR)', 'Les personnages loups-garous n’ont pas de points de récupération (voir les règles pulp) ; à la place, ils ont une jauge de rage maximum égale au rang atteint dans la Voie du loup-garou. Un loup-garou gagne 1 point de rage dans les cas suivants (même sous forme humaine) : \r\n• À la première perte de PV subie lors d’un combat. \r\n• Lorsqu’un adversaire lui inflige une attaque critique.\r\n• Lorsqu’il reçoit une blessure grave. \r\nCes effets ne se cumulent pas : un personnage ne peut recevoir plus d’un point de rage par attaque dont il est la cible. Dépenser un point de rage permet : \r\n• De se transformer en loup ou en hybride par une action limitée (2 PR s’il fait jour). \r\n• De guérir une blessure grave par une action limitée. \r\n• D’obtenir un bonus de +10 sur n’importe quel test d’action physique (FOR, DEX, CON, attaque au contact). \r\nÀ l’exception du premier cas, les points de rage peuvent seulement être dépensés sous forme de loup ou d’hybride.'),
('loup-garou', 7, 'Réduction des DM', 'Lorsqu’il est sous forme hybride ou de loup, le personnage réduit tous les DM reçus de [5 + rang de la Voie du loup-garou], sauf s’il s’agit d’une blessure causée par une arme en argent (Notation simplifiée : RD 5 + Rang /argent). Un loup-garou de rang 3 qui reçoit une rafale de pistolet mitrailleur pour 13 points de DM ne subit donc que 5 points de DM (13 – 8).'),
('loup-garou', 8, 'Transformation involontaire', 'S’il possède assez de points de rage disponibles, un loup-garou qui reçoit un point de rage doit immédiatement faire un test de CHA difficulté 13 ou les dépenser pour se transformer au choix en loup ou en hybride. S’il est déjà en forme non-humaine, il doit réussir ce même test ou entrer en rage férale (s’il dispose de cette capacité).'),
('loup-garou', 9, 'Vision dans le noir', 'Le personnage voit dans le noir comme dans la pénombre à une distance de 30 mètres. Dans la pénombre ou sous la lumière de la lune, le personnage voit comme en plein jour.'),
('loup-garou', 10, 'Bête noire du progrès', 'Les lycanthropes se méfient de la technologie, les liens profonds qui les unissent à la nature sauvage et au chaos influent sur celle-ci de façon négative. Tout résultat de 1 au dé (test d’attaque ou de réussite) lors de l’utilisation d’un objet technologique (arme à feu, voiture, ascenseur, micro-onde, etc.) résulte dans une panne majeure de l’objet. Il faut un 1d6 heures pour le réparer. Un résultat de 2 signifie un dysfonctionnement pendant 1d6 tours.'),
('loup-garou', 11, 'Capacités de garous', 'Les capacités du personnage ne peuvent pas être utilisées sous forme humaine. Les rares exceptions sont signalées par le symbole °.'),
('mutant-endogene', 1, 'Caractéristique mutante', 'Chaque voie de mutant fait référence à une caractéristique indiquée entre parenthèses après son nom. En plus de toutes les autres capacités, un mutant reçoit automatiquement un bonus de +1 à la valeur de cette caractéristique par rang atteint dans la voie.'),
('mutant-endogene', 2, 'Récupération exceptionnelle', 'Au lieu d’un seul point de récupération, chaque nuit de repos, un mutant regagne 1 point de récupération par rang atteint dans la voie première.'),
('mutant-endogene', 3, 'Surhumain simple', 'Si vous jouez des Surhumains simples, les PV supérieurs des mutants endo-actifs sont compensés par les mêmes avantages que pour les profils de base. Ainsi, un mutant exo-actif débute avec un bonus de 2 points de chance et un mutant psycho- actif avec un bonus de 2 points de capacité (rang 2 max).'),
('mutant-exogene', 1, 'Caractéristique mutante', 'Chaque voie de mutant fait référence à une caractéristique indiquée entre parenthèses après son nom. En plus de toutes les autres capacités, un mutant reçoit automatiquement un bonus de +1 à la valeur de cette caractéristique par rang atteint dans la voie.'),
('mutant-exogene', 2, 'Récupération exceptionnelle', 'Au lieu d’un seul point de récupération, chaque nuit de repos, un mutant regagne 1 point de récupération par rang atteint dans la voie première.'),
('mutant-exogene', 3, 'Surhumain simple', 'Si vous jouez des Surhumains simples, les PV supérieurs des mutants endo-actifs sont compensés par les mêmes avantages que pour les profils de base. Ainsi, un mutant exo-actif débute avec un bonus de 2 points de chance et un mutant psycho- actif avec un bonus de 2 points de capacité (rang 2 max).'),
('mutant-psychogene', 1, 'Caractéristique mutante', 'Chaque voie de mutant fait référence à une caractéristique indiquée entre parenthèses après son nom. En plus de toutes les autres capacités, un mutant reçoit automatiquement un bonus de +1 à la valeur de cette caractéristique par rang atteint dans la voie.'),
('mutant-psychogene', 2, 'Récupération exceptionnelle', 'Au lieu d’un seul point de récupération, chaque nuit de repos, un mutant regagne 1 point de récupération par rang atteint dans la voie première.'),
('mutant-psychogene', 3, 'Surhumain simple', 'Si vous jouez des Surhumains simples, les PV supérieurs des mutants endo-actifs sont compensés par les mêmes avantages que pour les profils de base. Ainsi, un mutant exo-actif débute avec un bonus de 2 points de chance et un mutant psycho- actif avec un bonus de 2 points de capacité (rang 2 max).'),
('vampire', 1, 'Caractéristique extraordinaire', 'Chaque voie de vampire fait références à une caractéristique indiquée entre parenthèses après son nom. En plus de toutes les autres capacités, un vampire reçoit automatiquement un bonus de +1 à la valeur de cette caractéristique par rang atteint dans la voie.'),
('vampire', 2, 'Créature non-vivante', 'Les créatures non-vivantes ne respirent pas, elles sont immunisées au poison et aux maladies, elles sont infatigables et sont immunisées à presque toutes les attaques qui demandent un test de CON. Les vampires voient dans le noir à 20 mètres comme en plein jour.'),
('vampire', 3, 'Immortel', 'Le vampire est immortel ; s’il tombe à 0 PV, il s’enfuit en forme gazeuse pour rejoindre son cercueil/ repaire et s’y reposer.'),
('vampire', 4, 'Morsure', 'Les crocs du vampire lui permettent de se nourrir et peuvent servir d’arme, infligeant 1d4 DM sans bonus de caractéristique. Toutefois, infliger des DM ne signifie pas que le vampire peut forcément commencer à Aspirer le sang. Cela nécessite l’accès à un vaisseau sanguin important situé sur des zones particulières comme le cou, le poignet ou encore l’aine. Une simple morsure en combat produit des DM ordinaires, c’est pourquoi la plupart des vampires choisissent la ruse, la séduction ou l’utilisation de pouvoirs pour endormir la méfiance de leur cible. Si un vampire particulièrement désespéré, primaire ou inexpérimenté souhaite obtenir ce résultat par la force, commencez par lui demander un test d’attaque contre un score égal à la somme de la DEF et du score d’attaque au contact de la cible. En cas de réussite, le vampire doit encore emporter un test de FOR opposé. Si c’est gagné, le vampire peut commencer à Aspirer le sang, la victime peut tenter un nouveau test de FOR à chaque tour en guise d’action de mouvement mais sa FOR est alors déjà réduite par le pouvoir de drainage du vampire (voir ci-dessous).'),
('vampire', 5, 'Aspirer le sang', 'Lorsqu’il mord une victime sans défense (séduite, endormie, réduite à l’impuissance ou inconsciente), le vampire peut la vider de son sang. Cela lui apporte une puissante extase et il inflige 1d6 points de DM par tour, directement retranchés à la valeur de FOR de sa cible. La morsure est indolore et même agréable. Bien souvent, lorsqu’une victime s’aperçoit que quelque chose ne va pas, il est trop tard. Lorsque la FOR de la cible tombe à 0, elle meurt et le vampire obtient 1 point de sang. Le vampire se sent alors plus vivant, il reprend des couleurs et il ressemble parfaitement à un être humain pour une durée de 24 heures. Si la victime n’est pas totalement vidée de son sang, le vampire ne reçoit pas de point de sang et la victime est contaminée (voir ci-dessous les sang-faibles).'),
('vampire', 6, 'Baiser vampirique', 'Le vampire peut faire profiter ses victimes du don ténébreux – les transformer en vampire – s’il le souhaite. Pour cela, après avoir vidé une victime de presque tout son sang (il doit volontairement lui laisser 1 point de FOR), il lui fait boire son propre fluide vital. Cela lui occasionne la perte de 3 points de sang. Si le vampire ne dispose pas d’assez de points de sang, le rituel est un échec et la chose se relève sous la forme d’un sang-faible perverti et haineux qui cherche à détruire son créateur pour boire son sang (complètement) afin de devenir un véritable vampire.'),
('vampire', 7, 'Points de sang', 'Un vampire ne possède pas de points de récupération, il ne guérit pas de façon ordinaire : soit il se régénère, soit il doit dépense des points de sang (en cas de blessure grave, par exemple). Un personnage vampire utilise donc les cases normalement destinées à la gestion des points de récupération pour noter ses points de sang. \r\nUn point de sang est obtenu en vidant complètement un humain de son sang, ce qui le tue. Ces points peuvent être conservés aussi longtemps que le joueur le souhaite, mais aucun vampire ne peut conserver plus de points de sang que le rang atteint dans la Voie du vampire. De plus, un point de sang est automatiquement perdu pour chaque test de Soif dévorante raté. \r\nUn point de sang dépensé permet : \r\nDe récupérer immédiatement 10 PV, même s’il s’agit de DM de feu (donc au score de PV maximum).\r\n• D’annuler les effets d’une blessure grave.\r\n• D’obtenir un bonus de +10 sur n’importe quel test d’action physique (FOR, DEX, CON, attaque au contact).\r\n• De nourrir une goule.\r\n• D’ignorer les effets de la Soif dévorante pendant 24 heures.'),
('vampire', 8, 'Vulnérabilité au feu', 'Les vampires sont vulnérables aux DM causés par le feu. Ces DM sont retranchés directement à leur score maximum de PV et pas au score actuel : cela signifie qu’ils ne peuvent pas être régénérés de façon normale.\r\nLe vampire doit se reposer dans son cercueil pour récupérer de tels DM et il récupère alors 1 PV max par rang atteint dans la Voie du vampire pour 24 heures de repos ininterrompu. Si le cercueil du vampire est inaccessible, il doit s’enterrer sous terre et il ne récupère alors que 1 PV max par mois. '),
('vampire', 9, 'Terreur du soleil', 'Un vampire subit 2d6 DM de feu par tour lorsqu’il est exposé au soleil. Ces DM sont réduits à 1d6 par tour si le vampire est complètement couvert (vêtements, masque, lunettes). La lumière du soleil est toujours assimilée à des DM de feu pour un vampire.'),
('vampire', 10, 'Créature de la nuit', 'Durant la journée – du lever au coucher du soleil – un vampire utilise un d12 pour tous ses tests au lieu d’un d20 et il ne peut réaliser aucune action limitée.'),
('vampire', 11, 'Cercueil sur mesure', 'Un vampire qui n’a pas pu dormir le jour dans son cercueil passe ensuite une très mauvaise nuit ! Il utilise un d12 pour toutes ses actions jusqu’à ce qu’il passe à nouveau une journée complète de repos dans son cercueil. Un vampire ne peut avoir qu’un seul cercueil à la fois, un cercueil ne devient le sien qu’une fois qu’il a passé 7 jours et 7 nuits à y reposer.'),
('vampire', 12, 'Soif dévorante', 'À l’issue de chaque nuit où il n’a pas bu de sang, le vampire doit faire un test de CON de difficulté 10 (+1 par journée sans nourriture). S’il échoue, il reçoit un malus cumulable de -2 à toute action (pour un maximum de -10) jusqu’à ce qu’il s’abreuve du sang encore chaud d’une victime. Se nourrir de sang d’animal (à sang chaud) est une option de secours très désagréable et peu viable pour un vampire. Au lieu d’un malus de -2, il ne subit qu’un malus de -1 par jour, limité à -5.');

-- --------------------------------------------------------

--
-- Table structure for table `coc_proprietes_equipement`
--

DROP TABLE IF EXISTS `coc_proprietes_equipement`;
CREATE TABLE IF NOT EXISTS `coc_proprietes_equipement` (
  `code` varchar(20) NOT NULL,
  `intitule` varchar(50) NOT NULL,
  `defaut` varchar(250) DEFAULT NULL,
  PRIMARY KEY (`code`)
) ENGINE=InnoDB DEFAULT CHARSET=utf8mb4 COLLATE=utf8mb4_general_ci;

--
-- Dumping data for table `coc_proprietes_equipement`
--

INSERT INTO `coc_proprietes_equipement` (`code`, `intitule`, `defaut`) VALUES
('agi-vheicule', 'AGI', NULL),
('critique', 'Critique', '20'),
('def', 'DEF', ''),
('dm-arc', 'DM Arc de feu', ''),
('dm1m', 'DM 1 main', ''),
('dm2m', 'DM 2 mains', ''),
('dmarc', 'DM Arc de feu', ''),
('for-mini', 'FOR minimum', ''),
('for-vehicule', 'FOR', NULL),
('portee', 'Portée', ''),
('pv-vehicule', 'PV', NULL),
('rayon', 'Rayon', ''),
('rd', 'RD', '');

-- --------------------------------------------------------

--
-- Table structure for table `coc_races`
--

DROP TABLE IF EXISTS `coc_races`;
CREATE TABLE IF NOT EXISTS `coc_races` (
  `race` varchar(20) NOT NULL,
  `intitule` varchar(50) NOT NULL,
  `mod_for` tinyint(4) DEFAULT NULL,
  `mod_dex` tinyint(4) DEFAULT NULL,
  `mod_con` tinyint(4) DEFAULT NULL,
  `mod_int` tinyint(4) DEFAULT NULL,
  `mod_sag` tinyint(4) DEFAULT NULL,
  `mod_cha` tinyint(4) DEFAULT NULL,
  `age_base` smallint(6) DEFAULT NULL,
  `esperance_vie` smallint(6) DEFAULT NULL,
  `taille_min` decimal(3,2) DEFAULT NULL,
  `taille_max` decimal(3,2) DEFAULT NULL,
  `poids_min` smallint(6) DEFAULT NULL,
  `poids_max` smallint(6) DEFAULT NULL,
  `type_race` varchar(5) DEFAULT NULL,
  PRIMARY KEY (`race`)
) ENGINE=InnoDB DEFAULT CHARSET=utf8mb4 COLLATE=utf8mb4_general_ci;

-- --------------------------------------------------------

--
-- Table structure for table `coc_races_capacites`
--

DROP TABLE IF EXISTS `coc_races_capacites`;
CREATE TABLE IF NOT EXISTS `coc_races_capacites` (
  `race` varchar(20) NOT NULL,
  `capacite` varchar(20) NOT NULL,
  PRIMARY KEY (`race`,`capacite`),
  KEY `coc_races_capacites_race` (`race`),
  KEY `coc_races_capacites_capacite` (`capacite`)
) ENGINE=InnoDB DEFAULT CHARSET=utf8mb4 COLLATE=utf8mb4_general_ci;

-- --------------------------------------------------------

--
-- Table structure for table `coc_races_traits`
--

DROP TABLE IF EXISTS `coc_races_traits`;
CREATE TABLE IF NOT EXISTS `coc_races_traits` (
  `race` varchar(20) NOT NULL,
  `sequence` tinyint(4) NOT NULL,
  `intitule` varchar(50) NOT NULL,
  `description` text NOT NULL,
  PRIMARY KEY (`race`,`sequence`),
  KEY `coc_races_traits_race` (`race`)
) ENGINE=InnoDB DEFAULT CHARSET=utf8mb4 COLLATE=utf8mb4_general_ci;

-- --------------------------------------------------------

--
-- Table structure for table `coc_types_capacite`
--

DROP TABLE IF EXISTS `coc_types_capacite`;
CREATE TABLE IF NOT EXISTS `coc_types_capacite` (
  `type_capacite` varchar(5) NOT NULL,
  `type_capacite_intitule` varchar(50) NOT NULL,
  `type_capacite_config` text DEFAULT NULL,
  PRIMARY KEY (`type_capacite`)
) ENGINE=InnoDB DEFAULT CHARSET=utf8mb4 COLLATE=utf8mb4_general_ci;

--
-- Dumping data for table `coc_types_capacite`
--

INSERT INTO `coc_types_capacite` (`type_capacite`, `type_capacite_intitule`, `type_capacite_config`) VALUES
('creat', 'Créatures', '{ \"ranks\": 3 }'),
('prest', 'Prestige', NULL);

-- --------------------------------------------------------

--
-- Table structure for table `coc_types_races`
--

DROP TABLE IF EXISTS `coc_types_races`;
CREATE TABLE IF NOT EXISTS `coc_types_races` (
  `type_race` varchar(5) NOT NULL,
  `type_race_intitule` varchar(50) NOT NULL,
  `type_race_config` text DEFAULT NULL,
  PRIMARY KEY (`type_race`)
) ENGINE=InnoDB DEFAULT CHARSET=utf8mb4 COLLATE=utf8mb4_general_ci;

-- --------------------------------------------------------

--
-- Table structure for table `coc_types_voie`
--

DROP TABLE IF EXISTS `coc_types_voie`;
CREATE TABLE IF NOT EXISTS `coc_types_voie` (
  `type_voie` varchar(5) NOT NULL,
  `type_voie_intitule` varchar(50) NOT NULL,
  `type_voie_config` text DEFAULT NULL,
  PRIMARY KEY (`type_voie`)
) ENGINE=InnoDB DEFAULT CHARSET=utf8mb4 COLLATE=utf8mb4_general_ci;

--
-- Dumping data for table `coc_types_voie`
--

INSERT INTO `coc_types_voie` (`type_voie`, `type_voie_intitule`, `type_voie_config`) VALUES
('creat', 'Créatures', '{ \"ranks\": 3 }'),
('prest', 'Prestige', NULL);

-- --------------------------------------------------------

--
-- Table structure for table `coc_voies`
--

DROP TABLE IF EXISTS `coc_voies`;
CREATE TABLE IF NOT EXISTS `coc_voies` (
  `voie` varchar(20) NOT NULL,
  `nom` varchar(50) NOT NULL,
  `notes` varchar(1024) DEFAULT NULL,
  `type` varchar(5) DEFAULT NULL,
  `pfx_deladu` char(1) NOT NULL,
  `equipement` varchar(1024) NOT NULL,
  PRIMARY KEY (`voie`)
) ENGINE=InnoDB DEFAULT CHARSET=utf8mb4 COLLATE=utf8mb4_general_ci;

--
-- Dumping data for table `coc_voies`
--

INSERT INTO `coc_voies` (`voie`, `nom`, `notes`, `type`, `pfx_deladu`, `equipement`) VALUES
('1ere-demon', 'Démon', 'Voie première des démons', '', '0', ''),
('1ere-endogene', 'Endogène', 'Voie première des mutants endogènes', '', '2', ''),
('1ere-exogene', 'Exogène', 'Voie première des mutants exogènes', '', '2', ''),
('1ere-loup-garou', 'Loup-garou', 'Voie première des loups-garous', '', '0', ''),
('1ere-psychogene', 'Psychogène', 'Voie première des mutants psychogènes', '', '0', ''),
('1ere-sainte', 'Sainte', 'Voie première des Anges', '', '3', ''),
('1ere-vampire', 'Vampire', 'Voie première des vampires', '', '0', ''),
('1ere-voile', 'Voile', 'Voie première des êtres féériques', '', '0', ''),
('adaptation-au-monde', 'Adaptation au monde', 'Pour aller parmi les hommes', '', '2', ''),
('arcane-dargent', 'Arcane d\'argent', '', '', '2', ''),
('arcane-dazur', 'Arcane d\'azur', '', '', '2', ''),
('arcane-de-gueules', 'Arcane de gueules', '', '', '2', ''),
('arcane-de-sable', 'Arcane de sable', '', '', '2', ''),
('arcane-de-sinople', 'Arcane de sinople', '', '', '2', ''),
('arcane-dor', 'Arcane d\'or', '', '', '2', ''),
('archeologie', 'Archéologie', 'Équipement : livre sur une civilisation perdue, tenue de randonnée, matériel de fouille.', '', '2', ''),
('argent', 'Argent', 'Équipement : vêtements et accessoires de luxe (montre, bijoux, etc.). 1 000 $ ou € en liquide.', '', '2', ''),
('armes-a-feu', 'Armes à feu', 'Équipement : un pistolet et un fusil au choix (en accord avec le MJ), des munitions.', '', '3', ''),
('arts', 'Arts', 'Équipement : de quoi pratiquer son art, tenue à la mode.', '', '3', ''),
('attrait-de-la-nuit', 'Attrait de la nuit (CHA)', '', '', '2', ''),
('bloqueur', 'Bloqueur (DEX)', 'Un bloqueur réduit à l’impuissance ses adversaires. Le joueur doit choisir un médium : le moyen que le mutant utilise pour rendre efficace son pouvoir, comme de la glace, des toiles d’araignée, des plantes ou encore un champ de force (remplacer DEX par PER).', '', '0', ''),
('bouclier-de-la-foi', 'Bouclier de la foi', '', '', '0', ''),
('brouilleur', 'Brouilleur (INT)', 'Un brouilleur utilise son don psychique pour disparaître de la conscience des créatures présentes.', '', '0', ''),
('champion', 'Champion', 'Cette voie est destinée à un héros redoutable ou un champion d’arts martiaux. Elle peut aussi être appliquée à une créature particulièrement redoutable. Les PNJ dotés de cette voie obtiennent une caractéristique supérieure (indiqué par un *) au choix parmi FOR, DEX ou CON.', 'creat', '0', ''),
('charite', 'Charité', '', '', '1', ''),
('chef-darmee', 'Chef d\'armée', 'Cette voie permet de créer des groupes armés plus coriaces. Assignez au chef du groupe de 1 à 3 rangs, chaque rang augmente son NC de +1. \r\nLes PNJ dotés de cette voie obtiennent le CHA en caractéristique supérieure (indiqué par un *).', 'creat', '0', ''),
('coeur-de-la-nuit', 'Coeur de la nuit (INT)', 'Quartier de lune', '', '0', ''),
('cogneur', 'Cogneur (FOR)', 'Un cogneur renforce son corps et libère ses instincts primaires pour taper fort.', '', '0', ''),
('cogneur-creature', 'Cogneur', 'Les créatures dotées de cette capacité obtiennent la CON en caractéristique supérieure (indiqué par un *).', 'creat', '0', ''),
('colere-divine', 'Colère divine', '', '', '1', ''),
('colosse-creature', 'Colosse', 'Cette voie est à réserver aux créatures de grande taille, les capacités présentées n’affectent que les cibles de taille inférieure à la créature.\r\nLes créatures dotées de cette voie obtiennent la FOR en caractéristique supérieure (indiqué par un *).', 'creat', '0', ''),
('copieur', 'Copieur (CHA)', 'Un copieur est un mutant qui peut reproduire les pouvoirs des autres mutants.', '', '0', ''),
('corporations', 'Corporations', 'Le joueur doit choisir une corporation : armée, médecine, université, crime organisé, show-biz, police, etc. Équipement : costume, un objet symbolique.', '', '3', ''),
('corps-a-corps', 'Corps à corps', 'Équipement : un poignard, éventuellement une autre arme en accord avec le MJ.', '', '0', ''),
('corruption', 'Corruption', '', '', '1', ''),
('coureur', 'Coureur (CON)', 'Le coureur est capable de se déplacer à une vitesse extraordinaire.', '', '0', ''),
('creatures-volantes', 'Créatures volantes', 'Les créatures dotées de cette capacité obtiennent la SAG en caractéristique supérieure (indiqué par un *).', 'creat', '3', ''),
('danger', 'Danger', 'Équipement : une trousse de secours, une corde d’escalade.', '', '0', ''),
('demon', 'Démon', '', '', '0', ''),
('densifieur', 'Densifieur (FOR)', 'Un densifieur contrôle la gravité.', '', '0', ''),
('discours', 'Discours', 'Équipement : un lot de carte de visite, une trousse de maquillage.', '', '0', ''),
('divination', 'Divination', 'La magie de la divination pourrait éventuellement utiliser la PER au lieu de l’INT comme caractéristique de magie (remplacez alors tous les Mod. d’INT par Mod. de PER).', '', '1', ''),
('dominateur', 'Dominateur (CHA)', 'Le dominateur utilise sa force mentale pour contrôler ses victimes. Si une victime résiste à un pouvoir de contrôle, elle y est immunisée pour 24 heures.', '', '0', ''),
('dragon', 'Dragon (CHA)', 'Un être qui descend d’une créature puissante et majestueuse parfois aussi appelé linnorm ou wyverne.', NULL, '0', ''),
('dryade', 'Dryade (INT)', 'Un être proche de la forêt et de la magie, aussi appelé elfe ou sidhe.', '', '1', ''),
('dwergar', 'Dwergar (PER)', 'Un être courtaud mais solide, qui aime les souterrains et parle aux pierres, aussi appelé gnome ou nain.', '', '0', ''),
('elixirs', 'Elixirs', 'Chaque jour, le personnage peut créer jusqu’à deux élixirs par rang acquis dans la voie. N’importe quel individu peut consommer un élixir et en bénéficier, même s’il n’est pas lui-même magicien. Produire un lot d’élixirs prend une heure, quel qu’en soit le nombre. Ce sont des mélanges instables qui deviennent inopérants après 24 heures. Le joueur doit donc en noter l’heure de fabrication. Passé 24 heures, le personnage peut régénérer les élixirs en seulement 10 minutes, mais ils comptent alors parmi les potions créées pour la journée (et les PM ne sont pas récupérés). L’alchimiste doit dépenser 1 PM par élixir produit. Ces PM sont déduits du nombre de PM max du personnage et ne sont pas récupérés avant 24 heures.', '', '3', ''),
('envouteur', 'Envoûteur', 'La magie de la domination pourrait éventuellement utiliser le CHA au lieu de l’INT comme caractéristique de magie (remplacez alors tous les Mod. d’INT par Mod. de CHA sauf exception signalée par °). Note : Si une cible résiste à un sort de cette voie, elle y est immunisée pendant 24 h.', '', '2', ''),
('esprit-farouche', 'Esprit farouche (PER)', '', '', '2', ''),
('esprits-de-la-nuit', 'Esprits de la nuit (PER)', 'Croissant de lune', '', '3', ''),
('esprits-totemiques', 'Esprits totémiques', 'Communication avec les esprits des animaux', '', '3', ''),
('estompeur', 'Estompeur (DEX)', 'Un estompeur peut rendre son corps intangible.', '', '0', ''),
('exorcisme', 'Exorcisme', '', '', '2', ''),
('expanseur', 'Expanseur (CON)', 'Un expanseur est capable de grandir au point de devenir un véritable géant.', '', '0', ''),
('exploits-physiques', 'Exploits physiques', 'Équipement : tenue de sport, des haltères ou l’équipement approprié à la pratique sportive choisie.', '', '3', ''),
('foudroyeur', 'Foudroyeur (DEX)', 'Un foudroyeur crée et contrôle des décharges électriques.', '', '0', ''),
('furtivite', 'Furtivité', 'Équipement : chapeau ou casquette, paire de jumelle.', '', '1', ''),
('genie', 'Génie (INT)', '', '', '0', ''),
('givreur', 'Givreur (CON)', 'Un geleur, ou givreur, crée du froid et de la glace.', '', '0', ''),
('gobelin', 'Gobelin (CON)', 'Un être sombre et violent autrefois appelé aussi orque ou hobgobelin.', '', '0', ''),
('golem', 'Golem', '', '', '0', ''),
('griffes-de-la-nuit', 'Griffes de la nuit', '', '', '3', ''),
('humilite', 'Humilité', '', '', '2', ''),
('hurleur', 'Hurleur (PER)', 'Un hurleur maîtrise les sons.', '', '0', ''),
('illusions', 'Illusions', '', '', '3', ''),
('incendieur', 'Incendieur (CON)', 'Un incendieur crée et contrôle du feu.', '', '0', ''),
('inquisition-mentale', 'Inquisition mentale', '', '', '2', ''),
('investigation', 'Investigation', 'Équipement : une lampe-torche, une loupe.', '', '2', ''),
('langues', 'Langues', 'Équipement : des romans en langue étrangère.', '', '3', ''),
('leviteur', 'Léviteur (FOR)', 'Un léviteur est capable de voler.', '', '0', ''),
('lumiere-celeste', 'Lumière céleste', '', '', '1', ''),
('lune-dargent', 'Lune d\'argent (CON)', 'Pleine lune', '', '1', ''),
('lune-pourpre', 'Lune pourpre', 'Sang et combat', '', '1', ''),
('lutin', 'Lutin (DEX)', 'Un être frêle et agile, souvent facétieux, aussi appelé farfadet ou kobold.', '', '0', ''),
('magie-elementaire', 'Magie élémentaire', '', '', '1', ''),
('magie-universelle', 'Magie universelle', '', '', '1', ''),
('magnetiseur', 'Magnétiseur (INT)', 'Un magnétiseur contrôle le métal à distance.', '', '0', ''),
('maitre-de-meute', 'Maître de meute', 'Clan et commandement', '', '0', ''),
('malignite-doutre-tom', 'Malignité d\'outre-tombe (DEX)', '', '', '1', ''),
('manipulateur', 'Manipulateur (PER)', 'Un manipulateur déplace des objets par télékinésie.', '', '0', ''),
('mecanique', 'Mécanique', 'Équipement : caisse à outil, une voiture ou une moto (de base ou standard).', '', '1', ''),
('medecine', 'Médecine', 'Équipement : une trousse de secours, un gros livre sur les médicaments, costume', '', '1', ''),
('mere-terre', 'Mère terre', 'Protection et soins', '', '1', ''),
('metal', 'Métal', '', '', '0', ''),
('meute', 'Meute', 'Les créatures qui comptent sur le nombre plutôt que la puissance individuelle, appartiennent à cette catégorie. Ce sont généralement des créatures de petite taille (exemples : les loups ou les hyènes, les gobelins et les kobolds) mais on trouve aussi quelques prédateurs plus gros (lionne, vélociraptor).\r\nLes créatures dotées de cette voie obtiennent la CON en caractéristique supérieure (indiqué par un *). Dans le cas où une créature est rencontrée seule, ignorez ces capacités et retranchez au NC de la créature le rang qu’elle possédait dans cette Voie.', 'creat', '1', ''),
('morpheur', 'Morpheur (CON)', 'Un morpheur peut déformer son corps et changer d’apparence. Quelles que soient les limitations de durée des transformations effectuées, le personnage reprend son apparence normale lorsqu’il dort ou s’il sombre dans l’inconscience.', '', '0', ''),
('musicien', 'Musicien', '', '', '0', ''),
('mystificateur', 'Mystificateur (PER)', 'Le mystificateur est un spécialiste des illusions.', '', '0', ''),
('nageur', 'Nageur (CON)', 'Un nageur maîtrise la force élémentaire de l’eau.', '', '0', ''),
('nuit-noire', 'Nuit noire (DEX)', 'Nouvelle lune', '', '1', ''),
('occulte', 'Occulte', 'Requis : Le personnage doit avoir une valeur d’INT au moins égale à [10 + rang atteint dans la voie]', '', '2', ''),
('ogre', 'Ogre (FOR)', 'Un être massif et puissant mais pas très vif, aussi appelé géant, troll ou encore minotaure.', '', '2', ''),
('peur-des-tenebres', 'Peur des ténèbres', '', '', '1', ''),
('phaseur', 'Phaseur (INT)', 'Un phaseur joue avec le temps et les dimensions, on appelle aussi ce mutant un joueur quantique ou encore un clignoteur.', '', '0', ''),
('pilotage', 'Pilotage', 'Équipement : un véhicule au choix (en accord avec le MJ), tenue de pilote. Si son véhicule est détruit, le personnage pourra faire l’acquisition d’un nouveau véhicule au niveau suivant.', '', '0', ''),
('pnj-recurrent', 'PNJ récurrent', 'Cette voie est créée sur mesure pour un PNJ important et récurrent de votre campagne. Elle doit lui permettre de survivre à l’agressivité bien naturelle de vos PJ à son encontre et lui donner l’occasion de se tirer des plus mauvais pas pour mieux revenir plus tard… et le rendre encore plus détestable !\r\nLes créatures dotées de cette voie obtiennent l’INT et le CHA en caractéristiques supérieures (indiqué par un *).', 'creat', '0', ''),
('predateur', 'Prédateur', 'Les créatures dotées de cette voie obtiennent la DEX et la PER en caractéristique supérieure (indiqué par un *).', 'creat', '0', ''),
('psychologie', 'Psychologie', 'Équipement : des livres de sciences humaines.', '', '1', ''),
('rage-primordiale', 'Rage primordiale (FOR)', '', '', '1', ''),
('reducteur', 'Réducteur (DEX)', 'Un réducteur peut réduire sa taille.', '', '0', ''),
('resilience-sepulcral', 'Résilience sépulcrale (CON)', '', '', '1', ''),
('sauteur', 'Sauteur (DEX)', 'Un sauteur a le pouvoir de se téléporter.', '', '0', ''),
('savoir-impie', 'Savoir impie', '', '', '0', ''),
('sciences', 'Sciences', 'Équipement : livres de science, costume.', '', '3', ''),
('sculpteur', 'Sculpteur (FOR)', 'Un sculpteur contrôle la terre et la roche.', '', '0', ''),
('soins', 'Soins', 'Soins légers et Soins modérés peuvent être utilisés un nombre de fois par jour égal au rang que le personnage a atteint dans cette voie. Au rang 2 par exemple, il peut utiliser chaque capacité 2 fois par jour.', '', '3', ''),
('sombre-magie', 'Sombre magie', '', '', '1', ''),
('sombre-savoir', 'Sombre savoir (INT)', '', '', '0', ''),
('sondeur', 'Sondeur (PER)', 'Un sondeur peut lire les pensées, améliorer ses attaques mentales et détecter les mutants.', '', '0', ''),
('souffleur', 'Souffleur (INT)', 'Un souffleur maîtrise le vent et la tempête', '', '0', ''),
('superpouvoir', 'Superpouvoir', '', 'prest', '0', ''),
('suppresseur', 'Suppresseur (CON)', 'Un suppresseur, aussi appelé nullifieur, empêche les pouvoirs mutants ou magiques de fonctionner. Le personnage ne peut jamais annuler un pouvoir d’un rang supérieur à celui atteint dans la Voie du suppresseur.', '', '0', ''),
('survie', 'Survie', 'Équipement : tenue de randonnée, matériel de camping.', '', '1', ''),
('tentation', 'Tentation', '', '', '1', ''),
('truqueur', 'Truqueur (CHA)', 'Un truqueur affecte les probabilités, il bénéficie sans cesse d’une chance absolument incroyable.', '', '0', ''),
('vagabond-de-la-nuit', 'Vagabond de la nuit (CHA)', 'Lune gibbeuse', '', '0', ''),
('vitaliseur', 'Vitaliseur (CON)', 'Un vitaliseur régénère les tissus vivants. La cible doit être touchée.', '', '0', ''),
('voltigeur', 'Voltigeur (DEX)', 'Un voltigeur est un acrobate surdoué qui défie les lois de gravité.', '', '0', ''),
('voyages', 'Voyages', 'Équipement : des cartes diverses, des devises de plusieurs pays et des photos de souvenirs de pays lointains.', '', '3', '');

-- --------------------------------------------------------

--
-- Table structure for table `coc_voies_profils`
--

DROP TABLE IF EXISTS `coc_voies_profils`;
CREATE TABLE IF NOT EXISTS `coc_voies_profils` (
  `profil` varchar(20) NOT NULL,
  `voie` varchar(20) NOT NULL,
  PRIMARY KEY (`profil`,`voie`),
  KEY `coc_voies_profils_profil` (`profil`),
  KEY `coc_voies_profils_voie` (`voie`)
) ENGINE=InnoDB DEFAULT CHARSET=utf8mb4 COLLATE=utf8mb4_general_ci;

--
-- Dumping data for table `coc_voies_profils`
--

INSERT INTO `coc_voies_profils` (`profil`, `voie`) VALUES
('activiste', 'corporations'),
('activiste', 'discours'),
('activiste', 'investigation'),
('alchimiste', 'investigation'),
('alchimiste', 'metal'),
('alchimiste', 'sciences'),
('ange', '1ere-sainte'),
('ange', 'bouclier-de-la-foi'),
('ange', 'charite'),
('ange', 'colere-divine'),
('ange', 'humilite'),
('ange', 'inquisition-mentale'),
('ange', 'lumiere-celeste'),
('archeologue', 'archeologie'),
('archeologue', 'investigation'),
('archeologue', 'voyages'),
('artiste', 'arts'),
('artiste', 'discours'),
('artiste', 'psychologie'),
('artiste-de-cirque', 'arts'),
('artiste-de-cirque', 'danger'),
('artiste-de-cirque', 'exploits-physiques'),
('aviateur', 'armes-a-feu'),
('aviateur', 'corporations'),
('aviateur', 'pilotage'),
('baroudeur', 'pilotage'),
('baroudeur', 'survie'),
('baroudeur', 'voyages'),
('bibliothecaire', 'corporations'),
('bibliothecaire', 'investigation'),
('bibliothecaire', 'langues'),
('cambrioleur', 'corporations'),
('cambrioleur', 'danger'),
('cambrioleur', 'furtivite'),
('cascadeur', 'danger'),
('cascadeur', 'exploits-physiques'),
('cascadeur', 'pilotage'),
('chasseur-de-tresor', 'investigation'),
('chasseur-de-tresor', 'survie'),
('chasseur-de-tresor', 'voyages'),
('chasseur-gros-gibier', 'argent'),
('chasseur-gros-gibier', 'armes-a-feu'),
('chasseur-gros-gibier', 'voyages'),
('collectionneur-dart', 'argent'),
('collectionneur-dart', 'arts'),
('collectionneur-dart', 'voyages'),
('commando', 'armes-a-feu'),
('commando', 'corps-a-corps'),
('commando', 'survie'),
('criminel', 'armes-a-feu'),
('criminel', 'corporations'),
('criminel', 'danger'),
('dandy', 'argent'),
('dandy', 'corporations'),
('dandy', 'voyages'),
('demon', '1ere-demon'),
('demon', 'corruption'),
('demon', 'griffes-de-la-nuit'),
('demon', 'peur-des-tenebres'),
('demon', 'savoir-impie'),
('demon', 'tentation'),
('dilettante', 'argent'),
('dilettante', 'arts'),
('dilettante', 'discours'),
('ecrivain', 'arts'),
('ecrivain', 'langues'),
('ecrivain', 'voyages'),
('elementaliste', 'investigation'),
('elementaliste', 'magie-elementaire'),
('elementaliste', 'sciences'),
('erudit', 'archeologie'),
('erudit', 'discours'),
('erudit', 'sciences'),
('espion', 'furtivite'),
('espion', 'investigation'),
('espion', 'voyages'),
('etre-feerique', '1ere-voile'),
('etre-feerique', 'arcane-dargent'),
('etre-feerique', 'arcane-dazur'),
('etre-feerique', 'arcane-de-gueules'),
('etre-feerique', 'arcane-de-sable'),
('etre-feerique', 'arcane-de-sinople'),
('etre-feerique', 'arcane-dor'),
('etre-feerique', 'dragon'),
('etre-feerique', 'dryade'),
('etre-feerique', 'dwergar'),
('etre-feerique', 'gobelin'),
('etre-feerique', 'lutin'),
('etre-feerique', 'ogre'),
('exorciste', 'exorcisme'),
('exorciste', 'investigation'),
('exorciste', 'langues'),
('explorateur', 'langues'),
('explorateur', 'survie'),
('explorateur', 'voyages'),
('garde-du-corps', 'armes-a-feu'),
('garde-du-corps', 'corps-a-corps'),
('garde-du-corps', 'exploits-physiques'),
('guerisseur', 'medecine'),
('guerisseur', 'psychologie'),
('guerisseur', 'soins'),
('herboriste', 'elixirs'),
('herboriste', 'medecine'),
('herboriste', 'survie'),
('humanitaire', 'danger'),
('humanitaire', 'medecine'),
('humanitaire', 'voyages'),
('illusionniste', 'discours'),
('illusionniste', 'furtivite'),
('illusionniste', 'illusions'),
('inspecteur', 'armes-a-feu'),
('inspecteur', 'corporations'),
('inspecteur', 'investigation'),
('inventeur', 'danger'),
('inventeur', 'mecanique'),
('inventeur', 'sciences'),
('invocateur', 'argent'),
('invocateur', 'corporations'),
('invocateur', 'demon'),
('journaliste', 'discours'),
('journaliste', 'investigation'),
('journaliste', 'voyages'),
('linguiste', 'discours'),
('linguiste', 'langues'),
('linguiste', 'voyages'),
('loup-garou', '1ere-loup-garou'),
('loup-garou', 'adaptation-au-monde'),
('loup-garou', 'coeur-de-la-nuit'),
('loup-garou', 'esprits-de-la-nuit'),
('loup-garou', 'esprits-totemiques'),
('loup-garou', 'lune-dargent'),
('loup-garou', 'lune-pourpre'),
('loup-garou', 'maitre-de-meute'),
('loup-garou', 'mere-terre'),
('loup-garou', 'nuit-noire'),
('loup-garou', 'vagabond-de-la-nuit'),
('majordome', 'discours'),
('majordome', 'furtivite'),
('majordome', 'psychologie'),
('manipulateur', 'arts'),
('manipulateur', 'discours'),
('manipulateur', 'envouteur'),
('medecin', 'corporations'),
('medecin', 'medecine'),
('medecin', 'psychologie'),
('militaire', 'armes-a-feu'),
('militaire', 'corporations'),
('militaire', 'corps-a-corps'),
('missionnaire', 'corporations'),
('missionnaire', 'discours'),
('missionnaire', 'voyages'),
('musicien', 'arts'),
('musicien', 'discours'),
('musicien', 'musicien'),
('mutant-endogene', '1ere-endogene'),
('mutant-endogene', 'cogneur'),
('mutant-endogene', 'coureur'),
('mutant-endogene', 'densifieur'),
('mutant-endogene', 'estompeur'),
('mutant-endogene', 'expanseur'),
('mutant-endogene', 'genie'),
('mutant-endogene', 'leviteur'),
('mutant-endogene', 'morpheur'),
('mutant-endogene', 'nageur'),
('mutant-endogene', 'reducteur'),
('mutant-endogene', 'sauteur'),
('mutant-endogene', 'superpouvoir'),
('mutant-endogene', 'voltigeur'),
('mutant-exogene', '1ere-exogene'),
('mutant-exogene', 'bloqueur'),
('mutant-exogene', 'foudroyeur'),
('mutant-exogene', 'genie'),
('mutant-exogene', 'givreur'),
('mutant-exogene', 'hurleur'),
('mutant-exogene', 'incendieur'),
('mutant-exogene', 'magnetiseur'),
('mutant-exogene', 'manipulateur'),
('mutant-exogene', 'sculpteur'),
('mutant-exogene', 'souffleur'),
('mutant-exogene', 'superpouvoir'),
('mutant-psychogene', 'brouilleur'),
('mutant-psychogene', 'copieur'),
('mutant-psychogene', 'dominateur'),
('mutant-psychogene', 'genie'),
('mutant-psychogene', 'mystificateur'),
('mutant-psychogene', 'phaseur'),
('mutant-psychogene', 'sondeur'),
('mutant-psychogene', 'superpouvoir'),
('mutant-psychogene', 'suppresseur'),
('mutant-psychogene', 'truqueur'),
('mutant-psychogene', 'vitaliseur'),
('ouvrier', 'corporations'),
('ouvrier', 'exploits-physiques'),
('ouvrier', 'mecanique'),
('pilote', 'danger'),
('pilote', 'mecanique'),
('pilote', 'pilotage'),
('pompier', 'exploits-physiques'),
('pompier', 'medecine'),
('pompier', 'pilotage'),
('savant', 'golem'),
('savant', 'mecanique'),
('savant', 'sciences'),
('scientifique', 'corporations'),
('scientifique', 'investigation'),
('scientifique', 'sciences'),
('sorcier', 'archeologie'),
('sorcier', 'langues'),
('sorcier', 'sombre-magie'),
('specialiste-milieux-', 'danger'),
('specialiste-milieux-', 'exploits-physiques'),
('specialiste-milieux-', 'survie'),
('sportif-haut-niveau', 'argent'),
('sportif-haut-niveau', 'corps-a-corps'),
('sportif-haut-niveau', 'exploits-physiques'),
('vampire', '1ere-vampire'),
('vampire', 'attrait-de-la-nuit'),
('vampire', 'esprit-farouche'),
('vampire', 'malignite-doutre-tom'),
('vampire', 'rage-primordiale'),
('vampire', 'resilience-sepulcral'),
('vampire', 'sombre-savoir'),
('voyante', 'discours'),
('voyante', 'divination'),
('voyante', 'voyages');

-- --------------------------------------------------------

--
-- Table structure for table `cof_capacites`
--

DROP TABLE IF EXISTS `cof_capacites`;
CREATE TABLE IF NOT EXISTS `cof_capacites` (
  `capacite` varchar(20) NOT NULL,
  `nom` varchar(50) NOT NULL,
  `limitee` tinyint(1) DEFAULT NULL,
  `sort` tinyint(1) DEFAULT NULL,
  `type` varchar(5) DEFAULT NULL,
  `description` text NOT NULL,
  PRIMARY KEY (`capacite`)
) ENGINE=InnoDB DEFAULT CHARSET=utf8mb4 COLLATE=utf8mb4_general_ci;

--
-- Dumping data for table `cof_capacites`
--

INSERT INTO `cof_capacites` (`capacite`, `nom`, `limitee`, `sort`, `type`, `description`) VALUES
('a-couvert', 'A couvert', 1, 0, '', 'Jusqu\'à son prochain tour, l\'arquebusier divise par 2 les DM des attaques à distance et de zone qu\'il reçoit, et peut se déplacer de 20 m. Un compagnon de l\'arquebusier peut profiter de cette aptitude s\'il a son accord et reste à son contact.'),
('a-l-abordage-!', 'A l\'abordage !', 0, 0, 'prest', 'Le personnage sait s\'élancer vers ses ennemis et mettre du coeur dans sa première attaque au contact lors d\'un combat. Lors de cette première attaque, il obtient un bonus de +5 en attaque et de +1d6 aux DM.'),
('a-la-garde-!', 'A la garde !', 0, 0, 'prest', 'Le voleur a développé une sorte de 6ème sens qui lui assure un coup d\'avance sur les gardes et autres forces armées. Le MJ doit prévenir le joueur 1 tour complet avant que des PNJ armés interviennent sur le lieu où il opère. Il doit aussi indiquer la direction d\'où provient la menace. Cette capacité n\'est d\'aucune utilité contre une embuscade.'),
('absorber-un-coup', 'Absorber un coup', 1, 0, '', 'À son tour, le guerrier fait seulement une attaque simple ou une action de déplacement. Par la suite, à tout moment avant son prochain tour, le guerrier peut effectuer un test d\'attaque au contact en opposition à un test réussi d\'attaque au contact ou à distance d\'un adversaire. En cas de réussite, l\'attaque adverse est bloquée par le bouclier.'),
('absorber-un-sort', 'Absorber un sort', 1, 0, '', 'À son tour, le guerrier fait seulement une attaque simple ou une action de déplacement. Par la suite, à tout moment avant son prochain tour, le guerrier peut effectuer un test d\'attaque magique (Mod. de SAG) en opposition à un test d\'attaque magique qui le visait. En cas de réussite, le sort est absorbé par le bouclier et n\'a aucun effet sur le guerrier.'),
('acceleration', 'Accélération', 1, 1, '', 'Le psionique accélère son métabolisme pendant [5 + Mod. de CON] tours. Il obtient une action supplémentaire par tour (mouvement ou attaque), + 5 en Initiative et +3 en DEF. À la fin de la capacité, il doit attendre 2d6 tours avant de pouvoir à nouveau accélérer son métabolisme ou subir 2d6 DM lorsque la capacité est à nouveau utilisée.'),
('acrobate', 'Acrobate', 0, 0, '', 'Le barde obtient un bonus de +2 par Rang à tous ses tests de DEX visant à réaliser des acrobaties, tenir en équilibre, faire des sauts ou de l\'escalade.'),
('acrobatie', 'Acrobatie', 0, 0, '', 'Si le voleur réussit un test de DEX difficulté 15, il peut effectuer une acrobatie pour franchir un obstacle ou, s\'il est au contact, pour surprendre son adversaire par une cabriole, ce qui lui permet de l\'attaquer dans le dos (et d\'utiliser l\'Attaque sournoise).'),
('action-concertee', 'Action concertée', 0, 0, '', 'Une fois par tour, l\'arquebusier peut échanger son initiative avec celle d\'un personnage volontaire. S\'il cède son Initiative à un personnage plus lent, il gagne un bonus de +1 sur ses tests d\'attaque à ce tour. Ce bonus passe à +2 au Rang 4 de la Voie.'),
('adaptable', 'Adaptable', 0, 0, 'race', 'Après avoir raté un test de Carac., le personnage obtient un bonus de +5 au test pour recommencer la même action au prochain tour.'),
('adaptation-motrice', 'Adaptation motrice', 1, 1, '', 'L’invocateur obtient une des mutations suivantes au choix pendant [5 + Mod. de CHA] minutes. Il est impossible de bénéfcier de deux effets d’adaptation en même temps.\nAiles : vol à sa vitesse normale de déplacement\nPattes démesurées : se déplace de 30 mètres par action de mouvement\nQueue de poisson : nage de 30 mètres par action de mouvement'),
('affinite-au-poison', 'Affinité au poison', 0, 0, 'prest', 'Le druide a développé une aptitude à maitriser le poison des insectes venimeux. S\'il utilise une arme tranchante, il peut l\'enduire de poison. Pour chaque attaque au contact réussie, il inflige +1d6 DM au début de chaque tour de la cible affectée. Celle-ci peut faire un test de CON difficulté [10 + Mod de SAG] à chaque tour pour stopper les effets du poison. Le druide gagne de plus un bonus de +5 à tout les tests de CON destinés à résister au poison.'),
('agrandissement', 'Agrandissement', 1, 1, '', 'Le magicien ou une cible volontaire (au contact) voit sa taille augmenter de 50% pendant [5 + Mod. d\'INT] tours. Il gagne +2 aux DM au contact et aux tests de FOR. Pataud, il subit un malus de -2 en DEF et aux tests de DEX.'),
('agripper', 'Agripper', 0, 0, 'creat', 'Sur un résultat de 15-20 au d20 en attaque, la créature agrippe sa proie et ne la lâche plus. Elle obtient un bonus de +5 en attaque et +1d6 aux DM contre la cible qu’elle agrippe et celle-ci est Immobilisée si elle est de taille inférieure. La victime peut essayer de se libérer au prix d’une action de mouvement en réussissant un test de FOR opposé.'),
('ailes-celestes', 'Ailes célestes', 1, 1, '', 'Des ailes divines poussent dans le dos du prêtre, qui peut voler à une vitesse équivalente à deux fois son déplacement normal pendant [5 + Mod. de SAG] tours. Rester en vol stationnaire avec les ailes céleste est une action de mouvement.'),
('ailes-de-dragon', 'Ailes de dragon', 1, 0, 'prest', 'L\'ensorceleur déploie des ailes de dragon pendant [1d6 +Mod. de CHA] minutes. Ces ailes lui permettent de se déplacer en vol à une vitesse de 30 mètres par action de mouvement. Faire du surplace est une action gratuite.'),
('air', 'Air', 0, 0, 'prest', 'Le druide peut respirer dans n\'importe quel milieu hostile, sous l\'eau comme dans un milieu empoisonné ou dénué d\'air. Il peut utiliser cette capacité sur autrui au prix d\'une action limitée en touchant sa cible. Il peut ainsi affecter un nombre maximum de cibles égal au Rang atteint dans la Voie pour une durée de [1d6 + Mod. de SAG] minutes.'),
('alliee-infaillible', 'Alliée infaillible', 0, 0, 'prest', 'Une fois par combat, le personnage peut obtenir une réussite critique automatique contre la cible de son choix avec son arme. Il peut annoncer l’utilisation de cette capacité sur une attaque de son choix, même après avoir vu le résultat du dé.'),
('alliee-loyale', 'Alliée loyale', 0, 0, 'prest', 'Une fois par combat, sur une action pour laquelle le personnage utilise l’arme, le joueur peut remplacer un résultat de 1 obtenu sur un dé (en attaque ou aux DM) par le résultat maximum de ce dé (20 pour un d20, donc un critique). Au rang 5, il peut utiliser cette capacité deux fois par combat.'),
('allonge', 'Allonge', 0, 0, 'prest', 'Le guerrier obtient un bonus de +1 en attaque et +2 en Init lorsqu’il utilise une arme à 2 mains.'),
('ambidextrie', 'Ambidextrie', 0, 0, '', 'Le voleur peut à présent utiliser une arme dans chaque main sans pénalité. Avec sa main gauche, il peut effectuer une attaque au contact gratuite supplémentaire à chaque tour. Cette deuxième attaque n\'empêche pas l\'utilisation d\'une capacité limitée, mais elle ne peut pas en être l\'origine.'),
('ame-feline', 'Âme féline', 0, 0, 'race', 'Le personnage gagne un bonus de +1 par Rang à tous les tests de DEX en rapport avec le déplacement (escalade, saut, course, acrobatie) et en Initiative.'),
('amelioration', 'Amélioration', 0, 0, '', 'L’invocateur siphonne l’énergie des plans pour améliorer les capacités de son entité. Il doit choisir une option parmi les suivantes :\nArmes puissantes (griffes, crocs, arme) : +1d6 aux DM au contact\nArmure : +4 en DEF\nGrande taille : +10 PV et +1 Mod. de FOR\nPouvoir d’attaque à distance : portée 20 m, 2d6 DM, attaque = [Niveau de l’invocateur + Mod. de DEX de l’entité]\nPuissant : +2 Mod. de FOR\nRésistant : +2 au Mod. de CON, +10 PV et résistance à un élément au choix (1/2 DM).\nSupériorité : +2 Mod. d’INT, SAG et CHA\nVif : +2 Mod. de DEX\nVol : l’entité obtient un moyen de se déplacer dans les airs (généralement\ndes ailes)\nLe joueur peut choisir une option de plus lorsque son personnage atteint les niveaux 8, 13 et 17. Chaque option peut être choisie jusqu’à trois fois et cumulée.'),
('amitie', 'Amitié', 1, 1, '', 'Si l\'ensorceleur réussit un test d\'attaque magique (portée 10 m) contre le score max de PV d\'une cible humanoïde, celle-ci se comporte comme un ami de longue date tant qu\'elle n\'est pas attaquée. Elle peut résister au sort avec un test de SAG difficulté [12 + Mod. de CHA], renouvelable une fois par jour.'),
('amour-courtois', 'Amour courtois', 0, 0, 'prest', 'Le chevalier obtient un bonus de +5 pour les tests de séduction et INTeraction sociale auprès du sexe faible. De plus s\'il combat pour une noble dame et porte son gage (un objet qu\'elle lui a offert), il obtient un bonus de +2 en attaque et aux DM.'),
('amour-du-risque', 'Amour du risque', 0, 0, 'prest', 'Lorsqu\'il réalise une action dans un lieu dangereux (par exemple au bord d\'un précipice ou d\'un lac de lave), le voleur gagne un bonus de +3 à tous ses tests au d20 (attaque, Caractéristique, etc.). Ce bonus s\'applique également aux tests réalisés pour résister à la peur.'),
('animal-fabuleux', 'Animal fabuleux', 0, 0, '', 'L\'ours du rôdeur devient un spécimen en pleine possession de ses moyens. Ours noir : Init 15, DEF 17, PV [niveau x 5], Attaque (contact) = [niveau+2], DM 1d6+5, FOR +5*, DEX +2, CON +5, INT -4, SAG +2, CHA -2'),
('animation-d-un-arbre', 'Animation d\'un arbre', 1, 1, '', 'Une fois par combat, le druide peut animer un arbre en le touchant. Il combat pendant [niveau du druide] tours. Arbre animé : Init 7, DEF 13, PV [Rang x 10], Attaque [niveau], DM 1d6+3, Déplacement 10 m par tour, RD 10 sauf contre les armes tranchantes et le feu'),
('animation-de-monstre', 'Animation de monstre', 1, 0, 'prest', 'Le personnage peut transformer en zombie le cadavre d\'un monstre mort depuis moins de 10 tours. Prenez les Carac. du zombie et ajoutez les bonus suivants pour chaque catégorie de taille supplémentaire : +3 Attaque et DEF, +1d6+1 DM, +20 PV. Ainsi pour un zombie de taille Enorme : Init 8, DEF 16, PV 52, attaque +9, DM 3d6+3. Un zombi de taille Grande compte pour 2 (un zombie Enorme pour 3 et un zombie Colossal pour 4) dans le nombre de zombies total que le nécromancien peut contrôler.'),
('animation-de-squelet', 'Animation de squelette', 1, 0, 'prest', 'Le personnage peut animer le squelette d\'une créature humanoïde et le contrôler. Le squelette obéit à des ordres simples : Attaquer, Garder, Attendre, Suivre. Le personnage peut contrôler jusqu\'à deux squelettes par Rang atteint dans la Voie.'),
('animation-des-morts', 'Animation des morts', 1, 1, '', 'Le nécromancien anime le cadavre d\'un humanoïde de taille moyenne, décédé depuis moins d\'une heure. Le zombie comprend les ordres Attaquer, Suivre, Garder et Pas bouger. Il se déplace à 50% de la vitesse normale, se dégrade et perd 1PV par minute. Le nécromancien peut contrôler un zombi par Rang. Un zombi détruit tombe en poussière. Zombie : Init 8, DEF 10, PV 12, Att +3, DM 1d4+1'),
('animer-un-cadavre', 'Animer un cadavre', 1, 0, 'creat', 'Ce pouvoir permet d’animer le cadavre d’une créature morte pendant le combat. La créature se relève avec les mêmes caractéristiques mais elle subit une pénalité de -2 en attaque et en Initiative. Lorsque le cadavre est à nouveau vaincu, il ne peut pas être réanimé. Le cadavre de la créature animée ne peut être d’un NC supérieur à celui de celle qui utilise cette capacité'),
('arbalete-automatique', 'Arbalète automatique', 0, 0, 'prest', 'Le forgesort fabrique une arbalète complexe qu\'il est le seul à pouvoir utiliser. Elle est dotée d\'un chargeur de 10 carreaux et permet de tirer un carreau au prix d\'une action de mouvement (il est donc possible de tirer plusieurs carreaux par tour). Elle inflige [2d4 + Mod. de DEX] DM à une portée de 50 mètres. Il faut un tour complet pour la recharger.'),
('arcanes-inferieures', 'Arcanes inférieures', 0, 0, 'prest', 'Le personnage fait l\'acquisition d\'un livre de magie où il inscrit trois sorts de Rang 1 de son choix issus de n\'importe quelle Voie d\'un profil de lanceur de sort. Chaque matin, il lui faut 10 minutes pour réviser les sorts inscrits et en mémoriser trois. Chaque sort mémorisé peut être lancé une seule et unique fois dans les 24 heures suivantes. Un sort doit être mémorisé plusieurs fois pour être lancé plusieurs fois.'),
('arcanes-majeures', 'Arcanes majeures', 0, 0, 'prest', 'Le personnage ajoute deux sorts de Rang 4 de son choix dans son grimoire. Chaque matin, il lui faut 10 minutes pour réviser les sorts de ce Rang et en mémoriser deux.'),
('arcanes-mineures', 'Arcanes mineures', 0, 0, 'prest', 'Le personnage inscrit trois sorts de Rang 2 de son choix dans son grimoire. Chaque matin, il lui faut 10 minutes pour réviser les sorts de ce Rang et en mémoriser trois.'),
('arcanes-superieures', 'Arcanes supérieures', 0, 0, 'prest', 'Le personnage ajoute deux sorts de Rang 3 de son choix dans son grimoire. Chaque matin, il lui faut 10 minutes pour réviser les sorts de ce Rang et en mémoriser trois.'),
('arcanes-supremes', 'Arcanes suprêmes', 0, 0, 'prest', 'Le personnage ajoute deux sorts de Rang 5 de son choix dans son grimoire. Chaque matin, il lui faut 10 minutes pour réviser les sorts de ce Rang et en mémoriser deux.'),
('archer-emerite', 'Archer émérite', 0, 0, 'race', 'Lorsqu\'il utilise un arc, l\'elfe sylvain obtient une réussite critique sur un résultat de 19-20 au d20. Il sait utiliser les arcs quel que soit son profil.'),
('archere-emerite', 'Archère émérite', 0, 0, 'prest', 'Lorsqu\'elle utilise un arc court, l\'amazone peut décocher une flèche au prix d\'une action de mouvement, elle utilise alors un d12 à son test d\'attaque.'),
('argument-de-taille', 'Argument de taille', 0, 0, '', 'Le barbare ajoute son Rang à son score de PV maximum ainsi qu\'à ses tests de CHA et à ceux de ses alliés au contact pour les tests de négociation, de persuasion ou INTimidation. Allez savoir pourquoi, sa simple présence donne de la force aux arguments de ses alliés...'),
('argumentation', 'Argumentation', 0, 0, 'prof', 'L\'érudit peut mettre sa logique et son éducation au service de sa force de persuasion. Il obtient un bonus de +5 aux tests de CHA visant à convaincre.'),
('arme-benie', 'Arme bénie', 0, 0, '', 'Le prêtre bénit son arme sacrée. S\'il obtient un résultat de 1 sur son dé de DM, il relance le dé et garde le second résultat. Les DM de l\'arme sont considérés comme magiques.'),
('arme-d-argent', 'Arme d\'argent', 1, 1, '', 'Ce miracle crée pour la durée du combat une arme d\'argent et de lumière que seul le prêtre peut utiliser. Cette arme inflige [1d6 + Mod. de SAG] DM. Contre les démons et les mort-vivants, elle offre un bonus de +2 en attaque et ajoute +1d6 aux DM.'),
('arme-dansante', 'Arme dansante', 1, 1, '', 'Le sort crée une lame d\'énergie lumineuse pendant [5 + Mod. de CHA] tours. Dès le premier tour, l\'ensorceleur peut lui ordonner d\'attaquer une cible de son choix (action gratuite, portée 20 m). Lame dansante : Attaque Magique [personnage], [1d8 + Mod de CHA] DM'),
('arme-de-predilection', 'Arme de prédilection', 0, 0, '', 'Le guerrier choisit une arme de prédilection (par exemple épée longue ou hache à 1 main, arc court, etc.), et gagne +1 en attaque lorsqu\'il l\'utilise.'),
('arme-enflammee', 'Arme enflammée', 1, 1, '', 'Le magicien peut enflammer une arme pour [5 + Mod. d\'INT] tours. Celle-ci inflige +1d6 DM de feu.'),
('arme-secrete', 'Arme secrète', 0, 0, '', 'Une fois par combat, le barde peut utiliser un subterfuge de séducteur pour surprendre et déstabiliser un adversaire du sexe opposé. Ce peut être un baiser fougueux soudainement délivré au coeur d\'une mêlée, un sein qui s\'échappe d\'un bustier par mégarde, une main qui s\'égare par le plus grand des hasards... Il doit réussir un test de CHA de difficulté égale à l\'INT de son adversaire. En cas de succès celui-ci subit un malus de -10 en attaque et en DEF pendant 1 tour.'),
('arme-sur-mesure', 'Arme sur mesure', 0, 0, 'prest', 'L’ergonomie de l’arme a été pensée afin de parfaitement correspondre à son utilisateur et les matériaux utilisés sont ce qui se fait de mieux. Lorsqu’il utilise cette arme, le personnage gagne un bonus de +1 en attaque et aux DM.'),
('armee-des-morts', 'Armée des morts', 1, 1, '', 'Une fois par jour, le nécromancien peut invoquer d\'innombrables squelettes émergeant du sol pour attaquer ses ennemis pendant [niveau] tours. Les cibles situées dans un rayon de 20 m autour du nécromancien subissent automatiquement 3d6 DM par tour, sauf si elles s\'opposent aux squelettes par une action limitée (ce qui réduit les DM à 1d6). Les squelettes restent autour du nécromancien et se déplacent avec lui dans un rayon de 20 m où tous les déplacements (même ceux des alliés) sont divisés par deux.'),
('armes-naturelles', 'Armes naturelles', 1, 0, 'race', 'Par une action limitée, le personnage peut se faire pousser griffes et crocs. Il peut utiliser ces armes naturelles avec son score d\'attaque au contact (action d\'attaque) et il inflige [1d6 + Mod. de FOR] DM. Le personnage subit un malus de -1 en attaque s\'il utilise une arme ordinaire sous cette forme.'),
('armure-de-tournois', 'Armure de tournois', 0, 0, 'prest', 'Le chevalier obtient une armure particulière qui ne peut être utilisée qu\'en champ clos. Elle confère un bonus de +10 en DEF et une réduction des DM de 3 points (RD 3, cumul possible avec Encaisser un coup). Lorsqu\'il porte cette armure, le chevalier ne peut effectuer qu\'une seule action par tour : une action d\'attaque ou une action de mouvement ou une action limitée. S\'il tombe au sol, il lui faut réussir un test de FOR difficulté 15 pour se relever.'),
('armure-de-vent', 'Armure de vent', 0, 0, '', 'Le barbare obtient un bonus en DEF égal à son Rang dans la Voie lorsqu\'il ne porte aucune armure.'),
('armure-du-mage', 'Armure du mage', 1, 1, '', 'Le magicien fait apparaître un nuage magique argenté qui le protège contre les attaques adverses. Il bénéficie d\'un bonus de +4 à la DEF pour le reste du combat.'),
('armure-inadaptee', 'Armure inadaptée', 1, 0, 'race', 'Les armures normalement destinées aux humains ne couvrent que le torse du centaure et ne lui apportent que la moitié du bonus défensif normal (arrondi au supérieur). Par exemple, un centaure qui porte une cotte de maille obtiendra une DEF de 13 (+5/2=+3). Un centaure peut porter une barde de cuir (armure de cheval) sans pénalité pour un bonus de DEF de +1 qui s’ajoute au bonus d’armure ordinaire. Une barde de maille lui offre un bonus de +2 en DEF, mais réduit sa capacité galop à une seule action de mouvement par tour (seulement 20 mètres de déplacement pour sa seconde action de mouvement). Une barde de plaque lui apporte un bonus de DEF de +3 mais annule complètement sa capacité de galop. Une barde coûte le double d’une armure humaine équivalente.'),
('armure-lourde', 'Armure lourde', 0, 0, NULL, 'Le guerrier peut porter une Armure de Plaques. Celle-ci lui confère une DEF de +7 et le protège des attaques critiques (vous subissez des DM normaux au lieu des DM doublés).'),
('armure-magique', 'Armure magique', 1, 0, 'creat', 'La créature possède un pourvoir magique (peau de pierre, intangible, forme ténébreuse, etc.) qui lui permet de diviser tous les DM physiques subits par 2 pour le reste du combat. Ce pouvoir n’affecte pas les DM des attaques magiques élémentaires (feu, froid, acide, électricité).'),
('armure-minimaliste', 'Armure minimaliste', 0, 0, 'prest', 'Les armures de cuir et les chemise de maille (le fameux chain mail bikini !) des amazones sont d\'une coupe particulièrement agréable à porter et à regarder, elles mettent en valeurs les formes athlétiques des guerrières. Ces armures n\'imposent qu\'un malus réduit de -2 aux tests de DEX (aucun malus pour une armure de cuir). Les adversaires humanoïdes mâles qui les attaquent sont généralement plus troublés, qu\'ils ne le voudraient, à moins qu\'ils ne sous-estiment leur adversaire : ils subissent une pénalité de -1 en attaque.'),
('armure-naturelle', 'Armure naturelle', 0, 0, 'prest', 'Le corps de l\'ensorceleur se renforce et se couvre d\'écailles lorsqu\'il reçoit des blessures graves. Lorsque le personnage passe sous la moitié de ses PV, il gagne une réduction des DM de 5 points face à tous les types de DM.'),
('armure-naturelle-gue', 'Armure naturelle', 0, 0, '', 'Le guerrier a endurci son corps. Il bénéficie d’un bonus de +2 à la DEF. Ce bonus passe à +4 lorsqu’il atteint le rang 4 de la voie.'),
('armure-sainte-d-arge', 'Armure sainte d\'argent', 0, 0, 'prest', 'L\'armure acquiert la couleur de l\'argent et son Mod. de DEF passe à +6. De plus, elle octroie au personnage une réduction des DM de 2 points.'),
('armure-sainte-d-or', 'Armure sainte d\'or', 0, 0, 'prest', 'L\'armure acquiert la couleur de l\'or et son Mod. de DEF passe à +8. De plus, elle octroie au personnage une réduction des DM de 5 points.'),
('armure-sainte-de-bro', 'Armure sainte de bronze', 0, 0, 'prest', 'Le moine acquiert son armure sainte. Celle-ci se présente sous la forme d\'un cube de métal d\'environ 50 cm d\'arête pour 10 kg, portant son symbole. Sur un simple mot de commande (Action Limitée), l\'armure se déploie et recouvre le corps du moine. Elle lui octroie un bonus de DEF de +4 et ne lui inflige aucune pénalité d\'encombrement. Ce bonus ne se cumule pas à Peau de Fer.'),
('armure-sur-mesure', 'Armure sur mesure', 0, 0, '', 'L\'armure du chevalier est parfaitement ajustée, aussi il n\'ajoute que la moitié de sa DEF à la difficulté des tests pour lesquels l\'armure inflige une pénalité (de même pour les casques).'),
('arret-du-temps', 'Arrêt du temps', 1, 1, '', 'Le magicien arrête le temps pendant [1d6 + Mod. d\'INT] tours. Seul le magicien peut agir à sa guise pendant cette période, lancer des sorts sur lui-même, se déplacer et déplacer des objets, tant qu\'il ne touche pas un être vivant ou n\'interagit pas avec lui (en lui lançant un sort par exemple). Dans le cas d\'un contact (même magique), le temps reprend instantanément son cours normal.'),
('artefact-etrange', 'Artefact étrange', 0, 0, '', 'Le forgesort crée un artefact qu\'il est le seul à pouvoir utiliser et dont la description est laissée au soin du joueur. L\'artefact permet d\'utiliser les capacités suivantes chacune une fois par jour : Téléportation (Rang 4, Voie des arcanes), Arrêt du temps (Rang 5, Voie de la magie protectrice), Forme éthérée (Rang 5, Voie de l\'air), Prescience (Rang 4, Voie de la divination).'),
('artefacts-d-exceptio', 'Artefacts d\'exception', 0, 0, 'prest', 'Les Voies de forgesort ne permettent pas de créer d\'objet avec un niveau de magie supérieur à 5. Désormais, le personnage peut cumuler sur un même objet les effets des capacités Artefact majeur, Rune de pouvoir ou encore Propriétés étranges pour un niveau de magie total égal au maximum à son niveau divisé par 2.'),
('as-de-la-gachette', 'As de la gâchette', 0, 0, '', 'Lorsqu\'il atteint une DEF de 25 ou plus sur son attaque à distance avec une arme à poudre ou une arbalète, l\'arquebusier ajoute +1d6 aux DM de son attaque.'),
('ascendance-draconiqu', 'Ascendance draconique', 0, 0, 'prest', 'Choisissez une couleur de dragon pour l\'ascendance de votre personnage. L\'ensorceleur obtient une réduction des DM de 5 points correspondant au type d\'énergie utilisé par le souffle du dragon. Cette résistance passe à 10 au Rang 4 de la Voie.'),
('ascetisme', 'Ascétisme', 0, 0, '', 'Le moine peut subsister sans nourriture, sans eau et sans sommeil pendant [5 + Mod. SAG] jours. Il ne subit aucune pénalité durant cette période. De plus, il peut désormais lancer deux d20 à chaque fois qu\'un test de CON lui est demandé et conserver le meilleur résultat.'),
('aspect-de-la-succube', 'Aspect de la succube', 1, 1, '', 'Le nécromancien acquiert une beauté fascinante pendant [5 + Mod. d\'INT] tours. Il gagne un bonus de +5 aux tests de CHA ainsi qu\'une attaque de contact nécessitant un test d\'attaque magique et qui inflige [1d4 + Mod. de CHA] DM. Ces DM sont transformés en PV au bénéfice du nécromancien (sans dépasser son score max de PV).'),
('aspect-du-demon', 'Aspect du démon', 1, 1, '', 'Le nécromancien prend l\'apparence d\'un démon pendant [5 + Mod. d\'INT] tours. Il gagne un bonus de +2 en attaque au contact, en DEF et à tous les tests physiques (FOR, DEX, CON). Il peut faire deux attaques de griffe à 1d6+4 DM par tour, en action limitée (une seule en action d\'attaque). Cette capacité ne se cumule pas avec Aspect de la succube.'),
('asphyxie', 'Asphyxie', 1, 1, '', 'Si le magicien réussit son test d\'attaque magique (avec une portée de 20 m), la créature ciblée est privée d\'air. La victime étouffe progressivement et subit 1d6 DM par tour pendant [1+Mod. d\'INT] tours.'),
('assassinat', 'Assassinat', 1, 0, 'creat', 'Au premier tour de combat, si la cible est Surprise, une Attaque mortelle réussie l’oblige à réussir un test de CON difficulté 15 ou tomber à 0 PV.'),
('assaut-final', 'Assaut final', 0, 0, 'prest', 'Lorsqu\'il est sous les effets de la rage depuis au moins 3 tours, le joueur peut choisir de doubler les DM d\'une attaque, cela met immédiatement fin à la rage. Le personnage ne peut pas à nouveau entrer en rage lors du combat.'),
('attaque-a-outrance', 'Attaque à outrance', 0, 0, 'prest', 'Le guerrier peut choisir une pénalité en -2 DEF pour gagner un bonus de +1d6 aux DM ou un bonus de -5 en DEF pour gagner un bonus de +2d6 aux DM. Ce bonus n’est pas multiplié en cas de critique.'),
('attaque-au-bouclier', 'Attaque au bouclier', 0, 0, 'prest', 'Cette capacité est équivalente à la capacité coup de bouclier de la Voie de la guerre du Chevalier (CO Fantasy p. 38, attaque au d12, [1d4 + Mod. de FOR] DM). Si le personnage possède déjà cette capacité, il réalise désormais l’attaque au d20 au lieu du d12. À partir du rang 5, lorsque le personnage attaque une créature dont la FOR est inférieure à la sienne, si le d4 de DM du bouclier donne 4, alors la cible est de plus renversée.'),
('attaque-bondissante', 'Attaque bondissante', 1, 0, '', 'Le druide parcourt jusqu\'à 30 m et bénéficie d\'un bonus de +5 au test d\'attaque et de +1d6 aux DM contre sa cible. Il doit se déplacer d\'au minimum 5 m en ligne droite pour faire cette attaque, qui ne peut par ailleurs être réalisée qu\'à son premier tour du combat.'),
('attaque-brutale', 'Attaque brutale', 1, 0, '', 'Le barbare effectue une attaque au contact avec une pénalité de -2 en attaque et +1d6 au DM. Au Rang 5 de la Voie, il peut choisir une pénalité de -5 pour obtenir +2d6 aux DM.'),
('attaque-circulaire', 'Attaque circulaire', 1, 0, '', 'Le guerrier peut tenter une attaque au contact contre chaque adversaire engagé au contact avec lui.'),
('attaque-eclair', 'Attaque éclair', 1, 0, '', 'Le rôdeur peut effectuer une attaque au contact très percutante. Il ajoute son Mod. de DEX en attaque et aux DM pour cette offensive.'),
('attaque-en-finesse', 'Attaque en finesse', 0, 0, '', 'Le voleur peut utiliser son score d\'attaque à distance pour une attaque au contact lorsqu\'il utilise une arme légère comme une dague ou une rapière. S\'il le souhaite, il peut dans ce cas remplacer le Mod. de FOR aux DM par son Mod. d\'INT.'),
('attaque-en-meute', 'Attaque en meute', 0, 0, 'race', 'Lorsqu’il attaque la même cible qu’un allié (quel que soit le mode d’attaque), le gobelin obtient un bonus de +2 en attaque.'),
('attaque-en-mouvement', 'Attaque en mouvement', 0, 0, 'prest', 'Lorsqu\'il réalise une action limitée, le messager peut utiliser une action de mouvement dans le même tour pour effectuer un déplacement.'),
('attaque-en-rotation', 'Attaque en rotation', 1, 0, '', 'Le seigneur peut tenter une attaque au contact contre chaque adversaire engagé au contact avec lui. Toutefois, s’il utilise un sabre dans chaque main, lorsque le résultat du dé du test d’attaque est pair, c\'est le sabre qui frappe et lorsqu’il est impair, c’est la demi-lame qui frappe. Il bénéficie du bonus aux DM de la technique du sabre quelle que soit l’arme qui inflige les DM.'),
('attaque-en-traitre', 'Attaque en traître', 0, 0, '', 'Une fois par tour, lorsqu\'un allié réussit à blesser une créature au contact du voleur, celui-ci peut lui porter une attaque normale gratuite en profitant de l\'ouverture.'),
('attaque-epique', 'Attaque épique', 0, 0, 'epic', 'Le joueur choisit une catégorie d\'attaque (au contact, à distance ou magique) et ajoute +1d6 aux DM de toutes les attaques de ce type. Cette capacité épique peut être choisie deux fois pour un même type d\'attaque, à la discrétion du MJ.'),
('attaque-etourdi-psi', 'Attaque étourdissante (PSI)', 0, 0, '', 'Le psionique peut choisir d’effectuer son attaque mentale en utilisant un d12 en attaque. En cas de succès, en plus des DM, la cible est Étourdie pendant un tour. Les créatures de niveau supérieur au psionique sont immunisées à cet effet et celles qui bénéficient d’un Bouclier PSI peuvent faire un test de CHA [8 + Mod. de CHA de l’attaquant]+ pour y résister.'),
('attaque-etourdissant', 'Attaque étourdissante', 1, 0, 'prest', 'Le moine réalise une attaque à mains nues contre une cible humanoïde (de Grande Taille au maximum). Si l\'attaque est réussie, il n\'inflige pas de DM mais la victime doit réussir un test de CON de difficulté [10+Mod. de SAG] ou sombrer dans l\'inconscience pour [1d6+Mod. de SAG] minutes. Si le niveau de la cible est supérieur à celui du moine, la cible est seulement Paralysée pour un tour. Dans tous les cas, elle ne peut plus être affectée par cette capacité pendant les prochaines 24 heures si elle y a résisté.'),
('attaque-flamboyante', 'Attaque flamboyante', 1, 0, '', 'Le style de combat du barde est flamboyant et surprenant : avec cette Capacité, il effectue une attaque de contact avec un bonus d\'attaque et de DM égal à son Mod. de CHA.'),
('attaque-kamikaze', 'Attaque kamikaze', 1, 0, 'prest', 'Le voleur saute littéralement sur sa cible pour la larder de coups au corps-à-corps. Plutôt qu\'un test d\'attaque, il réalise un test de DEX dont la Difficulté est égale à la moitié de la DEF de la créature. En cas de réussite, il inflige des DM normaux et reçoit un bonus qui dépend de la taille de la créature : Moyenne +1d6, Grande +2d6, Très Grande +3d6, Gigantesque +4d6 et Colossale +5d6. Il ne reçoit aucun bonus aux DM pour les petites créatures. À la suite de cette attaque, il perd 5 points en DEF pour une durée de 1 tour.'),
('attaque-magique', 'Attaque magique', 1, 0, 'creat', 'La créature possède un pouvoir magique qui inflige [1d6 × NC] DM sur un test d’attaque magique réussi (portée 30 m) sur une cible unique. Si vous souhaitez lancer moins de dés, convertissez la moitié des d6 obtenus en autant de bonus de +3 aux DM (8d6 vaut 4d6 + 12). Alternativement, le pouvoir inflige les même DM dans une zone de 10 mètres de diamètre, un test de DEX difficulté 10 réussi permet alors aux cibles de diviser par 2 les DM.'),
('attaque-mentale', 'Attaque mentale', 1, 1, '', 'Le psionique peut faire un test d’attaque magique contre une cible à une portée maximum de 50 mètres. En cas de succès, il inflige [1d6 + Mod. de CHA] DM. Les DM augmentent à 2d6 à partir du rang 3 et à 3d6 à partir du rang 5. Le psionique peut décider d’infliger des DM temporaires avec une attaque mentale, mais il utilise alors des d4 au lieu de d6 pour déterminer les DM.'),
('attaque-monumentale', 'Attaque monumentale', 1, 0, 'prest', 'Le personnage rassemble toute sa puissance pour porter une attaque absolument dévastatrice. L’attaque obtient un bonus de +10 pour toucher et inflige 4d6 DM supplémentaires. Si la cible est de taille moyenne ou inférieure, elle doit immédiatement faire un test de CON difficulté [10 + Mod. de FOR] ou être Affaiblie pour le reste du combat. Le personnage doit se reposer ou exercer une activité peu intense pendant une heure complète avant de pouvoir de nouveau utiliser cette capacité.'),
('attaque-mortelle', 'Attaque mortelle', 1, 0, 'creat', 'Une attaque similaire à l’attaque sournoise du voleur qui doit être exécutée de dos ou par surprise. La créature obtient un bonus de +5 en attaque et ajoute [2d6 par rang] aux DM. La créature obtient aussi un bonus de +5 aux tests de discrétion.'),
('attaque-paralysante', 'Attaque paralysante', 1, 0, '', 'Une fois par combat, le voleur peut, en réussissant une attaque de contact, paralyser un adversaire de douleur. Ce dernier n\'encaisse pas de DM, mais il ne peut plus attaquer ni se déplacer pendant 1d4 tours.'),
('attaque-parfaite', 'Attaque parfaite', 1, 0, '', 'Lancez deux d20 en attaque au contact et gardez le meilleur résultat, faites de même pour les DM que vous lancez 2 fois.'),
('attaque-petrifiante', 'Attaque pétrifiante', 1, 0, 'prest', 'Sur un test réussi d\'attaque au contact à main nue, le moine paralyse sa cible. Elle doit réussir un test de CON difficulté [10 + Mod. de SAG] ou être incapable d\'agir pendant 1d6 minutes. Tant qu\'elle est paralysée son corps devient extrêmement dur et elle retranche 5 points à tous les DM subis. Si la victime perd plus de 5 PV pendant qu\'elle est paralysée, l\'effet prend fin. Une créature ne peut être la cible de cette capacité qu\'une seule fois par combat.'),
('attaque-puissante', 'Attaque puissante', 0, 0, '', 'Le guerrier peut choisir d\'utiliser 1d12 en attaque au contact au lieu du d20 habituel (il ajoute normalement son score d\'attaque). Si une telle attaque est réussie, il ajoute 2d6 aux DM. Cette capacité peut être utilisée avec Double attaque ou Attaque circulaire par exemple.'),
('attaque-sanglante', 'Attaque sanglante', 1, 0, 'race', 'Le demi-orc réalise une attaque de contact violente qui provoque une hémorragie. En plus des DM normaux, l\'attaque produit un saignement qui inflige à la victime +1d6 DM à chaque tour suivant jusqu\'à ce que la cible réussisse un test de CON difficulté [12 + Mod. de FOR] ou qu\'elle soit soignée. On ne peut cumuler plusieurs effets de saignement.'),
('attaque-simultanee', 'Attaque simultanée', 0, 0, 'race', 'Les frouïns sont trop timorés pour attaquer seuls, mais ils ont développé des tactiques de combat en groupe efficace. Si le frouïn décale son initiative pour attaquer en même temps qu\'un allié (au contact ou à distance), il obtient un bonus de +2 en attaque et +1d6 aux DM. Ce bonus peut se cumuler à une Attaque sournoise.'),
('attaque-sonore', 'Attaque sonore', 1, 1, '', 'Le barde pousse un cri dont les effets sont dévastateurs (ou produit un son avec un instrument à cette même fin). Sur un test d\'attaque magique réussi, il inflige [1d6 + Mod. de CHA] DM à toutes les cibles lui faisant face sur une portée de 10 m.'),
('attaque-sournoise', 'Attaque sournoise', 1, 0, '', 'Quand il attaque un adversaire dans le dos ou par surprise, le voleur inflige 1d6 de DM supplémentaires par Rang possédé dans cette Voie (notez que ces dés ne sont pas doublés en cas de coup critique).'),
('attaque-tourbillon', 'Attaque tourbillon', 0, 0, '', 'Une fois par combat, le barbare tourne sur lui-même en assénant des attaques à toutes les cibles au contact. Il inflige automatiquement des DM correspondant à l\'arme utilisée (plus tous les bonus habituels) à toutes les cibles dans un rayon de 5 m autour de lui.'),
('attaque-traitre-crea', 'Attaque en traitre', 1, 0, 'creat', 'Si la créature attaque en même temps qu’un allié (elle peut volontairement retarder son initiative), de dos ou par surprise, elle réalise une attaque sournoise avec un bonus de +5 en attaque et +2d6 aux DM.'),
('attaque-vicieuse', 'Attaque vicieuse', 0, 0, 'race', 'Lorsqu’il attaque par surprise ou s’il combat le même ennemi que d’autres alliés à son contact, le kobold obtient +2 en attaque et +1d6 aux DM. Cette capacité peut être cumulée à une attaque sournoise.'),
('au-dessus-de-la-mele', 'Au dessus de la mêlée', 0, 0, 'epic', 'Le héros a atteint un niveau d\'expertise au combat tel qu\'il résiste désormais plus facilement aux attaques des plus faibles : les sous-fifres et autres créatures mineures ont du mal à le blesser sérieusement. Le personnage divise par deux tous les DM provoqués par des créatures dont le NC est inférieur ou égal à la moitié de son niveau.'),
('au-dessus-des-lois', 'Au-dessus des lois', 0, 0, 'prof', 'L\'argent permet bien des excentricités et parfois même d\'ignorer la loi. Lorsque le personnage commet une action illégale, il peut faire un test de CHA pour échapper à la justice, avec une difficulté de 10 pour un délit, 15 pour un crime et 20 pour un acte odieux. Si l\'action contrarie un puissant, la difficulté augmente de 5. Si la victime du crime ou du délit est un personnage important, cette capacité est inefficace. Si le personnage utilise cette capacité plusieurs fois dans la même semaine, la difficulté du test de CHA augmente de 5 à chaque fois. Il n\'est pas possible d\'utiliser Pot-de-vin pour améliorer le résultat de ce test.'),
('autorite-culturelle', 'Autorité culturelle', 0, 0, 'prof', 'L\'érudit dégage une impression de confiance, de sagesse et une force de caractère peu commune. Il obtient un bonus égal à son Mod. de CHA en Initiative et en DEF. Au lieu de cette capacité, le joueur peut, s\'il le veut, choisir un nouveau domaine d\'érudition pour son personnage (capacité de Rang 1).'),
('autorite-naturelle', 'Autorité naturelle', 0, 0, '', 'Le chevalier obtient un bonus égal à [1 + Mod. de CHA] en Initiative et en DEF. De plus, il bénéficie d\'un bonus de +5 aux tests de CHA réalisés pour donner des ordres ou intimider.'),
('baies-magiques', 'Baies magiques', 1, 1, '', 'Le druide doit se trouver devant un buisson ou un arbre vivant. Son incantation fait pousser [1d6 + Mod. de SAG] fruits qu\'il peut cueillir. Chaque fruit offre l\'équivalent d\'un repas et rend [1d6 + niveau du druide] PV à celui qui le consomme. Les effets de ces fruits ne fonctionnent qu\'une fois par jour et par personnage.'),
('baionnette', 'Baïonnette', 1, 0, 'prest', 'Le personnage adapte une lame à l’extrémité de son arme (attaque au contact, 1d4 + Mod de FOR max pour une pétoire, 1d6 DM + Mod. de FOR pour un mousquet) et développe les techniques de combat adéquates. Au prix d’une action limitée, il peut faire une attaque à distance et une attaque de contact avec la baïonnette. S’il dispose d’une dague ou d’une épée courte magique, il peut l’adapter sur son arme et bénéficier des DM correspondants pour les attaques à la baïonnette (1d4 ou 1d6 plus bonus de magie en attaque et aux DM). S’il possède la capacité cadence de tir, il peut de plus recharger son arme dans le même tour.'),
('baiser-du-vampire', 'Baiser du vampire', 1, 1, '', 'Ce sort nécessite la réussite d\'un test d\'attaque magique (portée 50 m). La cible subit [1d8+Mod. d\'INT] DM et le nécromancien récupère autant de PV (sans dépasser son score max de PV).'),
('balayage', 'Balayage', 0, 0, 'prest', 'Le golem utilise sa grande taille pour attaquer plusieurs créatures devant lui. Il peut attaquer jusqu\'a deux créatures de taille Moyenne ou trois de Petite taille dans le même tour. Un seul jet d\'attaque est effectué et comparé à la DEF de chaque cible. De même, un seul jet de DM est effectué et appliqué à toutes les cibles touchées.'),
('balayage-creature', 'Balayage', 0, 0, 'creat', 'La créature utilise sa grande taille pour affecter plusieurs créatures face à elle d’un seul coup de patte/arme. Si plusieurs cibles sont présentes face à elle, son attaque affecte deux créatures (dans un arc de 180°). Faire un seul test d’attaque et le comparer à la DEF de chaque cible. Sa résistance aux DM passe à 6 (RD 6).'),
('baton-de-druide', 'Bâton de druide', 1, 0, '', 'Le druide combat avec les deux extrémités de son bâton de bois noueux. Lorsqu\'il utilise cette capacité, il effectue deux attaques de contact infligeant 1d6 DM + son Mod. de FOR ou de DEX (au choix) par attaque.'),
('baton-de-mage', 'Bâton de mage', 0, 0, '', 'Le forgesort crée un grand bâton magique. Avec cette arme à deux mains, il gagne un bonus de +1 aux tests d\'attaque au contact et inflige [1d6+Mod. d\'INT] DM magiques. A partir du Rang 3, au prix d\'une action limitée, il peut utiliser son score d\'attaque magique pour une attaque au contact et infliger [2d6 + Mod. d\'INT] DM dans un éclair d\'énergie !'),
('baton-magique', 'Bâton magique', 0, 0, 'prest', 'Le personnage choisit une capacité limitée de Rang 1 de magicien ou d\'ensorceleur. Elle est liée à son bâton et il peut l\'utiliser au prix d\'une simple action d\'attaque au lieu d\'une action limitée.'),
('benediction', 'Bénédiction', 1, 1, '', 'Le prêtre entonne un chant pour encourager ses compagnons en vue. Ceux-ci bénéficient d\'un bonus de +1 à tous leurs tests de caractéristiques et d\'attaque pendant [3 + Mod. de SAG] tours.'),
('blague-mortelle', 'Blague mortelle', 1, 0, 'prest', 'Après avoir réussi à distraire sa victime avec Blagues et cabrioles, si le barde attaque au tour suivant et emporte l\'initiative, il obtient un bonus de +5 en attaque et +2d6 aux DM.'),
('blagues-et-cabrioles', 'Blagues et cabrioles', 1, 0, 'prest', 'Le personnage réalise un test de CHA de difficulté égale au score INT de sa cible (en cas de cibles multiples, le résultat d\'un unique test est comparé au score de chacun des observateurs). En cas de réussite, la cible est victime de distraction et subit une pénalité de 5 à tous les tests de SAG et INT pendant toute la durée des blagues et cabrioles. La victime perd 10 en Initiative si un combat survient.'),
('blessure-sanglante', 'Blessure sanglante', 0, 0, 'prest', 'Lorsque le personnage inflige des dégâts avec une arme, la blessure de la victime saigne abondamment. Elle perd 1d6 PV supplémentaires au tour suivant. Les créatures non-vivantes ne sont pas sujettes à ce type d’effet.'),
('blocage', 'Blocage', 1, 1, '', 'Le forgesort scelle une porte ou un coffre pour une durée en minutes égale à sa valeur d\'INT. Seul un mot de commande qu\'il choisit permet d\'ouvrir l\'objet. Celui-ci peut toujours être brisé par la force, mais il bénéficie d\'un bonus de +5 en solidité et d\'une RD 5 pour toute la durée du sort.'),
('bon-pour-le-moral', 'Bon pour le moral', 0, 0, 'race', 'Un halfelin qui mange bien est un halfelin heureux. À chaque repas où le personnage boit ou mange un met de qualité, il récupère 1d6 PV. Une fois par jour, s\'il participe à un véritable festin ou s\'il fait une bonne sieste (au moins 1 heure en plein après midi), il récupère [2d6 + niveau] PV !'),
('bond-en-avant', 'Bond en avant', 1, 0, 'prest', 'Le magicien se projette [1d6+Mod. d\'INT] tours dans le futur au maximum (moins s\'il le souhaite), il disparaît et réapparaît à la fin du sort. Si un obstacle occupe sa position, il réapparaît au plus près et subit 1d6 DM, s\'il s\'agit d\'un être vivant la créature subit des DM similaires. Le magicien peut utiliser cette capacité sur une créature non-volontaire en la touchant : il doit alors réussir un test d\'attaque magique.'),
('bond-epique', 'Bond épique', 0, 0, 'epic', 'Le personnage peut faire des bonds prodigieux, jusqu\'à 10 m en hauteur et 20 m en longueur. Cela lui permet parfois d\'atteindre des créatures en vol par une action d\'attaque. De plus il peut viser la tête de toutes les créatures, même les plus grandes. Il obtient un bonus de +2 en attaque contre les créatures de taille Enorme et +5 contre celles de taille Colossale. Un score minimum de 18 en DEX est requis pour choisir cette capacité.'),
('bonne-nature', 'Bonne nature', 0, 0, 'race', 'Le gnome augmente ses valeurs de CON et de CHA de +2.'),
('botte-mortelle', 'Botte mortelle', 0, 0, '', 'Lors d\'une attaque au contact, s\'il obtient un score total d\'attaque supérieur ou égal à la DEF de son adversaire +10 points, le barde obtient un bonus de +2d6 aux DM de son attaque.'),
('botte-secrete', 'Botte secrète', 0, 0, '', 'Lorsque le voleur obtient un critique sur une attaque au contact, l\'attaque devient automatiquement une Attaque sournoise. Les effets de l\'Attaque sournoise s\'appliquent en plus des effets normaux du critique.'),
('bouclier-de-la-foi', 'Bouclier de la foi', 0, 0, '', 'Le prêtre porte le symbole de sa foi sur son bouclier, ce qui lui confère un bonus supplémentaire de +1 en DEF. Ce bonus passe à +2 au Rang 4 de la Voie.'),
('bouclier-psi', 'Bouclier PSI', 0, 0, '', 'Le psionique apprend à lever des barrières infranchissables autour de son esprit. Il augmente sa DEF de +5 contre toutes les attaques mentales (PSI ou magiques) et divise par 2 les DM subis par la capacité Attaque mentale.'),
('boule-de-feu', 'Boule de feu', 1, 1, '', 'Le magicien choisit une cible située à moins de 30 mètres. Il fait un test d\'attaque magique et le compare à la DEF de tous les personnages (y compris le magicien et ses compagnons) se trouvant dans un rayon de 6 mètres autour de la cible. Chaque cible pour laquelle le test est un succès encaisse [4d6 + Mod. d\'INT] DM et doit réussir un test de DEX difficulté [10 + Mod. d\'INT] pour ne subir que la moitié des DM. Les cibles pour lesquelles le test d\'attaque est un échec subissent automatiquement la moitié des DM.'),
('boulet-explosif', 'Boulet explosif', 1, 0, '', 'L\'arquebusier sait fabriquer et lancer de petites boules de métal munies de poudre et d\'une mèche. Un tel projectile a une portée de 20 m et explose dans un rayon de 5 m en infligeant 5d6 DM. Les victimes qui réussissent un test de DEX difficulté [12 + Mod. de DEX] réduisent ces DM de moitié.'),
('bousculer', 'Bousculer', 0, 0, 'prest', 'Le personnage dépense un dé d’expertise et il peut faire un test de FOR opposé contre une cible au contact. Il ajoute le résultat du dé d’expertise à son test. En cas de succès, la cible recule de 1d3 mètres (la moitié du résultat du dé d’expertise) et elle est Renversée. Une cible acculée subit à la place des DM équivalents au résultat du dé d’expertise.'),
('briser-l-armure', 'Briser l\'armure', 1, 0, 'prest', 'Habitué à affronter des chevaliers presque invulnérables dans leurs armures de tournoi, le chevalier a appris à saper progressivement la défense de ses adversaires pour y créer une brèche. Cette attaque n\'inflige de DM mais si elle est réussie, elle réduit la DEF et la RD éventuelle de sa cible de 3 points pour le reste du combat. Si elle est ratée (sauf échec critique), elle réduit malgré tout la DEF de l\'adversaire de 1 point.'),
('briser-les-coeurs', 'Briser les coeurs', 1, 1, '', 'Le nécromancien fait mine de broyer le coeur de sa victime. Il doit réussir une attaque magique (portée 20 m) et inflige [5d6 + Mod. d\'INT] DM. La victime divise les DM par deux si elle réussit un test de CON difficulté [10 + Mod. d\'INT].'),
('briseur-d-os', 'Briseur d\'os', 0, 0, '', 'Les coups critiques du barbare sont terribles et provoquent des handicaps durables. Le barbare obtient un critique sur 19 et 20 au résultat du d20 en attaque au contact. Lorsqu\'il obtient un critique, en plus des DM doublés, il inflige une pénalité de -2 à tous les tests d\'attaque, de FOR et de DEX de sa victime. Cette pénalité affecte la cible jusqu\'à ce qu\'elle soit complètement guérie.'),
('ca-passe-ou-ca-casse', 'Ca passe ou ça casse', 0, 0, 'prest', 'Lorsque le résultat d\'un test de Caractéristique peut avoir une issue fatale pour le personnage (chute mortelle, réveil d\'un dragon, etc.), le joueur lance un d20 supplémentaire et peut conserver le résultat qu\'il préfère.'),
('ca-pique-les-yeux', 'Ca pique les yeux', 0, 0, 'prest', 'Le personnage porte un costume chamarré aux motifs complexes (Arlequin, bouffon...) qui attire l\'attention et distrait les regards. Associé à des postures étranges et imprévisibles, il masque efficacement ses mouvements et obtient un bonus de +1 en DEF par Rang dans cette Voie.'),
('cadence-de-tir', 'Cadence de tir', 0, 0, '', 'Recharger une pétoire ou un mousquet devient une action de mouvement. Dans le cas d\'une arbalète de poing ou d\'une arbalète légère, l\'action devient gratuite. À partir du Rang 5 dans la Voie, il peut recharger deux armes en une seule action.'),
('camouflage', 'Camouflage', 1, 0, 'race', 'Vous pouvez faire croire à ceux qui vous entourent que vous êtes un humain pendant 1 heure. Vous ne pouvez utiliser cette capacité qu’une fois par jour. Vous ne pouvez pas prendre l’apparence d’une personne en particulier.'),
('canalisation', 'Canalisation', 0, 0, 'prest', 'Le personnage peut utiliser sa magie à travers son familier. Lorsqu\'il lance un sort, la portée peut être déterminée à partir du familier plutôt que du personnage. Si le personnage n\'est pas un lanceur de sort, son familier devient capable de lancer un sort au choix (issu des capacités de Rang 1 d\'un profil de lanceur de sort). Ce sort doit être lié à la nature du familier et sa validation est soumise à l\'approbation du MJ.'),
('capitaine', 'Capitaine', 0, 0, 'creat', 'Le capitaine donne un bonus de +2 en initiative, en attaque et aux DM à toutes les créatures sous ses ordres à portée de vue. De plus il bénéficie d’une attaque supplémentaire à chaque tour lorsqu’il utilise une action limitée.'),
('caractere-d-ours', 'Caractère d\'ours', 0, 0, 'prest', 'Le personnage gagne un bonus de +5 à tous les tests INTimidation et, s\'il possède la capacité Cri de guerre, il peut ajouter ce bonus à sa FOR lors de l\'estimation des ennemis affectés par le cri. Désormais, il peut également utiliser la capacité Cri de guerre avec une action de mouvement.'),
('caracteristique-epiq', 'Caractéristique épique', 0, 0, 'epic', 'Le joueur choisit une caractéristique et augmente sa valeur de 4 points.'),
('cavalier-emerite', 'Cavalier émérite', 0, 0, '', 'Lorsqu\'il est en selle, le chevalier gagne un bonus de +2 en attaque au contact, et sa monture obtient une DEF égale à celle du chevalier. Monter ou descendre de cheval est désormais une action gratuite.'),
('cavalier-ne', 'Cavalier né', 0, 0, 'race', 'Le personnage obtient un bonus de +5 aux tests d\'équitation et de course à pied et possède un cheval dès la création du personnage.'),
('cavaliere-emerite', 'Cavalière émérite', 0, 0, 'prest', 'L\'amazone obtient un bonus de +5 à tous les tests d\'équitation et un bonus de +2 en attaque et en DEF lorsqu\'elle est en selle.');
INSERT INTO `cof_capacites` (`capacite`, `nom`, `limitee`, `sort`, `type`, `description`) VALUES
('cercle-de-protection', 'Cercle de protection', 1, 1, '', 'Le magicien peut tracer un cercle sur le sol pouvant contenir 3 personnes. Une fois par tour, lorsqu\'un sort prend pour cible un personnage situé dans le cercle (par un test d\'attaque magique), le magicien fait un test d\'attaque magique en opposition à celui de l\'adversaire. Si le test est réussi, le sort adverse est annulé et n\'a aucun effet.'),
('chafouin', 'Chafouin', 0, 0, 'race', 'Le personnage a l\'habitude de se défendre face aux préjugés. Il reçoit un bonus de +5 à tous les tests de baratin, de bluff et de tromperie.'),
('chair-a-canon', 'Chair à canon', 0, 0, 'creat', 'Une fois par tour, le PNJ peut décider qu’une attaque qui le visait touche à la place un de ses sous-fifres situé à moins de 3 m et venu s’interposer (ou derrière lequel il s’est mis à couvert). Le PNJ gagne un bonus de +5 en DEF tant que des sous-fifres sont positionnés à moins de 3 mètres de lui.'),
('champ-de-protection', 'Champ de protection', 0, 0, '', 'Le psionique déploie autour de lui un champ de force qui repousse efficacement les attaques. Il obtient un bonus en DEF égal au rang atteint dans la Voie. À partir du rang 4, il peut déployer son champ de protection autour d’un allié à moins de 10 mètres de lui au prix d’une action de mouvement à chaque tour.'),
('champion-de-la-survi', 'Champion de la survie', 0, 0, 'race', 'Le frouïn est expert de la survie, il augmente au choix sa valeur de DEX ou de SAG de +2 et sa valeur de CON de +2.'),
('chant-des-heros', 'Chant des héros', 1, 0, '', 'Le barde chante et inspire ses compagnons : tous les alliés à portée de voix obtiennent un bonus de +1 à tous leurs tests pendant [5+ Mod. de CHA] tours.'),
('chant-des-sirenes', 'Chant des sirènes', 1, 0, 'prest', 'Le barde entonne un chant qui fascine toutes les créatures humanoïdes à portée d\'ouïe (rayon 50 m). Tant que le barde chante, elles cessent toute activité et restent immobiles et vulnérables à moins de réussir un test de SAG difficulté [10+Mod. de CHA] par tour. Les créatures affectées ont une pénalité de -10 en DEF et subissent des DM critiques (x2) en cas d\'attaque. Se boucher les oreilles apporte un bonus de +5 au test de SAG mais limite le personnage aux seules actions de mouvement s\'il utilise ses mains pour le faire.'),
('charge', 'Charge', 1, 0, '', 'Si le barbare se déplace d\'au moins 5 mètres en ligne droite (20 m maximum), il effectue une attaque au contact avec un bonus de +2 en attaque et +1d6 aux DM.'),
('charge-au-galop', 'Charge au galop', 0, 0, 'race', 'Lorsqu’il réalise une action d’attaque au contact après une action de mouvement qui lui a permis de se déplacer d’au moins 10 mètres en ligne droite, le centaure utilise son Mod. de FOR complet (+3 au-dessus de son Mod. normal) en attaque et aux DM. Il bénéficie aussi de ce bonus s’il utilise la capacité charge de barbare (Voie du pourfendeur).'),
('charge-chevalier', 'Charge', 1, 0, '', 'À cheval, le chevalier peut effectuer un déplacement de 40 m en ligne droite, et une attaque de contact placée au moment son choix. Il doit parcourir au moins 10 m avant d’attaquer, mais peut réaliser le reste du déplacement à sa guise. Le joueur lance deux d20 à son test d’attaque et garde le meilleur résultat, tout en ajoutant +1d6 aux DM. Une créature située sur la trajectoire de la charge doit réussir un test de FOR difficulté 18 ou être contrainte de céder le passage en subissant 1d6 DM. Si elle réussit ce test, la Charge est bloquée et le tour du chevalier se termine.'),
('charge-fantastique', 'Charge fantastique', 0, 0, '', 'Une fois par combat, à l\'initiative du chevalier, lui-même et tous ses alliés en vue bénéficient immédiatement d\'un déplacement d\'un maximum de 20 m en ligne droite, suivi d\'une action d\'attaque avec un bonus de +3 au test de réussite et +1d6 DM. Résolvez d\'abord tous les déplacements en commençant par le chevalier, puis par ordre d\'initiative. Ensuite effectuez toutes les attaques dans le même ordre.'),
('charge-minotaure', 'Charge', 1, 0, 'race', 'Le minotaure se déplace en ligne droite d’au moins 5 mètres (20 mètres au maximum) et il réalise une attaque avec +2 au test et +1d6 DM en cas de réussite. Cette capacité peut se cumuler à la charge du barbare.'),
('charger', 'Charger', 1, 0, 'creat', 'La créature parcourt une distance maximum de 30 mètres et réalise une attaque, lancez deux d20 et gardez le meilleur résultat. Si l’attaque est réussie, en plus des DM normaux, une victime de taille inférieure ou égale à la créature, doit faire un test opposé de FOR ou être Renversée. Dans ce cas, la créature piétine (ou embroche) sa victime et les DM sont doublés.'),
('charisme-heroique', 'CHArisme héroïque', 0, 0, '', 'Le personnage augmente sa valeur de CHA de +2. Il peut de plus lancer deux d20 à chaque fois qu\'un test de CHA lui est demandé et conserver le meilleur résultat.'),
('charmant', 'Charmant', 0, 0, 'prof', 'Le courtisan obtient un bonus de +2 par Rang atteint dans cette Voie pour tous ses tests de CHA visant à séduire, baratiner ou mentir. S\'il obtient à nouveau cette capacité (par la Voie de la séduction du profil de barde), ce bonus passe à +3 par Rang (et non +4).'),
('charmant-barde', 'Charmant', 0, 0, '', 'Le barde obtient un bonus de +2 par rang atteint dans cette voie pour tous ses tests de CHA visant à séduire, baratiner ou mentir.'),
('chasseur-de-sorciere', 'Chasseur de sorcière', 0, 0, 'prest', 'Le rôdeur gagne +2 en DEF contre toutes les attaques magiques et +2 aux DM contre les nécromanciens ou les prêtres d\'une religion maléfique (et tous ceux qui pratiquent la magie noire).'),
('chasseur-emerite', 'Chasseur émérite', 0, 0, '', 'Le rôdeur obtient un bonus de +2 en attaque et aux DM lorsqu\'il combat des animaux et un bonus de +2 par Rang dans cette Voie pour pister ou retrouver leurs traces.'),
('chasseur-ne', 'Chasseur né', 0, 0, 'race', 'Le wolfer est un chasseur né. Son odorat et sa vision sont très développés. Il obtient un bonus de +1 par Rang à ses tests de SAG pour pister, chasser, détecter une créature ou un piège en pleine nature.'),
('chatiment-divin', 'Châtiment divin', 1, 0, '', 'Le prêtre effectue une attaque de contact avec un bonus en attaque et aux DM égal à son Mod. de SAG.'),
('chef-ne', 'Chef né', 0, 0, '', 'Le seigneur est immunisé aux effets de peur (magie, pouvoir de dragon, etc.) De plus, il bénéficie d’un bonus de +1 par rang dans la Voie aux tests de CHA pour donner des ordres ou intimider.'),
('chimiste', 'Chimiste', 0, 0, '', 'L\'arquebusier sait fabriquer sa propre poudre et d\'autres substances explosives, et obtient un bonus de +2 par Rang à tous les tests de chimie ou d\'alchimie. Les armes à poudre du personnage ne présentent plus de risque de faire long feu ou d\'explosion et le joueur ne lance plus de dé de poudre.'),
('choc', 'Choc', 1, 0, NULL, 'L’ensorceleur inflige [1d6+Mod. de CHA] DM à une portée de 20 mètres sur un test d’attaque magique réussi et renverse la cible si elle rate un test de FOR DD 10.'),
('choc-electrique', 'Choc électrique', 1, 0, 'race', 'Sur une attaque à mains nues réussie, l’âme forgée inflige 1d6 DM d’électricité par rang dans cette voie (dégâts de l’attaque à mains nues inclus).'),
('chute', 'Chute', 0, 0, '', 'Le voleur peut tomber d\'une hauteur de 3 m par Rang sans se faire mal (rappel : un personnage qui n´a pas cette capacité subit 1d6 DM tous les 3 m de chute).'),
('chute-ralentie', 'Chute ralentie', 1, 1, '', 'Le magicien affecte une cible à moins de 10 m avec ce sort. La cible peut chuter de 6 m par Rang dans la Voie sans subir de DM. Si la chute est supérieure à cette hauteur, elle est réduite d\'autant.'),
('cinquieme-cristal', 'Cinquième cristal', 0, 0, 'prest', 'Le forgesort apprend à créer deux nouveaux cristaux de son choix. Il peut bénéficier au maximum des effets de 5 cristaux simultanément, dont un maximum de deux fois le même.'),
('clairvoyance', 'Clairvoyance', 1, 1, '', 'L\'ensorceleur peut voir et entendre à distance ce qui se passe dans un lieu qu\'il connait, tant qu\'il reste concentré (action limitée à chaque tour). Les créatures présentes ont droit à un test de SAG difficulté [12 + Mod. de CHA] : en cas de réussite, elles se sentent observées.'),
('classe-impitoyable', 'Classe impitoyable', 0, 0, 'prest', '\"L\'amazone est une devenue une véritable icône de femme fatale, une déesse guerrière. Elle obtient un bonus de +2 au score de CHA et un bonus de +5 en intimidation. Elle peut appliquer son Mod. de CHA en DEF et en attaque contre tous les mâles humanoïdes de taille moyenne ou grande.\"'),
('clone', 'Clone', 0, 0, 'epic', 'Le personnage fabrique par magie un double de lui, ce corps en stase est inerte et sans conscience jusqu\'à ce qu\'il décède. Son esprit est alors transféré dans ce nouveau corps et il s\'éveille à la vie avec toutes les capacités et caractéristiques du personnage. Le traumatisme fait toutefois perdre 1 point de CON de façon définitive.'),
('colosse', 'Colosse (demi-orc)', 0, 0, 'race', 'Le demi-orc augmente ses valeurs de FOR et de CON de +2.'),
('colosse-minotaure', 'Colosse (minotaure)', 0, 0, 'race', 'Le minotaure est une montagne de muscles, il augmente ses valeurs de CON et de FOR de +2.'),
('combat', 'Combat', 0, 0, '', 'Le loup du rôdeur peut désormais se battre comme un véritable personnage. Il attaque en même temps que le rôdeur. Loup : Init 13, DEF 14, PV [niveau x 4], attaque au contact = [niveau du rôdeur], DM 1d6+1, FOR +1, DEX +1, CON* +1, INT -3, SAG* +2, CHA -2'),
('combat-a-2-armes', 'Combat à 2 armes', 0, 0, 'race', 'Les elfes noirs sont passés maître dans l’art du combat à deux armes. Réaliser une\nattaque de chaque main (en utilisant un d12) ne compte plus pour une action limitée. Le personnage peut remplacer ses tests d’attaque au d20 par une attaque au d12 de chacune des mains.'),
('combat-a-2-armes-ame', 'Combat à 2 armes amélioré', 1, 0, 'prest', 'Le personnage effectue une attaque de chaque main à ce tour. Il utilise un d20 pour le test d\'attaque de sa main directrice et un d12 pour l\'attaque portée avec son autre bras.'),
('combat-a-2-armes-epi', 'Combat à deux armes épique', 0, 0, 'epic', 'Cette capacité est réservée aux personnages qui ont acquis la capacité Combat à deux armes amélioré. Désormais, attaquer à deux armes n\'est plus une action limitée '),
('combat-a-2-armes-par', 'Combat à 2 armes parfait', 1, 0, 'prest', 'Le personnage effectue une attaque pour chaque main à ce tour. Il utilise un d20 pour ses deux tests d\'attaque.'),
('combat-de-masse', 'Combat de masse', 0, 0, '', 'L\'arquebusier obtient une action de mouvement ou une action d\'attaque supplémentaire à chaque tour si le combat implique au moins 10 créatures (en comptant l\'arquebusier et ses alliés).'),
('combat-en-phalange', 'Combat en phalange', 0, 0, '', 'Lorsque vous combattez la même créature qu\'un allié, vous gagnez +1 en attaque et en DEF par allié au contact avec vous et avec la créature.'),
('combat-kinetique', 'Combat kinétique', 0, 0, '', 'Le psionique a appris à utiliser son don pendant le combat, en freinant l’impact des attaques adverses et en augmentant celui des siennes. Il bénéficie d’une réduction des DM de 3 (RD 3) et il ajoute son Mod. De CHA aux DM de ses propres attaques (au contact ou à distance).'),
('combat-ours', 'Combat', 0, 0, '', 'L’ours du rôdeur peut désormais se battre comme un véritable personnage. Il attaque en même temps que le rôdeur. Jeune ours noir : Init 13, DEF 14, PV [niveau x 5], Attaque (contact) [niveau], DM 1d6+3, FOR +3*, DEX +1, CON +3, INT -4, SAG +2, CHA -2'),
('combattant-aguerri', 'Combattant aguerri', 0, 0, '', 'L\'arquebusier peut choisir n\'importe quelle capacité de Rang 2 d\'une Voie de guerrier de son choix et gagne 3 PV supplémentaires. Il peut choisir une capacité de Rang 1 seulement et gagne alors 6 PV au lieu de 3.'),
('combattre-la-corrupt', 'Combattre la corruption', 0, 0, 'prest', 'Le rôdeur gagne un bonus de +1 en attaque et aux DM contre les morts-vivants, les démons et les animaux corrompus (ceux qui possèdent des pouvoirs paranormaux). Ce bonus passe à +2 au Rang 4 de la Voie.'),
('commandant', 'Commandant', 0, 0, 'creat', 'Le commandant offre un bonus de +3 en initiative, en attaque, aux DM et en DEF à toutes les créatures sous ses ordres à portée de vue. Tant qu’au moins 4 créatures sous ses ordres sont à moins de 10 mètres du commandant, il ne subit que la moitié des DM qui lui sont infligés.'),
('compagnon-fidele', 'Compagnon fidèle', 0, 0, 'epic', 'Le personnage obtient un apprenti, un serviteur ou un garde du corps. Le joueur gère ce personnage secondaire, c\'est un compagnon fidèle et dévoué attiré par la notoriété du héros. Créez un personnage du profil de votre choix dont le niveau est égal à [niveau / 2 + Mod. de CHA]. S\'il vient à mourir, le héros pourra en recruter un autre au prochain niveau. Alternativement, un joueur peut appliquer cette capacité à un compagnon comme le loup du rôdeur ou le golem du forgesort, la créature obtient alors +20 PV, +3 aux DM, en attaque et en DEF. Vous pouvez choisir jusqu\'à 3 fois cette capacité pour votre compagnon.'),
('compagnon-vermine', 'Compagnon Vermine', 0, 0, 'prest', 'Le druide adopte un scorpion ou une araignée au choix. Scorpion géant : Init 12, DEF 16, PV [4 x niveau], Att (contact) [niveau+3], DM 1d6+3 [poison 2d6 DM, Test CON 13 = DM / 2], FOR +3, DEX +1, CON +3, INT -3, SAG +3, CHA -3 Araignée Géante : Init 16, DEF 15, PV [4 x niveau], Att (contact) [niveau+3], DM 1d6+1 [poison 3d6 DM, Test CON 13 = DM / 2], FOR +1, DEX +3, CON +2, INT -3, SAG +4, CHA -3'),
('comprehension-des-la', 'Compréhension des langues', 1, 1, '', 'Ce sort permet au barde de lire, écrire et parler n\'importe quelle langue ancienne ou vivante.'),
('conducteur-de-dilige', 'Conducteur de diligence', 0, 0, 'prest', 'L\'arquebusier obtient un bonus de +5 à tous les tests pour conduire un attelage, un chariot ou tout autre véhicule tracté par des animaux, cela lui demande seulement une action de mouvement par tour. Il obtient aussi un bonus de +5 à tous les tests d\'équilibre ou d\'acrobatie à bord d\'un véhicule en mouvement. Lorsqu\'il est perché sur un véhicule, il obtient un bonus de +2 en attaque contre toutes les cibles se trouvant au sol ou sur le même véhicule en mouvement.'),
('cone-de-froid', 'Cône de Froid', 1, 0, 'prest', 'Le cône de froid affecte toute les créatures dans un cône approximatif de 20 mètres de long sur 10 mètres de large à son extrémité. Les victimes subissent [2d6 + Mod d\'INT] DM et sont Ralenties pour 1 tour si elles ratent un test de CON difficulté 13. Sinon, elles subissent seulement la moitié des DM et ne sont pas Ralenties.'),
('confusion', 'Confusion', 1, 1, '', 'En réussissant un test d\'attaque magique (portée 20 m), l\'ensorceleur désoriente sa cible pendant [3 + Mod. de CHA] tours. Chaque tour, lancer 1d6 : 1-3 la victime n\'agit pas, 3-6 elle attaque la créature la plus proche (au hasard). Chaque fin de tour, elle fait un test de SAG difficulté [10 + Mod. de CHA] pour mettre fin au sort.'),
('conjuration-d-armee', 'Conjuration d\'armée', 1, 1, '', 'Une fois par jour, l’invocateur peut conjurer une petite armée pour une durée maximum de [5 + Mod.de CHA] heures. Le sort ne peut être utilisé qu’en rase campagne ou dans un espace clos d’au minimum 20 × 20 mètres. Les créatures apparaissent dans une zone carrée de 20 mètres de coté, centrée sur l’invocateur. Elles peuvent ensuite se déplacer en formation, en occupant la même surface (elles n’entrent pas dans des couloirs ou des bâtiments exigus), jusqu’à une portée de 200 mètres. Les créatures attaquent les adversaires que l’invocateur leur désigne (déplacement de 20 mètres par tour, 3 km/h). L’armée inflige automatiquement 1d6 DM par tour (1d10 DM au rang 4 et 2d6 DM au rang 5) à chaque cible dans la zone. Une cible peut choisir de combattre l’armée par une action limitée : cela lui permet de ne subir que la moitié des DM prévus et d’infliger à son tour à l’armée des DM égaux à son niveau plus 1 (NC + 1, pour une créature). Lorsque l’armée a subi un montant total de DM égal au niveau de l’invocateur multiplié par 10, le sort prend fin.'),
('conjuration-de-preda', 'Conjuration de prédateur', 1, 1, '', 'Une fois par combat, l’invocateur peut conjurer un animal qui combat pour lui pendant [5 + Mod. de CHA] tours. Le type d’animal conjuré dépend du niveau de l’invocateur. L’animal apparaît au contact de l’invocateur et peut s’éloigner jusqu’à une distance de 50 mètres.'),
('conjuration-etrange', 'Conjuration de prédateur étrange', 0, 0, '', 'Lorsqu’il convoque un prédateur (rang 1 de cette Voie), l’invocateur peut, au choix, ajouter à la créature une mutation protectrice ou une adaptation motrice issue de la Voie des mutations (il n’a pas besoin d’avoir accès à ces capacités). Si l’invocateur opte pour Cuirasse, cela apporte un bonus de +3 en DEF à la créature.'),
('conjuration-renforce', 'Conjuration renforcée', 0, 0, '', 'L’invocateur ajoute à son niveau le rang atteint dans la Voie pour déterminer le niveau des prédateurs conjurés.'),
('connaissance-du-pois', 'Connaissance du poison', 0, 0, 'prest', 'Le voleur peut effectuer un test d\'INT difficulté 10 pour reconnaître, identifier ou détecter un poison. Il n\'a plus besoin de test d\'INT pour réussir à appliquer un poison sur une arme.'),
('constitution-heroiqu', 'CONstitution héroïque', 0, 0, '', 'Le personnage augmente sa valeur de CON de +2 et il peut désormais lancer deux d20 à chaque fois qu\'un test de CON lui est demandé et conserver le meilleur résultat.'),
('controle-metabolisme', 'Contrôle du métabolisme', 0, 0, '', 'Le psionique est capable d’accélérer ou de ralentir son métabolisme. Il ajoute son Mod. de CHA en Initiative et à tous les tests de CON. Il a besoin de deux fois moins de nourriture, d’eau, d’air et de sommeil que la normale.'),
('controle-sanguin', 'Contrôle sanguin', 1, 1, '', 'Le psionique est immunisé à tous les poisons et aux effets de saignements. Il ne subit que la moitié des DM des attaques qui affectent le sang (strige, vampire, etc.).'),
('corps-de-loup', 'Corps de loup', 1, 0, 'race', '\"Une fois par jour, le personnage peut réellement  prendre la forme d\'un loup (mâle alpha) pendant 1 heure par niveau au maximum. Il conserve toutes ses caractéristiques sauf celles indiquées, ainsi que son score d\'attaque au contact. Il peut utiliser la capacité Embuscade (Rang 1 de la Voie du prédateur). Sous cette forme, il peut communiquer uniquement avec ses congénères (et sur de longues distances par hurlements). Loup : Init 17, DEF 15, DM 1d6+3, FOR +3, DEX +1\"'),
('corps-de-pierre', 'Corps de pierre', 1, 0, 'prest', 'Le moine donne à son corps la texture de la pierre pendant [1d6 + Mod. de SAG] tours. Dans cet état, il retranche 5 points à tous les DM subis par des armes. Les créatures qui l\'attaquent avec des armes naturelles subissent 1 DM par attaque et celles qui utilisent des armes manufacturées Voient leur arme se briser s\'ils obtiennent un résultat de 1 au DM. Les armes magiques ne risquent pas de se briser. Le personnage peut utiliser cette capacité pour mettre fin à tout effet de pétrification qui l\'affecte en 1d6 tours.'),
('corps-elastique', 'Corps élastique', 0, 0, 'prest', 'Le barde sait accompagner les coups et les chutes, il obtient une réduction des DM de 3 contre toutes les sources de DM physiques (armes, chutes mais pas énergie ou magie).'),
('corps-enflamme', 'Corps enflammé', 1, 0, 'creat', 'La créature est nimbée d’une aura de feu ou peut la faire surgir à volonté. Elle inflige +1d6 DM de feu par attaque de contact réussie. Une créature qui l’attaque au contact subit 1d6 DM pour chaque attaque réussie. Si une victime est saisie ou agrippée par la créature, elle subit à chaque tour +1d6 de feu supplémentaire. Lorsqu’elle est au contact d’une source de feu importante, la créature régénère 5 PV par tour.'),
('corveable-a-merci', 'Corvéable à merci', 0, 0, 'prof', 'Le miséreux exécute généralement les taches et les métiers les plus ingrats et éreintants. Il gagne 5 PV supplémentaires et un bonus de +5 à tous les tests de CON et de FOR.'),
('couleuvrine', 'Couleuvrine', 1, 0, '', 'L\'arquebusier obtient une couleuvrine, un petit canon portatif qui nécessite la mise en place d\'un trépied (ou d\'un appui). Utiliser cette arme demande une action limitée et ne peut avoir lieu qu\'une seule fois par combat. Sur un test d\'attaque à distance réussi, elle inflige [4d6 + Mod. de DEX] DM. La portée maximale de cette arme est de 100 mètres et sa portée minimale de 10 mètres.'),
('coup-de-bouclier', 'Coup de bouclier', 0, 0, '', 'Le chevalier peut effectuer à chaque tour une attaque au bouclier avec un d12 au lieu du d20 (action gratuite) qui inflige [1d4 + Mod. de FOR] DM.'),
('coup-de-corne', 'Coup de corne', 0, 0, 'race', 'Un minotaure peut réaliser une attaque de corne qui inflige [1d6 + Mod. de FOR] DM à la place d’une attaque normale. Au prix d’une action limitée, il peut faire une attaque normale avec une arme de contact plus une attaque de corne.'),
('coup-de-crosse', 'Coup de crosse', 0, 0, 'prest', 'Une fois par tour, le personnage peut, au moment de son choix, accomplir une attaque gratuite avec la crosse d\'une pétoire qu\'il a utilisée précédemment lors du tour pour une attaque à distance. Il utilise un d12 pour le test d\'attaque et inflige [1d4 + Mod. de FOR] DM.'),
('course-des-airs', 'Course des airs', 0, 0, '', 'Le moine défie les lois de la pesanteur et peut se déplacer sur des surfaces qui ne devraient pas supporter son poids. Il peut se déplacer sur l\'eau, la neige, le feuillage des arbres ou courir sur un mur vertical. Il doit commencer et terminer son déplacement sur une surface normale.'),
('course-du-vent', 'Course du vent', 0, 0, '', 'Le moine se déplace à une vitesse surhumaine. Il couvre le double de la distance d\'un personnage normal à chaque tour et se relever est pour lui une action gratuite.'),
('course-mortelle', 'Course mortelle', 1, 0, '', 'Le seigneur parcourt jusqu’à 10 mètres en ligne droite en dépassant autant d’ennemis qu’il le souhaite. Il porte une attaque à chaque adversaire sur son passage. Il ne peut pas terminer son déplacement à un endroit occupé par un ennemi.'),
('crachat', 'Crachat', 1, 0, 'race', 'Le personnage peut cracher un poison acide à une portée de 2 mètres (test d\'attaque à distance) qui inflige 1d4 DM. La victime doit faire un test de DEX difficulté [10 + Rang] ou être Aveuglée pendant 1d6 tour.'),
('crache-feu', 'Crache feu', 0, 0, 'prest', 'L’arme tire désormais des projectiles explosifs et inflige 1d6 DM supplémentaires de feu. Lorsqu’il fait l’acquisition de cette capacité, le joueur peut choisir d’infliger des DM d’électricité (crache foudre) ou d’acide (crache venin) au lieu des DM de feu.'),
('creature-artificiell', 'Créature artificielle', 0, 0, 'race', 'Une âme-forgée n’a pas besoin de boire ni de se nourrir, ni même de respirer ! Elle a toutefois besoin de rêver quatre heures par jour (sans quoi elle subit un malus de -2 à ses tests de SAG, ce malus est cumulatif). Elle est naturellement immunisée aux poisons et aux maladies. Les âmes-forgées sont incapables de nager mais elles peuvent marcher au fond de l’eau (considéré comme un terrain difficile).'),
('creature-de-metal', 'Créature de métal', 0, 0, 'race', 'Les parties métalliques d’une âme-forgée lui offrent une protection naturelle qui lui accorde un bonus de +1 en DEF. De plus, l’âme-forgée retranche 5 points (RD 5) à tous les DM de feu, de froid et aux drains de vie (pouvoir de vampire par exemple). Enfin, elle est immunisée aux effets de saignement.'),
('creature-de-reve', 'Créature de rêve', 1, 0, 'prest', 'Le barde décrit et invoque une étrange créature onirique, de taille Très Petite à Grande et lui assigne une tâche et une seule. La créature cesse d\'exister si le sort est terminé, si elle tombe à 0 PV ou si sa mission est remplie. Le sort ne peut être utilisé qu\'une fois par jour, pendant [2d6+Mod. de CHA] heures. Créature de rêve : DEF 15, PV [niveau x 5], Attaque [attaque magique], DM 2d6, FOR +2, DEX +2, CON +2, INT 0, SAG 0, CHA 0'),
('creature-hybride', 'Créature hybride', 0, 0, 'race', 'Le Mod. de FOR habituel du centaure est utilisé lorsqu’il effectue une attaque, en revanche, s’il doit porter une charge sur son dos, tirer ou déplacer un objet, il ajoute+3 à ce Mod. Un centaure peut porter sur son dos une créature dont la FOR est inférieure ou égal à la sienne sans fatigue, mais dans ce cas, il ne peut plus utiliser sa capacité de galop.'),
('cri-de-guerre', 'Cri de guerre', 1, 0, '', 'Une fois par combat, le barbare pousse un hurlement qui effraie ses adversaires. Les ennemis dont la FOR et les PV maximum sont inférieurs à ceux du barbare subissent un malus de -2 à leurs tests d\'attaque au contact contre le personnage, pour le reste du combat.'),
('cri-de-la-banshee', 'Cri de la banshee', 1, 0, 'prest', 'Toutes les créatures vivantes dans un rayon de 30 mètres autour du barde doivent réussir un test de CON difficulté [10+Mod. de CHA] ou subir 6d6 DM. Les alliés du barde ont un bonus de +5 à ce test (qui prend en compte le fait que ceux-ci sont prévenus et peuvent entre autres se boucher les oreilles). Les cheveux du barde blanchissent pour une durée de 24 heures après avoir poussé le cri de la banshee, il ne peut pas pousser à nouveau le cri mortel tant que ses cheveux n\'ont pas repris leur teinte normale.'),
('critique-brutal', 'Critique brutal', 0, 0, 'race', 'Le DM du demi-orc sont multipliés par 3 (au lieu de 2) lorsqu\'il obtient une réussite critique sur une attaque au contact.'),
('critique-destructeur', 'Critique destructeur', 0, 0, 'prest', 'Lorsqu’il obtient un critique avec une arme à 2 mains, le Guerrier obtient +2d6 aux DM en plus des effets du critique.'),
('critique-epique', 'Critique épique', 0, 0, 'epic', 'Le joueur choisit une catégorie d\'attaque (au contact, à distance ou magique). Pour ce type d\'attaque, les chances d\'obtenir une réussite critique augmentent de 2 points. Une attaque permettant normalement une réussite critique sur un résultat de 19 ou 20 permet désormais de l\'obtenir sur un résultat de 17 à 20.'),
('croc-en-jambe', 'Croc-en-jambe', 0, 0, '', 'Lorsqu\'il obtient un score de 17 à 20 sur son d20 en attaque au contact, le voleur fait chuter son adversaire en plus de lui infliger des DM normaux. Un score de 19 à 20 est nécessaire pour faire chuter une créature quadrupède.'),
('cryogenisation', 'Cryogénisation', 1, 0, 'prest', 'L\'ensorceleur peut utiliser cette capacité sur lui-même ou sur toute créature volontaire ou inconsciente de taille moyenne ou inférieure. La créature est congelée et son métabolisme stoppé. Elle ne vieillit plus et n\'a besoin ni d\'air ni de nourriture. Le sort peut être programmé pour cesser après une durée fixée ou si la créature est touchée par un être vivant de taille petite ou plus. La durée maximum est fixée à 1 an par niveau du magicien mais certains rituels et composants légendaires permettent d\'augmenter considérablement cette période.'),
('dans-le-mille', 'Dans le mille', 0, 0, '', 'Pour une attaque à distance, le rôdeur peut choisir d\'utiliser un d12 en attaque au lieu du d20 habituel (et il ajoute normalement son score d\'attaque à distance). Si l\'attaque est réussie, il ajoute 2d6 aux DM. Cette capacité peut être utilisée avec Tir Rapide ou Flèche de Mort par exemple.'),
('danse-des-lames', 'Danse des lames', 1, 0, 'prest', 'Le personnage entre en transe pour le reste du combat. Pendant la Danse des lames, il gagne +2 en attaque et en DEF et peut réaliser une attaque gratuite supplémentaire en utilisant un d12 au lieu du d20 à chaque tour. Le personnage peut mettre fin à la transe au moment où il le veut, mais il ne peut recommencer avant le prochain combat. Toutefois, s\'il reçoit les DM d\'une attaque critique, la transe est stoppée net.'),
('danse-irresistible', 'Danse irrésistible', 1, 1, '', 'Le barde joue une gigue endiablée aux effets magiques. S\'il réussit un test d\'attaque magique contre la créature qu\'il cible, celle-ci se met à danser pendant [1d4 + Mod. de CHA] tours et subit un malus de -4 aux tests d\'attaque et en DEF.'),
('debrouillard', 'Débrouillard', 0, 0, '', 'Le barde obtient un bonus de +5 à tous ses tests de survie en nature et aux tests de profession et d\'artisanat (forge, charpentier, etc.).'),
('decarnation-morbide', 'Décarnation morbide', 1, 0, 'prest', 'Le personnage prend le contrôle du squelette d\'une cible humanoïde de taille Moyenne. S\'il réussit un test d\'attaque magique (portée 30 m), il inflige [2d6 + Mod. d\'INT] DM et peut maintenir sa concentration. A son tour, la cible doit réussir un test de FOR opposé à l\'INT du nécromancien pour pouvoir agir ou rester Paralysée. Elle subit les effets du sort à chaque tour tant que la concentration est maintenue (action limitée). Si la victime en meurt, son squelette se met au service du nécromancien (il compte pour un squelette normal).'),
('dechainement-d-acier', 'Déchaînement d\'acier', 1, 0, '', 'Le barbare peut parcourir 10 m en ligne droite et porter une attaque à chaque adversaire qu\'il croise sur son passage. Il ne peut cependant terminer son déplacement à un endroit occupé par un ennemi.'),
('dedoublement', 'Dédoublement', 1, 1, '', 'Sur une attaque magique réussie (portée 20 m), l\'ensorceleur crée un double translucide de la cible pendant [5 + Mod. de CHA] tours. Le double est sous le contrôle de l\'ensorceleur. Il possède les mêmes caractéristiques que l\'original mais seulement la moitié de ses PV et tous les DM qu\'il inflige sont divisés par deux. Il disparaît si ses PV tombent à 0. Une créature ne peut être dédoublée qu\'une fois par combat.'),
('defaut-de-la-cuirass', 'Défaut de la cuirasse', 1, 0, '', 'L\'arquebusier passe un tour complet à analyser le point faible de son adversaire et à viser. Au tour suivant, il peut faire ses attaques à distance sur cette cible contre une DEF de [10 + Mod. de DEX de la cible]. Au lieu de cela, le joueur peut aussi choisir d\'ignorer la réduction des DM (RD) d\'une créature (dans ce cas la DEF n\'est pas modifiée).'),
('defense-intuitive', 'Défense intuitive', 0, 0, '', 'En combat, le psionique est capable d’anticiper les mouvements de ses adversaires. Il bénéficie d’un bonus de DEF égal à son Mod. de SAG'),
('defi', 'Défi', 1, 0, 'prest', 'Une fois par combat, le personnage peut défier une cible de son choix (portée 30 mètres). Il obtient un bonus de +2 en attaque et en DEF pour le reste du combat contre cette cible.'),
('defi-seigneur', 'Défi (seigneur)', 1, 0, NULL, 'Le seigneur défie un ennemi par une action limitée. Il obtient un bonus aux DM égal au rang atteint dans la Voie contre cet adversaire jusqu’à la fin du combat. Le seigneur peut défier un seul adversaire par scène de combat.'),
('defier-la-mort', 'Défier la mort', 0, 0, '', 'Lorsque le barbare subit des DM d\'une attaque qui devrait l\'amener à 0 PV, il peut effectuer un test de CON difficulté 10. En cas de réussite, il conserve 1 PV. La difficulté augmente de 10 pour chaque blessure supplémentaire reçue par la suite. S\'il est enragé il obtient un bonus de +10 à ces tests.'),
('deguisement', 'Déguisement', 1, 1, '', 'Ce sort permet au barde de prendre l\'apparence de n\'importe quelle créature de taille à peu près équivalente (avec une marge d\'environ 50 cm). S\'il veut imiter une personne en particulier, il lui faudra réussir un test de CHA difficulté 15 (20 s\'il ne la connaît pas mais l\'a seulement vue, 10 s\'il la connaît très bien). Le sort a une durée de 10 minutes.'),
('delivrance', 'Délivrance', 1, 1, '', 'En touchant sa cible, le prêtre annule les pénalités infligées par les sorts, les malédictions et les capacités spéciales d\'autres personnages ou de créatures (douleur, mutilation, poisons, etc.).'),
('deluge-de-coups', 'Déluge de coups', 0, 0, '', 'À son tour, le moine peut effectuer 2 attaques à mains nues sur des cibles de son choix ou 2 attaques avec une arme.'),
('demolition', 'Démolition', 0, 0, '', 'L\'arquebusier peut préparer un explosif qui lui permet de démolir facilement des structures. Il lui faut 3 tours complets pour préparer et poser son explosif. Celui-ci inflige à la structure 2d6 DM par Rang dans la Voie et 1d6 par Rang dans un rayon de 6 m autour (en ignorant la moitié de la RD de la structure).'),
('dentelles-et-rapiere', 'Dentelles et rapière', 0, 0, '', 'Le barde ne met pas d\'armure, cela ne sied point en société. Sa seule armure est la dentelle, sa seule défense, la rapière. Lorsqu\'il ne porte aucune armure et combat avec une rapière ou une épée, le barde obtient un bonus de +1 en DEF contre les attaques au contact par Rang possédé dans cette Voie.'),
('deplacement-en-milie', 'Déplacement en milieu hostile', 0, 0, 'prest', 'Le barbare augmente tout ses déplacement en milieu naturel de 10 mètres par action de mouvement. Il n\'est pas ralenti par la neige ou la glace et il gagne un bonus de +5 aux tests d\'escalade.'),
('deplacement-magique', 'Déplacement magique', 1, 0, 'creat', 'La créature possède une magie qui lui permet de se téléporter à une distance maximum de [20 × NC] mètre. Le lieu d’arrivée doit être en ligne de vue ou parfaitement connu (10 minutes pour étudier le lieu). Alternativement, le MJ peut choisir de lui donner une capacité de vol magique (équivalent à Vol rapide).'),
('deplacement-tactique', 'Déplacement tactique', 0, 0, 'prest', 'Le personnage dépense un dé d’expertise et se déplace dans la direction de son choix d’une distance maximum égale au résultat du dé. Cette action peut être réalisée à tout moment durant son tour (entre deux attaques, par exemple) ou en dehors de son propre tour entre les tours de deux autres protagonistes (alliés ou adversaires). Le personnage doit cependant attendre qu’un adversaire ou un allié termine son tour pour se déplacer (il ne peut pas interrompre un tour).'),
('dernier-rempart', 'Dernier rempart', 1, 0, '', 'Le guerrier effectue uniquement une attaque au contact durant ce tour. En contrepartie, il bénéficie d\'une attaque supplémentaire contre tout ennemi qui se déplace à son contact. Un adversaire blessé par cette attaque voit son déplacement stoppé.'),
('desarconner', 'Désarçonner', 0, 0, 'prest', 'Lors d\'une attaque montée à la lance contre un cavalier, si le joueur obtient un résultat de 15 à 20 au test d\'attaque, le chevalier peut faire un test de FOR opposé à son adversaire. En cas de réussite, il le désarçonne en plus de lui infliger des DM normaux. Si l\'attaque est réalisée contre un piéton, il peut choisir de le renverser et il obtient un bonus de +5 à son test de FOR.'),
('desarmer', 'Désarmer', 1, 0, '', 'Le guerrier réalise une attaque au contact et sa victime doit faire un test d\'attaque opposé. Si le guerrier obtient le plus haut score, l\'arme de son adversaire tombe au sol. Si son score dépasse de 10 points celui de son adversaire, il l\'empêche de récupérer son arme (en posant le pied dessus, en l\'envoyant hors de portée, etc.). Cette capacité est sans effet sur les armes naturelles. Les adversaires qui utilisent des armes à deux mains infligent un malus de -5 au test.'),
('desintegration', 'Désintégration', 1, 1, '', 'Le magicien projette un rayon mortel (portée 20 m) qui annule la cohésion de la matière, ne laissant derrière lui qu\'un amas de poussière. Un test d\'attaque magique réussi permet d\'infliger [5d6 + Mod. d\'INT] DM. Si le magicien vise un objet porté par une créature, le jet d\'attaque subit un malus de -5. Les objets magiques sont insensibles à ce sort. Aucun objet de plus de 50 kg ne peut être affecté par ce sort (on ne peut donc pas creuser un tunnel par ce biais).'),
('destin-heroique', 'Destin héroïque', 0, 0, 'prest', 'Le personnage gagne 2 points de Chance. Il gagne un PC supplémentaire au rang 3 et un dernier au rang 5. Si habituellement, vous n’utilisez pas cette règle optionnelle, reportez- vous à son explication page 77 de CO Fantasy pour gérer ces points.'),
('destruction-des-mort', 'Destruction des morts-vivants', 1, 1, '', 'Le prêtre peut faire un test de SAG difficulté 13. S\'il réussit, tous les morts-vivants en vue subissent 2d6 points de DM. Ces DM passent à 3d6 au Rang 4 de la Voie.'),
('detecter-les-pieges', 'Détecter les pièges', 0, 0, '', 'En réussissant un test d\'INT difficulté 10, le voleur peut détecter (et ensuite contourner sans danger) les pièges (avant qu\'ils se déclenchent bien entendu). Les pièges magiques demandent un test d\'INT de difficulté 15.'),
('detection-de-l-invis', 'Détection de l\'invisible', 1, 1, '', 'Pendant [5 + Mod. de CHA] tours, l\'ensorceleur peut détecter les créatures invisibles ou cachées à moins de 30 m et détecter si un sort de Clairvoyance affecte l\'endroit. Aveuglé, ce sort lui permet de voir normalement.'),
('detection-de-la-magi', 'Détection de la magie', 1, 1, '', 'Le magicien se concentre et détecte la présence de toute inscription et de tout objet magique situé dans la pièce où il se trouve (ou dans les 15 m autour de lui). Ce sort permet aussi d\'analyser les propriétés d\'un objet magique au prix de 2 heures d\'étude et de 100 pa de poudre d\'argent.'),
('devier-les-coups', 'Dévier les coups', 0, 0, 'prest', 'Une fois par tour, le personnage retranche le score de DEF de son bouclier (tous bonus compris) aux DM subis par une attaque au contact ou à distance, sauf s’il est surpris.'),
('devorer', 'Dévorer', 0, 0, 'creat', 'Lorsque la créature réussit une attaque avec un résultat de 15-20 au d20, elle saisit sa proie entre ses crocs ou ses griffes et lui inflige immédiatement une attaque gratuite supplémentaire. Si la FOR de la cible est inférieure ou égale au prédateur, elle est de plus Renversée et Immobilisée. Pour se libérer, la victime doit réussir un test de FOR opposé lors de son tour et cela lui demande une action de mouvement (et une autre pour se relever si elle a réussi).'),
('dexterite-heroique', 'DEXtérité héroïque', 0, 0, '', 'Le personnage augmente son score de DEX de +2 et il peut désormais lancer deux d20 à chaque fois qu\'un test de DEX lui est demandé, et conserver le meilleur résultat.'),
('diplomate', 'Diplomate', 0, 0, 'race', 'Il est dans la nature de l\'aasimar de privilégier la négociation, le personnage gagne un bonus de +5 à tous les tests de CHA destinés à négocier ou convaincre.'),
('discretion', 'Discrétion', 0, 0, '', 'Quand il essaie de passer inaperçu, le voleur bénéficie d\'un bonus de +2 à son test de DEX pour chaque Rang acquis dans cette Voie.'),
('disparition', 'Disparition', 1, 0, 'creat', 'La créature devient invisible (passage dans les ombres, cape magique, sort, etc.) et peut se déplacer de 20 mètres. Elle réapparaît à son prochain tour et si elle emporte un test opposé de discrétion (DEX) contre la SAG de sa cible, elle peut effectuer une Attaque mortelle.'),
('doigts-agiles', 'Doigts agiles', 0, 0, '', 'Pour chaque Rang acquis dans cette Voie, le voleur reçoit un bonus de +2 pour tous ses tests de DEX liés à la précision : crocheter une serrure, désamorcer un piège, pickpocket...'),
('domination', 'Domination', 1, 1, '', 'En réussissant un test d\'attaque magique (portée 20 m), l\'ensorceleur prend contrôle de son esprit pendant [1d4 + Mod. CHA] minutes. Son propre corps devient inactif. La victime peut résister au sort avec un test de SAG difficulté [10 + Mod. de CHA] à chaque fois qu\'elle subit des DM. Si la créature meurt pendant la domination, l\'ensorceleur réintègre son corps et subit 1d6 DM.'),
('domination-psi', 'Domination PSI', 1, 1, '', 'En réussissant un test d’attaque magique (portée 20 m) contre une DEF égale à [15 + Mod. de Carac. + NC de la créature], le psionique prend contrôle de son esprit pendant [1d4 + Mod. CHA] minutes. Le Mod. de Carac. choisi par la créature est le plus élevé entre INT, SAG ou CHA. Le propre corps du psionique devient inactif. La victime peut tenter de mettre fin au sort avec un test de SAG [10 + Mod. de CHA du psionique] à chaque fois qu’elle subit des DM. Si la créature meurt pendant la\ndomination, le psionique réintègre son corps et subit 1d6 DM. Cette capacité ne permet pas d’affecter les créatures de niveau (NC) supérieur ou égal à celui du personnage.'),
('don-etrange', 'Don étrange', 0, 0, 'race', 'Le gnome possède un talent inné pour les sciences, qu\'elles soient occultes ou plus ordinaires. Le joueur choisit une des deux options suivantes : soit son personnage gagne un bonus de +5 sur tous les tests d\'INT, soit il choisit une capacité de Rang 1 d\'ensorceleur. Il peut utiliser ce sort sans pénalité avec une armure allant jusqu\'à la chemise de maille.'),
('don-occulte', 'Don occulte', 0, 0, 'race', 'Le joueur choisit une capacité de Rang 1 ou 2 de n\'importe quelle Voie d\'ensorceleur. Il peut utiliser cette capacité en armure sans pénalité. Au Rang 4 de la Voie, il pourra choisir un autre sort supplémentaire de Rang 2.'),
('double-attaque', 'Double attaque', 1, 0, '', 'Le guerrier peut tenter deux attaques au contact durant ce tour avec un malus de -2.'),
('double-peine', 'Double peine', 0, 0, 'prest', 'Si les deux armes du personnage atteignent la cible lors d\'un même tour, le personnage obtient un effet de combo qui ajoute 1d6 DM à l\'une des deux attaques selon son choix.'),
('double-sort', 'Double sort', 0, 0, 'prest', 'Le personnage peut dépenser 1 PM par rang du sort qu’il lance pour le dédoubler, il affecte deux fois plus de cibles ou deux zones distinctes. La distance entre les cibles ou les zones d’effets des deux sorts ne doit pas dépasser une distance égale à la portée du sort.'),
('drain-de-sang', 'Drain de sang', 0, 0, 'prest', 'Lorsque le personnage provoque un effet de saignement, il récupère un nombre de PV égal à la moitié des DM infligés par le saignement (arrondi à l’inférieur) tant que la cible est à moins de 10 mètres de lui. Par exemple, si le personnage a blessé deux orques et que chacun d’eux subit 1d6 DM de saignement à ce tour pour respectivement 5 et 3 DM, il récupère un total de 4 PV (8/2=4). Cette capacité s’applique aussi aux effets de saignement provoqués par les sorts de nécromancien saignement et hémorragie. Le personnage ne peut pas dépasser son nombre de PV maximum.'),
('dressage', 'Dressage', 0, 0, '', 'Le rôdeur a dressé l\'ours, il peut lui faire faire des numéros comme marcher sur les pattes avant ou porter un objet en équilibre sur son museau, cela peut lui permettre de gagner un peu d\'argent dans les villages (2d6 pa en 2d6 minutes). Il peut aussi faire croire que l\'ours l\'attaque et simuler un combat.'),
('duel-mental', 'Duel mental', 0, 0, 'prest', 'Une fois par tour, le personnage peut faire un test opposé d\'INT contre un adversaire au contact. S\'il l\'emporte, il peut relancer un dé d\'attaque ou de DM contre cet adversaire d\'ici à la fin du tour.'),
('duel-psychique', 'Duel psychique', 1, 0, 'prest', 'Le magicien défie un autre lanceur de sort (ou une créature pratiquant la magie). La cible doit avoir un score d\'attaque magique. Un premier test d\'attaque magique réussi à une portée de 30 m inflige [1d6+Mod. d\'INT] DM temporaires à la cible. Une fois le duel amorcé, chaque protagoniste effectue à son tour un test opposé d\'attaque magique (action gratuite). Le perdant du duel subit [1d6+Mod. d\'INT] DM temporaires et est repoussé de 1d4 m. Le duel peut se prolonger en plus des actions normales des protagonistes.'),
('duplication', 'Duplication', 0, 0, 'prest', 'Grâce à son lien télépathique, le familier devient capable d\'imiter et de reproduire les effets d\'un sort que le personnage est en train de lancer. Lorsque le personnage lance un sort de Rang 1 à 3, son familier peut en faire autant sur une autre cible à portée. La cible ne peut pas être la même que celle visée par le personnage. Si le personnage n\'est pas un lanceur de sort, son familier devient capable de lancer un sort au choix issu des capacités de Rang 2 d\'un profil de lanceur de sort.'),
('dur-a-cuir', 'Dur à cuir', 0, 0, '', 'Le guerrier reçoit un bonus de +5 à tous ses tests de CON. De plus, lorsqu\'il tombe à 0 PV, il peut continuer à agir pendant un ultime tour avant de tomber inconscient.'),
('eau', 'Eau', 0, 0, 'prest', 'Le druide peut marcher sur l\'eau à sa guise (comme s\'il s\'agissait d\'un sol stable). Il peut utiliser cette capacité pour en faire profiter autrui au prix d\'une action limitée en touchant sa cible. Il peut ainsi affecter un nombre maximum de cibles égal au Rang atteint dans la Voie pour une durée de [1d6 + Mod. de SAG] minutes.'),
('ecailles', 'Écailles', 0, 0, 'race', 'La petite taille et la peau écailleuse du kobold lui confèrent un bonus de +2 en DEF. Ce bonus passe à +3 au rang 4 de la Voie.'),
('ecailles-robustes', 'Ecailles robustes', 0, 0, 'race', 'Le drakonide reçoit un bonus de +1 en DEF.'),
('ecuyer', 'Ecuyer', 0, 0, '', 'Le chevalier dispose d\'un écuyer à son service. Il s\'occupe de sa monture et de son équipement, du campement, des blessures, etc. Grâce à l\'écuyer, les armes du chevalier infligent des critiques sur 19 ou 20. De plus, le chevalier, sa monture et jusqu\'à [1 + Mod. de CHA] alliés récupèrent 2d6 PV supplémentaire chaque nuit. Tous les frais sont pris en charge par la capacité. Si l\'écuyer vient à mourir, le chevalier en prendra un autre à son service au niveau suivant. Ecuyer : Init 14, DEF 14, PV 13, Att +3, DM 1d8+1'),
('eduque', 'Eduqué', 0, 0, '', 'Le chevalier sait lire et écrire, il gagne +1 par Rang dans la Voie à tous les tests INT et de CHA.'),
('eduque-seigneur', 'Eduqué (seigneur)', 0, 0, '', 'Le seigneur sait lire et écrire, il gagne +1 par rang dans la voie aux tests de CHA et d’INT qui concernent les arts et les lettres (poésie, calligraphie, arrangements floraux, cérémonie du thé, etc.), ainsi qu’aux tests de séduction.'),
('effet-de-masse', 'Effet de masse', 0, 0, 'epic', 'Une fois par jour (à la discrétion du MJ), vous pouvez appliquer une de vos capacités à un groupe d\'alliés (vol, invisibilité, etc.) ou d\'ennemis à portée pour un nombre de cibles maximum égal à 10. Une fois par aventure, vous pouvez également appliquer une de vos capacités à un nombre très élevé de cibles. Un prêtre pourra, par exemple, guérir la population de tout un quartier, un magicien faire un sort d\'invisibilité pour faire disparaître toute son armée, un chevalier appliquer son bonus de courage à toutes ses troupes, etc.'),
('ego-heroique', 'Ego héroïque', 0, 0, '', 'Le psionique augmente sa valeur de CHA de +2 et le joueur peut désormais lancer deux d20 à chaque fois qu’un test de CHA est demandé au personnage et conserver le meilleur résultat.'),
('egratignure', 'Egratignure', 0, 0, 'prest', 'Le golem gagne une réduction des DM de 5. Cette RD ne s\'applique pas contre les armes magiques.'),
('element-de-predilect', 'Elément de prédilection', 0, 0, 'prest', 'Le personnage choisit un élément parmi feu, froid, électricité et acide. Lorsqu’il utilise un sort de cet élément, il obtient un bonus de +2 en attaque magique et il augmente de +2 la difficulté de tous les tests destinés à résister au sort.'),
('element-puissant', 'Elément puissant', 0, 0, 'prest', 'Le personnage ajoute +1d6 aux DM de tous les sorts qui infligent des dégâts de son élément de prédilection. Les sorts qui infligent des DM sur la durée augmentent seulement leurs DM initiaux (flèche enflammée, etc.).'),
('elementaliste', 'Elémentaliste', 0, 0, 'prest', 'Le personnage peut échanger l’énergie d’un sort élémentaire avec une autre (feu, froid, électricité, acide) au moment où il lance le sort.'),
('elixir-de-guerison', 'Elixir de guérison', 0, 0, '', 'Le forgesort peut préparer un élixir qui soigne [3d6 + Mod. d\'INT] PV ou un empoisonnement.'),
('elixir-magique', 'Elixir magique', 0, 0, '', 'Le forgesort peut préparer une potion d\'Invisibilité, de Vol, de Respiration aquatique, de Flou ou de Hâte (voir les Voies de magicien).'),
('embuscade', 'Embuscade', 0, 0, '', 'En quelques minutes, le rôdeur peut cacher tous ses compagnons dans n\'importe quel environnement naturel. Tant qu\'ils ne bougent pas, le rôdeur et ses compagnons sont totalement indétectables. S\'ils attaquent des adversaires, ces derniers sont Surprislors du premier tour du combat.'),
('embuscade-creature', 'Embuscade', 0, 0, 'creat', 'Au premier tour de combat, si l’environnement permet à la créature de se dissimuler, la cible doit faire un test de SAG difficulté [15 + Mod. de DEX] ou être Surprise. Si elle attaque avec succès une cible surprise, la créature inflige +1d6 aux DM et toute créature dont la FOR est inférieure à la sienne est Renversée. La créature obtient un bonus de +5 à tous les tests de discrétion et en Init.'),
('empathie-animale', 'Empathie animale', 1, 0, '', 'Le rôdeur peut parler aux animaux. Il peut également communiquer avec son loup ou son ours par télépathie et le guérir à distance en dépensant ses propres PV (1 PV du rôdeur pour 1 PV octroyé au compagnon).'),
('emporter-dans-lair', 'Emporter dans les airs', 0, 0, 'creat', 'La créature peut emporter dans les airs une victime agrippée de taille inférieure à la sienne au prix d’une action de mouvement. Au premier tour, si la victime se libère (test de FOR opposé), elle subit, 5d6 DM de chute. Au tour suivant, si la créature décide de prendre de l’altitude, les DM passent à 10d6.'),
('encaisser-un-coup', 'Encaisser un coup', 1, 0, '', 'Le chevalier se place de façon à dévier un coup sur son armure. À son tour, il fait seulement une action d\'attaque ou une action de mouvement. Par la suite, à tout moment avant son prochain tour, il peut retrancher aux DM subis suite à une attaque au contact un total égal au Mod. de DEF de son armure (plus d\'éventuels bonus de magie et de bouclier).'),
('enchainement', 'Enchaînement', 0, 0, '', 'Chaque fois que le barbare réduit un adversaire à 0 PV avec une attaque de contact, il bénéficie d\'une action d\'attaque gratuite sur un autre adversaire au contact.');
INSERT INTO `cof_capacites` (`capacite`, `nom`, `limitee`, `sort`, `type`, `description`) VALUES
('encombrant', 'Encombrant', 1, 0, 'race', 'Un corps de cheval pose beaucoup de problèmes dans certaines situations. Le centaure subit un malus de -10 à tous les tests d’escalade ou d’acrobatie. Dans la plupart des constructions à taille humaine, le centaure reçoit un malus de -2 à tous les tests physiques (FOR & DEX), en attaque et en DEF. Dans les espaces exigus (un mètre cinquante de large ou moins de large ou de haut), il subit un malus de -5 à tous les tests d’attaque ou de DEX/FOR et en DEF.'),
('encorner', 'Encorner', 1, 0, 'race', 'Le minotaure peut désormais réaliser une attaque de corne en action gratuite une fois par tour.'),
('endurant', 'Endurant', 0, 0, '', 'Pour chaque Rang dans cette Voie, le rôdeur obtient un bonus de +2 sur tous ses tests de CON destinés à résister à la fatigue, aux intempéries et liés de manière générale à la survie en milieu naturel.'),
('endurci-par-les-epre', 'Endurci par les épreuves', 0, 0, 'race', 'Le tieflin a appris à accepter sa différence et il peut garder la tête haute malgré son héritage. Il augmente sa valeur de CHA de +2 (il annule son malus racial).'),
('endurer', 'Endurer', 0, 0, '', 'Le forgesort est habitué aux travaux et à la chaleur de la forge. Il réduit tous les DM de feu subis de 5 points et augmente sa valeur de CON de +2. Il peut désormais lancer deux d20 à chaque fois qu\'un test de CON lui est demandé, en gardant le meilleur résultat.'),
('energie-impie', 'Energie impie', 0, 0, 'prest', 'En plus de récupérer des points de vie, le personnage obtient à son prochain tour, un bonus de +1 en attaque et aux DM par dé de saignement infligé.'),
('enfant-de-la-foret', 'Enfant de la forêt', 0, 0, 'race', 'Le joueur choisit une capacité de Rang 1 de n\'importe quelle Voie de druide ou de rôdeur. Il peut utiliser cette capacité en armure sans pénalité. Au Rang 4 de la Voie, il pourra choisir une capacité supplémentaire de Rang 2.'),
('enfant-des-tenebres', 'Enfant des ténèbres', 0, 0, 'race', 'L\'elfe gagne un bonus de +5 en Initiative et aux tests de DEX dans le noir complet ou la pénombre. Il ne subit plus de pénalité d\'attaque à distance dans la pénombre.'),
('enkystement-lointain', 'Enkystement lointain', 1, 1, 'prest', 'Une fois par combat, le personnage désigne d’un mouvement de la main une cible à moins de 20 mètres, et un tourbillon de lumière multicolore emporte la victime en un lieu lointain. En cas de succès d’un test d’attaque magique opposé (attaque au contact dans le cas où la créature n’en possède pas), la cible est instantanément téléportée dans une direction aléatoire (à peu près horizontalement et dans un milieu adapté à sa survie). Les créatures de niveau inférieur à la moitié du niveau du personnage sont téléportées à une distance de 1d20 × 100 kilomètres, celles de niveau inférieur au sien à 1d20 kilomètres et celles de niveau supérieur ou égal à 1d20 × 10 mètres. Une créature ne peut pas être victime de ce sort plus d’une fois par jour.'),
('ennemi-jure', 'Ennemi juré', 0, 0, '', 'Après avoir tué une créature, le rôdeur peut décider que tous ceux de sa race sont devenus des ennemis jurés. Contre ces créatures, il bénéficie d’un bonus égal à son Mod. de SAG pour ses attaques et il inflige +1d6 de DM. Le rôdeur peut changer d’ennemi juré une fois au cours de chaque niveau.'),
('enorme', 'Enorme', 0, 0, 'race', 'Le demi-ogre peut utiliser une épée bâtarde ou une épée à 2 mains à une seule main, il inflige alors 1d12 DM. Il peut utiliser des armes à 2 mains à sa mesure qui infligent 2d8 DM.'),
('enrager', 'Enrager', 1, 0, 'creat', 'Lorsqu’elle reçoit un coup critique ou si ses PV passent sous la moitié, la créature devient enragée. Elle ignore les pénalités de douleur ou la peur, augmente de +5 son score d’attaque au contact et ses DM de +1d6. Elle peut encore agir un tour complet après avoir atteint 0 PV.'),
('ensevelissement', 'Ensevelissement', 1, 1, '', 'Une fois par combat, si le nécromancien réussit un test d\'attaque magique (portée 20 m), le sol s\'ouvre sous les pieds d\'une cible de taille moyenne et l\'enterre vivante. Tant qu\'elle est ensevelie, elle subit 2d6 DM par tour, ne peut agir ni être la cible d\'attaques extérieures. À son tour, elle peut tenter de sortir de terre en réussissant un test de FOR ou de DEX (au choix) difficulté [13 + Mod. d\'INT]. Si elle tombe à 0 PV, elle reste enterrée et décède au tour suivant. Chaque personne qui creuse pour l\'aider lui octroie un bonus de +2 sur son test.'),
('epee-celeste', 'Epée céleste', 0, 0, 'prest', 'Lorsqu\'il est en forme d\'ange, le prêtre bénéficie automatiquement du sort Arme d\'argent pour la même durée. Il est aussi immunisé à tous les pouvoirs de drain ou d\'affaiblissement des mort-vivants (ombre, vampire, goule, etc.).'),
('epee-de-feu', 'Epée de feu', 1, 0, 'prest', 'Le chevalier peut enflammer son épée pour [5 + Mod. de CHA] tours. Elle inflige dès lors +1d6 DM de feu.'),
('erudition', 'Erudition', 0, 0, 'prof', 'L\'érudit sait lire et écrire, il gagne +2 par Rang dans un domaine de son choix : histoire et géographie, occultisme et magie, sciences et techniques, plantes et créatures, langues anciennes et modernes (dans ce cas, il apprend aussi une langue étrangère par Rang atteint).'),
('esprit-vide', 'Esprit vide', 0, 0, '', 'Le seigneur gagne +3 en Initiative, ce bonus passe à +5 au rang 4 de la Voie.'),
('esquive', 'Esquive', 0, 0, '', 'Le voleur est très vif et bénéficie d\'un bonus de +1 par Rang dans cette Voie à sa DEF et à tous ses tests de DEX destinés à esquiver.'),
('esquive-acrobatique', 'Esquive acrobatique', 0, 0, '', 'Une fois par tour, le barde peut réaliser une esquive en réussissant un test d\'Attaque à Distance contre une Difficulté égale au score obtenu par son adversaire lors de son attaque. En cas de réussite, le barde ne subit aucun DM. Si cette attaque était un critique, il subit tout de même des DM normaux (et annule donc l\'effet critique  DM doublés ).'),
('esquive-de-la-magie', 'Esquive de la magie', 0, 0, '', 'À chaque fois qu\'un sort le prend pour cible (y compris un sort de zone ou l\'affectant en plus de la personne visée), le voleur peut effectuer un test de DEX en opposition au test d\'attaque magique du sort. S\'il réussit, il échappe au sort. S\'il échoue, tous les effets du sort (puissance, durée, etc.) sont divisés par 2. Au cas où un autre effet diviserait déjà les DM par 2, ils seront au total divisés par 4.'),
('esquive-du-singe', 'Esquive du singe', 0, 0, '', 'Pour chaque Rang dans cette Voie, le moine gagne +1 en DEF et à tous ses tests de DEX pour effectuer des acrobaties.'),
('esquive-fatale', 'Esquive fatale', 0, 0, '', 'Une fois par combat, le duelliste peut esquiver une attaque qui devait le toucher et s\'arranger pour que celle-ci affecte un autre adversaire à son contact. Comparez le test d\'attaque à la DEF de la nouvelle cible pour savoir si celle-ci subit des DM.'),
('etreinte-de-l-ours', 'Etreinte de l\'ours', 1, 0, 'prest', '\"Une fois par combat, le personnage peut se saisir d\'un adversaire au score de FOR inférieur et l\'écraser entre ses bras puissants. Sur un test d\'attaque au contact réussi, le barbare inflige [2d6 + Mod. de FOR] DM à sa cible (plus son éventuel bonus de rage) et l\'immobilise entre ses bras, causant pour son adversaire une pénalité de -5 en DEF. À son tour, la victime peut tenter de se libérer avec un test de FOR en opposition '),
('eventration', 'Eventration', 0, 0, 'prest', 'Si le rôdeur réussit à toucher et à blesser avec ses deux attaques, il éventre sa cible et bénéficie d\'un bonus de +2d6 DM sur sa deuxième attaque.'),
('exemplaire', 'Exemplaire', 0, 0, '', 'Une fois par tour, le chevalier permet à un allié qui combat le même adversaire que lui de relancer le d20 d\'un test d\'attaque, s\'il s\'agissait d\'un d\'échec.'),
('exosquelette', 'Exosquelette', 0, 0, 'prest', 'Le mécanicien fabrique un exosquelette qui lui permet d\'augmenter son Mod. de FOR et sa DEF de +2. De plus cela lui permet d\'emporter un chargeur à bande : l\'arbalète automatique n\'a plus besoin d\'être rechargée, vous pouvez considérer les munitions illimitées.'),
('exosquelette-superie', 'Exosquelette supérieur', 0, 0, 'prest', 'Le mécanicien améliore son exosquelette, il le dote d\'un jet-pack qui lui permet de voler pendant [1d6 + Mod. d\'INT] tours et de respirer en autonomie (sous l\'eau par exemple) pendant [1d6 + Mod. d\'INT] heures. Après une telle utilisation, l\'exosquelette nécessite dix minutes de maintenance pour pouvoir assurer à nouveau la même fonction. Le Mod. de DEF et de FOR passe à +3.'),
('expert-en-survie', 'Expert en survie', 0, 0, 'prest', 'L\'arquebusier augmente son score de CON de +2 et obtient un bonus de +5 à tous les tests de survie en nature.'),
('expertise', 'Expertise', 0, 0, 'prof', 'Le personnage a atteint un tel niveau de compétence qu\'il mérite vraiment le titre d\'expert en son domaine. Désormais, il lance deux d20 pour chaque test en rapport avec son métier et garde le meilleur résultat. Il lui faut deux fois moins de temps qu\'à un professionnel ordinaire pour obtenir le même résultat lorsqu\'il exerce son métier.'),
('expertise-du-bouclie', 'Expertise du bouclier', 0, 0, 'prest', 'Le personnage augmente sa DEF de +1 lorsqu’il peut utiliser son bouclier. Ce bonus passe à +2 au rang 3 de la Voie et +3 au rang 5.'),
('expertise-du-combat', 'Expertise du combat', 0, 0, 'prest', 'Le personnage fait l’acquisition de deux dés d’expertise (d6) par rang acquis dans la Voie. À tout moment durant le combat, il peut ajouter le résultat d’un seul dé d’expertise au résultat d’un test d’attaque ou à sa DEF contre une seule attaque (même après avoir vu le résultat des dés). Il ne peut pas utiliser plus d’un dé d’expertise par tour et il ne peut pas utiliser de dé d’expertise tant qu’il n’a pas déjà agi une fois durant un combat. Il lui faut 5 minutes de repos ou d’activité modérée (hors combat) pour récupérer tous les dés d’expertise dépensés.'),
('expertise-majeure', 'Expertise majeure', 0, 0, 'prest', 'Désormais, le personnage peut utiliser jusqu’à 3 dés d’expertise par tour, répartis à sa guise, sur une ou plusieurs actions de son choix.'),
('expertise-superieure', 'Expertise supérieure', 0, 0, 'prest', 'Le personnage peut à présent utiliser jusqu’à 2 dés d’expertise à chaque tour de combat, mais pas cumuler les dés sur le même paramètre de combat (pas +2d6 au score d’attaque, par exemple). Désormais, il peut aussi utiliser un dé d’expertise pour l’ajouter aux DM (cela compte dans la limite de deux dés par tour).'),
('explosion-de-cadavre', 'Explosion de cadavre', 0, 0, 'prest', 'Le personnage cible le cadavre d\'une créature (portée 30 m) en utilisant une action de mouvement. Celui-ci explose en infligeant des DM selon sa taille: Petite 1d6 sur 5 m de diamètre, Moyenne 2d6 sur 10 m, Grande 3d6 sur 15 m, Enorme 4d6 sur 20 m, Colossale 5d6 sur 25 m. Une victime peut faire un test de DEX difficulté [10 + Mod. d\'INT] et diviser les DM par 2 en cas de réussite. De plus le nécromancien peut animer un zombie supplémentaire par Rang atteint dans la Voie (voir Animation des morts).'),
('explosion-de-mort-vi', 'Explosion de mort-vivant', 1, 0, 'prest', 'Le personnage fait exploser un zombie ou un squelette qu\'il contrôle. Il n\'a pas besoin de voir la créature et la portée n\'est pas limitée. L\'explosion inflige 3d6 DM pour un zombie et 4d6 DM pour un squelette dans un rayon de 5 m. Une victime peut faire un test de DEX difficulté [10+Mod. d\'INT] et diviser les DM par 2 en cas de réussite. À partir du Rang 5, il peut faire exploser simultanément deux zombies.'),
('explosion-de-pouvoir', 'Explosion de pouvoir', 1, 0, 'prest', 'Le personnage brise son bâton libérant tout son pouvoir en une explosion dévastatrice. Toutes les créatures face à lui dans un secteur de 120° sur une distance de 30 m subissent [5d6+niveau] DM et doivent réussir un test de FOR difficulté 20 ou tomber au sol. Un échec de 10 points ou plus signifie de surcroît que la créature est assommée pour 1d6 minutes. Le personnage subit lui-même 2d6 DM et doit réussir un test de FOR difficulté 10 ou être renversé au sol. Il lui faut une semaine complète pour créer et enchanter un nouveau bâton.'),
('explosion-finale', 'Explosion finale', 1, 0, 'creat', 'Lorsqu’elle trépasse, la créature explose violemment en infligeant [NC] d6 DM de feu dans un rayon qui dépend de sa taille. Petite'),
('exsangue', 'Exsangue', 0, 0, '', 'Lorsque le nécromant tombe à 0 PV, il peut continuer à agir mais avec un malus de -2 à tous ses tests. Une nouvelle attaque réussie infligeant au moins 1 point de DM finira par l\'achever !'),
('extinction', 'Extinction', 0, 0, 'epic', 'Ce sort tue instantanément [2d6 + Mod. de magie] (INT, SAG ou CHA) créatures de NC inférieur ou égal à 3. Le sort peut affecter n\'importe quelle créature dans un rayon de 10 m autour du personnage, toutefois les cibles avec un score d\'INT supérieur à 14 y sont immunisées. Cette capacité épique peut être choisie une seconde fois à partir du niveau 18, le NC des créatures affectées passe alors à 7.'),
('familier', 'Familier ', 0, 0, '', 'Le personnage choisit un petit animal (corbeau, chat, furet, serpent…). Il peut utiliser les sens de son familier et communiquer avec lui à distance illimitée. Il gagne +2 en Initiative lorsque son familier est en vue.\nFamilier :\nFOR -4, DEX +3, CON 0\nINT -2, SAG +1, CHA -2\nDEF [= personnage], Init. [= personnage], PV [il les partage avec ceux de son maître], ils forment une cible unique pour les attaques de zone.\nLorsque le familier subit des DM, le personnage peut choisir de ne pas les subir, dans ce cas, le familier est détruit et il ne pourra pas à nouveau être convoqué avant 24 heures.'),
('familier-fantastique', 'Familier fantastique', 0, 0, 'prest', 'Le personnage fait l\'acquisition d\'un familier fantastique. Ce peut être une créature nouvelle (pseudo-dragon, lézard voltaïque, fée, etc.) ou une évolution d\'un familier classique (chat ailé, rat mort-vivant, etc.). Le familier fantastique suit toutes les règles du familier normal telles que décrites dans la Voie du Familier.'),
('familier-mecanique', 'Familier mécanique', 0, 0, 'prest', 'Le forgesort fabrique un familier mécanique (chouette, chat, etc.). Il peut utiliser les sens de son familier et communiquer avec lui à distance illimitée. Il gagne +2 en Init lorsque son familier est en vue. Si le familier tombe à 0 PV, il est hors fonction, mais le forgesort peut le réparer au rythme de 1d6 PV par heure. Familier mécanique : Créature non-vivante, Init [personnage], DEF 15, PV [2 x niveau], RD [2 x Rang acquis]. FOR -4, DEX +3, CON +5, INT -2, SAG +0, CHA -2'),
('fauchage', 'Fauchage', 0, 0, 'creat', 'Sur 15 à 20 au test d’attaque, si l’attaque est réussie, la victime doit réussir au choix un test de FOR ou de DEX difficulté [10+Mod. de FOR de la créature] ou être Renversée. La créature retranche 3 à tous les DM subis (RD 3).'),
('feindre-la-mort', 'Feindre la mort', 0, 0, '', 'Une fois par combat, le voleur peut feindre la mort après avoir reçu une blessure (même à 0 PV). Il peut ainsi passer pour mort aussi longtemps qu\'il le souhaite et un test d\'INT difficulté 20 est nécessaire pour révéler la supercherie. Lorsqu\'il décide de se relever, le voleur gagne +1d6 PV et il obtient une action de mouvement supplémentaire en plus des actions normales autorisées à son tour.'),
('feinte', 'Feinte', 1, 0, '', 'Le barde effectue une attaque fictive pour déséquilibrer son adversaire et réaliser ensuite une attaque mortelle. Faites un test d\'attaque normal à ce tour mais n\'infligez aucun dégât. Au tour suivant, si vous attaquez le même adversaire, vous profiterez d\'un bonus de +5 en attaque et, si votre feinte était réussie, de +2d6 aux DM.'),
('ferocite', 'Férocité', 1, 0, 'prest', 'L\'ensorceleur voit ses muscles se développer de façon spectaculaire pendant [1d6 + Mod. de CHA] tours tandis que d\'énormes griffes poussent subitement au bout de ses doigts. Pendant toute la durée de la transformation, il ne peut plus lancer de sort. Par contre, son score de FOR passe à 18 (+4) et il obtient une attaque de contact de griffes infligeant [1d6+4] DM.'),
('feu', 'Feu', 0, 0, 'prest', 'Le druide devient immunisé aux DM de feu et il ne reçoit plus que la moitié des DM de froid.'),
('feu-gregeois', 'Feu grégeois', 0, 0, '', 'Le forgesort lance la fiole à une distance maximum de 10 m, grâce à une action d\'attaque (réussite automatique). Le contenu explose dans un rayon de 3 m en infligeant 1d6 DM par Rang dans la Voie. Un test de DEX difficulté [10 + Mod. d\'INT] réussi permet aux victimes de diviser les DM par 2.'),
('feu-nourri', 'Feu nourri', 0, 0, '', 'Lorsqu\'il utilise le Tir de barrage, l\'arquebusier peut affecter jusqu\'à [1 + Mod. de DEX] cibles différentes dans le même tour. Toutes les cibles doivent être dans une zone frontale de 20 mètres de large au maximum. Chaque cible donne lieu à un test d\'attaque à distance indépendant.'),
('fidele', 'Fidèle', 0, 0, 'prest', 'Le personnage choisit une arme et se lie avec l’objet par un rituel informel qui nécessite 2d6 jours. Désormais, lorsqu’il tient cette arme en main, il ne peut plus être désarmé et l’arme ne peut plus être brisée. L’arme est considérée comme magique et elle octroie au PJ un bonus de +1 en attaque. Une fois par niveau, le personnage peut créer un lien avec une nouvelle arme en 2d6 jours, mais le lien qui le liait à la précédente disparaît.'),
('fidele-monture', 'Fidèle monture', 0, 0, '', 'Le chevalier possède un puissant destrier. C\'est un cheval de guerre bien dressé qui comprend les ordres simples. À cheval, il peut ajouter un déplacement de 10 m avant ou après une action normale (par exemple faire 10 m et une action limitée).Destrier : Init 13, DEF 14, PV 20, FOR +3, DEX +2, CON +3, INT -3, SAG 0, CHA -2'),
('fils-des-glaces', 'Fils des Glaces', 1, 0, 'prest', 'Vous divisez par 2 tous les DM de Froid subis par le personnage pour le reste du combat (10 tours hors combat).'),
('fleche-chercheuse', 'Flèche chercheuse', 1, 0, 'prest', 'Une fois par jour, le rôdeur peut enchanter une flèche afin qu\'elle trouve sa cible de façon infaillible. Pour utiliser ce pouvoir, le rôdeur doit avoir blessé ou vu directement la créature ciblée il y a moins de 10 tours. Il tire ensuite sa flèche en l\'air et celle-ci voyage aussi loin que nécessaire (y compris à travers les plans) pour trouver sa cible. L\'archer arcanique fait un test d\'attaque normal et obtient un bonus de +2d6 aux DM.'),
('fleche-de-mort', 'Flèche de mort', 1, 0, '', 'Le rôdeur lance deux d20 pour son attaque et conserve le meilleur résultat. Les DM de la flèche sont doublés.'),
('fleche-enflammee', 'Flèche enflammée', 1, 1, '', 'Le magicien choisit une cible située à moins de 30 mètres. Si son attaque magique réussit, la cible encaisse [1d6 + Mod. d\'INT] DM et la flèche enflamme ses vêtements. Chaque tour de combat suivant, le feu inflige 1d6 DM supplémentaires. Sur un résultat de 1 à 3, les flammes s\'éteignent et le sort prend fin.'),
('fleche-intangible', 'Flèche intangible', 1, 0, 'prest', 'Le rôdeur enchante sa flèche pour lui permettre de passer au travers des obstacles physiques. Le joueur réalise un test d\'attaque normal mais remplace la DEF par le score de DEX de la cible pour fixer sa Difficulté. De surcroit, il ignore toutes les pénalités de couverture. S\'il sait précisément où se situe sa cible, il peut même tirer à travers un mur ou une porte.'),
('fleche-magique', 'Flèche magique', 0, 0, 'prest', 'Le rôdeur enchante ses flèches. S\'il obtient un résultat de 1 sur son dé de DM, il relance le dé et garde le second résultat. Les DM de ses flèches sont considérés comme magiques.'),
('fleche-sanglante', 'Flèche sanglante', 1, 0, 'race', 'L\'elfe fait une attaque à distance qui provoque une hémorragie. En plus des DM normaux, la flèche produit un effet de saignement qui inflige à la victime +1d6 DM à chaque tour suivant jusqu\'à ce que la cible réussisse un test de CON difficulté [12 + Mod. de DEX] ou qu\'elle soit soignée. On ne peut cumuler plusieurs effets de saignement.'),
('fleche-tueuse', 'Flèche tueuse', 0, 0, 'prest', 'Le rôdeur fabrique et enchante une flèche particulière pour un ennemi unique qu\'il nomme. Il lui faut une journée complète pour créer la flèche et il ne peut en posséder plus d\'une à un moment donné (ni pour la même cible, ni pour une autre). Lorsqu\'il utilise sa flèche contre l\'ennemi pour lequel elle a été créée, il obtient un bonus de +5 à l\'attaque et de +1d6 aux DM par Rang atteint dans la Voie. Si la flèche a été créée depuis plus d\'un an, ces bonus sont doublés.'),
('fleche-vivante', 'Flèche vivante', 0, 0, 'prest', 'Le rôdeur enchante ses flèches pour leur donner vie au contact du sang. Plantées dans un corps, elles s\'y enfoncent et prennent racines. Lorsque l\'archer arcanique obtient un critique, en plus de doubler les DM, la flèche inflige 3d6 DM supplémentaires et se transforme en arbuste à la mort de la victime.'),
('flot-de-sang', 'Flot de sang', 0, 0, 'prest', 'L’effet de saignement de la capacité de blessure sanglante dure à présent 2 tours.'),
('flou', 'Flou', 1, 1, '', 'Pendant [1d4 + Mod. d\'INT] tours, le corps du magicien devient flou et tous les DM des attaques de contact ou à distance qu\'il encaisse sont divisés par 2.'),
('force-d-ame', 'Force d\'âme', 0, 0, 'race', 'L\'elfe est immunisé à la peur et au sommeil magique. Il obtient un bonus de +5 en DEF contre les attaques magiques et à tous les tests de SAG destinés à résister à la magie.'),
('force-de-la-nature', 'Force de la nature', 0, 0, 'race', 'Le demi-orc gagne un bonus de +5 à tous les tests de FOR et ajoute son [Mod. de FOR] à son score total de PV.'),
('force-du-titan', 'Force du titan', 0, 0, 'prest', 'Le personnage augmente sa valeur de FOR de +1 par rang atteint dans la Voie.'),
('force-du-verbe', 'Force du verbe', 0, 0, 'epic', 'Une fois par jour, par une action limitée, le personnage peut obtenir la capitulation ou la fuite de forces hostiles en réussissant un test de CHA difficulté [10+NC de la plus puissante créature présente]. Une fois par combat, si au moins la moitié des forces adverses sont vaincues, le personnage peut prendre la parole pour mettre un terme à la bataille en réussissant un test similaire.'),
('force-elementaire', 'Force élémentaire', 0, 0, 'prest', 'Le lien puissant qui unit le maître et son arme confère à cette dernière un bonus de +1d6 aux DM. Si le personnage le souhaite, ces dégâts supplémentaires peuvent prendre la forme de feu, d’acide, de froid ou d’électricité. L’élément choisi reste toujours le même.'),
('force-heroique', 'FORce héroïque', 0, 0, '', 'Le personnage augmente sa valeur de Force de +2 et il peut désormais lancer deux d20 à chaque fois qu\'un test de FOR lui est demandé et conserver le meilleur résultat. '),
('foret-vivante', 'Forêt vivante', 1, 1, '', 'La forêt s\'éveille dans un rayon d\'1 km par Rang et devient une alliée du druide pendant les 12 prochaines heures. Dans ce périmètre, les ennemis du druide sont désorientés et gênés par les branches et les racines. Ils divisent leur déplacement par deux et subissent une pénalité de -5 en Initiative et à tous les tests de survie, d\'orientation, de perception ou de discrétion. Si deux druides essayent d\'influencer la forêt, c\'est celui dont le niveau est le plus élevé qui l\'emporte.'),
('forge-dans-la-batail', 'Forgé dans la bataille', 1, 0, 'race', 'Une fois par combat, l’âme-forgée peut totalement ignorer les dégâts subis par une attaque.'),
('forgeron', 'Forgeron', 0, 0, '', 'Le forgesort obtient un bonus de +2 par Rang dans la Voie aux tests d\'orfèvrerie ou de forge. Au prix d\'une action de mouvement, il peut enflammer son marteau ou son bâton pour une durée de [5 + Mod. d\'INT] tours et gagne alors un bonus aux DM de +1 par Rang dans la Voie avec cette arme (DM de feu).'),
('formation-d-elite', 'Formation d\'élite', 0, 0, '', 'Le chevalier possède les moyens et la culture nécessaire pour obtenir une formation dans n\'importe quel domaine qui lui sied. Choisissez une capacité de Rang 1 à 3 dans n\'importe quel profil issu de la famille des combattants ou des voyageurs.'),
('forme-animale', 'Forme animale', 1, 1, '', 'Le druide peut prendre la forme d\'un animal d\'une taille inférieure ou égale à la sienne. Il conserve sa DEF et ses PV, il acquiert les Carac. et les capacités naturelles de la forme choisie (le vol pour un oiseau, la respiration aquatique pour le poisson, etc.). Le druide peut reprendre sa forme humaine lorsqu\'il le désire (action limitée).'),
('forme-animale-enorme', 'Forme animale énorme', 0, 0, 'prest', 'Le druide peut prendre la forme d\'un animal géant de taille Enorme (éléphant). Il conserve sa DEF et ses PV, il acquiert les Caracs. et les capacités naturelles de la forme choisie. Le druide peut reprendre sa forme humaine lorsqu\'il le désire mais cela lui coûte une action limitée. '),
('forme-animale-superi', 'Forme animale supérieure', 1, 0, 'prest', 'Le druide peut prendre la forme d\'un animal de taille moyenne. Il conserve ses PV, mais il acquiert les Caracs. , la DEF, les attaques et les capacités naturelles de la forme choisie. Le druide peut reprendre sa forme humaine lorsqu\'il le désire mais cela lui coûte une action limitée.'),
('forme-d-ange', 'Forme d\'Ange', 1, 0, 'prest', 'Le prêtre prend la forme d\'un ange pour [5 + Mod. SAG] tours. Lorsqu\'il est en forme d\'ange, le prêtre bénéficie automatiquement du sort Ailes célestes pour la même durée. Toutefois, il n\'a plus besoin d\'utiliser une action de mouvement pour rester en vol stationnaire ce qui lui permet de lancer ses sorts en volant.'),
('forme-d-arbre', 'Forme d\'arbre', 1, 1, '', 'Une fois par combat, le druide peut se transformer en arbre de petite taille (environ 4 m de hauteur) pendant [5 + Mod. de SAG] tours. Il prend les mêmes caractéristiques que l\'arbre animé, mais conserve ses propres PV. Sous cette forme, il ne peut pas parler mais peut utiliser les sorts des Voies du protecteur et des végétaux.'),
('forme-d-archange', 'Forme d\'Archange', 1, 0, 'prest', 'Cette capacité remplace Forme d\'Ange. Sous cette forme, le prêtre peut désormais relancer les résultats de 1 ou 2 sur les dés de soins (mais il devra se plier au second résultat) et il obtient une réduction des DM de 5 points contre les attaques des mort-vivants et des créatures démoniques.'),
('forme-de-serpent', 'Forme de serpent', 1, 0, 'race', 'Le personnage peut prendre la forme d\'un serpent de 4 m pour 80kg. Il conserve ses PV et son INT. Serpent : DEF 15, Init 15, Morsure [niveau+3], DM 1d6+3 + poison (cf Rang 4), FOR +3*, DEX +0, CON +3, SAG +1*, CHA -4 Etreinte : A chaque attaque réussie, le serpent peut s\'enrouler autour de sa victime en réussissant un test de FOR opposé à la FOR ou la DEX de celle-ci. Il inflige alors +1d6 DM par tour et la victime est Immobilisée. Elle doit réussir un test de FOR difficulté 18 pour se libérer (action de mouvement).'),
('forme-elementaire', 'Forme élémentaire', 0, 0, 'prest', 'Le druide peut se transformer en chacun des différents éléments une fois par jour pendant [5 + Mod. de SAG] minutes. Chaque forme élémentaire lui octroie une RD 5 et les capacités suivantes. Feu : +2d6 DM de feu aux attaques au contact, 1d6 DM à l\'adversaire pour chaque attaque réussie dont il est la cible. Eau : 3 PV guéris par tour et déformation du corps pour passer dans le moindre interstice. Terre : +6 en FOR (+3 en attaque, DM et tests) et en DEF. Air : Vol (30 m par action de mouvement) et DM physiques reçus ou infligés divisés par 2 (appliquez la RD 5 ensuite).'),
('forme-etheree', 'Forme éthérée', 1, 1, '', 'L\'ensorceleur et tout son équipement deviennent translucides et intangibles pendant [5 + Mod. de CHA] tours. Sous cette forme, il peut passer à travers murs et obstacles et ne peut subir aucun DM physique.'),
('forme-gazeuse', 'Forme gazeuse', 1, 1, '', 'Le magicien prend la consistance d\'un gaz. Il se déplace au ras du sol (s\'il chute, il le fait au ralenti) à une vitesse de 10 m par tour. Il peut s\'introduire par les plus petits interstices (comme sous une porte) mais ne peut utiliser aucune capacité sous cette forme. Il ne subit pas non plus de DM, à l\'exception des sorts de zone occasionnant des DM (comme Boule de feu). Le sort a une durée de 10 minutes.'),
('forme-hybride', 'Forme hybride', 1, 0, 'race', 'Le personnage adopte une forme mi-félin, mi-humanoïde sans aucune restriction de temps. Reprendre sa forme normale est aussi une action limitée. Sous cette forme, il obtient un bonus de +2 au Mod. de DEX (Init +4, DEF +1) et +1 au Mod. de FOR (Att et DM +1). A chaque tour, il peut attaquer avec une arme et avec ses griffes ou crocs (action limitée). Il ne peut parler qu\'avec grande difficulté et subit un malus de -5 aux tests de CHA, mais un bonus de +3 aux tentatives d\'intimidation.'),
('fortifiant', 'Fortifiant', 0, 0, '', 'Le forgesort peut préparer un breuvage étrange qui guérit [1d4 + Rang] PV et permet de gagner un bonus de +3 aux [Rang +1] prochains tests effectués (dans une limite de temps de 12 heures).'),
('foudre', 'Foudre', 1, 1, '', 'L\'ensorceleur produit un éclair sur une ligne de 10 m. Toutes les créatures sur la trajectoire sont soumises à un test d\'attaque magique et subissent [4d6 + Mod. de CHA] DM en cas de réussite. Les victimes peuvent tenter un test de DEX difficulté [12 + Mod. de DEX] pour ne subir que la moitié des DM.'),
('foudres-divines', 'Foudres divines', 1, 1, '', 'La foudre frappe toutes les créatures désignées dans un rayon de 10 mètres autour du prêtre et leur inflige [1d6 + Mod. de SAG] de DM. Le prêtre compare son test d\'attaque magique à la DEF de chaque cible.'),
('fourrure-d-acier', 'Fourrure d\'acier', 0, 0, 'prest', 'Les poils de la fourrure du lycanthrope se durcissent tandis que ses os se solidifient pour finir aussi solide que de l\'acier. Le rôdeur gagne un bonus de +3 en DEF et une RD 3 tant qu\'il est transformé en lycanthrope. Cette protection ne s\'applique pas contre les attaques provenant d\'armes en argent.'),
('frappe-chirurgicale', 'Frappe chirurgicale', 0, 0, '', 'Par sa science de l\'escrime (et de la fourberie), le voleur augmente de manière permanente ses chances de faire des coups critiques. Il retranche désormais son Mod. d\'INT au score nécessaire pour obtenir un critique en attaque au contact.'),
('frappe-de-l-enclume', 'Frappe de l\'enclume', 1, 0, 'prest', 'Le moine se concentre pendant 1d4 tours pendant lesquels il ne peut ni attaquer ni se déplacer mais bénéficie d\'une réduction des DM de 5 points. Au tour suivant, en utilisant une action limitée, il peut réaliser une attaque dévastatrice : il bénéficie d\'un bonus de +10 en attaque et il triple ses DM. S\'il cesse sa concentration prématurément, le moine ne profite d\'aucun bénéfice.'),
('frappe-des-arcanes', 'Frappe des arcanes', 1, 1, '', 'Le forgesort frappe le sol de son bâton et provoque une onde dévastatrice dans un rayon de 10 m autour de lui. Toutes les créatures dans la zone subissent automatiquement [2d6 + Mod. d\'INT] DM et doivent réussir un test de FOR difficulté [10 + Mod. d\'INT] pour ne pas tomber au sol.'),
('frappe-du-vide', 'Frappe du vide', 0, 0, '', 'Le seigneur sait porter une attaque en dégainant son arme du fourreau ou à l’instant\noù il la saisit. Cela surprend généralement son adversaire. Sur sa première attaque au contact lors d’un combat, si son sabre était au fourreau, il obtient un bonus de +2 en attaque et +1d6 aux DM. De plus, il dégaine en action gratuite.'),
('frappe-lourde', 'Frappe lourde', 1, 0, '', 'Le chevalier effectue une attaque au contact avec 1d12 au lieu du d20 (en ajoutant normalement son score d\'attaque). Si l\'attaque est réussie, il ajoute +2d6 aux DM. Il ignore la moitié de la réduction des DM de la créature (RD), si elle possède cette capacité.'),
('frappe-preventive', 'Frappe préventive', 1, 0, 'prest', 'En plus d\'infliger des DM normaux, cette attaque oblige la cible à faire un test d\'INT difficulté 15. En cas d\'échec, elle ne peut utiliser aucun pouvoir magique ou extraordinaire à son prochain tour.'),
('frenesie', 'Frénésie', 1, 0, 'race', 'Après avoir reçu une blessure, le minotaure peut entrer en frénésie (action gratuite), il gagne un bonus de +2 en attaque au contact et aux DM, mais subit un malus de -2 en DEF pour 1d6 tours. Ces bonus/ malus ne sont pas cumulables à la rage du barbare.'),
('fureur-drakonide', 'Fureur drakonide', 0, 0, 'race', 'Lorsqu\'un adversaire lui inflige une réussite critique en attaque ou lorsqu\'il passe sous la moitié de son score de PV maximum, le drakonide obtient un bonus de +1 en attaque et aux DM.'),
('fureur-du-dragon', 'Fureur du dragon', 1, 0, '', 'Une fois par combat, le moine peut effectuer une attaque tournoyante qui inflige automatiquement [2d6+ Mod. de FOR] DM à tous les adversaires au contact et oblige ceux-ci à réussir un test de FOR difficulté 10 pour ne pas tomber au sol.'),
('furie-bestiale', 'Furie bestiale', 0, 0, 'prest', 'Le rôdeur gagne la capacité Rage du berserk de la Voie de la rage du barbare. Il ne peut pas annuler sa transformation lycanthropique tant qu\'il est sous l\'influence de la Furie bestiale.'),
('furie-du-berserk', 'Furie du berserk', 0, 0, '', 'Au lieu de la Rage du berserk, le barbare peut entrer s\'il le souhaite en Furie du berserk, qui lui donne +3 en attaque et +2d6 aux DM pour une pénalité en DEF de -6. La difficulté du test de SAG pour sortir prématurément de cet état passe à 16.'),
('galop', 'Galop', 0, 0, 'race', 'Le centaure se déplace de 30 mètres par action de mouvement lorsqu’il est dans un espace suffisamment dégagé.'),
('garde-du-corps', 'Garde du corps', 0, 0, 'prof', 'Tant de richesse finit par attirer la convoitise et le nanti doit à présent être protégé par un garde. Celui-ci lui offre un bonus de +3 en DEF lorsqu\'il est au contact. Une fois par tour, il peut faire échouer une attaque qui vise le nanti en réussissant un test d\'attaque opposé à celui de l\'agresseur. Si le garde vient à mourir, il est possible d\'en engager un nouveau en dépensant 500 pa ou lors du passage au niveau suivant. Garde : Init [personnage] DEF 16, PV [niveau x6], Attaque [niveau], DM 1d8+2, FOR +2, DEX +0, CON +2, INT +0, SAG +0, CHA +0'),
('gardes-d-elite', 'Gardes d\'élite', 0, 0, 'epic', 'Le personnage possède une garde rapprochée (élémentaires, tueurs prêts à surgir des ombres ou troupe de chevaliers) qui le suit et peut intervenir une fois par jour pour le protéger. Les gardes infligent automatiquement 2d6 DM par tour à chaque créature qui attaque le personnage. Lorsqu\'il est la cible d\'une attaque à distance ou au contact réussie, lancez 1d6, sur un résultat de 1 à 3, les gardes l\'interceptent. Dans ce cas, lancez les DM et comptabilisez les à part. Après avoir intercepté plus de [10 x niveau] DM, les gardes sont mis hors de combat et ne sont plus d\'aucune utilité avant le lendemain.'),
('garou', 'Garou', 1, 0, 'race', 'Le personnage se transforme maintenant en forme hybride loup-garou sans aucune restriction de temps. Sous cette forme il a les capacités suivantes : bonus de +1 au Mod. de DEX (Init +2, DEF +1) et +2 au Mod. de FOR (Att et DM +2). A chaque tour, il peut attaquer avec une arme et faire une attaque de griffes ou de crocs (action limitée). Sous cette forme, le personnage ne peut parler qu\'avec grande difficulté, il subit un malus de -10 à tous les tests de CHA, mais un bonus de +5 pour les tentatives d\'intimidation.'),
('gibier-royal', 'Gibier royal', 0, 0, 'prest', 'Le chevalier met un point d\'honneur à traquer et tuer les créatures les plus dangereuses. Il gagne un bonus de +1d6 aux DM à ses attaques contre les prédateurs (ours, lion, prédateurs fantastiques comme les animaux préhistoriques) et gagne +2d6 aux DM du gibier le plus noble qui soit : les dragons !'),
('gland-de-pouvoir', 'Gland de pouvoir', 1, 1, '', 'Une fois par combat, le druide peut lancer un gland sur une cible (portée 10 m). En cas d\'attaque magique réussie, la victime se transforme en statue de bois pendant [2d6 + Mod. de SAG] tours. Sous cette forme elle ne peut agir et ne ressent rien. Sa DEF passe à 10 mais elle gagne une réduction des DM de 10. Le sort s\'achève dès que la cible perd plus de 10 PV.'),
('gober', 'Gober', 0, 0, 'creat', 'Lorsqu’elle utilise sa capacité Dévorer, la créature peut avaler toute entière une cible d’au moins une taille en dessous de la sienne. La victime doit faire un test de FOR opposé, en cas d’échec elle passe directement dans l’estomac du monstre. Un personnage avalé subit 3d6 DM d’asphyxie et d’acide chaque tour. Il peut attaquer avec une arme pas plus grande qu’une dague en réussissant un test de FOR difficulté 15 à chaque tour. L’attaque se fait avec une pénalité de -5 en attaque et les DM sont divisés par deux.'),
('golem', 'Golem', 0, 0, '', 'Le golem est une créature humanoïde fabriquée par le forgesort pour lui servir de serviteur et de garde du corps. Le forgesort peut réparer le golem au rythme de [1d6 par Rang + Mod. d\'INT] PV par heure. Golem : Créature non-vivante, Init [forgesort], DEF 14, PV [4 x niveau], Attaque [niveau + Mod. de FOR], DM 1d8+1, FOR +1, DEX -1, CON +10, INT -4, SAG -3, CHA -4'),
('golem-de-chair', 'Golem de chair', 0, 0, 'prest', 'Le nécromancien fabrique un golem de chair qui agit en tant que garde du corps et lui obéit au doigt et à l\'oeil. Il n\'est pas doué de parole. Le nécromancien peut réparer son golem s\'il dispose de corps frais au rythme d\'1d6 PV par heure. C\'est une créature non-vivante dépourvue d\'esprit et immunisée à toute magie qui affecte la volonté ou les émotions. Golem de chair : Init [personnage], DEF 16, PV [4 x niveau], Attaque [niveau + Mod. de FOR], Poings 1d6+3 DM, FOR +3, DEX -1, CON +10, INT -4, SAG -3, CHA -4'),
('golem-superieur', 'Golem supérieur', 0, 0, '', 'Le forgesort peut améliorer son golem en choisissant une option parmi les suivantes. Armure : +5 en DEF '),
('grace-elfique', 'Grâce elfique (haut)', 0, 0, 'race', 'L\'elfe gagne +5 à tous les tests de CHA et de déplacement silencieux.'),
('grace-elfique-sylve', 'Grâce elfique (sylvain)', 0, 0, 'race', 'L\'elfe gagne un bonus de +5 en Initiative et à tous les tests de DEX.'),
('grace-feline', 'Grâce féline', 0, 0, '', 'Le barde ajoute son Mod. de CHA en DEF et en Initiative (en plus du Mod. habituel de DEX).'),
('grand-felin', 'Grand félin', 0, 0, '', 'La panthère devient un animal fabuleux, ou est remplacée par un félin plus grand (tigre, lion). Lorsque le druide atteint le niveau 8, les DM passent à 2d6+5. Au niveau 12, le félin peut utiliser Attaque bondissante. Le druide peut également communiquer avec son félin par télépathie, et le guérir à distance en dépensant ses propres PV (-1 PV au druide par PV octroyé au félin). Félin fabuleux : DEF 18, DM 1d6+5, FOR +5, DEX +4*, CON +5, INT -3, SAG +2*, CHA -2'),
('grand-pas', 'Grand pas', 0, 0, '', 'Le rôdeur augmente tous ses déplacements de 10 m. Il n\'est pas gêné par les terrains accidentés et obtient +5 aux tests de natation et d\'escalade.'),
('grand-worg', 'Grand worg', 0, 0, 'race', 'Le worg devient plus grand et puissant. Désormais, lorsqu’il est en selle, le gobelin peut faire attaquer son worg une fois par tour en action gratuite, à la même initiative que lui. Grand worg'),
('grande-forme-animale', 'Grande forme animale', 0, 0, 'prest', 'Le druide peut prendre la forme d\'un animal de taille grande (ours, tigre, etc.). Il conserve sa DEF et ses PV, il acquiert les Caracs. et les capacités naturelles de la forme choisie. Le druide peut reprendre sa forme humaine lorsqu\'il le désire mais cela lui coûte une action limitée.'),
('grande-taille', 'Grande taille', 1, 0, 'race', 'Le lutin ou la fée est capable de prendre une taille humaine pendant [1d6 + Mod. de CHA] minutes trois fois par jour. Sous cette forme, il obtient un bonus de +2 au Mod. de FOR (et donc en attaque et aux DM) et il peut infliger des DM normalement selon l’arme utilisée.'),
('grande-taille-demi-o', 'Grande taille (demi-ogre)', 1, 0, 'race', 'Être une armoire à glace ne comporte pas que des avantages, le demi-ogre se sent bien souvent à l’étroit. Dans la plupart des constructions à taille humaine, il reçoit un malus de -1 à tous les tests physiques (FOR & DEX) et en attaque. Dans les espaces exigus (escalier en colimaçon, tunnels de gobs, etc.), il reçoit un malus égal à son Mod. de FOR et il ne peut pas utiliser d’arme à 2 mains.'),
('grande-taille-minota', 'Grande taille (minotaure)', 1, 0, 'race', 'Être une armoire à glace ne comporte pas que des avantages, le minotaure se sent bien souvent à l’étroit. Dans la plupart des constructions à taille humaine, le minotaure reçoit un malus de -1 à tous les tests physiques (FOR & DEX), en attaque et en DEF. Dans les espaces exigus (un mètre cinquante ou moins de large ou de haut), il reçoit un malus égal à son Mod. de FOR et il ne peut pas utiliser d’arme à 2 mains.'),
('gri-gri', 'Gri-gri', 1, 0, 'prest', 'Le nécromancien utilise un petit fétiche (crâne d\'oiseau, petite pierre, statuette) sur lequel il fait couler un peu de son sang afin de lui conférer du pouvoir. Ce rituel se traduit par le sacrifice de 1 PV. Le fétiche permet ensuite à son porteur de relancer un d20 au moment de son choix. Le gri-gri perd son pouvoir au bout de 12 heures. En rendant la perte du PV permanente, le gri-gri permet de relancer un d20 tous les jours. S\'il est détruit, le nécromancien récupère son PV. Il peut créer ainsi plusieurs gris-gris.'),
('griffes-du-tigre', 'Griffes du tigre', 0, 0, '', 'Les DM des attaques à mains nues du moine sont désormais des jets sans limite : s\'il obtient les DM maximums sur son dé, le joueur le relance et ajoute le nouveau résultat à ses DM. Tant que le dé donne le meilleur résultat possible, il est relancé et son score comptabilisé. Les dés en bonus (Puissance du Ki par exemple) ne sont jamais relancés, seulement ceux des DM à mains nues.'),
('grimoires', 'Grimoires', 0, 0, 'prest', 'Le personnage peut créer des grimoires. Il peut y inscrire un nombre de Rangs de sort maximum égal à son niveau pour un coût de 50 po et au prix d\'une semaine de travail par Rang. S\'il ne connaît pas lui-même un des sorts à inscrire, il doit se faire aider par un personnage qui sait le lancer. À la fin du processus, il doit réussir un test d\'INT difficulté [10 + 2 x Rang du sort le plus puissant inscrit]. En cas de succès, le forgesort doit insuffler un peu d\'énergie vitale dans l\'objet : il sacrifie à cette fin 1 PV qu\'il perd définitivement.'),
('gros-calibre', 'Gros calibre', 1, 0, 'prest', 'L\'arquebusier a mis au point une variante de très gros calibre du mousquet qui inflige 3d6 DM et nécessite une action limitée pour tirer. Si l\'arquebusier n\'a pas au moins 12 en FOR, il subit un malus de -2 en attaque avec cette arme.'),
('gros-monstre-grosse-', 'Gros monstre, grosse arme', 0, 0, 'prest', 'Contre les créatures de taille grande et supérieure, les DM de l’arme à deux mains passent de 2d6 à 2d8 (de 1d10 à 2d6).'),
('grosse-tete', 'Grosse tête', 0, 0, '', 'Le forgesort remplace la force brutale par un peu de réflexion. Il peut effectuer un test d\'INT au lieu d\'un test de FOR (exemple : il utilise un levier pour déplacer une lourde charge). Il obtient un bonus de +2 par Rang dans la Voie à tous les tests de bricolage ou de science.'),
('guerir', 'Guérir', 1, 0, 'creat', 'Ce pouvoir annule tous les effets préjudiciables, pénalités, poisons, maladies auquel était soumise la cible. Portée'),
('guerison', 'Guérison', 1, 1, '', 'Une fois par jour, le prêtre peut toucher une cible, qui récupère alors tous ses PV perdus et se trouve guérie des poisons, maladies et affaiblissements de caractéristiques.'),
('guerrier-ne', 'Guerrier né', 0, 0, 'race', 'Le personnage obtient un bonus de +5 à tous les tests destinés à impressionner ou intimider, ainsi que pour les tests de connaissance des anciennes traditions.'),
('guetteur', 'Guetteur', 0, 0, '', 'Le druide reçoit un oiseau de proie comme compagnon animal. Il possède un lien télépathique avec lui et peut percevoir par ses sens avec un bonus de +5 aux tests basés sur la perception. Aigle : DEF 15, PV [partagés]. Attaque [Attaque Magique], DM 1d4+1'),
('haches-et-marteaux', 'Haches et marteaux', 0, 0, 'race', 'Le nain gagne un bonus de +1 en attaque et aux DM lorsqu\'il utilise une hache ou un marteau de guerre. Il sait utiliser ces armes quel que soit son profil.'),
('harcelement', 'Harcèlement', 1, 0, 'prest', 'La meute harcèle une créature et essaie de l\'obliger à se déplacer tout en restant hors de porté des attaques de celle-ci. Avec cette tactique la meute gagne +2 en DEF par Rang dans la Voie et le joueur défini une direction dans laquelle la meute pousse la créature ciblée. Si la cible suit cette direction d\'au moins 10 mètres par tour, elle ne subit que la moitié des DM de la meute en cas d\'attaque réussie. Si elle s\'y refuse, elle subit des DM normaux.'),
('hate', 'Hâte', 1, 1, '', 'Pendant [1d6 + Mod. d\'INT] tours, le magicien voit son métabolisme s\'accélérer. Il obtient une action supplémentaire par tour : soit une attaque normale, soit une action de mouvement. En revanche, le magicien ne peut toujours accomplir qu\'une seule action limitée par tour.'),
('hausser-le-ton', 'Hausser le ton', 1, 0, 'creat', 'Lorsqu’il passe sous la moitié de ses PV maximum, le champion gagne un bonus de +5 à ses tests d’attaque et +1d6 aux DM et il réduit tous les DM subits de 5 points par attaque (RD 5).'),
('haut-fait', 'Haut fait', 0, 0, 'epic', 'Une fois par aventure, le personnage obtient la possibilité d\'effectuer une action d\'éclat incroyable en rapport avec son profil : décapiter l\'ennemi le plus puissant du scénario, tuer un dieu, invoquer un sort qui protège une nation entière ou anéantit toute une armée, etc. Le MJ peut décider si le moment est opportun ou pas et repousser les effets à une scène ultérieure si cela est vital au bon déroulement de la campagne. En règle générale, un PNJ majeur ne pourra pas être défait par cette capacité avant d\'avoir été réduit à au moins la moitié de ses PV.'),
('hemorragie', 'Hémorragie', 1, 1, '', 'Si le nécromancien réussit un test d\'attaque magique (portée 10 m), la victime saigne à la moindre blessure. Tous les DM des armes blanches infligées à la cible augmentent de 1d6 pendant [5 + Mod. d\'INT] tours.'),
('heraldique', 'Héraldique', 0, 0, 'prest', 'Le chevalier obtient un bonus de +5 pour reconnaître un chevalier à ses armoiries et un bonus de +5 à tous les tests INTeractions sociales avec la noblesse.'),
('heritage-draconique', 'Héritage draconique', 0, 0, 'race', 'Le drakonide augmente ses valeurs de CON et de CHA de +2.'),
('hibernation', 'Hibernation', 0, 0, 'prest', '\"Le personnage peut dormir sans interruption jusqu\'à 2 jours par Rang. Durant cette période, il n\'a besoin ni d\'eau, ni de nourriture et ne souffre ni du froid ni de la chaleur '),
('histoire-a-dormir-de', 'Histoire à dormir debout', 0, 0, 'prest', 'Le barde touche une cible et lui raconte des événements fictifs qu\'elle est alors persuadée d\'avoir réellement vécus. Il ne peut pas effacer ou modifier des souvenirs existants, seulement en ajouter. La cible peut résister par un test de SAG difficulté [10+Mod. de CHA]. Si elle réussit, elle n\'est pas dupe et est immunisée au sort pour 24 heures. Les souvenirs implantés semblent réels à la cible pendant [1d6+Mod. de CHA] heures. La victime a ensuite droit à un nouveau test de SAG toutes les heures pour réaliser la supercherie.'),
('homme-complet', 'Homme complet', 0, 0, '', 'Le seigneur possède les moyens et la culture nécessaire pour obtenir une formation dans n’importe quel domaine qui lui sied. Choisissez une capacité de rang 1 à 3 dans n’importe quel profil de base.'),
('homme-de-cour', 'Homme de cour', 0, 0, '', 'Le seigneur bénéficie d’un bonus de +5 pour reconnaître les bannières et les familles nobles et d’un bonus de +5 aux tests d’étiquette et d’interaction avec la noblesse et la haute société.'),
('homme-des-bois', 'Homme des bois', 0, 0, 'race', 'Le personnage gagne un bonus de +5 pour tous les tests relatifs à l\'orientation et à la survie en forêt.'),
('homme-des-montagnes', 'Homme des montagnes', 0, 0, 'race', 'Le montagnard reçoit un bonus de +5 aux tests de CON pour résister au froid et à la fatigue, ainsi qu\'aux tests de SAG pour détecter les dangers en montagne (avalanches, orages, chutes de pierres, etc.).'),
('hommefemme-de-la-sit', 'Homme/Femme de la situation', 0, 0, 'prest', 'Une fois par aventure, vous pouvez demander au MJ de vous donner une idée lumineuse ou de vous indiquer la moins mauvaise solution pour sauver une situation ou au moins limiter les dégâts.'),
('honorable', 'Honorable', 0, 0, '', 'Le seigneur a une réputation d’honorabilité sans faille. Il peut mettre en jeu son honneur pour garantir sa parole et la justesse de ses actions. Il bénéficie d’un bonus de +5 à tous les tests où sa bonne foi est en jeu. Il est considéré comme une référence en matière de justice, ce qui lui accorde le même bonus pour rendre justice, apaiser une foule en colère ou infléchir la décision d’un dirigeant.'),
('hourras', 'Hourras', 0, 0, 'prest', 'Le barde peut utiliser cette capacité une fois par tour lorsqu\'un événement positif pour lui et ses alliés se produit. Tous les alliés à portée de voix profitent alors d\'un bonus de +3 pour leur prochaine action similaire. Si le groupe doit par exemple franchir une crevasse, lorsqu\'un premier personnage a réussi, le barde encourage le suivant par ses hourras et il obtient un bonus de +3 à son test. En combat, pour chaque ennemi neutralisé, le barde peut utiliser cette capacité et donner un bonus de +3 (non-cumulable) à ses alliés pour leur prochain test d\'attaque.'),
('hyperconscience', 'Hyperconscience', 0, 0, '', 'L\'ensorceleur augmente ses valeurs de SAG et INT de +2. Il peut désormais lancer deux d20 à chaque fois qu\'un test de SAG ou INT lui ait demandé et conserver le meilleur résultat.');
INSERT INTO `cof_capacites` (`capacite`, `nom`, `limitee`, `sort`, `type`, `description`) VALUES
('ignorer-la-douleur', 'Ignorer la douleur', 0, 0, '', 'Une fois par combat, le chevalier peut noter à part les DM subit par une attaque. Il n\'en subira les effets que lorsque le combat sera terminé.'),
('image-decalee', 'Image décalée', 1, 1, '', 'Pendant [5 + Mod. de CHA] tours, lorsqu\'une attaque le touche, l\'ensorceleur lance 1d6 : sur 5 -6, il ne subit pas les DM.'),
('imitateur', 'Imitateur', 0, 0, 'prest', 'Cette capacité permet au barde d\'imiter parfaitement la voix d\'une créature qu\'il a précédemment entendu. Il peut également imiter différents cris d\'animaux.'),
('imitation', 'Imitation', 1, 1, '', 'L\'ensorceleur peut prendre l\'apparence d\'une créature de taille proche (+ ou - 50 cm) qu\'il voit au moment de l\'incantation. Durée [5 + Mod. de CHA] minutes. Toucher l\'ensorceleur (une attaque ou non) met fin au sort.'),
('immortel', 'Immortel', 0, 0, 'race', 'L\'elfe n\'a besoin que de la moitié du repos, de la nourriture ou de la boisson d\'un humain normal pour être en pleine forme. Il est immunisé aux effets des poisons et des maladies.'),
('immortel-creatures', 'Immortel', 0, 0, 'creat', 'Lorsqu’elle tombe à 0 PV, la créature n’est pas définitivement détruite, elle est juste chassée et pourra se reconstituer en 24 heures. Parfois elle est simplement bannie dans un autre plan (démon ou élémentaire), d’autre fois, elle s’enfuit sous la forme d’un nuage de ténèbres (vampire). Il faut généralement un rituel spécial pour venir à bout de la créature.'),
('immunite', 'Immunité', 1, 0, 'prest', 'Le personnage touché devient immunisé aux poisons et aux maladies pour une durée de [1d6+Mod. de SAG] tours. Si le personnage est déjà malade ou empoisonné, le sort soulage la victime et annule les effets de l\'affliction pendant toute sa durée : cet effet fonctionne même sur les maladies magiques, incurables et sur les malédictions divines.'),
('imparable', 'Imparable', 1, 0, 'creat', 'Réaliser une attaque en lançant deux d20 et garder le meilleur résultat. Si le champion obtient 15-20 au d20 d’un test d’attaque (même sans utiliser Imparable), il inflige +1d6 DM et l’attaque est automatiquement réussie (quelle que soit la DEF de son adversaire).'),
('impressionnant', 'Impressionnant', 0, 0, '', 'L\'ours n\'est pas dressé à attaquer, mais les interlocuteurs du rôdeur ne le savent pas, aussi gagne-t-il un bonus de +5 à tous ses tests d\'intimidation lorsque l\'animal est à ses cotés. L\'ours n\'attaque que pour se défendre s\'il est blessé.'),
('incantation-masquee', 'Incantation masquée', 0, 0, 'prest', 'Le personnage peut dépenser 1 PM pour lancer un sort discrètement et supprimer la partie vocale de l’incantation. Il peut dépenser 2 PM pour le lancer sans gestuelle, par exemple les mains attachées. Pour 3 PM, il n’utilise ni composante vocale ni composante gestuelle.'),
('incorruptible', 'Incorruptible', 0, 0, 'race', 'Le personnage obtient un bonus de +5 pour résister (ou en DEF) à tous les pouvoirs de corruption mentale (charme, suggestion, etc.), aux effets d\'affaiblissement (drain, vampirisme, énergie négative, etc.) et pour résister aux maladies ou aux poisons. Il retranche 5 points aux DM provenant de ce type de sources.'),
('increvable', 'Increvable', 0, 0, 'race', 'Une fois par tour, lorsqu\'une attaque fait tomber le personnage à 0 PV, ce dernier peut effectuer un test d\'attaque (du même type) opposé à celui de l\'adversaire. En cas de réussite, le personnage esquive ou résiste à cette attaque et ne subit aucun DM.'),
('inderacinable', 'Indéracinable', 0, 0, 'prest', 'Le personnage ne peut plus être renversé ou projeter contre son gré, il semble peser plusieurs tonnes ! De plus il gagne +1 en DEF et ce bonus passe à +2 au Rang 3 de la Voie.'),
('ingenieux', 'Ingénieux', 0, 0, 'race', 'Les kobolds gagnent un bonus de +5 à leurs tests pour la conception (INT), la fabrication (DEX) et la perception (SAG) de pièges ou de mécanismes.'),
('injonction', 'Injonction', 1, 1, '', 'L\'ensorceleur donne un ordre simple (mais pas dangereux pour elle) que la victime doit pouvoir comprendre. Il doit réussir un test d\'attaque magique (portée 20 m). La victime fait un test de SAG difficulté [10 + Mod. de CHA] pour résister. En cas d\'échec, elle doit exécuter l\'ordre au cours de son prochain tour.'),
('injonction-mortelle', 'Injonction mortelle', 1, 0, 'creat', 'Une cible située à une distance maximum de 30 mètre doit réussir un test de CON difficulté 15 ou tomber à 0 PV (et mourir immédiatement s’il s’agit d’un PNJ). En cas de succès, la cible subit tout de même [2d6 + NC] DM. Ce pouvoir ne peut prendre une même créature pour cible qu’une seule fois par combat.'),
('insignifiant', 'Insignifiant', 0, 0, 'race', 'Le gnome sait comment échapper aux attaques des grandes créatures comme les géants. Contre les grandes créatures, il gagne un bonus de +2 en DEF et contre les très grandes et plus, il obtient un bonus de +4.'),
('inspiration-celeste', 'Inspiration céleste', 0, 0, 'race', 'La nature céleste du personnage le transcende et le rend littéralement éblouissant, il augmente ses valeurs de SAG et de CHA de +2.'),
('instinct-de-survie', 'Instinct de survie', 0, 0, 'race', 'Lorsqu\'une attaque devrait amener le personnage à 0 PV, les DM qu\'elle inflige sont divisés par 2 (minimum 1).'),
('instinct-survie-crea', 'Instinct de survie', 0, 0, 'creat', 'La créature est passée maître dans l’art de se faufiler et de se mettre à couvert. Une fois par tour, au moment de son choix, le PNJ peut utiliser une action de mouvement supplémentaire pour se déplacer. Si un effet ou une créature le paralyse, le ralenti ou restreint ses mouvements, il a droit à un test d’INT ou de DEX au choix difficulté 10 pour s’en débarrasser une fois par tour. Il gagne +5 en DEF lorsqu’il lui reste moins de [NCx5] PV.'),
('int-heroique-erudit', 'Intelligence héroïque', 0, 0, 'prof', 'L\'érudit augmente sa valeur d\'INT de +2 et il peut désormais lancer deux d20 à chaque fois qu\'un test d\'INT lui est demandé ; il conserve ensuite le meilleur résultat.'),
('intelligence-du-comb', 'Intelligence du combat', 0, 0, '', 'Le barde ajoute son Mod. d\'INT en Initiative et en DEF en plus de son Mod. de DEX.'),
('intelligence-heroiqu', 'INTelligence héroïque', 0, 0, '', 'Le personnage augmente sa valeur d\'INT de +2 et il peut désormais lancer deux d20 à chaque fois qu\'un test INT lui est demandé '),
('intercepter', 'Intercepter', 0, 0, '', 'Une fois par tour, le chevalier peut encaisser un coup à la place d\'un allié à ses cotés. Il utilise sa DEF plutôt que celle de la cible initiale et retranche aux DM son Rang dans la Voie.'),
('interchangeables', 'Interchangeables', 0, 0, 'creat', 'Tant que la créature et ses alliées sont plus nombreuses que la cible, elles se relaient pour esquiver ses attaques et elles obtiennent un bonus de +5 en DEF. Si plusieurs créatures semblables sont au contact du PJ, le MJ a toute latitude pour infliger les DM d’une attaque sur la créature de son choix, le personnage ne sait jamais laquelle il blesse.'),
('interdiction', 'Interdiction', 1, 0, 'prest', 'Le lanceur de sort trace une ligne imaginaire de son bâton et cela dresse une frontière invisible que nul ne saurait franchir sans son autorisation. Toute créature qui tente de forcer le passage doit  réussir un test d\'attaque opposé à un test d\'attaque  magique du personnage. En cas d\'échec, elle subit [2d6+Mod. d\'INT] DM et ne peut faire de nouvelle tentative avant une heure. La frontière mesure un maximum de 20 m de large et sa durée est de 24 heures. Le personnage ne peut apposer plus d\'une barrière magique à la fois.'),
('intervention-divine', 'Intervention divine', 0, 0, '', 'Le prêtre fait appel à son dieu pour changer le cours des événements. Une fois par combat, il peut décider qu\'un test du MJ ou des joueurs est une réussite ou un échec, même après que les dés aient révélé leur résultat.'),
('intimidant', 'Intimidant', 0, 0, 'race', 'Le drakonide reçoit un bonus de +5 à tous les tests d\'intimidation.'),
('invisibilite', 'Invisibilité', 1, 1, '', 'Le magicien se rend invisible pendant [1d6 + Mod. d\'INT] minutes. Une fois invisible, personne ne peut plus détecter sa présence ou lui porter d\'attaque. Si le magicien attaque ou utilise une capacité limitée, il redevient visible.'),
('invisibilite-fee', 'Invisibilité', 1, 0, 'race', 'Le personnage peut se rendre invisible comme s’il utilisait la capacité de magicien du même nom (Voie de la magie universelle) une fois par jour par rang atteint dans la Voie. S’il possède déjà cette capacité, il obtient une capacité d’ensorceleur de rang 1 de son choix.'),
('invocation-d-entite', 'Invocation d\'une entité', 1, 1, '', 'L’invocateur appelle une créature d’un autre plan qui entre alors à son service. Personne d’autre que l’invocateur ne peut renvoyer l’entité sur son plan d’origine. Lorsque l’entité est réduite à 0 PV, elle disparaît immédiatement. Dans ce cas, ou si l\'invocateur la renvoie (par une action de mouvement), l’invocateur devra attendre 12 heures avant de pouvoir la convoquer de nouveau. L’entité revient en jeu avec ses PV au maximum et débarrassée de tout effet préjudiciable dont elle pouvait être victime au moment de sa disparition. En dehors de son plan, l’entité ne guérit pas naturellement, mais elle peut bénéfcier de sorts de soins. L’entité est totalement dévouée à son invocateur, elle agit au mieux pour respecter les ordres qui lui sont donnés, en fonction de son Mod. d’INT. Elle parle la langue de l’invocateur. L’apparence physique de l’entité est déterminée lors de sa première invocation (un animal, une créature fantastique ou une créature humanoïde), mais elle doit s’inspirer des Mod. de Carac. choisis par le joueur. Elle ne peut pas imiter précisément l’apparence d’un personnage ou d’une créature en particulier. Une fois que le joueur a déterminé son apparence, la créature la conserve pour toujours. L’entité arbore quelque part sur son corps une rune lumineuse qui la maintient sur le plan de l’invocateur.\nCréer son entité : Le joueur doit répartir 4 points entre les Mod. de FOR et de DEX, puis 2 points entre INT, SAG et CHA (minimum +0). Enfin, le Mod. de CON est égal à +2. La DEF de l’entité est égale à [12 + Mod. de DEX], son score d’attaque est égal à [Niveau de l’invocateur + Mod. de FOR ou de DEX de l’entité] et ses DM sont égaux à [1d6 + Mod. de FOR]. Ses PV sont égaux à [Niveau de l\'invocateur x5].'),
('invocation-d-un-demo', 'Invocation d\'un démon', 1, 1, '', 'Une fois par combat, en sacrifiant 1d6 PV, le nécromancien invoque pendant [5 + Mod. d\'INT] tours un démon qui a l\'apparence d\'un Balor de 2m30. Il ne subit que la moitié des DM non magiques, les DM des sorts et armes magiques sont normaux, et il peut voler 20 m/tour. Au niveau 10, il peut attaquer deux fois (action limitée).Démon : Init 16, DEF 17, PV [niveau x 5], Attaque Contact [niveau], DM 1d8+5, FOR +5*, DEX +2, CON +4*, INT +2, SAG +2, CHA +0'),
('invulnerable', 'Invulnérable', 0, 0, '', 'Le moine ne reçoit que la moitié des DM de toutes les sources  élémentaires  : feu, froid, foudre, acide... Il ne subit aucun DM des poisons ou des maladies.'),
('j-ai-un-ami', 'J\'ai un ami...', 0, 0, 'prof', 'Le courtisan connait du monde, beaucoup de monde. Il est capable d\'obtenir un rendez-vous ou une information avec bien des personnes, plus ou moins puissantes. Une fois par jour, en réussissant un test de CHA difficulté 10, il peut obtenir une entrevue avec une personne d\'importance moyenne (le bras droit d\'un maître de guilde, le chef de la pègre local, un patron d\'une des plus grandes maisons de plaisir de la cité...). Avec un test de CHA difficulté 15, il est capable d\'obtenir une entrevue avec les plus grands représentants des milieux qu\'il fréquente.'),
('j-ai-un-pote-qui-m-a', 'J\'ai un pote qui m\'a dit...', 0, 0, 'prof', 'Attentif aux ragots, le personnage peut ajouter un bonus de +2 par Rang atteint dans cette Voie pour ses tests d\'INT visant à se souvenir d\'une rumeur ou à connaître des détails sur une personne ou une personnalité.'),
('jet-prismatique', 'Jet prismatique', 1, 0, 'prest', 'Un rayon de lumière polychromatique (arc-en-ciel) émane de la main du magicien et va frapper une cible à une distance maximum de 10 m sur un test d\'attaque magique réussi. Les effets du sort dépendent du niveau de la cible (ou NC pour une créature). Niveau 1 ou moins : Inconsciente pendant 1d6 tours. Niveau 3 ou moins : Aveuglée pendant 1d6 tours. Niveau 4 et plus : Affaiblie pendant 1d6 tours.'),
('jeune-worg', 'Jeune worg', 0, 0, 'race', 'Le gobelin dresse un jeune worg et il peut le chevaucher. À dos de worg, il peut agir normalement sans pénalité. Il peut donner l’ordre à sa monture d’attaquer au prix d’une action de mouvement (il peut utiliser sa seconde action pour la faire se déplacer de 20 mètres ou pour faire lui-même une action d’attaque). Jeune worg'),
('joli-coup-!', 'Joli coup !', 0, 0, '', 'L\'arquebusier ignore les pénalités normalement appliquées lorsque la cible est à couvert (généralement -2 à -5).'),
('jusqu-a-bon-port', 'Jusqu\'à bon port', 0, 0, 'prest', 'Le messager peut voyager deux fois plus longtemps qu\'un autre personnage sans fatigue et il bénéficie d\'un bonus de +5 aux tests d\'équitation. Il obtient aussi un bonus de +5 aux tests destinés à détecter les embuscades et les pièges sur son chemin.'),
('juste-toi-et-moi', 'Juste toi et moi', 0, 0, 'prest', 'A chaque tour où il attaque la cible qu\'il a défié, le personnage obtient un bonus en DEF de +1 par Rang atteint dans la Voie contre toutes les attaques provenant d\'autres adversaires.'),
('kiai', 'Kiai', 0, 0, '', 'Une fois par combat, lorsqu’il a réussi une attaque (à distance ou au contact), le seigneur peut libérer son énergie sous la forme d’un puissant cri issu du ventre. Il obtient les DM maximum. Au rang 5 de la Voie, il peut utiliser son Kiai une seconde fois, au minimum 1d6 tours plus tard.'),
('l-energie-du-desespo', 'L\'énergie du désespoir', 0, 0, 'prof', 'Lorsque son total de PV est réduit de moitié, le miséreux lance deux d20 pour tous ses tests de FOR, DEX ou CON, et garde le meilleur résultat. De plus, lorsqu\'il tombe à 0 PV, il reste conscient et peut encore accomplir une action de mouvement par tour (sauf s\'il est mort évidemment !). À chaque fois qu\'il subit à nouveau des DM, il doit cependant réussir un test de CON difficulté [15 + DM]  ou sombrer dans l\'inconscience.'),
('la-vie-est-dure', 'La vie est dure', 0, 0, 'prof', 'Le personnage gagne un bonus de +1 par Rang atteint dans cette Voie pour tous les tests concernant la résistance physique et l\'endurance.'),
('laissez-le-moi-!', 'Laissez-le-moi !', 0, 0, '', 'Le chevalier met un point d\'honneur à combattre le leader ennemi. Lorsqu\'il peut aisément être identifié dans un groupe d\'au moins 4 créatures, le chevalier lui inflige +1d6 DM par attaque.'),
('lame-de-lignee', 'Lame de lignée', 0, 0, '', 'Le seigneur possède un sabre (ou une paire de sabre s’il possède la capacité lames jumelles) qui se transmet dans sa famille depuis des générations et qui symbolise l’honneur des siens. Entre ses mains, cette arme devient magique et lui confère un bonus de +1 en attaque au contact (mais pas aux DM) tous les 3 niveaux : +1 au niveau 3, +2 au niveau 6, +3 au niveau 9, etc. En accord avec le MJ, l’arme obtient un pouvoir supplémentaire lorsque le seigneur atteint le rang 5 de la Voie (+1 niveau de magie : affutée, fléau ou DM élémentaires). S’il perd son arme, le seigneur subit un malus de -1 à tous ses tests tant qu’il ne la retrouve pas. L’arme est réputée incassable, mais si elle venait à être détruite, ce malus s’estomperait au bout d’un an. Il faudrait une année entière pour forger une nouvelle arme de famille.'),
('lames-jumelles', 'Lames jumelles', 1, 0, '', 'Si le seigneur possède un Mod. de FOR au moins égal à +2, il peut utiliser le sabre d’une main et la demi-lame de l’autre sans pénalité. Il fait un test d’attaque normal pour chaque arme, mais ne bénéficie pas de son bonus de technique du sabre sur son attaque à la demi-lame. Si son Mod. de FOR est inférieur à +2, il subit une pénalité de -1 en attaque sur chaque attaque par point manquant.'),
('lanceur-de-couteau', 'Lanceur de couteau', 0, 0, '', 'Une fois par tour, en plus de ses autres actions, le barde peut lancer un couteau sur une cible à distance (maximum 10 m) en réussissant un test d\'Attaque à Distance. Cette attaque est pour lui une action gratuite. Elle occasionne [1d4 + Mod. de DEX] de DM.'),
('langage-animaux-fee', 'Langage des animaux', 0, 0, 'race', 'Le personnage obtient la capacité de druide langage des animaux (Voie des animaux). S’il possède déjà cette capacité, il obtient une capacité de rôdeur de rang 1 de son choix.'),
('langage-des-animaux', 'Langage des animaux', 0, 0, '', 'Le druide peut communiquer avec les animaux qui, en général, se comportent avec lui de manière amicale. Il gagne un bonus de +2 par Rang à tous les tests destinés à influencer un animal. La communication reste primitive et limitée à l\'intelligence de l\'animal et à son point de vue (prédateur, proie, etc.).'),
('langue-fourchue', 'Langue fourchue', 0, 0, 'race', 'L\'ophidien est maître dans l\'art de mentir et d\'insinuer le doute dans l\'esprit de son interlocuteur. Il obtient un bonus de +5 à tous les tests de CHA en rapport avec le mensonge, le bluff ou pour soutirer des informations à son interlocuteur.'),
('le-diable-est-dans-l', 'Le diable est dans les détails', 0, 0, 'prof', 'Le courtisan est à l\'affut du moindre détail. Il obtient un bonus de +5 pour tous les tests de perception visuelle et pour ceux visant à percer un mensonge. De plus, il reçoit le même bonus pour tous les tests destinés à décoder le langage corporel d\'une personne.'),
('le-poids-des-mots', 'Le poids des mots', 1, 0, 'prest', 'Le barde déforme la réalité et la plie à sa volonté par la force du conte, tant qu\'elle n\'a pas été révélée de manière définitive. Par exemple, il peut déclarer qu\'une porte n\'est pas verrouillée. Il effectue un test de CHA dont la difficulté est laissée à l\'appréciation du MJ. Dans l\'exemple précédent, 10 pour une maison, 15 pour un lieu important et 20 pour le coffre du trésor. Le barde insuffle un peu de lui dans la trame du monde et sacrifie 1 PV lorsqu\'il utilise cette capacité. Il n\'a droit qu\'à un seul essai, s\'il n\'a pas réussi à modifier la réalité, le résultat est définitif.'),
('lenteur', 'Lenteur', 1, 0, 'prest', 'Le magicien prend pour cible une créature située à moins de 30 m. La cible doit réussir un test de CON difficulté [10 + Mod. d\'INT] ou elle ne peut plus réaliser qu\'une action par tour : soit un déplacement, soit attaquer mais elle ne peut plus utiliser une Capacité Limitée. Le sort a une durée de 1d6 tours.'),
('levitation', 'Lévitation', 1, 0, '', 'En se concentrant, le moine peut léviter à une vitesse de 10 m par tour.'),
('lhallali', 'L’hallali', 1, 0, 'creat', 'Les créatures profitent d’une erreur de leur victime pour lui porter des attaques fatales. A chaque fois que la victime de la meute rate une attaque ou obtient sur un test d’attaque un résultat au d20 allant de 1 à 5 (inclus), elle déclenche la curée ! Chaque créature dotée de cette capacité bénéficie immédiatement et gratuitement d’une d’attaque en traître contre la victime (+5/+2d6).'),
('liberte-d-action', 'Liberté d\'action', 0, 0, '', 'Le barde est immunisé à la peur et à tous les sorts ou effets magiques qui asservissent l\'esprit ou le corps (possession, charme, paralysie, ralentissement, etc.).'),
('lien-avec-la-foret', 'Lien avec la forêt', 0, 0, 'race', 'Le félis est en complète harmonie avec l\'environnement forestier dont il est issu. Dans cet environnement, il obtient un bonus de +5 à tous les tests de discrétion et de perception.'),
('lien-de-sang', 'Lien de sang', 1, 1, '', 'En réussissant un test d\'attaque magique (portée 20 m), le nécromancien tisse un lien avec sa victime. Pendant [5 + Mod. d\'INT] tours, la moitié des DM reçus par le nécromancien sont également subis par la cible et le nécromancien peut lui lancer un sort sans la voir.'),
('lien-epique', 'Lien épique', 0, 0, 'epic', 'Au moins deux personnages doivent choisir simultanément cette capacité, réservée à ceux qui ont traversé de nombreuses épreuves ensemble et progressé du statut de jeune aventurier à celui de héros en s\'épaulant mutuellement. À travers un rituel magique, ils deviennent indéfectiblement liés. Ils peuvent communiquer par télépathie, se guérir mutuellement en se touchant et en transférant les DM (action de mouvement) et enfin se téléporter auprès d\'un compagnon lié une fois par jour (action limitée). En combat, chacun d\'eux obtient un bonus de +1d6 DM lorsqu\'ils attaquent la même cible avec la même initiative.'),
('lien-magique', 'Lien magique', 0, 0, '', 'L’invocateur peut communiquer par télépathie avec son entité, quelle que soit la distance qui les sépare. Lorsque l’entité subit des DM, l’invocateur peut choisir de\nsacrifer ses propres PV pour protéger son entité. Inversement, si l’invocateur subit des DM, il peut les transférer à son entité, mais dans ce cas, les DM subis par celle-ci sont doublés. Enfin, grâce au lien avec l’invocateur, la créature peut toucher et attaquer des cibles protégées normalement du contact des créatures invoquées.'),
('lien-magique-amelior', 'Lien magique amélioré', 0, 0, '', 'Le lien entre l’invocateur et l’entité est tel qu’ils peuvent se téléporter ou échanger leurs places. Au prix d’une action de mouvement, l’invocateur peut utiliser une action de son choix : téléporter son entité à son contact, se téléporter au contact de son entité ou enfin, échanger sa place avec son entité.'),
('lien-spirituel', 'Lien spirituel', 0, 0, 'prest', 'Le personnage est lié à son arme par une puissante magie. Une fois par jour, où qu’elle soit, il peut rappeler l’arme à lui par une action de mouvement, elle se téléporte alors immédiatement dans sa main. Si une autre créature tient l’arme en main à ce moment-là, il doit emporter un test d’attaque au contact opposé. En cas d’échec, l’arme reste en possession de la créature.'),
('lilliputien', 'Lilliputien', 1, 1, '', 'Le personnage rapetisse jusqu’à devenir plus petit que son familier (entre 10 et 30 cm, minuscule ou très petit). La transformation dans un sens ou dans l’autre demande 1 tour complet. Sa durée est illimitée. Sous cette forme, le personnage obtient la même réduction aux DM que le familier (RD 5), il gagne un bonus de +10 aux tests de discrétion et peut passer dans des espaces très réduits. En revanche, ses DM sont réduits à 1 point par attaque réussie et ses sorts n’affectent aucune créature de taille supérieure à Très Petite. Ses déplacements sont réduits à 10 m par action de mouvement, sauf s’il chevauche son familier. Le familier est très endurant et lui permet de couvrir une distance de 5 km par heure pendant un maximum de 10 heures par jour (pour un total de 50 km/jour) quel que soit le terrain. Cette distance est doublée si le familier est une créature volante (100 km/jour).'),
('lire-les-pensees', 'Lire les pensées', 0, 0, 'epic', 'S\'il réussit un test d\'attaque magique opposé contre une créature de niveau inférieur au sien, le personnage entend les pensées de la cible, pendant [1d6 + Mod. d\'INT] tours (portée 20 m). Il ne peut fouiller dans sa mémoire, seulement savoir ce qu\'elle pense à ce moment là. En combat, le personnage obtient un bonus de +5 en DEF contre les attaques portées par la cible du sort.'),
('lire-les-pensees-psi', 'Lire les pensées (PSI)', 1, 1, '', 'S’il réussit un test d’attaque magique (portée 10 mètres) contre la valeur de SAG d’une créature, le psionique peut savoir à quoi elle est en train de penser pendant [1d6 + Mod. de SAG] tours. Cette capacité ne permet pas de fouiller dans la mémoire d’un individu pour en tirer des renseignements. Une créature consciente d’être sondée peut faire un test de CHA [10 + Mod. de SAG du psionique]+ pour contrôler ses pensées et ne pas révéler ses véritables intentions.'),
('lois-de-la-meute', 'Lois de la meute', 0, 0, 'race', 'Lorsqu\'un wolfer combat le même ennemi que d\'autres alliés, il bénéficie d\'un bonus de +1 en attaque et en DEF par allié. Ce bonus ne peut dépasser +5 quelque soit le nombre d\'alliés.'),
('loup-parmi-les-loups', 'Loup parmi les loups', 0, 0, 'race', 'Le personnage gagne +1 aux DM lorsqu\'il combat un adversaire humanoïde. Ce bonus passe à +2 au Rang 4 de la Voie.'),
('lumiere', 'Lumière', 1, 1, '', 'Le magicien désigne un objet, lequel produit dès lors de la lumière dans un rayon de 20 m. Cette source de lumière n\'émet pas de chaleur et s\'éteint après 10 minutes ou lorsque le magicien le décide. Ce sort permet d\'annuler un sort de Ténèbres lancé par un nécromancien de niveau inférieur.'),
('lumiere-des-etoiles', 'Lumière des étoiles', 0, 0, 'race', 'Pour le personnage, l\'obscurité de la nuit sous la lumière des étoiles n\'est que de la pénombre, où seuls les petits détails lui échappent.'),
('lunette-de-visee', 'Lunette de visée', 1, 0, 'prest', 'Si le personnage passe un tour complet à viser une cible, au tour suivant, il ignore les malus de portée (même sur un tir parabolique), il obtient un bonus de +5 en attaque et +2d6 aux DM sur sa première attaque contre cette cible.'),
('luxe-et-abondance', 'Luxe et abondance', 1, 0, 'prest', 'Ce sort nécessite une pièce ou un bâtiment pour être utilisé, il ne fonctionne pas en rase campagne. Il garnit l\'endroit de meubles de qualité selon le bon vouloir du prêtre : tapis, lit, bureau, table dressée de vaisselle de luxe et mêmes mets de qualités. Le sort a une durée de 12 heures, il affecte une surface totale maximum de 100 m2 (200 m2 au Rang 5) quel que soit le nombre de fois où il est lancé. Les aliments ne sont pas réels et ne nourrissent pas ceux qui les mangent, mais ils sont exquis et donnent l\'impression d\'être rassasié.'),
('lycanthropie', 'Lycanthropie', 1, 0, 'prest', 'Le rôdeur peut fusionner avec son loup pour se transformer en un hybride mi-homme, mi-loup pendant [5 x Mod. de SAG] tours. Sous cette forme, il ne peut plus utiliser d\'armes, mais il peut encore utiliser son armure qui s\'adapte à sa taille. Il obtient un bonus de +2 en FOR et les attaques suivantes (considérées magiques) : Griffes DM [2d6+Mod. de FOR] et Morsure DM [1d6+Mod. de FOR]. Une action d\'attaque suffit pour les utiliser au même tour. A partir du Rang 3 de la Voie, le rôdeur peut utiliser la capacité de druide Attaque bondissante.'),
('machine-de-guerre', 'Machine de guerre', 1, 0, 'race', 'L’âme-forgée devient une force impossible à ignorer sur le champ de bataille, elle augmente ses scores de CON et de FOR de +2'),
('magie-altruiste', 'Magie altruiste', 0, 0, 'epic', 'Le personnage choisit un ou plusieurs sorts qu\'il connait dont la somme des Rangs est égale à 3 et qui n\'affectent que le lanceur de sort lui-même. Désormais, il est capable de lancer ce ou ces sorts sur un allié en le touchant comme s\'il le lançait sur lui-même.'),
('magie-celeste', 'Magie céleste', 0, 0, 'race', 'L\'aasimar peut lancer le sort de magicien Lumière (Voie de la Magie Universelle). Il peut le faire même s\'il porte une armure. Si le personnage connait déjà cette capacité, il lui suffit d\'une action gratuite pour lancer le sort. A partir du Rang 4, il peut utiliser le sort de prêtre Protection contre le mal (Rang 2 de la Voie de la spiritualité). Si le personnage connait déjà cette capacité, le bonus de DEF passe à +3.'),
('magie-du-sang', 'Magie du sang', 0, 0, 'prest', 'En sacrifiant 1d4 PV, le nécromancien obtient la possibilité de lancer un sort en une action d\'attaque à ce tour au lieu de le faire en une action limitée. En sacrifiant 2d4 PV, le nécromancien obtient la possibilité de lancer un sort en action de mouvement lors de ce tour. Il lui est donc possible de lancer un sort en une action d\'attaque et un autre en une action de mouvement durant le même tour en sacrifiant un total de 3d4 PV. Les sorts affectés par cette capacité sont limités au Rang 3.'),
('magie-protectrice', 'Magie protectrice', 0, 0, 'epic', 'Le joueur choisit un sort de Rang 1 ou 2 que son personnage connaît. Désormais, le personnage peut utiliser ce sort par une action gratuite lorsqu\'il le lance sur lui-même (au lieu d\'une action limitée).'),
('magie-rapide', 'Magie rapide', 0, 0, 'epic', 'Lancer un sort de Rang 1 est désormais une action d\'attaque. Si cette capacité est choisie une seconde fois, lancer un sort de Rang 1 est désormais une action de mouvement et lancer un sort de Rang 2 une action d\'attaque. Cela permet effectivement au personnage de lancer deux sorts par tour (deux de Rang 1 ou un de Rang 1 et un de Rang 2).'),
('magie-tenebreuse', 'Magie ténébreuse', 0, 0, 'race', 'Le tieflin peut lancer le sort de nécromancien Ténèbres (Voie de la Sombre Magie). Il peut le faire même s\'il porte une armure. A partir du Rang 4, il peut utiliser le sort Aspect de la succube (Voie du Démon). Si le personnage connait déjà ces capacités, il double les paramètres des sorts (portée, durée, aire d\'effet).'),
('magnetisme', 'Magnétisme', 1, 1, '', 'Le forgesort contrôle le magnétisme autour de lui pendant [3 + Mod. d\'INT] tours. Il gagne un bonus de +5 en DEF et divise par 2 les DM de toutes les armes ou projectiles métalliques.'),
('main-du-tout-puissan', 'Main du tout-puissant', 1, 0, 'prest', 'Le poing du moine se matérialise partout à la fois. Il réalise une attaque qui affecte toutes les créatures dans un rayon de 10 m autour de lui et inflige les DM normaux d\'attaque à mains nues pour chaque attaque réussie. Cette attaque particulièrement éprouvante coûte 2d6 PV au moine à chaque fois qu\'elle est employée.'),
('main-lourde', 'Main lourde', 0, 0, 'race', 'À mains nues, l’âme-forgée inflige 1d6 DM létaux.'),
('main-vide', 'Main vide', 0, 0, '', 'Lorsqu’il combat à mains nues, le seigneur peut (s’il le souhaite) utiliser son Mod. de DEX en attaque au contact au lieu de son Mod. de FOR (mais pas aux DM). Au rang 1 de cette voie, il inflige [1d4 + Mod. de FOR] DM létaux. Ces DM passent à 1d6 au Rang 3 et à 1d8 au rang 5.'),
('mains-d-energie', 'Mains d\'énergie', 1, 0, '', 'Par un effort de concentration, le moine peut rendre ses mains intangibles et ignorer le bonus d\'armure de sa cible pour ce tour s\'il accomplit une attaque à mains nues normale. De plus, toutes les attaques à mains nues du moine sont considérées comme magiques (même lorsqu\'il n\'utilise pas Mains d\'énergie).'),
('maitre-de-guerre', 'Maître de guerre', 0, 0, 'epic', 'Cette capacité est réservée aux héros qui ont dirigée une force armée à la victoire et sont reconnus comme des meneurs d\'homme. Lorsque le personnage entraîne une armée pendant au moins 3 mois, tous ses éléments gagnent l\'équivalent d\'un niveau. Lorsqu\'il mène une troupe armée, le MJ doit la considérer comme si elle était 20% plus nombreuse qu\'elle ne l\'est réellement. Enfin, lorsqu\'il combat dans le cadre d\'une manoeuvre militaire ou d\'une bataille à grande échelle, le personnage gagne un bonus de +5 en DEF et +1d6 aux DM.'),
('maitre-de-la-survie', 'Maître de la survie', 0, 0, '', 'Le druide obtient un bonus de +2 par Rang dans la Voie à tous les tests basés sur la survie en milieu naturel (survie, vigilance, discrétion, etc.).'),
('maitre-en-son-domain', 'Maître en son domaine', 0, 0, 'prof', 'L\'expert est reconnu par ses pairs comme un maître en son domaine et il acquiert une influence sociale hors du commun. Grâce à son réseau de connaissances ou par l\'intermédiaire de ses pairs, le personnage peut obtenir de nombreux avantages. Un test de CHA difficulté 10 lui suffit pour obtenir une entrevue avec n\'importe quel personnage puissant à tout moment. Un test de difficulté 15 peut lui permettre d\'obtenir un service, par exemple une lettre de recommandation, un renseignement réservé à l\'élite, des billets pour un bal privé, ou même une escorte armée pour l\'aider à se rendre dans un endroit dangereux.'),
('maitre-vermine', 'Maître Vermine', 0, 0, 'prest', 'Le druide obtient le titre de Maître Vermine. Il peut désormais communiquer avec les vermines en tout genre et celles-ci le considèrent plutôt comme une créature amicale, sauf si elles sont sous l\'emprise d\'un autre druide plus puissant ou sous contrôle magique. En plus de cette capacité de communication, le druide peut désormais monter sur son compagnon animal. La créature obtient ses actions normales (déplacement et /ou attaque) et le druide peut agir normalement depuis sa position (action limitée ou action d\'attaque).'),
('maitrise-de-la-ruade', 'Maîtrise de la ruade', 0, 0, 'race', 'Désormais, le centaure peut réaliser une attaque de sabot en action gratuite s’il ne s’est pas déplacé à ce tour.'),
('maitrise-des-arbalet', 'Maîtrise des arbalètes', 0, 0, 'race', 'Lorsqu\'il utilise une arbalète de poing ou légère, l\'elfe noir obtient une réussite critique sur un résultat de 19-20. Il sait manier ces arbalètes quel que soit son profil.'),
('maitrise-du-ki', 'Maîtrise du Ki', 0, 0, '', 'Le moine utilise son intuition et son empathie avec le monde pour augmenter son efficacité en combat. Il ajoute son Mod. de SAG à son Initiative et sa DEF.'),
('malediction', 'Malédiction', 1, 1, '', 'Grâce à un test d\'attaque magique réussi (portée 20 m) la cible effectue tous ses tests avec deux d20 et garde le moins bon résultat. Le sort prend fin dès qu\'elle a raté trois tests (sans limite de temps). Si la cible possède une capacité lui permettant de lancer deux dés sur un test, elle ne lance plus qu\'un dé.'),
('manipulation-a-dista', 'Manipulation à distance', 1, 0, '', 'Le psionique peut déplacer ou manipuler un objet à distance à une portée de 20 mètres et le déplacer en l’air de 10 mètres par tour. Le psionique peut manipuler un objet avec l’équivalent d’une DEX égale à sa SAG et d’une FOR égale à son CHA. Il peut attaquer avec une arme manipulée à distance avec son score d’attaque magique et un bonus aux DM égal à son Mod. de CHA. À partir du rang 3, il lui suffit d’une action d’attaque, et à partir du rang 5, d’une action de mouvement.'),
('manoir-d-outremonde', 'Manoir d\'outre-monde', 1, 1, '', 'L’invocateur enchante une porte ordinaire existante (pas une porte artifcielle) et, pendant jusqu’à 1 heure par niveau, elle s’ouvre sur un manoir magique au lieu de l’endroit habituel. La porte garde ses caractéristiques originelles (solidité, serrure, etc.), mais elle ne peut pas être bloquée par magie. Le manoir possède jusqu’à 1 pièce par niveau de l’invocateur, pour une surface totale atteignant jusqu’à 50 m² par niveau de l’invocateur. Il est meublé selon le style choisi par l’invocateur, un taudis lugubre ou un palais luxueux rempli de victuailles et de vaisselle d’or (aucun objet magique). Les pièces n’ont pas de fenêtres et les objets disparaissent s’ils sortent du manoir. La nourriture qui peut y être trouvée possède des qualités gustatives à la discrétion de l’invocateur. Tous ces aliments désaltèrent ou procurent un effet normal de satiété, mais ils n’hydratent ni ne nourrissent réellement. Si l’invocateur utilise à nouveau ce sort alors qu’un autre manoir était encore actif, le premier disparaît immédiatement. Si la porte d’entrée est détruite, le sort prend fn. Toutes les créatures à l’intérieur du manoir au moment où il disparaît sont éjectées devant la porte et subissent 1d6 DM.'),
('marche-des-plans', 'Marche des plans', 1, 1, '', 'Une fois par jour et pour une durée maximale de [3 + Mod. de SAG] tours, le prêtre peut passer dans une dimension entre les plans d\'existence où le temps et l\'espace sont déformés. Il se déplace dans une sorte de brouillard gris où le paysage défile à toute vitesse. Pour chaque tour de Marche des Plans, il se déplace en réalité de 10 km. Le lieu de sortie n\'est cependant pas très précis et le MJ doit déterminer une position au hasard autour du point visé (à 1d6 km près).'),
('marche-sylvestre', 'Marche sylvestre', 0, 0, '', 'Non seulement le druide ne subit aucune pénalité de déplacement en terrain difficile (neige, boue, broussailles, pente abrupte, etc.) mais en plus, il obtient un bonus de +2 en attaque et en DEF lors d\'un combat dans ces conditions.'),
('marque-des-anciens', 'Marque des anciens', 1, 0, 'race', 'Un ophidien possède une marque des anciens qu\'il essaye le plus souvent de dissimuler, une pupille verticale, une langue fendue, quelques écailles sur la peau, etc. Si son interlocuteur prend conscience de cette marque, il subit une pénalité de -5 à tous les tests de CHA.'),
('marteau-spirituel', 'Marteau spirituel', 1, 1, '', 'Le prêtre effectue une attaque magique avec (portée 30 m). Un projectile d\'énergie prenant la forme de son arme va percuter la cible, lui infligeant [1d8 + Mod. de SAG] DM.'),
('masque-du-predateur', 'Masque du prédateur', 1, 1, '', 'Lorsqu\'il est sous l\'effet de ce sort, le druide prend les traits d\'un fauve ou d\'un loup. Il gagne son Mod. de SAG en Initiative, en attaque et aux DM et peut voir dans la nuit (comme un elfe) pendant [5 + Mod. de SAG] tours.'),
('masque-mortuaire', 'Masque mortuaire', 1, 1, '', 'Pendant [5 + Mod. d\'INT] tours, le nécromancien prend l\'apparence de la mort. Il est immunisé aux attaques qui n\'affectent que les vivants ainsi qu\'à la plupart des pouvoirs des mort-vivants (de plus, ceux-ci le prennent pour l\'un des leurs). Il retranche 2 points à tous les DM physiques subis et divise par deux tous les DM de froid.'),
('massacrer-la-pietail', 'Massacrer la piétaille', 0, 0, '', 'Le chevalier ajoute +1d6 aux DM contre la piétaille. S\'il y a au moins 4 créatures aux statistiques semblables impliquées dans le combat, elles sont assimilées à de la piétaille (même si leur nombre est par la suite réduit à moins de 4 au cours du combat). Les grandes créatures et les cavaliers ne sont jamais considérés comme de la piétaille.'),
('mauvais-oeil', 'Mauvais oeil', 0, 0, 'prest', 'Tant que le nécromancien regarde sa cible avec le mauvais oeil, celle-ci est accablée de malchance. En plus de ses actions normales, le personnage peut poser le mauvais oeil sur la cible de son choix à chaque tour (portée 20 m). La victime subit une pénalité de -2 à tous ses tests. Si elle obtient un résultat de 1 ou 2 au d20, le joueur peut décider en accord avec le MJ des conséquences extrêmement désagréables de cet échec critique. S\'il s\'agit d\'une créature ou d\'un PNJ mineur, cela conduit généralement à sa mort d\'une façon grotesque et/ou atroce.'),
('mecanismes', 'Mécanismes', 0, 0, '', 'L\'arquebusier obtient un bonus de +1 par Rang dans cette Voie à tous les tests visant à réparer ou à comprendre des mécanismes (cela inclut le fait de désamorcer des pièges mécaniques et de manipuler des armes de siège). Il peut appliquer ce bonus à tous les tests d\'attaque avec des armes de siège (baliste, couleuvrine, canon, trébuchet, catapulte, etc.).'),
('meme-pas-mal', 'Même pas mal', 0, 0, '', 'Lorsqu\'il subit un coup critique, cela a pour effet de décupler la rage du barbare. Il peut immédiatement entrer en Rage ou en Furie (action gratuite), et gagne un bonus de +1d6 aux DM de ses attaques au contact pour les 3 prochains tours. Le joueur note également les DM infligés par l\'attaque critique à part : le barbare ne perdra ces PV qu\'à la fin de la rage.'),
('memoire-eidetique', 'Mémoire éidétique', 0, 0, 'prest', 'Le voleur a une parfaite mémoire de tout ce qu\'il a vu et entendu. Si le joueur le demande, le MJ doit lui rappeler tous les détails relatifs à un lieu qu\'il a visité ou à une conversation qu\'il a entendu. De plus, le voleur gagne un bonus de +5 à tous ses tests de connaissance (INT).'),
('meneur-dhommes', 'Meneur d\'hommes', 1, 0, 'prest', 'Une fois par jour, le personnage peut haranguer ses compagnons, les motiver et les conseiller pour attaquer un adversaire particulier. Pour le reste du combat, tous les alliés qui peuvent l’entendre ou le voir bénéficient d’un bonus de +2 en attaque et +1d6 aux DM sur chacune de leur attaque contre cette cible (en mêlée, à distance ou magique). Deux héros pourvus de cette capacité ne peuvent pas l’utiliser en même temps sur la même cible.'),
('merveille-technologi', 'Merveille technologique', 0, 0, 'race', 'Le gnome sait utiliser les arbalètes (et les armes à poudre si votre MJ autorise leur usage) quel que soit son profil. Il ajoute son Mod. de DEX aux DM qu\'il inflige avec ces armes.'),
('messie', 'Messie', 0, 1, '', 'Une fois par aventure, le prêtre entre directement en contact avec la puissance divine et réalise un miracle. Il s\'agit d\'un pouvoir extraordinaire que le MJ accorde au joueur et qui permet des actes légendaires comme écarter les eaux, téléporter tout son groupe ou invoquer des nuées mortelles...'),
('metal-brulant', 'Métal brûlant', 1, 1, '', 'Le forgesort doit réussir un test d\'attaque magique (portée 20 m) pour faire chauffer un objet métallique que sa cible transporte pendant [5 + Mod. d\'INT] tours. S\'il s\'agit d\'une arme, elle inflige 1 point de DM par tour à son porteur et un malus de -2 aux tests d\'attaque. S\'il s\'agit d\'une armure, elle inflige 1d4 DM par tour à son porteur. La victime peut se débarrasser précipitamment de son armure au prix d\'une action limitée.'),
('metal-hurlant', 'Métal hurlant', 1, 1, '', 'Sur un test d\'attaque magique réussi, le forgesort déforme une pièce d\'équipement métallique portée par sa cible. Une arme devient inutilisable et bonne pour le rebut, une armure inflige une pénalité de -5 à tous les tests de son porteur. La victime peut se débarrasser de son armure au prix d\'une action limitée. Si l\'objet est magique, le sort ne fait effet que 1d4 tours et ne peut viser à nouveau l\'objet pour 24 heures. Appliqué à une structure (par exemple une porte blindée), ce sort inflige 4d6 DM en divisant sa RD par 2.'),
('metamorphose', 'Métamorphose', 1, 0, 'prest', 'Une fois par jour, le barbare peut dorénavant prendre la forme de son totem pendant [1d6 + Mod. de CON] minutes. Le changement de forme est une action limitée mais s\'il sombre dans l\'inconscience, le personnage reprend forme humaine immédiatement. Ses caractéristiques deviennent celles de l\'ours grizzly, sauf ses PV et son score d\'INT. Sous sa forme d\'ours, le personnage a un comportement animal et il ne peut plus utiliser ses capacités de profil.'),
('metamorphose-feline', 'Métamorphose féline', 1, 0, 'race', 'Une fois par jour, le personnage peut prendre la forme d\'une panthère pendant une durée maximum de 1 heure par niveau du personnage. Le personnage conserve toutes ses caractéristiques sauf celles indiquées ci-dessous, ainsi que son score d\'attaque au contact habituel. Il peut utiliser la capacité Embuscade (Rang 1 de la Voie du prédateur). Panthère : Init 23, DEF 16, DM 1d6+2. FOR +2, DEX +4*'),
('metamorphose-superie', 'Métamorphose supérieure', 1, 0, 'prest', 'Les plus puissants guerriers-ours peuvent prendre la forme de leur totem jusqu\'à 3 fois par jour. Ces métamorphoses durent jusqu\'à [1d6 + Mod. de CON] heures à chaque fois. De plus, lorsqu\'ils combattent sous cette forme, les barbares peuvent utiliser toutes les capacités de la Voie de la rage.'),
('meute-de-chasse', 'Meute de chasse', 0, 0, 'prest', 'Le chevalier fait l\'acquisition d\'une meute de chiens de chasse (environ 5 chiens plus 2 par Rang). Ces chiens n\'ont pas de caractéristiques individuelles mais des scores qui correspondent à tout le groupe. La meute récupère 1d6 PV par jour par Rang et de plus, en ville, le chevalier peut acheter de nouveaux chiens, la meute récupère alors 1d6 PV par pièce d\'argent investie. Meute : Init 15, DEF 15, PV [15 + 5 par Rang], Att [niveau + Mod. de CHA], DM [2d6 + Rang]'),
('meute-de-predateurs', 'Meute de prédateurs', 0, 0, '', 'Lorsqu’il utilise le sort de conjuration de prédateur, l’invocateur peut invoquer 1d4 prédateurs d’une catégorie en-dessous de son niveau maximum ou 2d6 prédateurs de deux catégories en-dessous.'),
('meute-fabuleuse', 'Meute fabuleuse', 0, 0, 'prest', 'Une meute composée de créatures magiques répond à tout moment à l\'appel du chevalier par un sifflet ou un cor (action limitée). Elle disparaît dans un autre plan lorsqu\'il la congédie et guérit l\'ensemble de ses PV si elle y reste au moins une heure. Options : Armure (écailles, incorporel) DEF +3, Rapide (félins) déplacement +10 m Init +5, Vol (ailes, marche sur l\'air), Féroce Att +3, Puissant (gueule démesurée, griffes) +1d6 DM, Résistant (grande taille, régénération) +10 PV.'),
('miam', 'Miam', 0, 0, 'race', 'Un gobelin est capable de manger tout et n’importe quoi, une chaussure, une armure de cuir, l’écorce d’un arbre et, bien entendu, des mets avariés. Il obtient un bonus de +5 à tous les tests pour résister aux poisons et aux toxines ingérées et il ne souffre de pénalité pour cause de faim que si aucune matière organique n’est disponible. Enfin, à la place d’une attaque à mains nues, il peut infliger une attaque de morsure qui inflige [1d4 + Mod. de FOR] DM létaux.'),
('mirage', 'Mirage', 1, 1, '', 'L\'ensorceleur crée une illusion visuelle et sonore immobile d\'une durée de [5 + Mod. de CHA] minutes (ou tours si l\'illusion est animée). Le volume maximum de l\'illusion est de 10 m de coté par Rang dans la Voie (portée 500 m). Divisez ces paramètres par 10 si l\'illusion est animée. Interagir avec l\'illusion la fait disparaître.'),
('mise-a-mort', 'Mise à mort', 1, 0, 'prest', 'Après une attaque réussie de sa meute de chiens, le chevalier peut exécuter une attaque contre la victime acculée. Il double les DM de cette attaque et, si elle est effectuée à l\'épieu, il obtient en plus un bonus de +5 en attaque. Toutefois si la cible n\'est pas tuée par cette attaque, elle gagne immédiatement une action d\'attaque gratuite contre le chevalier.'),
('moins-que-rien', 'Moins que rien', 0, 0, 'prof', 'Le personnage subit un malus de -5 aux tests d\'interaction sociale avec les gens de la bonne société et gagne un bonus de +5 pour ses tests auprès des autres miséreux. Il obtient également un bonus de +5 aux tests de discrétion et on ne se rappelle généralement pas de lui. Tous les misérables se ressemblent, non ?'),
('moment-de-gloire', 'Moment de gloire', 0, 0, 'epic', 'Une fois par aventure, le personnage peut accéder à un état second qui lui permet de réussir des exploits improbables que l\'on contera dans les chansons de gestes. Pendant un combat complet, soit jusqu\'à la destruction de tous ses ennemis ou sa propre défaite, il bénéficie d\'un bonus de +5 à tous les résultats de ses dés (d\'attaque, de tests de caractéristiques, de DM) et divise par deux tous les DM subis.'),
('moment-de-perfection', 'Moment de perfection', 0, 0, '', 'Une fois par combat, le moine peut choisir de réussir toutes ses attaques automatiquement et d\'esquiver toutes celles qui le prennent pour cible pendant un tour. Tout semble aller au ralenti autour de lui...'),
('moment-zen', 'Moment zen', 0, 0, '', 'Le seigneur est capable d’atteindre la paix intérieure même dans les moments les plus stressants. Désormais, il est capable de prendre 10, même en situation stressante et il lui faut seulement 2d6 tours (au lieu de 2d6 minutes). Il lui faut seulement 2d6 minutes pour prendre 20 (au lieu de 2d6 heures). De plus, lorsqu’il prend 10, il ajoute toujours son Mod. de SAG au résultat en plus du Mod. de Carac. prévu initialement pour le test. Le seigneur est enfin capable de prendre 10 sur une action d’attaque au prix d’une action limitée (L) jusqu’à 3 fois par combat.'),
('monture-epique', 'Monture épique', 0, 0, 'epic', 'Le personnage obtient une monture extraordinaire dont le NC ne doit pas dépasser la moitié de son niveau. La monture comprend des ordres simples en fonction de son intelligence. Lorsque le personnage chevauche sa monture, il peut la faire attaquer au prix d\'une action de mouvement à sa propre initiative. Si le personnage est un chevalier et qu\'il possède des Rangs dans la Voie du cavalier, il applique les avantages de toutes ses capacités à cette monture et peut ajouter son Rang dans la Voie au NC maximum de sa monture.'),
('monture-fantastique', 'Monture fantastique', 0, 0, '', 'Le chevalier obtient une monture volante (pégase, griffon, hippogriffe, drake, etc.). Lorsqu\'il est en selle, le chevalier peut faire attaquer sa monture une fois par tour (action gratuite), à la même Initiative que lui, avec un score d\'attaque égal à son niveau +3. En vol, la monture couvre une distance de 50 m par action de déplacement. Les capacités de la Monture magique s\'appliquent également.Monture fantastique : Init 15, DEF 16, PV 20 + [2 x niveau], Att +8, DM 1d6+4'),
('monture-feerique', 'Monture féerique', 1, 0, 'race', 'Le personnage apprivoise un animal qui lui sert de monture, souvent une monture volante comme un aigle pour un lutin et une monture terrestre comme un loup ou une panthère pour une fée.'),
('monture-loyale', 'Monture loyale', 0, 0, '', 'Le seigneur s’attache les services d’un fidèle destrier capable de l’amener au cœur des batailles. Lorsque qu’il combat à cheval, il gagne +1 en attaque (au contact et à distance) et en DEF.'),
('monture-magique', 'Monture magique', 0, 0, '', 'Le chevalier obtient une monture magique, qui peut apparaître et disparaître depuis un autre plan à volonté. Il peut l\'invoquer à tout moment (c\'est une action limitée) et elle apparaît alors pour se mettre à son service. Lorsqu\'il la laisse au moins une heure dans son plan d\'origine, elle guérit l\'ensemble de ses PV.'),
('monture-puissante', 'Monture puissante', 0, 0, 'prest', 'Le drake monté par le chevalier atteint sa pleine maturité, il augmente ses capacités offensives. Drake : Init 15, DEF 18, PV 20 + [4 x niveau], Att +12, DM 2d6+7 (FOR et CON +7).'),
('monumental', 'Monumental', 0, 0, 'race', 'Le demi-ogre est une montagne de muscle, il augmente ses valeurs de CON et de FOR de +2.');
INSERT INTO `cof_capacites` (`capacite`, `nom`, `limitee`, `sort`, `type`, `description`) VALUES
('morsure', 'Morsure', 0, 0, 'race', 'Un kobold peut remplacer une attaque à main nue par une morsure qui inflige [1d4 + Mod. de FOR] DM létaux. Lorsqu’il réussit une attaque de morsure, le kobold peut choisir de ne pas lâcher prise, dans ce cas il utilise une action limitée à chaque tour pour infliger automatiquement des DM de morsure. Toutefois, le Kobold subit une pénalité de -2 en DEF tant qu’il ne lâche pas prise.'),
('morsure-du-serpent', 'Morsure du serpent', 0, 0, '', 'Le moine obtient des DM critiques (multipliés par 2) sur un résultat de 19 à 20 au d20 du test d\'attaque à mains nues ou avec une arme de contact, et sur des résultats de 18 et 20 avec une rapière ou une vivelame.'),
('mort-de-rire', 'Mort de rire', 1, 0, 'prest', 'Si le barde réussit un test d\'attaque magique (portée de 10 mètres), la victime est prise d\'un fou rire incontrôlable qui lui tord l\'abdomen et la fait s\'étouffer progressivement. Elle souffre d\'un malus de -2 en attaque et en DEF et subit 1d6 DM par tour jusqu\'à ce qu\'elle réussisse un test de SAG difficulté [12+Mod. de CHA] pour mettre fin au sort (un essai à la fin de chaque tour du barde) ou en meurt ! Ce sort n\'affecte que les créatures humanoïdes.'),
('mot-de-mort', 'Mot de mort', 1, 1, '', 'Le nécromancien doit réussir un test d\'attaque magique contre le score max de PV de sa cible (portée 10 m). La victime doit réussir un test de CON difficulté [10 + Mod. d\'INT] ou tomber à 0 PV.'),
('mot-de-pouvoir', 'Mot de pouvoir', 1, 1, '', 'Une fois par combat, le prêtre peut prononcer un mot avec la voix de son dieu. Cela dépasse l\'entendement des mortels et ses ennemis à portée de vue sont Paralysés de terreur pendant 1 tour tandis que tous ses alliés en vue bénéficient d\'un bonus de +5 en attaque pendant cette période.'),
('mouche-du-coche', 'Mouche du coche', 0, 0, 'prest', 'Le voleur peut choisir de sacrifier une action de mouvement à ce tour pour gagner +3 en DEF jusqu\'à son prochain tour. S\'il sacrifie deux actions de mouvement durant son tour, il gagne +6 en DEF.'),
('muet-comme-une-tombe', 'Muet comme une tombe', 0, 0, 'prest', 'Le messager sait garder un secret, il bénéficie d\'un bonus de +5 pour résister à toute tentative d\'extorsion d\'information que cela soit par l\'intimidation, la torture, la ruse ou la magie... Il obtient le même bonus pour résister à tout sort de contrôle mental.'),
('mur-de-force', 'Mur de force', 1, 1, '', 'L\'ensorceleur crée un mur de force indestructible (portée 10 m, maximum 5 m de haut et 10 m de long), ou bien un hémisphère de 3 m de rayon centré sur lui-même. Le sort dure pendant [5 + Mod. de CHA] tours.'),
('mur-prismatique', 'Mur prismatique', 1, 0, 'prest', 'Le magicien crée un mur scintillant de lumière aux couleurs fluctuantes, étranges et hypnotiques. Tout objet ou créature qui le traverse subit les effets d\'une capacité de cette Voie déterminée aléatoirement avec 1d4 (1 : Jet prismatique, 2 : Bond en avant, 3 : Lenteur, 4 : Enkystement lointain)'),
('murmures-dans-le-ven', 'Murmures dans le vent', 1, 1, '', 'L\'ensorceleur chuchote un message que son destinataire peut entendre immédiatement s\'il se trouve à moins de 100 m par Rang dans la Voie. L\'ensorceleur doit connaître sa cible ou la voir.'),
('musique-fascinante', 'Musique fascinante', 1, 1, '', 'Le barde joue de la musique pour fasciner et  contrôler  toutes les créatures de son choix (rats, gobelins, humains, etc.) dans un rayon de 30 m. Seules les créatures dont les PV sont inférieurs ou égaux à [5 + Mod. de CHA] du barde répondent. Les créatures sortent de leur cachette et se dirigent vers le barde, elles le suivent tant qu\'il continue à jouer. Quand il utilise cette capacité le barde peut également se déplacer de 10 m par tour.'),
('mutation-demoniaque', 'Mutation démoniaque', 0, 0, 'race', 'Le tieflin peut utiliser la capacité Aspect du démon trois fois par jour (Voie du Démon). S\'il possède déjà cette capacité, le bonus obtenu passe à +3 (au lieu de +2).'),
('mutation-offensive', 'Mutation offensive', 1, 1, '', 'L’invocateur échange une partie de son corps avec celle d’une créature monstrueuse d’un autre plan pendant [5 + Mod. de CHA] tours. Il obtient ainsi un appendice monstrueux de son choix : une gueule démesurée, un bras monstrueux doté de griffes ou de pinces, une queue munie d’un formidable piquant, etc. Il lui faut une action limitée pour attaquer avec cet appendice et il reçoit un bonus de +3 au Mod. de FOR sur cette attaque. L’attaque inflige [1d6+ Mod. de FOR] DM (2d6 au niveau 10). À partir du rang 4, l’invocateur apprend à mieux maîtriser le membre étranger et il lui suffit d’une action d’attaque pour attaquer.'),
('mutation-protectrice', 'Mutation protectrice', 1, 1, '', 'L’invocateur obtient les caractéristiques d’une créature d’un autre monde, adaptée à la survie dans un environnement dangereux, pendant [5 + Mod. de CHA] minutes. À chaque utilisation du sort, il choisit une mutation de son choix dans la liste suivante. Il est impossible de bénéficier de deux mutations protectrices en même temps.\nCuirasse : +1 en DEF par rang\nÉcailles rouges : DM de feu ou d’acide divisés par 2\nFourrure violette : DM de froid ou de foudre divisés par 2\nOuïes : respiration aquatique\nSang noir : immunisé au poison ou aux maladies'),
('mutation-regeneratri', 'Mutation régénératrice', 0, 0, '', 'À chaque fois qu’il retrouve sa forme normale après avoir utilisé un sort de la Voie des mutations, l’invocateur récupère 1d6 PV. Désormais, lorsqu’un test de CON lui est demandé, il lance deux d20 et conserve le meilleur des deux résultats.'),
('mutation-serpentine', 'Mutation serpentine', 1, 0, 'race', 'Le personnage peut révéler sa vrai nature, sa tête devient celle d\'un énorme serpent et son cou s\'allonge jusqu\'à mesurer un mètre. Sous cette forme, en plus de ses actions normales, l\'ophidien peut effectuer une attaque de morsure qui inflige 1d4 DM. La cible doit réussir un test de CON difficulté 12 contre le poison ou subir 2d6 DM supplémentaires. Le personnage peut garder cette forme aussi longtemps qu\'il le souhaite, revenir à sa forme humaine est une action limitée.'),
('nature-nourriciere', 'Nature nourricière', 0, 0, '', 'Si le rôdeur passe 1 heure en forêt, il trouve de quoi nourrir deux personnes (pour une journée) pour chaque Rang qu\'il possède dans cette Voie. En passant 1d6 heure(s) et en réussissant un test de SAG difficulté 10, le rôdeur trouve des plantes médicinales qui lui permettent de soigner 1d6 PV par Rang. Ces plantes doivent être utilisées immédiatement. Ces soins peuvent toutefois être répartis sur plusieurs patients : le joueur alloue les d6 correspondant aux plantes médicinales à sa guise.'),
('ni-chaud-ni-froid', 'Ni chaud ni froid', 0, 0, 'prest', 'Le personnage est habitué aux températures froides, il obtient un bonus de +5 à tous les tests de survie en milieu froid et aux tests pour résister au froid. Il peu supporter des températures de 0°C en étant habillé d\'un simple pagne et il retranche 5 points à tous les DM de froid subis (RD 5).'),
('ni-vu,-ni-connu', 'Ni vu, ni connu', 0, 0, 'prof', 'L\'homme du peuple se fond dans la foule sans aucun soucis. En effectuant un test de CHA difficulté 10, il disparaît dans la foule et ne peut plus être retrouvé, sauf Voie de profil particulière.'),
('novice', 'Novice', 0, 0, 'prof', 'L\'érudit dispose d\'un novice à son service. Celui-ci est absolument loyal à son maître et tient les rôles de serviteur et d\'assistant. Il s\'occupe de son équipement, trie ses documents et en prend soin, panse les blessures, etc. Grâce au novice, les capacités limitées (L) de tous les sorts de rang 1 que sait lancer le personnage ne nécessitent plus qu\'une action d\'attaque et toutes les durées de recherche documentaire sont divisées par 2. Enfin, le novice peut effectuer les premiers soins sur un personnage jusqu\'à 3 fois par jour ; les effets sont dans ce cas équivalent à l\'utilisation d\'une récupération (10 minutes pour [1 DV + niveau + Mod. de CON] PV). Tous les frais sont pris en charge par la capacité. Si le novice vient à mourir, l\'érudit en prend un autre à son service lors de son passage au niveau suivant. Novice : Init 10, DEF 11, PV 10, Att +1, DM 1d6'),
('nuee-d-insectes', 'Nuée d\'insectes', 1, 1, '', 'En réussissant un test d\'attaque magique (portée 20 m), le druide libère sur sa cible une nuée d\'insectes volants qui piquent, aveuglent et la suivent pendant [5 + Mod. de SAG] tours. La victime subit 1 point de DM par tour et un malus de -2 à toutes ses actions. Les DM de zone détruisent la nuée.'),
('nuees-de-criquets', 'Nuées de Criquets', 1, 0, 'prest', 'Cette capacité remplace la capacité Nuée d\'insectes. En réussissant un test d\'attaque magique (portée 20 m), le druide libère sur sa cible une nuée de criquet affamés qui la dévorent à petit feu pendant [5 + Mod de SAG.] tours. La victime subit 2 points de DM par tour et un malus de -3 à toutes ses actions. Les DM de zone détruisent la nuée.'),
('objet-epique', 'Objet épique', 0, 0, 'epic', 'En accord avec le MJ, le personnage choisit un objet magique en sa possession et lui insuffle une part de lui-même. L\'objet restera à jamais associé à son nom, il devient quasiment indestructible et le personnage obtient la capacité de le téléporter vers lui ou sur lui (pour une armure) par une action de mouvement. L\'objet gagne 1 niveau de magie que le joueur peut utiliser pour choisir une propriété magique ou une augmentation de bonus de son choix. Au niveau 15, son niveau de magie augmente de 1 pour un total de +2. Aux niveaux 17 et 19, il passe respectivement à +3 puis +4.'),
('objets-de-puissance', 'Objets de puissance', 0, 0, 'prest', 'Le forgesort est capable de créer des objet qui octroient des bonus aux Mod. de Carac. au prix de 2 mois de travail et de 200 po par point de bonus. Un tel objet nécessite le sacrifice permanent de 1 PV. Le bonus maximum que peut obtenir le forgesort est égal à son niveau divisé par 5 (arrondi à l\'inférieur).'),
('odeur-du-sang', 'Odeur du sang', 0, 0, 'prest', 'Le rôdeur gagne un bonus de +1 en attaque et aux DM pour chaque tranche de 10 PV perdus pendant le combat contre la cible qui lui a infligé ces DM (maximum +5). Ces bonus restent jusqu\'à la fin du combat. Ces bonus sont annulés si la cible meurt.'),
('odorat', 'Odorat', 0, 0, '', 'Le loup du rôdeur détecte les odeurs des animaux et des créatures là où ils sont passés. Le rôdeur obtient un bonus de +5 aux tests de SAG pour pister et suivre des traces.'),
('ombre-mortelle', 'Ombre mortelle', 1, 1, '', 'L\'ombre de la cible du nécromancien attaque son propriétaire pendant [3 + Mod. d\'INT] tours (portée 20 m). L\'ombre poursuit sa cible partout où elle se réfugie. Ombre : Attaque (une par tour) [attaque de la cible], DM [DM de la cible divisés par 2]'),
('ombre-mouvante', 'Ombre mouvante', 1, 0, '', 'En réussissant un test de DEX difficulté 10, le voleur peut disparaître dans les ombres à son tour et ne réapparaître qu\'au tour suivant durant sa phase d\'initiative. Aucun adversaire ne peut l\'attaquer pendant qu\'il a disparu dans les ombres, mais il peut subir des DM de zone. Le voleur réapparait à une distance maximum de 10 m de sa position initiale, et si il a l\'initiative, il peut réaliser une Attaque sournoise.'),
('on-m-la-fait-pas-a-m', 'On m\'la fait pas à moi !', 0, 0, 'prof', 'L\'homme du peuple est méfiant, et il est difficile de lui embrouiller l\'esprit ou de le baratiner. Il gagne un bonus de +5 à tous les tests effectués pour résister à une illusion, au baratin, à une négociation ou à tout autre moyen d\'influencer l\'esprit (qu\'il soit magique ou non).'),
('on-ne-prete-qu-aux-r', 'On ne prête qu\'aux riches', 0, 0, 'prof', 'Si le personnage souhaite faire l\'acquisition d\'un objet ou d\'un bien de grande valeur et qu\'il n\'a pas l\'argent nécessaire sur lui, on lui fait crédit sans problème. Il a un mois devant lui pour payer. Ensuite, il peut faire un test de CHA difficulté 15 pour prolonger ce délai d\'un mois supplémentaire, et peut renouveler ce test plusieurs mois d\'affilée si nécessaire.'),
('onde-de-choc', 'Onde de choc', 1, 1, '', 'Une fois par combat, le psionique peut produire une vague de force à 360 degrés autour de lui dans un rayon maximum de 10 mètres, moins s’il le souhaite. Toutes les créatures dans la zone d’effet subissent [2d6 + Mod. de CHA] DM et doivent réussir un test de FOR [10 + Mod. de CHA]+ ou être renversées. Les DM passent à 3d6 au rang 5 de la Voie.'),
('or-des-fous', 'Or des fous', 1, 0, 'prest', 'Le prêtre crée de la monnaie illusoire, jusqu\'à 10 pa par Rang avec une durée de 1d6 heures ou jusqu\'à 10 po par Rang pour une durée de 1d6 minutes.'),
('orateur-hors-pair', 'Orateur hors-pair', 0, 0, 'prest', 'Le barde obtient un bonus de +5 à tous les tests pour discourir, convaincre ou pour conter. Il connaît tous les contes et légendes célèbres et, dans le doute, un test INT difficulté 10 permet de confirmer sa connaissance d\'une légende plus confidentielle.'),
('ordre-de-bataille', 'Ordre de bataille', 0, 0, '', 'Le chevalier donne des ordres tactiques pertinents au coeur de la bataille. Une fois par tour, il octroie une action supplémentaire gratuite à un allié en vue (une action de mouvement ou une action d\'attaque, mais pas une action limitée).'),
('ordre-du-chevalier-d', 'Ordre du chevalier dragon', 0, 0, 'prest', 'Le chevalier rejoint l\'ordre des chevaliers dragons avec le grade d\'apprenti. Il reçoit des vêtements associés à son ordre (un énorme dragon rouge peint sur son armure et sur son bouclier) et il obtient une garde d\'épée prenant la forme d\'une gueule de dragon. Aussi longtemps qu\'il porte ces vêtements, il gagne un bonus de +5 pour tous les tests de persuasion et d\'intimidation. Ce bonus passe à +10 s\'il chevauche son drake.'),
('orientation-infailli', 'Orientation infaillible', 1, 0, 'race', 'Désormais, le minotaure ne se perd jamais et il connaît toujours le plus court chemin vers la sortie ou la surface.'),
('osmose-des-saisons', 'Osmose des saisons', 0, 0, 'prest', 'Le personnage cesse de vieillir. Toutefois, cela ne l’empêche pas de mourir de vieillesse, bien que son espérance de vie soit triplée. Son apparence change selon les saisons : adolescent au printemps, adulte en été, âgé en automne puis très âgé en hiver. Enfin, le personnage est immunisé aux sorts qui affectent le temps (lenteur, arrêt du temps, etc.).'),
('ouverture-mortelle', 'Ouverture mortelle', 0, 0, '', 'Une fois par combat, le voleur obtient une réussite critique automatique contre la cible de son choix. Il profite donc d\'une réussite automatique, des DM multipliés par 2 prévus dans ce cas, et même des d6 d\'Attaque sournoise, eux aussi multipliés.'),
('pacifisme', 'Pacifisme', 0, 0, '', 'Tant que le moine n\'a réalisé aucune action offensive dans un combat, il bénéficie d\'un bonus en DEF de +5.'),
('pacte-sanglant', 'Pacte sanglant', 0, 0, '', 'Par une action gratuite, le nécromancien sacrifie 1d4 PV et gagne immédiatement un bonus de +3 sur un jet de d20 de son choix ou en DEF contre une attaque. Au Rang 5 de cette Voie, il peut sacrifier 2d4 PV pour faire passer ce bonus à +5.'),
('panthere', 'Panthère', 0, 0, '', 'Le druide apprivoise une panthère (ou un puma) qui lui obéit au doigt et à l\'oeil. Panthère : Init 18, DEF 16, PV [niveau x 4], Attaque [niveau], DM 1d6+2, FOR +2, DEX +4*, CON +2, INT -3, SAG +3*, CHA -2'),
('parade', 'Parade', 0, 0, 'prest', 'Une fois par tour, le personnage peut tenter de parer une attaque au contact de l\'adversaire qu\'il a défié. Il devra réussir un test d\'attaque au contact au moins égal à celui obtenu par son adversaire pour parer ou esquiver l\'attaque choisie.'),
('parade-au-bouclier', 'Parade au bouclier', 0, 0, 'prest', 'En plus de ses actions habituelles, le personnage peut parer une attaque au contact à chaque tour. Il doit réussir un test d’attaque au contact opposé. Si l’attaque était un critique, il lui faut lui aussi une réussite critique pour la parer. En cas de réussite ordinaire, il reçoit des DM normaux (mais pas doublés). Le personnage doit choisir entre attaque au bouclier ou parade au bouclier, il ne peut pas utiliser les deux capacités au même tour.'),
('parade-croisee', 'Parade croisée', 1, 0, 'prest', '\"Durant un tour complet, le personnage obtient un bonus en DEF égal au Rang atteint dans la Voie. Il ne réalise qu\'une attaque à ce tour. Si le résultat du dé d\'attaque est pair, la main principale porte le coup '),
('parade-de-projectile', 'Parade de projectiles', 0, 0, '', 'Le moine peut dévier un projectile (flèche, javelot,...) une fois par tour de combat (sauf si le test d\'attaque est un critique ou si l\'attaque vient d\'une arme à poudre)...'),
('paralysie', 'Paralysie', 0, 0, 'epic', 'D\'un claquement de doigt ou d\'un simple regard (action de mouvement), le personnage peut paralyser une créature à une portée de 20 mètres. Le NC de la créature doit être inférieur à la moitié du niveau du personnage et il doit réussir un test d\'attaque magique contre le score de FOR de la cible. Maintenir le sort actif demande une action de mouvement par tour. Le personnage peut donc paralyser jusqu\'à 2 créatures simultanément.'),
('parano', 'Parano', 0, 0, 'race', 'Un frouïn est toujours sur ses gardes, il obtient un bonus de +5 à tous les tests pour éviter d\'être surpris et un bonus de +5 en Init. De plus, il ne reçoit que la moitié des DM des Attaques sournoises (ou autres bonus de DM de surprise).'),
('parchemins', 'Parchemins', 0, 0, 'prest', 'Le forgesort devient capable de créer des parchemins et peut inscrire un sort au prix d\'un jour de travail et de 5 pa par Rang du sort. S\'il ne connaît pas lui-même le sort, il doit se faire aider par un personnage capable de le lancer puis doit réussir un test d\'INT difficulté [10 + 2 x Rang du sort]. En cas d\'échec, le parchemin est inutilisable. En cas de réussite ou d\'échec critique, le MJ est libre de préparer une petite surprise de son cru...'),
('parfait-heros', 'Parfait héros', 0, 0, 'epic', 'Le personnage est connu pour son absence de point faible, il augmente ses 3 plus bas scores de caractéristique de 2 points.'),
('parfaite-maitrise', 'Parfaite maîtrise', 0, 0, 'epic', 'Le personnage obtient au choix un bonus de +5 à tous ses tests de Carac. physiques (maîtrise physique : FOR, DEX, CON) ou mentales (maîtrise mentale : INT, SAG, CHA).'),
('parfaitement-adapte', 'Parfaitement adapté', 0, 0, 'race', 'Le personnage est un parangon d’adaptation en milieu naturel, endurant et attentif à dame nature. Il augmente ses valeurs de CON et de SAG de +2.'),
('parole-divine', 'Parole divine', 0, 0, '', 'Pour chaque Rang dans cette Voie, le prêtre obtient un bonus de +2 aux tests de CHA visant à convaincre ou convertir son auditoire.'),
('pas-de-loup', 'Pas de loup', 0, 0, '', 'Quand il essaie de passer inaperçu en forêt, le rôdeur bénéficie d\'un bonus de +2 par Rang à son test de DEX.'),
('pas-de-quartier', 'Pas de quartier', 0, 0, 'prest', 'Pour le flibustier, il s\'agit de vaincre ou mourir. Sa férocité est légendaire : il peut tenter une action d\'attaque gratuite contre toute créature à son contact qui utilise une action de mouvement dans le but de s\'éloigner de lui. Pour cette attaque, il obtient un bonus de +5 en attaque et de +1d6 aux DM.'),
('pas-du-vent', 'Pas du vent', 0, 0, '', 'Le moine peut se déplacer avant et après avoir attaqué (mais il couvre toujours une distance normale). De plus, il gagne +1 par Rang dans la Voie en Intiative.'),
('passe-muraille', 'Passe-muraille', 1, 0, '', 'Le moine peut rendre son corps intangible le temps de passer au travers d\'un mur d\'une épaisseur maximum de [Mod. de SAG] m. Il ne peut rester immatériel qu\'un court instant et reprend corps dès qu\'il émerge du mur. Il est insensible aux attaques tant qu\'il est entièrement dans le mur, sauf si le mur est détruit.'),
('pattes-d-araignee', 'Pattes d\'araignée', 1, 1, '', 'Le nécromancien peut se déplacer de 10 m par action de mouvement sur les murs et les plafonds pendant [5 + Mod. d\'INT] tours. S\'il reste immobile, il peut lancer des sorts.'),
('paume-mortelle', 'Paume mortelle', 1, 0, 'prest', 'Une fois par jour, le moine peut tenter une attaque capable de tuer net un adversaire. Pour survivre, la victime doit réussir un test de CON ou de SAG (au choix) dont la difficulté est égale au niveau du moine. En cas d\'échec, elle meurt sur le coup...'),
('peau-d-acier', 'Peau d\'acier', 0, 0, '', 'Le barbare ne sent plus la douleur et ignore les égratignures, il réduit tous les DM subis de 3 points. Il subit toujours au moins 1 point de DM pour chaque attaque reçue.'),
('peau-d-ecorce', 'Peau d\'écorce', 1, 1, '', 'La peau du druide prend la consistance de l\'écorce. Il gagne +1 en DEF par Rang dans la Voie pendant [5 + Mod. de SAG] tours.'),
('peau-de-fer', 'Peau de fer', 0, 0, '', 'Le moine gagne un bonus de +2 en DEF.'),
('peau-de-pierre', 'Peau de pierre', 1, 1, '', 'Le magicien obtient une réduction des DM égale à [5 + Mod. d\'INT] pendant [5+ Mod. d\'INT] tours ou jusqu\'à ce que le sort ait absorbé 40 points de DM.'),
('peau-de-pierre-barba', 'Peau de pierre', 0, 0, '', 'Le barbare est particulièrement endurci, il reçoit un bonus de DEF égal à son Mod. de CON.'),
('perception', 'Perception', 0, 0, 'race', 'Le halfelin obtient un bonus de +5 à tous les tests de perception et de discrétion. Il peut ajouter son Mod. de DEX aux DM à la fronde et il sait utiliser cette arme quel que soit son profil.'),
('perception-du-passe', 'Perception du passé', 1, 1, '', 'Le psionique est désormais capable de percevoir les ondes psychiques résiduelles présentes en un lieu. Cela lui permet de déterminer la nature des émotions liées aux événements qui s’y sont déroulés (malheur, douleur, joie, haine, amour, etc.). Le psionique est capable de déterminer le laps de temps depuis le déroulement de l’événement en réussissant un test de SAG 15+. Il obtient un bonus de +5 au test\nsi l’événement date de moins de 24 heures ou si l’émotion est particulièrement intense (meurtre, torture, etc.).'),
('perception-extra-sen', 'Perception extra-sensorielle', 0, 0, '', 'Le psionique ne perçoit plus seulement grâce à ses sens, mais aussi avec son esprit. Il obtient un bonus de +1 par rang dans la Voie à tous ses tests de SAG en rapport avec la perception et en Initiative. Ce bonus ne s’applique pas aux tests requis par les autres capacités de cette Voie.'),
('perception-heroique', 'Perception héroïque', 0, 0, '', 'Le personnage augmente sa valeur de SAG de +2 et il peut désormais lancer deux d20 à chaque fois qu’un test de SAG lui est demandé et conserver le meilleur résultat.'),
('percuter', 'Percuter', 1, 0, 'creat', 'Sur une charge réussie, si la victime est d’une taille inférieure à la créature, elle est de plus projetée à [1d6+1] mètres de là (plus ou moins selon la taille des protagonistes). Elle doit réussir un test de CON de difficulté 15 ou être Etourdie. A chaque tour, elle peut tenter un nouveau test de CON pour retrouver ses esprits.'),
('petit-pote', 'Petit pote', 0, 0, 'race', 'Le gnome est un compagnon sympathique et difficile à prendre pour quelqu\'un de dangereux ou de mal intentionné. Il gagne un bonus de +5 à tous les tests de CHA.'),
('petit-veinard', 'Petit veinard', 0, 0, 'race', 'Le halfelin peut relancer un dé de son choix une fois par combat. Au Rang 3 de la Voie, il peut esquiver une attaque de son choix par combat (après avoir pris connaissance des DM).'),
('petite-taille', 'Petite taille', 0, 0, 'race', 'Le personnage obtient un bonus de +1 en DEF et de +2 à tous les tests de discrétion. En revanche, il peut utiliser à une main seulement les armes dont les DM sont au maximum égaux à 1d6 (épée courte,- masse, etc.). Il lui faut utiliser les 2 mains pour les armes qui infligent 1d8 à 1d10 de DM (épée longue). Enfin il lui est interdit d’utiliser les armes qui infligent plus de 1d10 DM.'),
('petite-taille-frouin', 'Petite taille (frouïn)', 0, 0, 'race', 'Sa petite taille et son habitude d’éviter les coups permet au frouïn d’obtenir un bonus de +2 en DEF. Ce bonus passe à +3 au Rang 4 de la Voie.'),
('petites-armes', 'Petites armes', 1, 0, 'race', 'Le personnage peut seulement utiliser à une main une arme dont les DM sont au maximum égaux à 1d6 (épée courte, masse, etc.). Il lui faut utiliser les 2 mains pour les armes qui infligent 1d8 à 1d10 de DM (épée longue). Enfin il lui est interdit d\'utiliser les armes qui infligent plus de 1d10 DM.'),
('peur', 'Peur', 1, 1, '', 'Le nécromancien effectue un test d\'attaque magique contre une cible (portée 20 m). Celle-ci doit réussir un test de FOR ou de SAG (au choix) difficulté [10 + Mod. d\'INT] ou fuir pendant [1d4 + Rang] tours (le MJ peut garder cette durée secrète). Une créature ne peut subir les effets de ce sort qu\'une fois par combat.'),
('phenix', 'Phénix', 0, 0, 'prest', 'Une fois par combat, lorsque le prêtre tombe à 0 PV, il se relève nimbé d\'une aura de lumière et de feu prenant la forme d\'un phénix. Il produit alors une onde d\'énergie positive qui restitue [3d6+Mod. de SAG] PV à tous ses alliés dans un rayon de 30 m et le double pour lui-même.'),
('pied-marin', 'Pied marin', 0, 0, 'prest', 'Le personnage gagne un bonus de +5 sur tous les tests de DEX réalisés sur un bateau ou sur d\'autres supports mobiles (ce qui comprend les chariots, les cordages, les ponts de corde). Il gagne un bonus de +5 sur les tous les tests relatifs à la natation et à la navigation.'),
('piege', 'Piège', 1, 0, 'prest', 'Un coffre ou un autre objet (tiroir, bourse, etc.) scellé par ce sort produit une explosion de feu dans un diamètre de 3 m, s\'il est ouvert sans prononcer le mot de commande. Toutes les créatures présentes dans la zone d\'effet subissent 6d6 DM de feu, la moitié si elles réussissent un test de DEX difficulté 13.'),
('piege-explosif', 'Piège explosif', 1, 0, '', 'Il faut un tour complet à l\'arquebusier pour installer un piège qui explose dans un rayon de 3 m en infligeant 5d6 DM (test de DEX difficulté 15 pour DM / 2). L\'arquebusier peut choisir entre deux modes de déclenchement, soit par un retardateur de 1 à 10 tours, soit par toute intrusion dans une zone de 1 m autour du piège. La 2eme solution nécessite 1 tour de préparation de plus et un personnage attentif peut détecter et éviter le piège avec un test de SAG difficulté [12 + Mod. d\'INT de l\'arquebusier].'),
('piege-improvise', 'Piège improvisé', 0, 0, 'race', 'Le kobold est capable de construire des pièges en un instant. Il peut en installer un au prix d’une action limitée en réussissant un test de DEX difficulté 15 (ou Diff. 10 avec le bonus racial de +5). S’il prend dix minutes, le succès est automatique. Le piège affecte une surface de 2 mètres de côté et une créature qui pénètre dans la zone piégée doit faire un test de DEX ou de SAG (au choix) difficulté [10 + Mod. d’INT du kobold] pour l’éviter. En cas d’échec, elle est victime d’un effet parmi les trois suivants (à indiquer lorsque le piège est posé)'),
('piqures-d-insecte', 'Piqures d\'insecte', 0, 0, '', 'Lorsqu\'il porte une armure lourde (demi-plaques ou plus), le chevalier réduit les DM subis par les attaques à distance d\'un montant égal au Rang atteint dans cette Voie.'),
('pirouettes', 'Pirouettes', 0, 0, 'prest', 'Les pas de danse rendent le personnage insaisissable, il gagne +1 en DEF par Rang atteint dans la Voie. Il gagne un bonus de +5 à tous les tests de danse et d\'acrobatie.'),
('plein-aux-as', 'Plein aux as', 0, 0, 'prof', 'Le personnage n\'est jamais à cours de liquidité, et obtient pour ses dépenses courantes 20 pa par jour pour chaque Rang atteint dans la Voie. S\'il n\'est pas dépensé, cet argent n\'est pas comptabilisé dans les économies du personnage.'),
('plus-d-une-corde-a-s', 'Plus d\'une corde à son arc', 0, 0, 'prof', 'Le courtisan sait que pour survivre, il ne peut pas seulement se reposer sur sa langue habile et ses relations. Il peut choisit une capacité de Rang 1 à 3 de son choix dans n\'importe quel profil.'),
('plus-vite-que-son-om', 'Plus vite que son ombre', 0, 0, '', 'Si son arme à poudre est prête (chargée et tenue en main), l\'arquebusier peut tirer avec un bonus de +10 à son Initiative.'),
('poigne-de-fer', 'Poigne de fer', 0, 0, 'prest', 'Le personnage peut utiliser une arme à 2 mains à une seule main (épée ou hache à 2 mains). À deux mains, il peut utiliser une arme prévue pour une créature de taille Grande qui inflige 2d8 DM au lieu de 2d6.'),
('poing-de-fer', 'Poing de fer', 0, 0, '', 'Lorsqu\'il combat à mains nues, le moine peut s\'il le souhaite utiliser son score d\'attaque à distance au lieu de celui d\'attaque au contact. Au Rang 1 de cette Voie, il inflige [1d6 + Mod. de FOR] DM létaux. Ces DM passent à 1d8 au Rang 3 et à 1d10 au Rang 5.'),
('poings-de-pierre', 'Poings de pierre', 0, 0, 'prest', 'Le personnage donne à ses coups le poids et l\'impact du roc. Lorsqu\'il obtient un résultat de 1 sur le dé de DM d\'une attaque à mains nues, ce résultat est remplacé par le score maximum possible du dé utilisé (par exemple 6 pour un d6). Cette capacité crée des effets dévastateurs lorsqu\'elle est associée à Griffes du tigre. De plus le personnage double ses DM lorsqu\'il frappe des structures de bois ou de pierre (porte, mur, etc.).'),
('poison-affaiblissant', 'Poison affaiblissant', 0, 0, 'prest', 'Le voleur peut remplacer le poison rapide par un poison affaiblissant, les effets ne sont appliqués que sur la première attaque réussie avec cette arme. Si elle ne réussit pas un test de CON difficulté 15, la victime est Affaiblie pour le reste du combat.'),
('poison-rapide', 'Poison rapide', 0, 0, 'prest', 'Le voleur sait fabriquer du poison rapide en petite quantité. Avant chaque combat, ses armes (trois au maximum) sont enduites de ce poison. La première attaque réussie provoque 2d6 DM supplémentaire. Si la victime réussit un test de CON difficulté [10 + Rang dans la Voie], elle ne subit que la moitié des DM. Les DM du poison rapide passent à 3d6 au Rang 4 de la Voie.'),
('poisons-virulents', 'Poisons virulents', 0, 0, 'prest', 'Le voleur sait fabriquer en petites quantités les poisons lent et violent, il peut en utiliser [1 + Mod. d\'INT] doses par jour (cumul des 2 sortes de poisons). La difficulté de résistance à ces poisons est de [12+Mod. d\'INT].'),
('polyvalence', 'Polyvalence', 0, 0, 'race', 'Le personnage augmente de 2 points la valeur de sa caractéristique la plus faible, ainsi que la valeur d\'une autre caractéristique au choix.'),
('porte-artificielle', 'Porte artificielle', 1, 1, '', 'L’invocateur invoque une porte venant d’un autre monde dans une surface maçonnée non magique de moins d’un mètre d’épaisseur (par exemple le mur d’une maison). Pendant [5 + Mod. de CHA] tours, cette porte peut être ouverte et refermée normalement et elle donne de l’autre coté du mur, de façon tout à fait ordinaire.'),
('porte-dimensionnelle', 'Porte dimensionnelle', 1, 1, '', 'L’invocateur fait apparaître une porte lumineuse pour une durée maximum de [5 + Mod. de CHA] minutes, bien qu’il puisse mettre fn au sort à tout moment. Cette porte apparaît simultanément dans un autre lieu choisi par l’invocateur, soit à portée de vue, soit à un endroit parfaitement connu de l’invocateur, à une portée maximum de 200 mètres. Tant qu’elle est active, la porte magique peut être empruntée dans un sens ou dans un autre par toute créature de taille grande ou inférieure. Si l’invocateur utilise à nouveau ce sort alors qu’une autre porte était encore active, la première disparaît immédiatement.'),
('porte-vegetale', 'Porte végétale', 1, 1, '', 'Une fois par jour, le druide peut pénétrer dans le tronc d\'un gros arbre et sortir de celui d\'un autre arbre appartenant à la même forêt et situé à une distance maximum de [Mod. de SAG] x 10 km.'),
('porteur-de-mort', 'Porteur de mort', 0, 0, 'epic', 'Le personnage est un tueur impitoyable, il ne fait qu\'une bouchée des adversaires qui ne sont pas à la hauteur. Le joueur choisit une catégorie d\'attaque (au contact, à distance ou magique). Lorsqu\'il le souhaite, il peut choisir de prendre une pénalité de -10 au test d\'attaque. En cas de réussite, ses DM sont doublés (triplés en cas de critique).'),
('porteur-de-poisse', 'Porteur de poisse', 0, 0, 'creat', 'Toutes les attaques et tous les tests effectués contre le PNJ sont réalisés avec deux dés, seul le plus mauvais résultat est pris en compte. À chaque fois qu’un joueur utilise 1 point de chance contre lui, le PNJ gagne 1 point de poisse. Un point de poisse peut être utilisé pour infliger une pénalité de -10 au test de d20 d’un adversaire au moment où le MJ en a envie.'),
('porteur-mort-ame-for', 'Porteur de mort (âme-forgée)', 1, 0, 'race', 'Une fois arrivé à 5 PV ou moins, un vieil ordre inscrit dans la mémoire de l’âme-forgée se déclenche. Elle doit réussir un jet de SAG DD 15 ou attaquer tous les humanoïdes à sa portée pendant 1d4 tours. Ses yeux deviennent alors totalement rouges, un indice que ses compagnons peuvent apercevoir.'),
('posture-de-combat', 'Posture de combat', 0, 0, '', 'Au début de votre tour, choisissez d\'appliquer jusqu\'à -1 par Rang soit en attaque, DEF ou DM et obtenez l\'équivalent en bonus au choix en attaque, DEF ou DM jusqu\'à votre prochain tour.'),
('pot-de-vin', 'Pot-de-vin', 0, 0, 'prof', 'En y mettant le prix, le personnage arrive généralement à obtenir ce qu\'il veut. Lorsqu\'il rate un test de CHA, il peut obtenir un bonus de +1 autant de fois qu\'il paye 10 pa (pour un montant maximum de 100 pa) afin de transformer son échec en réussite.'),
('potion-magique', 'Potion magique', 0, 0, '', 'Le forgesort peut préparer une potion d\'Agrandissement, de Forme gazeuse, de Protection contre les éléments, d\'Armure de mage ou de Chute ralentie (voir les Voies de magicien).'),
('poudre-puissante', 'Poudre puissante', 0, 0, '', 'L\'arquebusier sait préparer lui-même une poudre plus puissante, il ajoute +10 m à la portée et +2 aux DM de toutes ses armes à poudre.'),
('poussee-d-adrenaline', 'Poussée d\'adrénaline', 0, 0, 'prest', 'En dépensant 1d4 PV, le voleur gagne une action de mouvement supplémentaire à son tour. En combinaison avec Mouche du coche, le voleur peut ainsi sacrifier trois actions de mouvement et obtenir un bonus de +10 en DEF !'),
('pouvoir-mineur', 'Pouvoir mineur', 0, 0, 'prest', 'Le familier confère au personnage un pouvoir magique indiqué dans sa description.'),
('pouvoir-superieur', 'Pouvoir supérieur', 0, 0, 'prest', 'Le familier confère au personnage un second pouvoir magique indiqué dans sa description.'),
('precision', 'Précision', 0, 0, '', 'Le barde peut utiliser son score d\'attaque à distance pour combattre au contact lorsqu\'il emploie une arme à une main légère comme une dague, une épée courte ou une rapière.'),
('premier-cristal', 'Premier cristal', 0, 0, 'prest', 'Le forgesort apprend à créer un cristal de son choix. Il peut fabriquer chaque cristal en dépensant 200 pièces d\'argent.'),
('premiers-soins', 'Premiers soins', 0, 0, 'prest', 'Ce sort ne demande qu\'une action de mouvement pour être lancé et s\'effectue seulement sur un personnage à 0 PV. La cible touchée récupère immédiatement [2d6+Mod. de SAG] PV. Par ailleurs, le prêtre augmente les effets de tous les sorts de la Voie des soins de 1 point par Rang atteint dans cette nouvelle Voie.'),
('prescience', 'Prescience', 0, 1, '', 'Une fois par combat, à la fin d\'un tour, le joueur peut décider que tout ce qui c\'est passé durant ce tour n\'était que la vision d\'un futur possible. On rejoue alors le tour depuis le début : les autres personnages ne peuvent pas changer leurs actions, contrairement à l\'ensorceleur qui bénéficie d\'un bonus de +10 en Initiative et en DEF.'),
('presence-glaciale', 'Présence glaciale', 1, 0, 'prest', 'L\'ensorceleur transforme son corps en glace vivante, il gagne +4 en DEF, il est immunisé au froid et divise les DM de feu par 2. Les créatures qui le touchent ou l\'attaquent avec des armes naturelles subissent 1d6 DM. Lorsqu\'il marche, il gèle le sol et peut se déplacer sur l\'eau en la transformant en glace. Le sort a une durée de [1d6 + Mod. d\'INT] minutes.'),
('presence-incommodant', 'Présence incommodante', 1, 0, 'race', 'La seule présence du frouïn impose un malus de -1 à tous les tests d\'interaction sociale de ses compagnons (CHA).'),
('pression-destructric', 'Pression destructrice', 0, 0, 'prest', 'Cette capacité s\'utilise en combinaison avec Pression mortelle. Le moine ajoute un bonus de +1d6 DM à chaque attaque dont il n\'inflige pas immédiatement les effets, attendant de les libérer plus tard par une Pression mortelle.'),
('pression-mortelle', 'Pression mortelle', 1, 0, '', 'Le moine frappe les points par lesquels circule l\'énergie vitale d\'une créature vivante. En touchant un point précis, il libère ensuite des effets dévastateurs. Lorsqu\'il combat à mains nues, le joueur peut choisir de ne pas infliger immédiatement les DM de ses attaques. À tout moment dans l\'heure qui suit, il peut annoncer une  Pression mortelle. Il doit alors réussir un test d\'attaque contre la cible, ce qui libère instantanément la totalité des DM infligés jusqu\'alors.'),
('prison-vegetale', 'Prison végétale', 1, 1, '', 'Le druide peut commander à la végétation de pousser et bloquer ses ennemis (mais pas ses alliés) dans une zone de 10 m de diamètre (portée 20 m) pendant [5 + Mod. de SAG] tours. Entravées, les cibles subissent un malus de -2 en attaque et en DEF, et ne peuvent pas se déplacer. Chaque tour, une créature peut se libérer avec un test de FOR difficulté [10 + Mod. de SAG]. '),
('proche-de-la-nature', 'Proche de la nature', 0, 0, '', 'Le barbare obtient un bonus de +1 par Rang dans la Voie aux tests de survie, de discrétion ou d\'observation en milieu naturel.'),
('professionnel', 'Professionnel', 0, 0, 'prof', 'L\'expert gagne un bonus de +2 par Rang dans la Voie pour tous les tests liés à son métier.'),
('progesser-a-couvert', 'Progresser à couvert', 1, 0, 'prest', 'À son tour, le personnage peut se déplacer d’un maximum de 20 mètres et il augmente sa DEF contre les attaques à distance de +5. Il peut abriter une autre personne derrière lui et la faire bénéficier du même bonus de +5 en DEF.'),
('projectile-magique', 'Projectile magique', 1, 1, '', 'Le magicien choisit une cible visible située à moins de 50 mètres. Elle encaisse automatiquement 1d4 DM (pas de test d\'attaque nécessaire). À partir du Rang 4 dans cette Voie, les DM passent à 1d6.'),
('projectile-special', 'Projectile spécial', 1, 0, 'prest', 'À chaque combat le personnage peut tirer un nombre maximum de projectiles spéciaux égal au rang atteint dans la Voie, il lui faut ensuite 10 minutes pour renouveler sa réserve de projectiles. Lorsqu’il tire un projectile spécial, le personnage choisit un effet de son choix parmi les trois suivants. Étourdissant : +1d6 DM d’électricité et la cible doit faire un test de CON [10 + Mod. d’INT] ou être étourdie 1 tour.  Flash : DM normaux sur la cible principale et violent flash lumineux dans un rayon de 5 mètres, test de DEX [10 + Mod. d’INT] pour toutes les créatures dans la zone ou aveuglé 1 tour.  Shrapnel : DM normaux sur la cible principale et explosion projetant une multitude d’éclats dans un rayon de 5 mètres pour 1d8 DM.'),
('projection', 'Projection', 0, 0, 'creat', 'Sur 15 à 20 au test d’attaque, la victime est projetée à [1d6+1] mètres de là (plus ou moins selon la taille des protagonistes) et subit +3d6 DM supplémentaires. Elle doit réussir un test de CON de difficulté 15 ou être Etourdie. A chaque tour elle peut tenter un nouveau test de CON pour retrouver ses esprits. Sa résistance aux DM passe à 10 (RD 10).'),
('projection-du-ki', 'Projection du Ki', 1, 0, '', 'Le moine projette une vague de force avec son corps et son esprit à une distance maximum de 20 m. Un test d\'attaque magique réussi (Mod. de SAG) lui permet d\'infliger [2d6 + Mod. de SAG] de DM.'),
('projection-mentale', 'Projection mentale', 1, 0, '', 'Le moine entre en méditation et projette son esprit hors de son corps. Celui-ci ressemble à un ectoplasme de couleur blanche qui se déplace en volant à la vitesse de 10 m par tour. Il peut passer au travers des murs mais pas des êtres vivants, et il reste relié à son corps d\'origine par un long fil argenté. La durée maximum de la projection est de [valeur de SAG] tours. Le moine ne perçoit le monde que via sa projection mentale mais ressent si des DM sont infligés à son corps.'),
('projection-puissante', 'Projection puissante', 1, 0, 'prest', 'Le moine peut doubler les DM infligés  par sa capacité de Projection du Ki. Après un tel exploit, il lui faut attendre 1d4 tours pour pouvoir à nouveau utiliser Projection du Ki.'),
('proprietes-etranges', 'Propriétés étranges', 0, 0, 'prest', 'Le forgesort est dorénavant capable d\'apporter une propriété spéciale à un objet de sa création. Cet apport lui demande un mois de travail et la dépense de 100 po (qui s\'ajoutent au coût de fabrication de l\'objet) par niveau de magie. Il doit de plus utiliser un composant rare et précieux en rapport avec l\'objet (de l\'ichor de dragon rouge pour une épée de feu par exemple). À partir du Rang 5, il peut ajouter 2 propriétés spéciales à un objet.'),
('proprioception', 'Proprioception', 0, 0, '', 'Le psionique est capable de ressentir les processus biologiques qui parcourent son corps et de modifier les stimuli sensoriels qu’ils produisent. Il est immunisé aux effets de douleur ou de peur même magiques. Il augmente sa valeur de PV maximum de son Mod. de CHA.'),
('protecteur', 'Protecteur', 0, 0, 'prof', 'L\'expert est désormais reconnu pour son art et a acquis un protecteur. Il ajoute son Mod. de Carac. de métier pour tous les tests réalisés dans l\'intention d\'asseoir son autorité et d\'imposer le respect. Un tel expert ne saurait être dénigré ! De plus, il ajoute un bonus de +1 à sa DEF, car on hésite désormais à l\'attaquer.'),
('protecteur-entite', 'Protecteur', 0, 0, '', 'Quand un allié se trouve au contact de l’entité, il obtient un bonus de +2 en DEF. Si l’allié est l’invocateur, ce bonus passe à +4. De plus, une fois par tour, l’entité peut subir une attaque à la place d’un allié à son contact.'),
('protecteur-golem', 'Protecteur', 0, 0, '', 'Une fois par tour, s’il est au contact d’un personnage, le golem peut s’interposer et subir les DM d’une attaque à sa place.'),
('protection-contre-le', 'Protection contre le mal', 1, 1, '', 'Le prêtre peut lancer ce sort sur lui ou sur tout allié pour la durée d\'un combat. La cible obtient alors un bonus de +2 en DEF et pour tous les tests de résistance contre les attaques des mort-vivants, des démons, des élémentaires et des créatures conjurées (appelées d\'un autre plan par magie).'),
('protection-divine', 'Protection divine', 0, 0, 'prest', 'Sous sa forme d\'ange, le prêtre, sous la protection de son dieu, bénéficie d\'un bonus de +3 en DEF. De plus, une fois par jour, il peut décider que les DM d\'une attaque sont absorbés entièrement par la puissance de son dieu, après avoir pris connaissances des DM.'),
('protection-vs-elemen', 'Protection contre les éléments', 1, 1, '', 'Pendant [5 + Mod. d’INT] tours, le magicien retranche à tous les DM de feu, de froid, d’électricité ou d’acide subis un montant égal à 2 fois son Rang dans cette Voie.'),
('proteger-un-allie', 'Protéger un allié', 0, 0, '', 'Le guerrier accorde le Mod. de DEF de son bouclier à un compagnon de son choix qui se trouve juste à côté de lui (il conserve ce bonus pour lui-même aussi). Il peut changer de compagnon à chaque tour durant sa phase d\'initiative. C\'est une action gratuite.'),
('prouesse', 'Prouesse', 0, 0, '', 'Le guerrier réussit souvent des exploits physiques hors-normes. Une fois par tour, vous pouvez sacrifier 1d4 PV pour obtenir +5 sur un test de caractéristique de FOR ou de DEX. Vous pouvez annoncer l\'utilisation de cette capacité après avoir pris connaissance du résultat du test de carcatéristique.'),
('provocation', 'Provocation', 1, 0, '', 'Le voleur maîtrise l\'art de se rendre désagréable, voire insupportable. Par un test opposé de CHA contre l\'INT de la victime, il peut forcer celle-ci à l\'attaquer pendant ce tour. Le voleur peut immédiatement riposter par une attaque gratuite ou, si la cible l\'a raté, par une Attaque sournoise !'),
('psychoportation', 'Psychoportation', 1, 1, '', 'Le psionique est désormais capable de s’élever lui-même dans les airs et de voler pendant [5 + Mod. de CHA] tours. Sa vitesse maximale est égale à sa vitesse au sol et se maintenir en vol stationnaire est une action gratuite. En outre, grâce à l’application permanente des principes de la télékinésie, le joueur peut désormais lancer deux d20 à chaque fois qu’un test de FOR est demandé au personnage et conserver le meilleur résultat.'),
('puissance-colossale', 'Puissance colossale', 0, 0, 'prest', 'Le golem gagne +2 en Mod. de FOR, ce qui passe ses DM à 1d6+5. Il gagne aussi une attaque supplémentaire par tour lorsqu\'il utilise une action limitée.'),
('puissance-du-ki', 'Puissance du Ki', 0, 0, '', 'Le moine peut choisir d\'utiliser un d12 en attaque au lieu du d20 habituel (et il ajoute normalement son score d\'attaque). Si l\'attaque est réussie, il ajoute 2d6 aux DM. Cette capacité peut être utilisée avec Déluge de coups ou Projection du Ki par exemple.'),
('puissance-ki-seigneu', 'Puissance du Ki (seigneur)', 0, 0, '', 'Le seigneur peut effectuer une attaque au contact avec 1d12 au lieu du d20 habituel. Si l’attaque est un succès, il ajoute +2d6 DM. S’il possède la capacité Moment zen, le seigneur peut utiliser Puissance du Ki tout en prenant 10. Le joueur lance le d12 et si le résultat est inférieur à 10, il peut le remplacer par 10. Toutefois, dans ce cas, il ne bénéficie pas du bonus de +2d6 aux DM.'),
('putrefaction', 'Putréfaction', 1, 1, '', 'En réussissant un test d\'attaque magique (portée 10 m), le nécromancien fait pourrir les chairs de sa victime, infligeant [1d6 + Mod. d\'INT] DM. La victime subit un malus de -2 à tous ses tests pour le reste du combat, à moins de réussir un test de CON difficulté [12 + Mod. d\'INT].'),
('quatrieme-cristal', 'Quatrième cristal', 0, 0, 'prest', 'Le forgesort apprend à créer deux nouveaux cristaux de son choix. Il peut bénéficier au maximum des effets de 4 cristaux simultanément, mais pas deux fois le même.'),
('raccourci', 'Raccourci', 1, 1, '', 'L’invocateur emprunte une porte magique qui apparaît à son contact et il ressort par une autre en vue et à moins de 10 mètres de distance par rang atteint dans la Voie. Les deux portes disparaissent immédiatement après son passage.'),
('radar-mental', 'Radar mental', 0, 0, '', 'Le psi ressent naturellement la présence de créatures pensantes autour de lui, qu’elles soient animales ou végétales. Il obtient un bonus de +2 par rang dans la Voie à tous ses tests de SAG lorsqu’il s’agit de détecter un être vivant (tests de surprise) et il ne subit pas de pénalité pour attaquer au contact un être vivant lorsqu’il est aveuglé ou si la créature est invisible. De plus, à partir du rang 4, en présence d’une forme de vie, il est capable d’évaluer si elle est en bonne santé ou non, sans toutefois obtenir un diagnostic plus précis.'),
('rage-du-berserk', 'Rage du berserk', 1, 0, '', 'Le barbare entre dans une rage sanguinaire pour le reste du combat, ce qui le rend particulièrement dangereux. Il obtient un bonus de +2 en attaque et +1d6 aux DM sur toutes ses attaques au contact, mais subit un malus de -4 en DEF et ne peut fuir ou attaquer à distance. S\'il veut stopper la rage avant d\'avoir éliminé tous les ennemis en vue, le barbare doit réussir un test de SAG difficulté 13 (un seul essai par tour).'),
('rage-froide', 'Rage froide', 0, 0, 'prest', 'Le barbare est capable de garde toute sa lucidité alors qu\'il entre en rage (Voie de la rage). Il ne subit aucune pénalité de DEF et peut utiliser les armes de jet. Il ne peut toutefois pas utiliser d\'arme de trait (arc, arbalète), ni tenter de négocier dans cet état.'),
('rapide-comme-son-omb', 'Rapide comme son ombre', 0, 0, 'race', 'Le gobelin obtient un bonus +3 à tous les tests de discrétion et en initiative.'),
('rapidite-epique', 'Rapidité épique', 0, 0, 'epic', 'Désormais, lorsque le personnage réalise une action limitée, il obtient en plus une action de mouvement avant ou après celle-ci.'),
('rappel', 'Rappel', 0, 0, '', 'Le personnage peut rappeler son familier à son contact par magie. Le familier est téléporté sur son maître au prix d’une action de mouvement s’il est en vue ou par une action limitée dans tous les autres cas.'),
('rappel-a-la-vie', 'Rappel à la vie', 0, 1, '', 'Une fois par jour, le prêtre peut rappeler à la vie un personnage décédé depuis moins de [Mod. de SAG] heures par un rituel de 10 minutes. Il doit connaître personnellement la personne rappelée et posséder une relique lui appartenant. Le personnage revient à la conscience avec 1d6 PV.'),
('rat-des-villes', 'Rat des villes', 0, 0, 'race', 'Le personnage est à l\'aise dans les foules et les cités bondées du monde. Il gagne un bonus de +5 pour tous les tests liés à la perception dans une foule, ainsi que pour trouver l\'adresse d\'une  personne ou l\'emplacement d\'un lieu précis en zone urbaine.'),
('rayon-affaiblissant', 'Rayon affaiblissant', 1, 1, '', 'Le magicien choisit une cible située à moins de 10 mètres. Si son attaque magique réussit, le rayon affecte la cible qui subit un malus de -2 à ses tests de FOR, d\'attaque au contact et de DM, pendant [1d6 + Mod. d\'INT] tours.'),
('rayonnement-heroique', 'Rayonnement héroïque', 0, 0, 'prof', 'Le personnage augmente son CHA ainsi que la caractéristique régissant son métier de +2. S\'il s\'agit également du CHA, alors il augmente son INT de +2.');
INSERT INTO `cof_capacites` (`capacite`, `nom`, `limitee`, `sort`, `type`, `description`) VALUES
('reaction-violente', 'Réaction violente', 1, 0, 'race', 'Si une créature se moque du personnage ou le provoque sur son origine ou son apparence, vous devez réussir un test de SAG difficulté 10, sans quoi le personnage est pris d’une crise de folie passagère. Dans cet état, il bénéficie d’un bonus de +2 en attaque et aux DM. Le demi- ogre attaque sa cible et tous ceux qui s’interposent pendant 1d6 tours. Le demi-ogre peut stopper la crise à tout moment en prenant sur lui, il subit alors immédiatement 1d6 DM par tour restant. Il n’est pas rare de voir un jeune demi-ogre perdre conscience en essayant de se contrôler.'),
('reduction-des-dm', 'Réduction des DM', 0, 0, 'creat', 'La créature est peu sensible aux DM provoqués par les armes, le métal rebondi sur elle comme un vulgaire morceau de bois ou alors la créature guérit immédiatement. Elle obtient une réduction des DM (RD) de 5, ce score est retranché à tous les DM subits. Choisissez un type d’arme qui ignore cette réduction'),
('reflexes-felins', 'Réflexes félins', 0, 0, '', 'Le barbare obtient un bonus de +1 par Rang dans cette Voie à son score d\'initiative et à tous les tests de DEX destinés à esquiver un danger (boule de feu, souffle, pièges, etc.).'),
('regard-hypnotique', 'Regard hypnotique', 0, 0, 'race', 'L\'ophidien peut lancer le sort d\'ensorceleur Injonction (Voie de l\'envoûteur). Il peut le faire même s\'il porte une armure. A partir du Rang 4, il peut utiliser le sort Sommeil. Si le personnage connait déjà ces capacités, il double le nombre de cibles affectées.'),
('regeneration', 'Régénération', 0, 0, 'prest', 'Le moine considère tous les DM subis par des attaques à mains nues (mêmes les attaques à mains nues des autres moines) comme des DM temporaires. C\'est-à-dire qu\'il les guérit au rythme de 1 PV par minute.'),
('regeneration-druide', 'Régénération', 1, 1, '', 'La cible touchée par le druide guérit 3 PV par tour pendant [niveau du druide + Mod. de SAG] tours. Ce sort ne peut pas affecter une créature plus d’une fois par jour.'),
('renforce-par-les-epr', 'Renforcé par les épreuves', 0, 0, 'race', 'Le tieflin a appris à faire de sa marque d\'infâmie une force qui lui donne la volonté de surmonter les obstacles, il augmente ses valeurs de SAG et de CHA de +2 (le bonus total de CHA est de +4).'),
('renverser', 'Renverser', 0, 0, 'race', 'Lorsqu’il réussit une charge au galop ou une attaque de sabot, le centaure peut faire un test de FOR opposé (avec son bonus de +3) pour renverser sa cible si elle est de taille moyenne ou inférieure.'),
('renvoi-de-sort', 'Renvoi de sort', 1, 0, '', 'Le guerrier peut décider de renvoyer un sort qu\'il vient d\'absorber grâce à sa capacité Absorber un sort. Au lieu d\'être annulé, le sort absorbé le tour précédent est retourné contre son expéditeur : le lanceur du sort subit alors les effets de sa propre attaque !'),
('repli', 'Repli', 1, 0, '', 'Le rôdeur se déplace de 40 m en forêt en s\'éloignant de ses ennemis. S\'il réussit un test de DEX difficulté 10, il disparaît de la vue de ses poursuivants. Il peut s\'éloigner ou rester caché sans risque d\'être retrouvé ou rattrapé.'),
('reputation-heroique', 'Réputation héroïque', 0, 0, 'prest', 'La réputation du personnage dépasse les frontières et des bardes chantent ses louanges et sa force sur tout le continent ! Partout, il est reçu par les puissants comme un hôte de marque, les voleurs eux-mêmes hésitent à duper ou escroquer un tel héros. S’il fait connaître son identité, le personnage gagne un bonus de +5 à tous les tests d’interaction sociale avec les créatures humanoïdes. Les soldats, les gens du commun et les goblinoïdes, à l’exception des chefs, subissent un malus de -5 en attaque, tant ils sont impressionnés par sa réputation.'),
('reseau', 'Réseau', 0, 0, 'prest', 'Grâce à son réseau de connaissances ou par l\'intermédiaire d\'autres espions, le personnage peut obtenir de nombreux avantages. Un test de CHA difficulté 10 lui suffit pour obtenir une entrevue avec n\'importe quel personnage puissant à tout moment. Un test de difficulté 15 peut lui permettre d\'obtenir un service, par exemple une lettre de recommandation, un renseignement réservé à l\'élite, des billets pour un bal privé ou même une escorte armée pour l\'aider à se rendre en un endroit dangereux.'),
('reserve-de-mana', 'Réserve de Mana', 0, 0, 'prest', 'Le personnage gagne 1 point de Mana (PM) par rang acquis dans la Voie°. Le personnage récupère ses points de Mana après un repos de 8 heures, une fois par jour. Désormais, le personnage peut doubler la portée d’un sort ou sa durée (sauf pour les sorts instantanés) en dépensant 1 PM.'),
('resistance-a-la-magi', 'Résistance à la magie', 0, 0, 'race', 'Chaque fois que le personnage est la cible d\'un sort (sauf un sort de zone), le joueur lance 1d6 : sur un résultat supérieur au Rang du sort, il peut en ignorer les effets.'),
('resistance-aasimar', 'Résistance (aasimar)', 0, 0, 'race', 'Le sang céleste qui coule dans les veines du personnage se renforce, désormais il retranche 5 points à tous les DM d\'acide, de froid ou d\'électricité subis.'),
('resistance-au-feu', 'Résistance au feu', 0, 0, 'prest', 'Le chevalier est désormais un membre à part entière de l\'ordre des chevaliers dragons. Il a appris à résister aux flammes les plus féroces et il retranche 5 points à tous les DM de feu subis. Cette RD passe à 10 une fois atteint le Rang 5.'),
('resistance-aux-eleme', 'Résistance aux éléments', 0, 0, 'race', 'Les tieflins retranchent 5 points (RD 5) à tous les DM de feu, de froid et d\'électricité subis.'),
('resistance-aux-poiso', 'Résistance aux poisons', 0, 0, 'prest', 'A force de manipuler les poisons, le voleur a développé des immunités. Lorsqu\'il est empoisonné, faites un test de CON difficulté 10. En cas de succès, il ne subit aucun effet, et seulement la moitié s\'il échoue.'),
('resistance-colossale', 'Résistance colossale', 0, 0, 'prest', 'Le personnage gagne immédiatement un dé de vie supplémentaire auquel se rajoute son Mod. de CON (il possède un DV de plus que son niveau).'),
('resistance-de-lhiver', 'Résistance de l\'hiver', 0, 0, 'prest', 'Le personnage devient résistant au froid et au feu, il divise par deux les DM de feu et de froid.'),
('resistance-elementai', 'Résistance élémentaire', 0, 0, 'prest', 'Le personnage ne subit que la moitié des DM provenant de son élément de prédilection.'),
('resistance-et-regene', 'Résistance et régénération', 0, 0, 'prest', 'Le golem divise par 2 tous les DM élémentaires (feu, froid, acide) et peut absorber l\'électricité. Non seulement le golem de chair est immunisé à l\'électricité mais en plus les DM de ce type lui permettent de guérir de ses blessures. Il régénère 1 PV pour 3 DM d\'électricité qui lui sont infligés.'),
('resistance-familier', 'Résistance (familier)', 0, 0, '', 'Le familier obtient une réduction des DM (RD) de 1 point par rang atteint dans la Voie face à tous les types de DM.'),
('resistance-frouin', 'Résistance (frouïn)', 0, 0, 'race', 'Les frouïns obtiennent un bonus de +5 pour résister aux maladies et aux poisons. Ils peuvent manger des aliments avariés sans tomber malade et n’ont besoin que de trois fois moins de nourriture qu’un humain.'),
('resistance-heroique', 'Résistance héroïque', 0, 0, 'prof', 'Le personnage augmente sa SAG et sa CON de +2.'),
('resistance-legendair', 'Résistance légendaire', 0, 0, 'race', 'Le halfelin obtient un bonus de +5 à tous ses tests de CON et un bonus de +5 en DEF contre la magie.'),
('resistance-magie-bar', 'Résistance à la magie', 0, 0, '', 'Le barbare devient capable de résister à la magie. Lorsqu’il est la cible d’un sort, une fois par tour, il peut faire un test d’attaque magique (Mod. de SAG) opposé à celui du sort. En cas de réussite, il n’en subit pas les effets.'),
('resistance-nain', 'Résistance (nain)', 0, 0, 'race', 'Le nain gagne un bonus de +5 à tous ses tests de CON.'),
('resistant', 'Résistant', 0, 0, '', 'Le druide obtient une réduction de DM égal à son Rang contre toutes les sources de DM  naturels  : froid, chaleur, chutes, poisons... mais aussi aux DM provoqués par les animaux ou les insectes (même géants).'),
('resister-a-la-corrup', 'Résister à la corruption', 0, 0, 'prest', 'Une fois par combat, le rôdeur résiste totalement à un sort ou un effet magique de son choix. De plus il est immunisé aux effets de corruption : drain, affaiblissement, pourriture, empoisonnement ou maladie provoqués par les morts-vivants, les démons ou les animaux maléfiques ou corrompus.'),
('respiration-aquatiqu', 'Respiration aquatique', 1, 1, '', 'Le magicien peut respirer sous l\'eau pendant 10 minutes. Cette capacité peut être étendue à un compagnon par point de Mod. d\'INT.'),
('revenu-des-enfers', 'Revenu des enfers', 0, 0, 'epic', 'Le personnage possède une envie de vivre supérieure et gagne un bonus de +5 à tous les tests de CON et de SAG. S\'il décède avant la fin de la campagne, le joueur et le MJ se mettent d\'accord pour inventer une histoire plausible et laissant la part belle à l\'héroïsme afin d\'expliquer la survie miraculeuse du personnage et sa réapparition. À la suite de cette expérience, le personnage gagne +2 aux valeurs de CON et de SAG. Ce qui ne nous tue pas nous rend plus fort.'),
('riposte', 'Riposte', 0, 0, '', 'En plus de son action normale, une fois par tour, lorsqu\'un adversaire rate une attaque de contact contre le guerrier, il obtient une attaque supplémentaire contre cet adversaire.'),
('riposte-champion', 'Riposte', 0, 0, 'creat', 'Le champion peut effectuer une attaque en action gratuite contre chaque adversaire qui l’attaque à l’exception de celui qu’il a luimême choisit d’attaquer à son tour.'),
('rituel-de-puissance', 'Rituel de puissance', 1, 0, '', 'Sur une attaque magique, le magicien peut utiliser un d12 en attaque au lieu du d20 habituel. Si l\'attaque est réussie, il ajoute 2d6 aux DM. Cette capacité s\'utilise uniquement avec les sorts nécessitant un test d\'attaque et infligeant des DM.'),
('rituel-primitif', 'Rituel primitif', 1, 0, 'prest', '\"Après avoir consacré 10 minutes à psalmodier, danser et préparer des ingrédients occultes, le nécromancien choisit un sort parmi ceux de sa connaissance. Lors de sa prochaine utilisation de ce sort, il double un paramètre : la portée, les DM ou le nombre de cibles affectées. Au Rang 2, le Nécromancien ne peut préparer qu\'un seul sort à la fois par ce biais '),
('robustesse', 'Robustesse', 0, 0, '', 'Le guerrier gagne 3 PV supplémentaires au Rang 1, puis 3 PV de plus au Rang 3 de cette Voie et enfin 3 PV au Rang 5.'),
('roi-de-la-debrouille', 'Roi de la débrouille', 0, 0, 'prof', 'Le miséreux doit être capable de saisir toutes les opportunités qui s\'offrent à lui, sans jamais se laisser surprendre par les événements. Pour chaque Rang atteint dans cette Voie, il gagne un bonus de +1 en Initiative et à tous les tests de métiers physiques.'),
('ruade', 'Ruade', 0, 0, 'race', 'Le centaure peut réaliser une attaque de sabot qui inflige 1d6+3 DM avec son score d’attaque au contact habituel (action d’attaque). Au prix d’une action limitée, il peut réaliser une attaque avec une arme, plus une attaque de sabot.'),
('rumeurs-et-legendes', 'Rumeurs et légendes', 0, 0, '', 'À force de voyager, le barde a appris toutes sortes de choses, il obtient un bonus de +2 par Rang dans cette Voie aux tests INT pour se  souvenir  d\'une information historique, politique, géographique ou occulte qui pourrait lui être utile.'),
('rune-de-pouvoir', 'Rune de pouvoir', 0, 0, '', 'Le forgesort inscrit une rune lumineuse dans les airs (visible pour la durée du sort) et piège une zone allant de 2 à 10 m de diamètre. Toute créature de taille au moins Très Petite déclenche un des effets suivants chaque fois qu\'elle entre dans la zone. Le sort dure 1d6 minutes mais peut être prolongé à 12 heures par un rituel de 10 minutes. Les créatures présentes dans la zone pendant le rituel sont immunisées. Toute autre rune active se termine immédiatement. Effets : Alarme : un puissant gong retentit. Feu : [3d6+Mod. d\'INT] DM de feu. Peur : test de SAG difficulté [15+Mod. d\'INT] ou fuir pendant 2d6 tours.'),
('runes-d-energie', 'Rune d\'énergie', 1, 1, '', 'En réalisant un rituel de 5 minutes, le forgesort enchante un bijou pour 24 h. Celui-ci permet de relancer un d20 une fois par combat sur un test d\'attaque, de FOR, DEX ou CON. Un seul bijou de ce type peut être porté.'),
('runes-de-defense', 'Runes de défense', 0, 0, '', 'Le forgesort inscrit des runes de protection sur l\'ensemble de son équipement et parfois jusque sur sa peau. Il obtient un bonus de +1 en DEF par Rang dans la Voie.'),
('runes-de-protection', 'Rune de protection', 1, 1, '', 'En réalisant un rituel de 5 minutes, le forgesort enchante une armure pour 24 h. Celle-ci permet d\'ignorer les DM d\'une attaque une fois par combat.'),
('runes-de-puissance', 'Rune de puissance', 1, 1, '', 'En réalisant un rituel de 5 minutes, le forgesort enchante une arme pour 24 h. Celle-ci permet d\'infliger les DM maximum une fois par combat.'),
('ruse-instinctive', 'Ruse Instinctive', 0, 0, 'race', 'Le kobold est plus rapide et rusé que jamais. Il augmente de +2 sa DEX et sa SAG.'),
('sabre-au-poing', 'Sabre au poing', 1, 0, 'prest', 'A ce tour, le personnage peut tirer avec une arme à poudre d\'une main et porter une attaque de contact sans pénalité avec une seconde arme (tenue dans son autre main).'),
('sac-sans-fond', 'Sac sans fond', 0, 0, '', 'Le forgesort possède un sac dans lequel il peut entreposer 50 kg de matériel par Rang dans la Voie, tandis que le sac semble toujours ne peser qu\'un kilo. Le sac ne fonctionne pas avec une créature vivante. Le sac est de plus capable de fournir au forgesort tout objet dont la valeur ne dépasse pas 20 pa, le poids 50 kg, la circonférence 1 m et le volume 1 m3. Ces objets disparaîssent au bout d\'une heure. De ce fait, la nourriture magique retirée du sac ne nourrit pas vraiment celui qui la consomme.'),
('sagesse-de-lautomne', 'Sagesse de l\'automne', 0, 0, 'prest', 'Le personnage augmente sa valeur de SAG de +2'),
('sagesse-heroique', 'SAGesse héroïque', 0, 0, '', 'Le personnage augmente sa valeur de SAG de +2 et il peut désormais lancer deux d20 à chaque fois qu\'un test de SAG lui est demandé et conserver le meilleur résultat.'),
('sagesse-populaire', 'Sagesse populaire', 0, 0, 'race', 'Les campagnards gagnent un bonus de +5 pour se souvenir de toute information relative aux rumeurs, aux contes et légendes, sagesses rurales... et aux tests destinés à calmer ou apaiser les animaux.'),
('saignements', 'Saignements', 1, 1, '', 'Le nécromancien doit réussir un test d\'attaque magique (portée 10 m). Du sang s\'écoule de la bouche, du nez, des oreilles et même des yeux de la victime, qui subit 1d6 DM par tour pendant [Rang] tours.'),
('sanctuaire', 'Sanctuaire', 1, 1, '', 'Quand le prêtre lance ce sort, tous les adversaires qui veulent l\'attaquer doivent d\'abord réussir un test de SAG difficulté 15. S\'ils échouent, ils ne peuvent pas l\'attaquer. Les effets de ce sort durent [5 + Mod de SAG] tours, mais si le prêtre tente la moindre attaque, le sort prend fin immédiatement.'),
('sang-du-printemps', 'Sang du printemps', 0, 0, 'prest', 'Le personnage double le nombre PV récupérés sur le dé (mais pas un éventuel bonus) à chaque fois qu’il se repose (ou qu’il utilise un point de récupération). À partir du rang 4, il double aussi les effets des capacités de soins dont il bénéficie (seulement les dés, pas les bonus).'),
('sang-froid', 'Sang-froid', 0, 0, 'race', 'Le demi-ogre obtient un bonus de +5 aux tests pour garder son sangfroid et notamment pour résister à une réaction violente. La durée de la réaction violente est réduite à 1d4 tours et les DM subis lorsqu’il prend sur lui à 1d4 par tour restant.'),
('sang-mordant', 'Sang mordant', 1, 1, '', 'Pendant [5 + Mod. d\'INT] tours, le sang du nécromancien se transforme en un acide qui gicle lorsqu\'il subit une blessure. Chaque fois qu\'un ennemi au contact le blesse, ce dernier subit 1d6 DM d\'acide.'),
('sang-puissant', 'Sang puissant', 0, 0, 'prest', 'Le personnage est immunisé aux effets de saignement (blessure sanglante, sort de saignement et d’hémorragie) et à la capacité d’absorption d’énergie des vampires.'),
('sans-peur', 'Sans peur', 0, 0, '', 'Le chevalier est immunisé aux attaques de peur et il offre un bonus de [2 + Mod. de CHA] à tous ses alliés contre ce type d\'effet.'),
('sceptre-defensif', 'Sceptre défensif', 0, 0, 'prest', 'Le bâton du mage est un outil de défense complet, il lui sert aussi bien à parer efficacement en mêlée qu\'à se protéger des sorts adverses. Lorsqu\'il tient son bâton en main, le personnage gagne un bonus de +1 en DEF par Rang dans la Voie.'),
('science-du-critique', 'Science du critique', 0, 0, '', 'Le guerrier inflige des critiques sur 19-20 (18-20 lorsqu\'il emploie une rapière ou une vivelame).'),
('se-faire-discret', 'Se faire discret', 0, 0, 'race', 'Le tieflin est habitué à cacher sa véritable nature, il obtient un bonus de +5 à tous les tests pour mentir et pour se déguiser.'),
('se-fondre-dans-la-fo', 'Se fondre dans la foule', 0, 0, 'prest', 'Le voleur sait se rendre complètement quelconque. Il peut repérer des lieux, suivre des gens, infiltrer des endroits réservés (avec le costume adapté) sans aucun jet de dé tant qu\'il n\'entreprend aucune action qui pourrait sérieusement attirer l\'attention sur lui. S\'il se fait repérer mais parvient à prendre la fuite, personne ne sera capable de le décrire correctement. Il gagne +5 à tous ses tests de discrétion et de déguisement et, lorsqu\'il réalise une action de fuite dans un lieu bondé, il lui suffit de réussir un test de CHA difficulté 10 pour disparaître.'),
('se-planquer', 'Se planquer', 0, 0, 'race', 'Grâce à sa petite taille et sa discrétion naturelle, le frouïn obtient un bonus de +5 à tous les tests de discrétion.'),
('se-planquer-kobold', 'Se planquer', 0, 0, 'race', 'Grâce à sa petite taille et sa discrétion naturelle, le kobold obtient un bonus de +5 à tous les tests de discrétion et d’embuscade.'),
('second-cristal', 'Second cristal', 0, 0, 'prest', 'Le forgesort apprend à créer un cristal de son choix. Il peut bénéficier des effets de 2 cristaux simultanément, mais pas deux fois le même.'),
('second-ennemi-jure', 'Second ennemi juré', 0, 0, '', 'Le rôdeur choisit une nouvelle race ennemie. Les règles et avantages de la capacité Ennemi Juré s’appliquent à l’identique.'),
('second-souffle', 'Second souffle', 1, 0, '', 'Le guerrier peut décider de ne pas attaquer lors du tour de combat pour reprendre son souffle. Il récupère alors [1d10 + niveau + Mod. de CON] PV. Attention : cette capacité ne peut être utilisée qu\'une fois par combat.'),
('secrets-d-alcoves', 'Secrets d\'alcôves', 0, 0, 'prest', 'Le voleur obtient un bonus de +5 pour tous les tests visant à trouver ou obtenir des informations secrètes ou sensibles et +5 à tous les tests de perception auditive (SAG). De plus, en réussissant un test de SAG difficulté 12, il est capable de suivre une conversation à distance en lisant sur les lèvres.'),
('secrets-et-commerage', 'Secrets et commérages', 0, 0, 'prof', 'Le courtisan obtient un bonus de +5 pour tous les tests visant à trouver ou obtenir des informations secrètes ou sensibles, et de +1 à tous les tests de perception auditive (SAG) par Rang atteint dans cette Voie.'),
('seigneur-feerique', 'Seigneur féerique', 1, 0, 'race', 'le personnage devient plus sage et charismatique, il est considéré parmi les siens comme un individu de haut rang. Il augmente ses valeurs de SAG et de CHA de +2.'),
('sens-affutes', 'Sens affutés', 0, 0, '', 'Pour chaque Rang dans cette Voie, le rôdeur gagne un bonus de +2 à tous ses tests de SAG destinés à simuler la perception (vue, ouïe, vigilance, etc.). De plus, il ajoute son Mod. de SAG aux DM qu\'il inflige à l\'arc.'),
('sens-de-la-pierre', 'Sens de la pierre', 0, 0, 'prest', 'Le personnage sent la présence de toutes les créatures en contact avec la pierre (le sol ou les murs) dans un rayon de 20 m. Il peut définir précisément leur position que ce soit dans le noir ou s\'il s\'agit d\'adversaires invisibles. Il ne peut plus être approché par surprise par un adversaire en contact avec le sol.'),
('sens-de-lorientation', 'Sens de l\'orientation', 0, 0, 'race', 'Le minotaure reçoit un test de +5 à tous les tests d’orientation.'),
('sens-developpes', 'Sens développés', 0, 0, '', 'Capable de percevoir avec les sens de son familier, le personnage améliore grandement sa vigilance. Il obtient un bonus de +5 à tous les tests de perception (SAG) et peut voir dans le noir comme s’il était dans la pénombre jusqu’à une distance de 20 m. S’il possède déjà cette capacité, la distance est doublée.'),
('sens-du-commerce', 'Sens du commerce', 0, 0, 'prest', 'Le personnage reçoit un bonus de +2 par Rang aux tests de marchandage, d\'estimation, recherche d\'articles et tout ce qui touche au commerce.'),
('sens-du-devoir', 'Sens du devoir', 0, 0, 'prest', 'Lorsqu\'il défend une missive, un colis ou un individu qu\'il escorte, le messager obtient un bonus de +2 en DEF et à tous les tests (actions, attaques).'),
('sentir-la-corruption', 'Sentir la corruption', 1, 0, 'prest', 'Le rôdeur se concentre sur une créature à une portée maximum de 30 m. Il détecte si celle-ci possède des pouvoirs paranormaux (magie, pouvoirs magiques) s\'il réussit un test de SAG difficulté 15. Les créatures humanoïdes ont droit à un test d\'INT difficulté 15 pour résister à cette divination. Un seul essai par créature est possible.'),
('sept-vies-du-chat', 'Sept vies du chat', 0, 0, '', 'Cette capacité ne peut être utilisée que sept fois, et pas plus d\'une fois par niveau. Lorsque que les PV du druide tombent à 0 ou qu\'il meurt, le druide peut choisir d\'ignorer ce qui a provoqué la mort ! Le MJ et le joueur doivent se mettre d\'accord et trouver une raison plausible (ou pas !) pour expliquer la survie du personnage, et le faire réapparaître immédiatement ou un peu plus tard dans l\'aventure si nécessaire.'),
('sergent', 'Sergent', 0, 0, 'creat', 'Une fois par tour, le sergent peut donner une action supplémentaire à n’importe quel allié sous ses ordres à porté de vue (attaque ou mouvement). Une fois par combat, une attaque qui aurait du amener le sergent à 0 PV est ignorée.'),
('serviteur-invisible', 'Serviteur invisible', 1, 1, '', 'Ce sort crée une force invisible pendant [5 + Mod. de CHA] minutes. Le serviteur peut effectuer à distance des tâches simples ne nécessitant pas de test de réussite et aucun score de caractéristique supérieur à 10 (portée 20 m).'),
('serviteur-mecanique', 'Serviteur mécanique', 0, 0, 'prest', 'Le serviteur mécanique ressemble à un humanoïde, il obéit aux ordres de son maître sans faillir au mieux de ses possibilités. Il est capable de parler et de faire tout ce qu\'un humain ordinaire doté des mêmes caractéristiques pourrait faire. S\'il est endommagé, le forgesort peut le réparer au rythme de 1d6 PV par heure. Serviteur mécanique : Init 10, DEF 14, PV [3 x niveau], RD 5, Attaque +2, DM selon arme, FOR +0, DEX +0, CON +5, INT +0, SAG +0, CHA +0'),
('seul-contre-tous', 'Seul contre tous', 1, 0, '', 'Le chevalier sait faire face à de nombreux adversaires, en tentant de profiter d\'une éventuelle faille dans leur garde. Chaque fois qu\'un des adversaires l\'attaque, il bénéficie d\'une action d\'attaque immédiate contre celui-ci (valable même si la créature l\'attaque plusieurs fois).'),
('seuls-au-monde', 'Seuls au monde', 0, 0, '', 'Lorsqu’il a défié un adversaire, le seigneur obtient un bonus de +5 en DEF contre\nles attaques de tous les autres adversaires, à chaque tour où il attaque uniquement la cible qu’il a défié.'),
('siphon-des-ames', 'Siphon des âmes', 0, 0, '', 'Chaque fois qu\'une créature meurt à moins de 20 m du nécromancien, il récupère 1d6 PV.'),
('sixieme-sens', 'Sixième sens', 0, 0, '', 'L\'ensorceleur gagne un bonus de +1 par Rang dans la Voie en Initiative et en DEF, ainsi qu\'un bonus de +2 par Rang à tous les tests pour éviter d\'être surpris.'),
('societe-de-caste', 'Société de caste', 0, 0, 'race', 'Le joueur choisit une capacité de Rang 1 d\'une Voie de nécromancien ou de guerrier pour un personnage mâle, d\'une Voie de prêtre ou de guerrier pour une femme. Il peut utiliser cette capacité en armure sans pénalité. Au Rang 4 de la Voie, il pourra choisir une capacité supplémentaire de Rang 2.'),
('soigner', 'Soigner', 1, 0, 'creat', 'La créature est capable de soigner 50% des PV totaux de chaque créature qu’elle touche une fois par jour.'),
('soins-ameliores', 'Soins améliorés', 0, 0, 'prest', 'Quand il est en forme d\'ange, si le prêtre obtient un résultat de 1 sur son dé de soins, il peut relancer ce dé et conserver le second résultat. Sous cette forme, il est aussi immunisé à tous les sorts destinés à restreindre son déplacement.'),
('soins-de-groupe', 'Soins de groupe', 1, 1, '', 'Une fois par combat, le prêtre peut libérer une décharge d\'énergie bienfaitrice : tous ses compagnons en vue et lui récupèrent [1d8 + niveau du prêtre] PV perdus.'),
('soins-legers', 'Soins légers', 1, 1, '', 'Le prêtre peut toucher une cible, qui récupère alors [1d8 + niveau du prêtre] PV perdus. Le prêtre peut utiliser ce sort sur lui-même.'),
('soins-moderes', 'Soins modérés', 1, 1, '', 'Le prêtre peut toucher une cible, qui récupère alors [2d8 + niveau du prêtre] PV perdus. Le prêtre peut utiliser ce sort sur lui-même.'),
('soins-rapides', 'Soins rapides', 0, 0, 'prest', 'Tous les sorts de la Voie des soins sont à présent lancés par une simple action de mouvement au lieu d\'une action limitée. Durant son tour, le prêtre peut donc opter pour le lancement d\'un sort de soins et, au choix, une action d\'attaque ou de mouvement.'),
('solidarite-des-demun', 'Solidarité des démunis', 0, 0, 'prof', 'Les démunis et les miséreux se reconnaissent instinctivement et font parfois preuve d\'un grand sens du sacrifice pour leurs semblables. Lorsqu\'un autre miséreux a la possibilité d\'aider le personnage, lancez 1d6. De 1 à 3, le PNJ apporte son aide totale et inconditionnelle (sans attendre de rémunération et sans se méfier du danger). Cependant, le MJ lance également 1d6 en secret : sur un 6, le PNJ fomente en réalité un sale coup afin de se faire un peu d\'argent...'),
('solide-comme-un-roc', 'Solide comme un roc', 0, 0, 'race', 'Le nain réduit tous les DM subis de 2 points (mais il subit toujours au moins 1 point de DM par attaque reçue). Ce bonus est cumulable avec d\'autres sources de réduction des DM comme la Peau d\'acier du barbare. Au Rang 4, la réduction passe à 3 points.'),
('sommeil', 'Sommeil', 1, 1, '', '[1d6 + Mod. de CHA] cibles dans une zone de 10 m de diamètre (portée 20 m) et dont le score max de PV ne dépasse pas le score d\'attaque magique de l\'ensorceleur sombrent dans l\'inconscience pendant [5 + Mod. de CHA] minutes. Il est possible de les réveiller en les giflant (action d\'attaque).'),
('sort-parfait', 'Sort parfait', 0, 0, 'prest', 'Le personnage peut dépenser 1 PM par rang du sort qu’il lance pour obtenir l’effet maximum possible. Par exemple, pour 3 PM, une flèche enflammée inflige 6 + Mod. de Carac. DM au premier tour puis 6 points à chaque tour suivant (toutefois, lancez normalement le d6 de dégâts et, sur un résultat de 1-2, le sort prend fin).'),
('sort-selectif', 'Sort sélectif', 0, 0, 'prest', 'Lorsque le personnage lance un sort de zone, il peut dépenser 1 PM pour éviter d’affecter jusqu’à 3 alliés présents dans la zone d’effet. Par exemple, s’il lance une boule de feu sur un groupe d’orques qui combattent au contact contre 2 compagnons, il peut dépenser 1 PM pour ne pas affecter ceux-ci.'),
('souffle', 'Souffle', 0, 0, 'race', 'Le joueur choisit un type de souffle pour son personnage parmi feu, froid, électricité ou acide. Ce souffle inflige 2d6 DM par Rang dans une zone conique de 10 m de long sur 5 m de large. Toutes les créatures affectées peuvent diviser les DM par 2 si elles réussissent un test de DEX difficulté 12. Après avoir utilisé son souffle, le drakonide doit attendre 1d4 tours avant de pouvoir l\'utiliser à nouveau.'),
('souffle-du-dragon', 'Souffle du dragon', 0, 0, 'prest', 'Une fois par combat, par une action d\'attaque, l\'ensorceleur peut produire un souffle létal correspondant à son ascendance. Ce souffle couvre une zone conique de 5 mètres de long sur 5 mètres de large à son extrémité et inflige 2d6 DM par Rang atteint dans cette Voie. Les victimes dans le cône d\'effet peuvent diviser les DM infligés par 2 à condition de réussir un test de DEX difficulté [10 + Rang].'),
('souffle-elementaire', 'Souffle enflammé', 1, 0, 'creat', 'Le souffle est une attaque de zone affectant toutes les créatures dans un cône de 10 m de long sur 5 m de large pour une créature moyenne ou grande (énorme 20 × 10 m et colossale 30 × 15 m). L’attaque inflige automatiquement (pas de test d’attaque) [(NC+2) × 1d6] DM (par exemple 6d6 pour NC 4). Les DM sont divisés par 2 si la victime réussit un test de DEX difficulté 13. La créature doit attendre 1d4 tours avant d’utiliser à nouveau son souffle après chaque utilisation. Pour plus de simplicité, lorsque les DM dépassent 6d6 chaque d6 supplémentaire et remplacer par un bonus de +3. Ainsi un dragon NC 14 aura un souffle infligeant [6d6 + 30] DM.'),
('souffle-enflamme', 'Souffle enflammé', 0, 0, 'prest', 'Le drake du Chevalier est désormais capable de cracher du feu au prix d\'une action d\'attaque. S\'il réussit un test d\'attaque, il inflige 4d6 DM de feu à sa cible, ainsi que 2d6 DM de feu à toutes les cibles à moins de 3 mètres de sa cible initiale. En cas d\'échec, l\'ensemble des cibles subit seulement 1d6 DM. Ce crachat enflammé a une portée de 40 m.'),
('souhait', 'Souhait', 1, 0, 'prest', 'Le barde émet un voeu qui est exaucé. Une fois par jour, il peut dupliquer les effets de n\'importe quelle capacité, même épique. Une fois par an, il peut prononcer un souhait majeur dont les effets exacts sont laissés à la discrétion du MJ, contre la perte définitive de 1 point de CON. Si le voeu semble déraisonnable, il peut avoir des effets collatéraux désagréables. Un souhait ordinaire dure 24 heures et un souhait majeur dure 1 an. Le personnage doit donc réitérer le même souhait s\'il veut le rendre permanent.'),
('sous-tension', 'Sous tension', 1, 1, '', 'L\'ensorceleur se charge d\'énergie électrique pendant [5 + Mod. de CHA] tours. Toute créature qui le blesse ou le touche reçoit une décharge infligeant 1d6 DM. Il peut également délivrer une décharge électrique (attaque magique, portée 10 m) infligeant [1d6 + Mod. de CHA] DM.'),
('soutenir', 'Soutenir', 1, 0, 'creat', 'Tous les alliés de la créature dans un rayon de 20 mètres récupèrent [3d6 + NC] PV. Ce pouvoir n’est utilisable que 3 fois par jour.'),
('specialisation', 'Spécialisation', 0, 0, '', 'Lorsque le guerrier emploie son arme de prédilection, il gagne un bonus de +2 aux DM.'),
('sprint', 'Sprint', 0, 0, '', 'Une fois par combat, le voleur peut effectuer un déplacement supplémentaire gratuit de 20 m à n\'importe quel moment du tour.'),
('stature-de-geant', 'Stature de géant', 0, 0, 'prest', 'Le personnage est considéré d’une taille au-dessus de la sienne (de moyenne à grande, par exemple) pour déterminer s’il peut être affecté par les capacités spéciales des créatures et des adversaires (fauchage, agripper, etc.).'),
('strangulation', 'Strangulation', 1, 1, '', 'En réussissant un test d\'attaque magique (portée 20 m), le nécromancien étouffe une créature vivante et lui inflige [1d6 + Mod. d\'INT] DM par tour pendant [Rang] tours pourvu qu\'il maintienne sa concentration par une action limitée. La victime subit un malus égal au nombre de tours d\'effet de la Strangulation (-1 au premier tour, -2 au second, etc.) à tous ses tests. Si la victime sort du champ de vision du nécromancien, le sort prend fin.'),
('suggestion', 'Suggestion', 1, 1, '', 'Une fois par jour, le personnage peut suggérer une action à une créature en réussissant un test d\'attaque magique avec pour difficulté les PV maximum de celle-ci. En cas de réussite la créature fera tout son possible pour satisfaire sa demande pendant 24 heures. Elle évitera les actions suicidaires (ce qui lui donnerait immédiatement un test INT difficulté 10 pour échapper au sort). La capacité n’affecte pas les créatures de niveau supérieur au personnage.'),
('superiorite-elfe-syl', 'Supériorité elfique (sylvain)', 0, 0, 'race', 'L\'elfe augmente ses valeurs de DEX et SAG de +2.'),
('superiorite-elfique', 'Supériorité elfique (haut/noir)', 0, 0, 'race', 'L\'elfe augmente ses valeurs d\'INT et SAG de +2.'),
('surmonter-la-douleur', 'Surmonter la douleur', 0, 0, '', 'Le seigneur obtient un bonus de +5 à tous les tests pour résister à la douleur et il est immunisé à l’état préjudiciable Affaibli. Lorsqu’il arrive à 0 PV, il peut encore agir un tour complet et, s’il a défié un ennemi, il obtient un bonus de +5 en attaque et +1d6 aux DM contre cet adversaire au cours de ce baroud d’honneur.'),
('surprise', 'Surprise', 0, 0, '', 'Le voleur n\'est jamais surpris. Lorsqu\'il surprend un adversaire, il obtient un tour complet de jeu AVANT que débute le premier tour du combat (au lieu d\'une action de mouvement).'),
('surpuissance-physiqu', 'Surpuissance physique', 1, 1, '', 'L’invocateur obtient une des mutations suivantes au choix pendant [5 + Mod. de CHA] minutes. Il est impossible de bénéficier de deux effets de surpuissance en même temps.\nMuscles hypertrophiés : +2 au Mod. de FOR\nSilhouette filiforme : +4 au Mod. de DEX\nSilhouette massive : + 5 aux tests de CON et réduction des DM de 3 (RD 3)'),
('surveillance', 'Surveillance', 0, 0, '', 'Le loup est constamment sur ses gardes. Le rôdeur a donc un temps d\'avance quand des ennemis essaient de l\'attaquer par surprise : il peut faire une attaque à distance AVANT que ne débute le premier tour de combat.'),
('symetrie', 'Symétrie', 0, 0, 'prest', 'Le personnage n\'est plus obligé de manier une arme légère dans sa main secondaire. S\'il le souhaite, il peut utiliser une arme aussi lourde que dans sa main principale (d8). S\'il utilise deux armes légères, il gagne un bonus de +1 en attaque.'),
('talent-epique', 'Talent épique', 0, 0, 'epic', 'Le joueur choisit une capacité limitée que connaît son personnage. À chaque fois qu\'il l\'emploie, il peut choisir un des trois effets suivant : obtenir +2d6 aux DM produits, doubler la durée d\'effet ou utiliser une action d\'attaque au lieu d\'une action limitée. Si cette capacité permet de réaliser deux attaques, répartissez le bonus de DM à raison de +1d6 par attaque.'),
('talent-pour-la-magie', 'Talent pour la magie', 0, 0, 'race', 'Le joueur choisit une capacité de Rang 1 de n\'importe quelle Voie de magicien ou d\'ensorceleur. Il peut utiliser cette capacité en armure sans pénalité. Au Rang 4 de la Voie, il pourra choisir un sort supplémentaire de Rang 2.'),
('talent-pour-la-viole', 'Talent pour la violence', 0, 0, 'race', 'Le joueur choisit une capacité de Rang 1 de n\'importe quelle Voie de barbare, de guerrier ou de la Voie de l\'homme. Au Rang 4 de la Voie, choisissez une capacité supplémentaire de Rang 2.'),
('tatouages', 'Tatouages', 0, 0, '', 'Le barbare possède un tatouage magique qui améliore ses performances physiques. Au choix : taureau (+5 aux tests de FOR), ours (+5 aux tests de CON), panthère (+5 aux tests de DEX) ou chouette (+5 aux tests de SAG).'),
('technique-du-sabre', 'Technique du sabre', 0, 0, '', 'Les techniques du sabre reposent sur la précision, la vitesse et la maîtrise acquise\npar des heures de répétition plutôt que sur la force. Lorsqu’il utilise un sabre, le seigneur peut remplacer son Mod. de FOR par son Mod. de DEX en attaque au contact et remplacer son Mod. de FOR aux DM par le rang atteint dans la Voie.'),
('telekinesie', 'Télékinésie', 1, 1, '', 'L\'ensorceleur peut déplacer dans les airs un objet inerte ou une cible volontaire (par exemple lui-même) dont le poids n\'excède pas 50 kg par Rang, à une portée de 20 m et pendant [5+Mod. de CHA] tours. L\'objet peut être déplacé de 10 m par tour par une action de mouvement. Il est possible de faire tomber un objet sur une cible surprise (1d6 DM par tranche de 50 kg).'),
('telepathie', 'Télépathie', 1, 1, '', 'Le psionique est capable de communiquer par télépathie avec une créature en vue,\ndans une langue que tous les deux partagent pendant [5 + Mod. de SAG] tours. À partir du rang 3, le psionique n’a plus besoin de voir sa cible, mais il doit la connaître et la portée maximum est égale à 10 fois sa valeur de SAG en mètres. À partir du rang 5, le psionique accède à une zone de l’esprit plus profonde que les centres du langage et la communication peut avoir lieu avec une créature dont il ne partage pas la langue, et même avec un animal.'),
('teleportation', 'Téléportation', 1, 1, '', 'Le magicien disparaît et réapparaît à un autre endroit situé à moins de [INT x 10] mètres. Le lieu d\'arrivée doit être soit en ligne de vue, soit parfaitement connu par le magicien.'),
('teleportation-lutin', 'Téléportation (lutin)', 0, 0, 'race', 'Les lutins peuvent se téléporter de 20 mètres par action de mouvement. Ils doivent être en mesure de voir leur lieu d’arrivée au début de la téléportation.'),
('tenacite', 'Ténacité', 0, 0, 'race', 'Le nain augmente ses valeurs de CON et de SAG de +2.'),
('tenacite-du-heros', 'Ténacité du héros', 0, 0, 'prest', 'Lorsque vous ratez un test d’attaque contre une créature, vous bénéficiez d’un bonus de +2 sur votre prochaine attaque contre celle-ci. Si vous ratez cette attaque bonifiée, le bonus passe à +5. Il n’augmente pas au-delà, mais persiste tant que vous n’avez pas réussi une attaque contre cette créature. Dès que vous avez réussi une attaque, le bonus disparaît.'),
('tenebres', 'Ténèbres', 1, 1, '', 'Le nécromancien invoque une zone fixe de ténèbres magiques, de 10 m de diamètre, pour une durée de [5 + Mod. d\'INT] tours. Même les créatures capables de voir dans le noir sont aveugles dans cette zone.'),
('tenir-a-distance', 'Tenir à distance', 1, 0, 'prest', 'À ce tour, le guerrier réalise une action d’attaque et il utilise son allonge pour maintenir ses adversaires à distance. Il gagne un bonus de +5 en DEF contre les attaques de contact.'),
('terre', 'Terre', 0, 0, 'prest', 'Le druide ne fait qu\'un avec la terre. Il ne peut plus être renversé et détecte automatiquement tous les pièges creusés dans le sol (trappes, fosses). Il gagne un bonus de +5 à tous les tests pour détecter des pièges ou des passages secrets dissimulés dans les murs de pierre ou au sol.'),
('tir-aveugle', 'Tir aveugle', 1, 0, '', 'Le rôdeur peut attaquer à distance un ennemi qu\'il ne voit pas (par exemple un ennemi invisible ou plongé dans le noir total) comme s\'il le voyait et donc sans malus.'),
('tir-de-barrage', 'Tir de barrage', 1, 0, '', 'L\'arquebusier met en joue une cible sur laquelle il a l\'initiative et attend. Si elle se déplace ce tour, il effectue une attaque à distance. En cas de succès la victime choisit entre deux possibilités : soit elle subit des DM doublés, soit elle ne se déplace pas et ne subit pas de DM, perdant son tour de jeu.'),
('tir-de-semonce', 'Tir de semonce', 1, 0, '', 'Après avoir raté une attaque à distance au tour précédent, l\'arquebusier déclare qu\'il s\'agissait d\'un tir de semonce. À ce tour, il tire sur la même cible et obtient +5 à son test et +1d6 aux DM sur sa première attaque.'),
('tir-double', 'Tir double', 1, 0, '', 'L\'arquebusier est capable de tirer avec une pétoire dans chaque main sans pénalité. Si l\'arquebusier décharge simultanément ses deux armes sur la même cible, il fait un seul test à +2 en attaque (mais il lance séparément les DM). Le joueur peut choisir de ne pas effectuer les deux tirs simultanément, afin, par exemple, de pouvoir tirer sur une autre cible s\'il tue la première. Dans ce cas, il n\'obtient pas de bonus en attaque.'),
('tir-en-mouvement', 'Tir en mouvement', 0, 0, '', 'Le seigneur est capable de tirer à l’arc tout en guidant sa monture des genoux. Lorsqu’il est à cheval, il peut utiliser une action d’attaque pour effectuer une attaque à distance tout en se déplaçant au maximum de 20 mètres.'),
('tir-fatal', 'Tir fatal', 0, 0, '', 'Le seigneur travaille la perfection du geste dans le but d’abattre un adversaire d’un seul tir. Le seigneur retranche son Mod. de SAG au score nécessaire pour obtenir un critique en attaque à distance (critique à partir de 20 – Mod. de SAG) lorsqu’il utilise un arc et il ajoute +1d6 aux DM des critiques obtenus avec ce type d’arme. Au rang 5 de la Voie, il ajoute +2d6 aux DM des critiques (ce bonus n’est pas multiplié).'),
('tir-mortel', 'Tir mortel', 0, 0, '', 'Pour une attaque à distance, l\'arquebusier peut choisir d\'utiliser un d12 pour son attaque au lieu du d20 habituel (et il ajoute normalement son score d\'attaque). Si l\'attaque est réussie, il ajoute +2d6 aux DM.'),
('tir-mouvement-centau', 'Tir en mouvement', 0, 0, 'race', 'Une fois par tour, le centaure peut combiner un déplacement de 20 mètres et une attaque à distance (avec un arc ou un javelot) au prix d’une action d’attaque. Il ne peut réaliser une telle action s’il fuit ou tourne le dos à sa cible. À partir du rang 4, il peut combiner dans un même tour un tir en mouvement et une charge au galop.'),
('tir-parabolique', 'Tir parabolique', 0, 0, '', 'L\'arquebusier est capable de réaliser un tir à longue distance sans pénalité : il double la portée des armes à distance. Il peut aussi tirer jusqu\'au triple de la portée indiquée avec une pénalité de -5 en attaque et aux DM. Cette capacité ne modifie pas la portée de Tir précis.'),
('tir-rapide', 'Tir rapide', 1, 0, '', 'Le rôdeur peut faire 2 attaques à distance pendant ce tour.'),
('tir-successifs', 'Tirs successifs', 1, 0, '', 'Le seigneur se déplace à cheval sur une distance de 20 mètres en ligne droite. Il peut effectuer jusqu’à [2 + Mod. de SAG] attaques à distance à l’arc sur des cibles différentes à moins de 10 mètres de sa trajectoire, à condition qu’elles se trouvent toutes du même côté de la ligne tracée par son déplacement (à droite ou à gauche,). Si le seigneur possède la capacité Course mortelle (Voie du Ki, rang 4), il peut désormais l’utiliser aussi à dos de cheval sur une distance de 20 mètres et non plus de 10 mètres, comme lorsqu’il est à pied.'),
('titre-de-propriete', 'Titre de propriété', 0, 0, 'epic', 'Le personnage fait l\'acquisition de terres, d\'une tour de haute magie, d\'un château avec éventuellement un titre de noblesse en accord avec le MJ. Dans un rayon de 50 km autour de sa propriété, le personnage est considéré comme une légende vivante. Dans cette zone, il peut faire appel aux capacités épiques suivantes : Au dessus de la mêlée, Compagnon fidèle, Effet de masse, Force du verbe, Gardes d\'élite, Haut fait, Maître de guerre, Moment de gloire, Porteur de mort. Un joueur peut choisir plusieurs fois cette capacité de façon à augmenter la surface de son influence (100, 250, 500 km).'),
('tornade-des-enfers', 'Tornade des enfers', 0, 0, 'epic', 'Ce sort inflige [2d6 + Mod. de magie] (INT, SAG ou CHA) DM de feu à toutes les créatures dans une zone de 500 m de diamètre. Le sort a une portée de 1 km, si toutefois, le personnage a une ligne de vue dégagée.'),
('tornade-elementaire', 'Tornade élémentaire', 1, 1, 'prest', 'Le personnage crée une tornade de son élément de prédilection à une portée de 10 mètres. Elle inflige 3d6 DM (élément puissant inclus) dans un diamètre de 3 mètres (hauteur 6 mètres) pendant [5 + Mod. de magie] tours à toutes les créatures sur son passage. Le personnage peut la déplacer de 10 mètres par tour en ligne droite dans la direction de son choix (une nouvelle direction peut être choisie à chaque tour) en utilisant une action de mouvement.'),
('touche-a-tout', 'Touche à tout', 0, 0, '', 'Le barde peut choisir n\'importe quelle capacité de Rang 1 à 3 de son choix au sein d\'un autre profil quelconque.'),
('touche-d-or', 'Touché d\'or', 0, 0, 'prest', 'Une fois par jour le personnage peut en le touchant transformer un objet ordinaire en objet de qualité exceptionnelle. Un vin ordinaire se transforme en grand cru, une épée rouillée en lame damasquinée, une tunique de lin en robe de soie, etc. La transformation est permanente, mais l\'objet dégage une aura d\'enchantement et un sort de dissipation de la magie lui rend sa valeur initiale. Un seul objet d\'un poids inférieur à 10kg peut être affecté. L\'objet ainsi crée augmente sa valeur de 10 à 100 po au choix du MJ.'),
('toujours-plus-gros', 'Toujours plus gros', 0, 0, 'race', 'Désormais, le demi-ogre inflige 2d6 DM avec une arme à deux mains tenue à une main et 3d6 DM avec une arme à deux mains à sa mesure. Lorsqu’il utilise une arme de cette façon, il ignore la réduction des DM (RD) imposée par la Voie du colosse.'),
('tour-de-force', 'Tour de force', 0, 0, '', 'Le barbare peut temporairement décupler ses ressources physiques pour faire usage d\'une force prodigieuse. Il peut ainsi soulever une charge incroyable, briser une épée, tordre des barreaux ou défoncer une porte d\'un seul coup de poing. Il obtient un bonus de +10 à un test de FOR, mais cela lui coûte 1d4 PV.'),
('tout-petit', 'Tout petit', 0, 0, 'race', 'Leur petite taille confère aux lutins et aux fées un bonus de +2 en DEF et de +5 à tous les tests de discrétion.'),
('transe-de-guerison', 'Transe de guérison', 0, 0, '', 'Une fois après chaque combat, le moine peut méditer pendant 10 minutes et récupérer ainsi [niveau + Mod de SAG] PV.'),
('transe-de-regenarati', 'Transe de régénération', 1, 1, '', 'Une fois par jour et par rang atteint dans la Voie, le psionique peut entrer en transe pendant 2d6 tours pour guérir [1d6 + niveau + Mod. de CHA] PV.'),
('transformation-monst', 'Transformation monstrueuse', 0, 0, 'epic', 'Une fois par jour, le personnage peut se transformer en une créature monstrueuse pendant [2d6 + Mod. d\'INT] tours. L\'apparence exacte de la créature est laissée à l\'imagination du joueur : elle a une attaque de contact et la capacité de voler 30 m par action de mouvement. Les caractéristiques et la taille de la créature correspondent à un monstre de NC égal à la moitié du niveau du personnage. Le personnage perd toutes ses capacités pendant la durée du sort, il peut y mettre fin à tout moment et retrouve alors son score de PV normal antérieur au sort. Toutefois, s’il tombe à 0 PV en étant sous l\'effet du sort, il retrouve sa forme initiale mais sombre dans l\'inconscience pour 1d6 minutes.'),
('transformation-rapid', 'Transformation rapide', 0, 0, 'prest', 'Le druide n\'a besoin que d\'une action de mouvement pour changer de forme.'),
('transformation-regen', 'Transformation régénératrice', 0, 0, 'prest', 'S\'il utilise une action limitée pour reprendre sa forme humaine après avoir subit des blessures sous forme animale, le druide guérit 3d6 PV. Les PV récupérés ne peuvent pas dépasser les DM reçus sous forme animale.'),
('traquenard', 'Traquenard', 1, 0, '', 'Le rôdeur gagne un bonus de +2 en attaque et +2d6 aux DM sur sa première attaque contre une créature s\'il possède un meilleur score d\'initiative.'),
('traqueur', 'Traqueur', 0, 0, 'prest', 'L\'arquebusier obtient un bonus de +5 aux tests de SAG pour pister les gros animaux (taille grande et supérieure).'),
('tri-precis', 'Tir précis', 0, 0, '', 'L\'arquebusier ajoute un bonus de +1 aux DM des armes de tir jusqu\'à une portée de 20 m. Ce bonus passe à +2 au Rang 4 de la Voie.'),
('troisieme-cristal', 'Troisième cristal', 0, 0, 'prest', 'Le forgesort apprend à créer deux nouveaux cristaux de son choix. Il peut bénéficier au maximum des effets de 3 cristaux simultanément, mais pas deux fois le même. Changer de cristal correspond à une action limitée.'),
('trop-lent', 'Trop lent', 0, 0, 'prest', 'Le style de combat des amazones est basé sur la vitesse et l\'adresse. Les adversaires trop lents sont particulièrement décontenancés et débordés par ce style. L\'amazone obtient un bonus de +2 en attaque et aux DM contre tous les adversaires dont le Mod. de DEX inférieure ou égal à +1 et tout ceux dont le malus d\'armure (Mod. de DEF) est supérieur ou égal à +5.'),
('trop-petit', 'Trop petit', 1, 0, 'race', 'La valeur de Force d’un lutin ne peut pas dépasser 8 et celle d’une fée 6. Les fées et les lutins infligent seulement 1d3 point de DM pour chaque attaque au contact ou à distance avec une arme à une main. Avec une arme à 2 mains (une dague ou un arc miniature), ils infligent 1d4 DM. Ces DM sont liés à la précision plutôt qu’à la force d’impact, et les êtres féeriques sont de véritables experts pour viser les organes vitaux. Enfin, lorsqu’un lutin ou une fée obtient des dés supplémentaires sur une attaque (par exemple pour une Attaque puissante ou une Attaque sournoise) il s’agit de d4 au lieu de d6.'),
('tueur-d-animaux', 'Tueur d\'animaux', 0, 0, 'prest', 'L\'arquebusier obtient un bonus de +2 en attaque et aux DM lorsqu\'il emploie une arme à distance contre les animaux de taille grande ou énorme (ours, tigre, éléphant, etc).'),
('tueur-d-animaux-fant', 'Tueur d\'animaux fantastiques', 0, 0, 'prest', 'L\'arquebusier obtient un bonus de +2 en attaque et aux DM lorsqu\'il emploie une arme à distance contre les monstres non-humanoïdes de taille grande ou énorme (griffon, dragon, ours-hiboux, etc).'),
('tueur-de-geants', 'Tueur de géants', 0, 0, 'prest', 'Le personnage est habitué à combattre les géants et les créatures de grandes tailles qui peuplent les montagnes et les régions froides. Il obtient un bonus de +1d6 aux DM contre les créatures de taille Enorme et +2d6 aux DM contre celles de taille Colossale.');
INSERT INTO `cof_capacites` (`capacite`, `nom`, `limitee`, `sort`, `type`, `description`) VALUES
('tueur-fantasmagoriqu', 'Tueur fantasmagorique', 1, 1, '', 'Ce sort invoque les pires terreurs d\'une créature vivante et lui fait croire à sa propre mort. L\'ensorceleur doit réussir un test d\'attaque magique (portée 20 m). La victime fait un test de SAG difficulté [10 + Mod. de CHA] pour résister. En cas d\'échec, elle tombe à 0 PV. En cas de succès, elle perd l\'équilibre et tombe par terre. Une créature ne peut être la cible de ce sort qu\'une fois par jour, et l\'ensorceleur ne peut pas affecter un personnage ou une créature de niveau supérieur au sien.'),
('vague-psionique', 'Vague psionique', 1, 1, '', 'Une fois par combat, le psionique peut projeter son esprit vers un nombre de cibles au maximum égal à [3 + Mod. de CHA] à portée d’attaque mentale. Il effectue une attaque mentale contre chacune d’elle.'),
('vampirisation', 'Vampirisation', 1, 0, 'creat', 'La créature doit réussir une attaque magique sur une cible vivante à une distance maximum de 30 mètres. En cas de réussite, la cible subit [1d6 × NC/2] DM et la créature régénère autant de PV que de DM infligés. De plus à chaque fois qu’une créature meurt à moins de 20 mètres d’elle, la créature siphonne son énergie et gagne [1d6 + NC] PV.'),
('vent-des-ames', 'Vent des âmes', 1, 0, 'prest', 'Le nécromancien invoque des esprits torturés qui hurlent et tourmentent un ennemi pendant [Mod. d\'INT] tours. Pendant la durée du sort, la cible peine à se concentrer et elle ne peut réaliser aucune action limitée à moins de réussir un test de SAG difficulté 12 à chaque tour. De plus, cette tempête nécrotique bloque tout effet de soins dont la cible pourrait bénéficier (elle ne peut pas se régénérer ou être soignée).'),
('vent-des-lames', 'Vent des lames', 0, 0, 'prest', 'Le personnage peut utiliser son Mod. de DEX au choix en attaque au contact ou aux DM (mais pas les deux) au lieu du Mod. de FOR lorsqu\'il utilise une épée ou une lance.'),
('ventriloquie', 'Ventriloquie', 1, 0, 'prest', 'Le barde peut projeter sa voix et la faire surgir d\'un point de son choix situé à moins de 20 mètres de lui pour une durée de [1d6+Mod. de CHA] tours.'),
('verglas', 'Verglas', 1, 0, 'prest', 'Un verglas glissant recouvre le sol sur une surface de 10m de diamètre pour le reste du combat (vous pouvez stopper le sort plus tôt). Dans cette zone, rester debout demande à son tour un test de DEX difficulté 10, s\'y déplacer ou combattre un test de difficulté 15. Un échec signifie que la créature est au sol, se relever nécessite de réussir un nouveau test de DEX difficulté 15 et prend un tour. Ramper en dehors de la zone demande un tour complet.'),
('vermine-superieure', 'Vermine supérieure', 0, 0, 'prest', 'Le compagnon vermine du druide gagne la capacité suivante. Toile (araignée) : L\'araignée gagne la capacité de lancer (portée 10 m) une toile gluante et collante sur un ennemi. Si elle réussit une attaque à distance [niveau+3], la cible est Immobilisée pour 1d6 tours. Au début de son tour, la créature engluée doit faire un test de FOR difficulté 13, en cas de succès, elle réussit à se libérer, sinon elle reste Immobilisée.'),
('versatile', 'Versatile', 0, 0, 'race', 'Le personnage obtient une capacité de Rang 1 de n\'importe quel profil au choix du joueur ou une capacité de Rang 2 d\'un profil de la même famille que le sien.'),
('vetements-sacres', 'Vêtements sacrés', 0, 0, '', 'La tenue religieuse traditionnelle du prêtre remplace une armure et a été bénie à cet effet : il obtient un bonus en DEF égal à +1 pour chaque Rang dans cette Voie (lorsqu\'il ne porte aucune armure).'),
('vie-artificielle', 'Vie artificielle', 1, 0, 'race', 'L’âme-forgée possède une âme et une essence qui lui permettent de bénéficier de la magie des soins, mais son corps artificiel en réduit l’efficacité. Elle divise par 2 tous les PV récupérés par des soins magiques (sorts, potions, etc.). En revanche, un forgesort capable de réparer un golem peut réparer une âme-forgée, bien que deux fois plus lentement.'),
('vif-et-alerte', 'Vif et alerte', 0, 0, 'race', 'Le halfelin augmente ses valeurs de DEX et de CON de +2.'),
('vif-et-alerte-gob', 'Vif et alerte', 0, 0, 'race', 'Le gobelin est plus agile et résistant aux mauvais traitements que jamais. Il pousse son instinct de survie à son paroxysme et augmente ses valeurs de DEX et de CON de +2.'),
('vigilance', 'Vigilance', 0, 0, '', 'Le barbare possède des sens très affûtés, il est difficile de le surprendre, il gagne un bonus de +5 à tous les tests pour détecter les pièges (mécaniques ou magiques) ou les embuscades. Il est immunisé aux Attaques sournoises du voleur, à l\'Embuscade du rôdeur ou à toute capacité similaire d\'une créature.'),
('vigueur', 'Vigueur', 0, 0, '', 'Le barbare est un athlète capable de prouesses physiques extraordinaires, il obtient un bonus de +2 par Rang à ses tests de course, de saut ou d\'escalade.'),
('vigueur-de-lete', 'Vigueur de l\'été', 0, 0, 'prest', 'Le joueur choisit une caractéristique parmi FOR, DEX ou CON, désormais il lance 2 d20 à chaque fois qu’un test de cette caractéristique lui est demandé et il garde le meilleur résultat. Si vous utilisez la règle optionnelle des Carac. supérieures, le joueur ne peut pas choisir une Carac. qui est déjà une Carac. supérieure pour cette capacité. En cas de Carac. héroïque associée à Vigueur de l’été voir CO Fantasy p.138.'),
('violence-ciblee', 'Violence ciblée', 0, 0, 'race', 'À chaque fois qu’il résiste à une crise de réaction violente, le demi-ogre gagne un point de violence. Il peut dépenser ce point par une action gratuite au moment de son choix dans la même journée pour obtenir les effets d’une réaction violente (1d4 tours) contre une cible de son choix. Il ne gagne aucun point de violence si un allié le provoque délibérément.'),
('vision-dans-le-noir', 'Vision dans le noir', 0, 0, 'race', 'Dans le noir total, le personnage voit comme dans la pénombre jusqu\'à 30 m.'),
('vision-de-l-obscur', 'Vision de l\'obscur', 0, 0, 'race', 'Dans le noir total, le nain voit comme dans la pénombre jusqu\'à 20 m et perçoit les formes chaudes jusqu\'à 30 m.'),
('vision-lointaine', 'Vision lointaine', 1, 1, '', 'Le psionique a appris à projeter son esprit à de grandes distances. Il peut percevoir avec l’un de ses sens ce qui se passe dans n’importe quel endroit qu’il a visité dans un passé récent. La distance réelle n’a aucune importance. Le psionique doit réussir un test de SAG [10 + 1 par jour écoulé depuis la dernière visite]+.'),
('vitalite-debordante', 'Vitalité débordante', 0, 0, '', 'Le barbare guérit à une vitesse presque surnaturelle. Tant qu\'il lui reste au moins 1 PV, il récupère 1d6 PV par heure, de nuit comme de jour.'),
('vitalite-epique', 'Vitalité épique', 0, 0, 'epic', 'Le personnage double tous les effets de soins dont il est la cible, qu\'il s\'agisse de guérison magique ou naturelle. Il récupère spontanément 1d6 PV par heure lorsqu\'il est en activité et 6 PV pour chaque heure de repos. Enfin, il obtient un bonus de +10 aux tests de CON pour résister aux effets d\'un Coup mortel.'),
('vitalite-surnaturell', 'Vitalité surnaturelle', 0, 0, 'creat', 'La créature guérit à un rythme fantastique, elle récupère 5 PV à la fin de chaque tour. Il existe parfois une source de DM qui permet d’empêcher cette régénération (le feu pour les trolls par exemple). Alternativement remplacez simplement la régénération par une vitalité extraordinaire (c’est souvent le cas des mort-vivants ou des créatures artificielles)'),
('vitesse-du-felin', 'Vitesse du félin', 0, 0, '', 'Le druide gagne +1 par Rang dans la Voie en Initiative et aux tests de course, d\'escalade ou de saut.'),
('vivacite', 'Vivacité', 0, 0, '', 'Le guerrier gagne +3 en Initiative.'),
('vives-lames', 'Vives lames', 0, 0, 'prest', 'Le personnage peut utiliser son Mod. de DEX au choix en attaque au contact ou aux DM (mais pas les deux) au lieu du Mod. de FOR lorsqu\'il utilise une épée.'),
('voie-epique', 'Voie épique', 0, 0, 'epic', 'Le personnage investit son énergie dans l\'apprentissage de nouvelles aptitudes totalement étrangères à sa formation de base. À la discrétion du MJ, le joueur choisit une Voie de n\'importe quel profil et l\'ajoute aux Voies que connaît son personnage. Il peut ensuite obtenir ces nouvelles capacités comme pour une Voie de prestige, en dépensant 2 points par capacité pour chaque Rang.'),
('voie-raciale-de-base', 'Voie raciale de base', 0, 0, 'race', 'Le personnage remplace une Voie de son profil par sa Voie raciale dès le premier niveau.'),
('vol', 'Vol', 1, 1, '', 'Le magicien peut voler pendant [1d6 + Mod. d\'INT] minutes. Sa vitesse de déplacement est la même qu\'au sol.'),
('vol-fee', 'Vol (fée)', 0, 0, 'race', 'Les fées volent à une vitesse de 20 mètres par action de mouvement.'),
('vol-rapide', 'Vol rapide', 0, 0, 'creat', 'La créature obtient une action de mouvement supplémentaire par tour lorsqu’elle est en vol. Au premier tour de combat, la créature obtient un bonus de +5 en attaque et +1d6 aux DM si elle est en vol et attaque une créature au sol.'),
('volte-face', 'Volte-face', 0, 0, 'prest', 'A chaque tour où le guerrier attaque une cible différente du tour précédent, il obtient un bonus de +2 en attaque et de +1d6 aux DM.'),
('vorace', 'Vorace', 0, 0, 'race', 'Le demi-ogre peut manger des quantités astronomiques. Une fois par jour, lors d’un repas, s’il avale à lui seul un sanglier ou l’équivalent (un chevreuil, un demi-boeuf, etc.), il récupère (3d6 + niveau) PV. Cela correspond à un repas d’auberge d’une valeur en Pa égale au nombre de PV récupérés.'),
('zone-de-silence', 'Zone de silence', 1, 1, '', 'Le barde crée une zone de silence fixe de 5 mètres de diamètre, jusqu\'à une portée de 30 mètres, pendant [1d6 + Mod. de CHA] tours. Tous les sons émis dans cette sphère sont annulés. La zone n\'empêche pas le lancement des sorts mais inflige un malus de -2 à tous les tests d\'attaque magique.'),
('zone-de-vie', 'Zone de vie', 0, 0, 'prest', 'Trois fois par jour, le prêtre peut enchanter une surface de 10 m de rayon autour de lui pour une durée de [1d6+Mod. de SAG] tours. La zone se met à luire d\'une lumière bienfaitrice et l\'air commence à y scintiller. Tous les alliés du prêtre présents dans la zone récupèrent 2d6 PV à chaque tour de jeu (à la fin du tour du prêtre).');

-- --------------------------------------------------------

--
-- Table structure for table `cof_capacites_voies`
--

DROP TABLE IF EXISTS `cof_capacites_voies`;
CREATE TABLE IF NOT EXISTS `cof_capacites_voies` (
  `voie` varchar(20) NOT NULL,
  `rang` varchar(1) NOT NULL,
  `capacite` varchar(20) NOT NULL,
  PRIMARY KEY (`voie`,`rang`),
  KEY `cof_capacites_voies_voie` (`voie`),
  KEY `cof_capacites_voies_capacite` (`capacite`)
) ENGINE=InnoDB DEFAULT CHARSET=utf8mb4 COLLATE=utf8mb4_general_ci;

--
-- Dumping data for table `cof_capacites_voies`
--

INSERT INTO `cof_capacites_voies` (`voie`, `rang`, `capacite`) VALUES
('champ-de-bataille', '2', 'a-couvert'),
('flibustier', '3', 'a-l-abordage-!'),
('espion', '2', 'a-la-garde-!'),
('bouclier', '2', 'absorber-un-coup'),
('bouclier', '3', 'absorber-un-sort'),
('controle-corporel', '5', 'acceleration'),
('saltimbanque', '1', 'acrobate'),
('deplacement', '3', 'acrobatie'),
('champ-de-bataille', '1', 'action-concertee'),
('humain', '1', 'adaptable'),
('mutations', '4', 'adaptation-motrice'),
('vermines', '3', 'affinite-au-poison'),
('magie-des-arcanes', '1', 'agrandissement'),
('creatures-volantes', '2', 'agripper'),
('foi', '3', 'ailes-celestes'),
('sang-dragon', '5', 'ailes-de-dragon'),
('elements', '3', 'air'),
('arme-liee', '5', 'alliee-infaillible'),
('arme-liee', '2', 'alliee-loyale'),
('armes-a-2-mains', '1', 'allonge'),
('spadassin', '4', 'ambidextrie'),
('felis', '1', 'ame-feline'),
('entite', '3', 'amelioration'),
('envouteur', '4', 'amitie'),
('tournoi', '4', 'amour-courtois'),
('casse-cou', '1', 'amour-du-risque'),
('compagnon-animal', '5', 'animal-fabuleux'),
('montreur-d-ours', '5', 'animal-fabuleux'),
('vegetaux', '3', 'animation-d-un-arbre'),
('maitre-des-cadavres', '4', 'animation-de-monstre'),
('maitre-des-cadavres', '2', 'animation-de-squelet'),
('outre-tombe', '2', 'animation-des-morts'),
('magie-malefique', '2', 'animer-un-cadavre'),
('mecanicien', '2', 'arbalete-automatique'),
('grimoire', '1', 'arcanes-inferieures'),
('grimoire', '4', 'arcanes-majeures'),
('grimoire', '2', 'arcanes-mineures'),
('grimoire', '3', 'arcanes-superieures'),
('grimoire', '5', 'arcanes-supremes'),
('elfe-sylvain', '3', 'archer-emerite'),
('amazone', '3', 'archere-emerite'),
('brute', '1', 'argument-de-taille'),
('erudit', '2', 'argumentation'),
('guerre-sainte', '1', 'arme-benie'),
('foi', '2', 'arme-d-argent'),
('invocation', '4', 'arme-dansante'),
('invocation-2', '4', 'arme-dansante'),
('maitre-d-armes', '1', 'arme-de-predilection'),
('magie-elementaire', '3', 'arme-enflammee'),
('seduction', '3', 'arme-secrete'),
('arme-etrange', '1', 'arme-sur-mesure'),
('outre-tombe', '5', 'armee-des-morts'),
('felis', '2', 'armes-naturelles'),
('wolfer', '2', 'armes-naturelles'),
('tournoi', '3', 'armure-de-tournois'),
('primitif', '2', 'armure-de-vent'),
('magie-protectrice', '1', 'armure-du-mage'),
('bouclier', '4', 'armure-lourde'),
('magie-de-combat', '2', 'armure-magique'),
('amazone', '1', 'armure-minimaliste'),
('sang-dragon', '4', 'armure-naturelle'),
('resistance', '2', 'armure-naturelle-gue'),
('armure-sainte', '3', 'armure-sainte-d-arge'),
('armure-sainte', '5', 'armure-sainte-d-or'),
('armure-sainte', '1', 'armure-sainte-de-bro'),
('guerre', '1', 'armure-sur-mesure'),
('magie-protectrice', '5', 'arret-du-temps'),
('artefacts', '5', 'artefact-etrange'),
('enchanteur', '5', 'artefacts-d-exceptio'),
('pistolero', '4', 'as-de-la-gachette'),
('sang-dragon', '1', 'ascendance-draconiqu'),
('energie-vitale', '5', 'ascetisme'),
('demon', '2', 'aspect-de-la-succube'),
('demon', '4', 'aspect-du-demon'),
('magie-elementaire', '1', 'asphyxie'),
('tueur', '3', 'assassinat'),
('glaces', '5', 'assaut-final'),
('armes-a-2-mains', '4', 'attaque-a-outrance'),
('porteur-de-bouclier', '3', 'attaque-au-bouclier'),
('fauve', '3', 'attaque-bondissante'),
('brute', '3', 'attaque-brutale'),
('combat', '4', 'attaque-circulaire'),
('escarmouche', '3', 'attaque-eclair'),
('spadassin', '1', 'attaque-en-finesse'),
('danseur-de-guerre', '3', 'attaque-en-mouvement'),
('messager', '5', 'attaque-en-mouvement'),
('sabre', '4', 'attaque-en-rotation'),
('roublard', '5', 'attaque-en-traitre'),
('attaque-mentale', '3', 'attaque-etourdi-psi'),
('contact-mortel', '1', 'attaque-etourdissant'),
('escrime', '4', 'attaque-flamboyante'),
('casse-cou', '5', 'attaque-kamikaze'),
('magie-de-combat', '1', 'attaque-magique'),
('attaque-mentale', '1', 'attaque-mentale'),
('colosse', '5', 'attaque-monumentale'),
('tueur', '1', 'attaque-mortelle'),
('roublard', '4', 'attaque-paralysante'),
('maitre-d-armes', '4', 'attaque-parfaite'),
('pierre', '4', 'attaque-petrifiante'),
('combat', '5', 'attaque-puissante'),
('demi-orc', '4', 'attaque-sanglante'),
('frouin', '4', 'attaque-simultanee'),
('musicien', '2', 'attaque-sonore'),
('assassin', '2', 'attaque-sournoise'),
('pourfendeur', '5', 'attaque-tourbillon'),
('meute', '2', 'attaque-traitre-crea'),
('kobold', '4', 'attaque-vicieuse'),
('nanti', '5', 'au-dessus-des-lois'),
('erudit', '3', 'autorite-culturelle'),
('noblesse', '2', 'autorite-naturelle'),
('protecteur', '1', 'baies-magiques'),
('arme-etrange', '4', 'baionnette'),
('mort', '3', 'baiser-du-vampire'),
('golem-de-chair', '3', 'balayage'),
('colosse-creature', '2', 'balayage-creature'),
('nature', '4', 'baton-de-druide'),
('artefacts', '1', 'baton-de-mage'),
('archimage', '2', 'baton-magique'),
('priere', '1', 'benediction'),
('bouffon', '5', 'blague-mortelle'),
('bouffon', '2', 'blagues-et-cabrioles'),
('pacte-vampirique', '1', 'blessure-sanglante'),
('artefacts', '2', 'blocage'),
('halfelin', '3', 'bon-pour-le-moral'),
('chaos', '2', 'bond-en-avant'),
('gnome', '5', 'bonne-nature'),
('escrime', '5', 'botte-mortelle'),
('spadassin', '5', 'botte-secrete'),
('guerre-sainte', '2', 'bouclier-de-la-foi'),
('attaque-mentale', '2', 'bouclier-psi'),
('magie-destructrice', '4', 'boule-de-feu'),
('explosifs', '5', 'boulet-explosif'),
('expert-du-combat', '2', 'bousculer'),
('tournoi', '5', 'briser-l-armure'),
('mort', '4', 'briser-les-coeurs'),
('brute', '4', 'briseur-d-os'),
('casse-cou', '3', 'ca-passe-ou-ca-casse'),
('bouffon', '1', 'ca-pique-les-yeux'),
('pistolero', '2', 'cadence-de-tir'),
('ame-forgee', '3', 'camouflage'),
('familier-fantastique', '3', 'canalisation'),
('chef-darmee', '2', 'capitaine'),
('beornide', '1', 'caractere-d-ours'),
('cavalier', '2', 'cavalier-emerite'),
('amazone', '2', 'cavaliere-emerite'),
('magie-protectrice', '4', 'cercle-de-protection'),
('pnj-recurrent', '2', 'chair-a-canon'),
('telekinesie', '2', 'champ-de-protection'),
('frouin', '5', 'champion-de-la-survi'),
('musicien', '1', 'chant-des-heros'),
('voix', '4', 'chant-des-sirenes'),
('pourfendeur', '2', 'charge'),
('centaure', '1', 'charge-au-galop'),
('cavalier', '4', 'charge-chevalier'),
('meneur-d-hommes', '5', 'charge-fantastique'),
('minotaure', '1', 'charge-minotaure'),
('cogneur', '1', 'charger'),
('aventurier', '5', 'charisme-heroique'),
('foi', '5', 'charisme-heroique'),
('heros', '5', 'charisme-heroique'),
('invocation', '5', 'charisme-heroique'),
('invocation-2', '5', 'charisme-heroique'),
('seduction', '5', 'charisme-heroique'),
('courtisan', '1', 'charmant'),
('seduction', '1', 'charmant-barde'),
('chasseur-de-corrupti', '3', 'chasseur-de-sorciere'),
('escarmouche', '1', 'chasseur-emerite'),
('wolfer', '1', 'chasseur-ne'),
('guerre-sainte', '4', 'chatiment-divin'),
('honneur', '1', 'chef-ne'),
('explosifs', '1', 'chimiste'),
('invocation-2', '1', 'choc'),
('ame-forgee', '2', 'choc-electrique'),
('deplacement', '2', 'chute'),
('magie-protectrice', '2', 'chute-ralentie'),
('cristaux', '5', 'cinquieme-cristal'),
('divination', '3', 'clairvoyance'),
('amazone', '5', 'classe-impitoyable'),
('demi-orc', '5', 'colosse'),
('minotaure', '5', 'colosse-minotaure'),
('compagnon-animal', '3', 'combat'),
('elfe-noir', '4', 'combat-a-2-armes'),
('combat-a-deux-armes', '1', 'combat-a-2-armes-ame'),
('combat-a-deux-armes', '5', 'combat-a-2-armes-par'),
('champ-de-bataille', '4', 'combat-de-masse'),
('soldat', '2', 'combat-en-phalange'),
('telekinesie', '4', 'combat-kinetique'),
('montreur-d-ours', '3', 'combat-ours'),
('champ-de-bataille', '3', 'combattant-aguerri'),
('chasseur-de-corrupti', '2', 'combattre-la-corrupt'),
('chef-darmee', '3', 'commandant'),
('vermines', '2', 'compagnon-vermine'),
('vagabond', '2', 'comprehension-des-la'),
('messager', '3', 'conducteur-de-dilige'),
('gel', '3', 'cone-de-froid'),
('envouteur', '3', 'confusion'),
('conjuration', '3', 'conjuration-d-armee'),
('conjuration', '1', 'conjuration-de-preda'),
('conjuration', '4', 'conjuration-etrange'),
('conjuration', '2', 'conjuration-renforce'),
('maitre-des-poisons', '1', 'connaissance-du-pois'),
('champ-de-bataille', '5', 'constitution-heroiqu'),
('nature', '5', 'constitution-heroiqu'),
('pagne', '5', 'constitution-heroiqu'),
('resistance', '5', 'constitution-heroiqu'),
('survie', '5', 'constitution-heroiqu'),
('controle-corporel', '3', 'controle-metabolisme'),
('controle-corporel', '4', 'controle-sanguin'),
('wolfer', '4', 'corps-de-loup'),
('pierre', '5', 'corps-de-pierre'),
('bouffon', '3', 'corps-elastique'),
('creatures-elementair', '2', 'corps-enflamme'),
('misereux', '4', 'corveable-a-merci'),
('artilleur', '4', 'couleuvrine'),
('guerre', '3', 'coup-de-bouclier'),
('flibustier', '2', 'coup-de-crosse'),
('vent', '3', 'course-des-airs'),
('vent', '2', 'course-du-vent'),
('ki', '4', 'course-mortelle'),
('ophidien', '3', 'crachat'),
('arme-etrange', '5', 'crache-feu'),
('conteur', '2', 'creature-de-reve'),
('rage', '1', 'cri-de-guerre'),
('voix', '5', 'cri-de-la-banshee'),
('demi-orc', '3', 'critique-brutal'),
('armes-a-2-mains', '5', 'critique-destructeur'),
('roublard', '3', 'croc-en-jambe'),
('gel', '5', 'cryogenisation'),
('archer', '5', 'dans-le-mille'),
('danseur-de-guerre', '4', 'danse-des-lames'),
('musicien', '4', 'danse-irresistible'),
('vagabond', '3', 'debrouillard'),
('maitre-des-cadavres', '5', 'decarnation-morbide'),
('pourfendeur', '4', 'dechainement-d-acier'),
('illusions', '4', 'dedoublement'),
('precision', '3', 'defaut-de-la-cuirass'),
('empathie', '2', 'defense-intuitive'),
('duelliste', '2', 'defi'),
('honneur', '2', 'defi-seigneur'),
('rage', '2', 'defier-la-mort'),
('vagabond', '4', 'deguisement'),
('spiritualite', '3', 'delivrance'),
('poing', '4', 'deluge-de-coups'),
('explosifs', '2', 'demolition'),
('seduction', '2', 'dentelles-et-rapiere'),
('glaces', '2', 'deplacement-en-milie'),
('magie-de-combat', '3', 'deplacement-magique'),
('expert-du-combat', '4', 'deplacement-tactique'),
('soldat', '4', 'dernier-rempart'),
('tournoi', '2', 'desarconner'),
('combat', '2', 'desarmer'),
('magie-des-arcanes', '5', 'desintegration'),
('heros-prestige', '1', 'destin-heroique'),
('priere', '2', 'destruction-des-mort'),
('roublard', '2', 'detecter-les-pieges'),
('divination', '2', 'detection-de-l-invis'),
('magie-universelle', '2', 'detection-de-la-magi'),
('porteur-de-bouclier', '4', 'devier-les-coups'),
('predateur', '2', 'devorer'),
('deplacement', '5', 'dexterite-heroique'),
('escarmouche', '5', 'dexterite-heroique'),
('pistolero', '5', 'dexterite-heroique'),
('sabre', '5', 'dexterite-heroique'),
('aasimar', '1', 'diplomate'),
('assassin', '1', 'discretion'),
('tueur', '2', 'disparition'),
('roublard', '1', 'doigts-agiles'),
('envouteur', '5', 'domination'),
('telepathie', '5', 'domination-psi'),
('gnome', '2', 'don-occulte'),
('combat', '3', 'double-attaque'),
('combat-a-deux-armes', '4', 'double-peine'),
('mana', '3', 'double-sort'),
('pacte-vampirique', '3', 'drain-de-sang'),
('montreur-d-ours', '2', 'dressage'),
('duelliste', '5', 'duel-mental'),
('archimage', '3', 'duel-psychique'),
('familier-fantastique', '5', 'duplication'),
('resistance', '4', 'dur-a-cuir'),
('elements', '2', 'eau'),
('kobold', '2', 'ecailles'),
('drakonide', '3', 'ecailles-robustes'),
('noblesse', '3', 'ecuyer'),
('noblesse', '1', 'eduque'),
('dirigeant', '1', 'eduque-seigneur'),
('attaque-mentale', '5', 'ego-heroique'),
('golem-de-chair', '4', 'egratignure'),
('elementaliste', '2', 'element-de-predilect'),
('elementaliste', '4', 'element-puissant'),
('elementaliste', '1', 'elementaliste'),
('elixirs', '3', 'elixir-de-guerison'),
('elixirs', '5', 'elixir-magique'),
('traqueur', '3', 'embuscade'),
('predateur', '1', 'embuscade-creature'),
('compagnon-animal', '4', 'empathie-animale'),
('montreur-d-ours', '4', 'empathie-animale'),
('creatures-volantes', '3', 'emporter-dans-lair'),
('guerre', '2', 'encaisser-un-coup'),
('pourfendeur', '3', 'enchainement'),
('minotaure', '4', 'encorner'),
('survie', '1', 'endurant'),
('tieflin', '3', 'endurci-par-les-epre'),
('metal', '5', 'endurer'),
('pacte-vampirique', '5', 'energie-impie'),
('elfe-sylvain', '2', 'enfant-de-la-foret'),
('elfe-noir', '1', 'enfant-des-tenebres'),
('chaos', '4', 'enkystement-lointain'),
('portes', '4', 'enkystement-lointain'),
('traqueur', '2', 'ennemi-jure'),
('cogneur', '2', 'enrager'),
('outre-tombe', '4', 'ensevelissement'),
('archange', '3', 'epee-celeste'),
('chevalier-dragon', '2', 'epee-de-feu'),
('erudit', '1', 'erudition'),
('ki', '1', 'esprit-vide'),
('deplacement', '1', 'esquive'),
('saltimbanque', '4', 'esquive-acrobatique'),
('deplacement', '4', 'esquive-de-la-magie'),
('maitrise', '1', 'esquive-du-singe'),
('spadassin', '2', 'esquive-fatale'),
('beornide', '4', 'etreinte-de-l-ours'),
('fusion-lycanthropiqu', '2', 'eventration'),
('meneur-d-hommes', '3', 'exemplaire'),
('mecanicien', '4', 'exosquelette'),
('mecanicien', '5', 'exosquelette-superie'),
('chasseur-de-gros-gib', '5', 'expert-en-survie'),
('expert', '2', 'expertise'),
('porteur-de-bouclier', '1', 'expertise-du-bouclie'),
('expert-du-combat', '1', 'expertise-du-combat'),
('expert-du-combat', '5', 'expertise-majeure'),
('expert-du-combat', '3', 'expertise-superieure'),
('maitre-des-cadavres', '1', 'explosion-de-cadavre'),
('maitre-des-cadavres', '3', 'explosion-de-mort-vi'),
('archimage', '5', 'explosion-de-pouvoir'),
('creatures-elementair', '3', 'explosion-finale'),
('sang', '3', 'exsangue'),
('familier', '1', 'familier'),
('invocation', '1', 'familier'),
('familier-fantastique', '1', 'familier-fantastique'),
('mecanicien', '1', 'familier-mecanique'),
('colosse-creature', '1', 'fauchage'),
('aventurier', '4', 'feindre-la-mort'),
('escrime', '3', 'feinte'),
('sang-dragon', '2', 'ferocite'),
('elements', '4', 'feu'),
('elixirs', '2', 'feu-gregeois'),
('artilleur', '5', 'feu-nourri'),
('arme-liee', '1', 'fidele'),
('cavalier', '1', 'fidele-monture'),
('gel', '2', 'fils-des-glaces'),
('archer-arcanique', '5', 'fleche-chercheuse'),
('archer', '4', 'fleche-de-mort'),
('magie-destructrice', '3', 'fleche-enflammee'),
('archer-arcanique', '4', 'fleche-intangible'),
('archer-arcanique', '1', 'fleche-magique'),
('elfe-sylvain', '4', 'fleche-sanglante'),
('archer-arcanique', '2', 'fleche-tueuse'),
('archer-arcanique', '3', 'fleche-vivante'),
('pacte-vampirique', '4', 'flot-de-sang'),
('magie-protectrice', '3', 'flou'),
('haut-elfe', '3', 'force-d-ame'),
('demi-orc', '1', 'force-de-la-nature'),
('colosse', '1', 'force-du-titan'),
('arme-liee', '4', 'force-elementaire'),
('brute', '5', 'force-heroique'),
('guerre', '5', 'force-heroique'),
('soldat', '5', 'force-heroique'),
('protecteur', '2', 'foret-vivante'),
('ame-forgee', '4', 'forge-dans-la-batail'),
('metal', '1', 'forgeron'),
('noblesse', '5', 'formation-d-elite'),
('animaux', '5', 'forme-animale'),
('changeforme', '5', 'forme-animale-enorme'),
('changeforme', '1', 'forme-animale-superi'),
('archange', '1', 'forme-d-ange'),
('protecteur', '4', 'forme-d-arbre'),
('archange', '5', 'forme-d-archange'),
('ophidien', '5', 'forme-de-serpent'),
('elements', '5', 'forme-elementaire'),
('air', '5', 'forme-etheree'),
('magie-des-arcanes', '2', 'forme-gazeuse'),
('felis', '5', 'forme-hybride'),
('elixirs', '1', 'fortifiant'),
('air', '4', 'foudre'),
('foi', '4', 'foudres-divines'),
('fusion-lycanthropiqu', '3', 'fourrure-d-acier'),
('spadassin', '3', 'frappe-chirurgicale'),
('contact-mortel', '3', 'frappe-de-l-enclume'),
('artefacts', '4', 'frappe-des-arcanes'),
('sabre', '2', 'frappe-du-vide'),
('guerre', '4', 'frappe-lourde'),
('chasseur-de-corrupti', '4', 'frappe-preventive'),
('minotaure', '2', 'frenesie'),
('drakonide', '4', 'fureur-drakonide'),
('maitrise', '4', 'fureur-du-dragon'),
('fusion-lycanthropiqu', '5', 'furie-bestiale'),
('rage', '5', 'furie-du-berserk'),
('nanti', '4', 'garde-du-corps'),
('wolfer', '5', 'garou'),
('grand-veneur', '5', 'gibier-royal'),
('vegetaux', '4', 'gland-de-pouvoir'),
('predateur', '3', 'gober'),
('golem', '2', 'golem'),
('golem-de-chair', '1', 'golem-de-chair'),
('golem', '4', 'golem-superieur'),
('haut-elfe', '1', 'grace-elfique'),
('elfe-sylvain', '1', 'grace-elfique-sylve'),
('aventurier', '3', 'grace-feline'),
('saltimbanque', '2', 'grace-feline'),
('fauve', '4', 'grand-felin'),
('survie', '3', 'grand-pas'),
('gobelin', '4', 'grand-worg'),
('changeforme', '3', 'grande-forme-animale'),
('fee', '4', 'grande-taille'),
('lutin', '4', 'grande-taille'),
('magie-primitive', '1', 'gri-gri'),
('maitrise', '3', 'griffes-du-tigre'),
('enchanteur', '2', 'grimoires'),
('chasseur-de-gros-gib', '3', 'gros-calibre'),
('armes-a-2-mains', '2', 'gros-monstre-grosse-'),
('golem', '1', 'grosse-tete'),
('magie-de-guerison', '2', 'guerir'),
('soins', '4', 'guerison'),
('animaux', '3', 'guetteur'),
('nain', '3', 'haches-et-marteaux'),
('grand-veneur', '2', 'harcelement'),
('magie-des-arcanes', '3', 'hate'),
('champion', '3', 'hausser-le-ton'),
('sang', '4', 'hemorragie'),
('tournoi', '1', 'heraldique'),
('drakonide', '5', 'heritage-draconique'),
('beornide', '2', 'hibernation'),
('conteur', '4', 'histoire-a-dormir-de'),
('dirigeant', '5', 'homme-complet'),
('dirigeant', '2', 'homme-de-cour'),
('heros-prestige', '3', 'hommefemme-de-la-sit'),
('honneur', '3', 'honorable'),
('voix', '3', 'hourras'),
('divination', '5', 'hyperconscience'),
('heros', '1', 'ignorer-la-douleur'),
('illusions', '1', 'image-decalee'),
('voix', '1', 'imitateur'),
('illusions', '3', 'imitation'),
('haut-elfe', '4', 'immortel'),
('creatures-magiques', '3', 'immortel-creatures'),
('guerisseur', '2', 'immunite'),
('champion', '1', 'imparable'),
('montreur-d-ours', '1', 'impressionnant'),
('mana', '5', 'incantation-masquee'),
('aasimar', '4', 'incorruptible'),
('humain', '4', 'increvable'),
('survie', '4', 'increvable'),
('pierre', '1', 'inderacinable'),
('envouteur', '1', 'injonction'),
('magie-malefique', '3', 'injonction-mortelle'),
('gnome', '3', 'insignifiant'),
('aasimar', '5', 'inspiration-celeste'),
('pnj-recurrent', '1', 'instinct-survie-crea'),
('erudit', '5', 'int-heroique-erudit'),
('escrime', '2', 'intelligence-du-comb'),
('golem', '5', 'intelligence-heroiqu'),
('magie-universelle', '5', 'intelligence-heroiqu'),
('sombre-magie', '5', 'intelligence-heroiqu'),
('meneur-d-hommes', '2', 'intercepter'),
('meute', '1', 'interchangeables'),
('archimage', '4', 'interdiction'),
('priere', '4', 'intervention-divine'),
('drakonide', '2', 'intimidant'),
('magie-universelle', '3', 'invisibilite'),
('fee', '2', 'invisibilite-fee'),
('lutin', '2', 'invisibilite-fee'),
('entite', '1', 'invocation-d-entite'),
('demon', '5', 'invocation-d-un-demo'),
('energie-vitale', '3', 'invulnerable'),
('courtisan', '4', 'j-ai-un-ami'),
('homme-du-peuple', '2', 'j-ai-un-pote-qui-m-a'),
('chaos', '1', 'jet-prismatique'),
('gobelin', '2', 'jeune-worg'),
('precision', '1', 'joli-coup-!'),
('messager', '2', 'jusqu-a-bon-port'),
('duelliste', '3', 'juste-toi-et-moi'),
('ki', '3', 'kiai'),
('misereux', '5', 'l-energie-du-desespo'),
('homme-du-peuple', '1', 'la-vie-est-dure'),
('heros', '3', 'laissez-le-moi-!'),
('dirigeant', '3', 'lame-de-lignee'),
('sabre', '3', 'lames-jumelles'),
('saltimbanque', '3', 'lanceur-de-couteau'),
('fee', '1', 'langage-animaux-fee'),
('lutin', '1', 'langage-animaux-fee'),
('animaux', '1', 'langage-des-animaux'),
('ophidien', '1', 'langue-fourchue'),
('courtisan', '3', 'le-diable-est-dans-l'),
('conteur', '3', 'le-poids-des-mots'),
('chaos', '3', 'lenteur'),
('vent', '4', 'levitation'),
('meute', '3', 'lhallali'),
('saltimbanque', '5', 'liberte-d-action'),
('felis', '3', 'lien-avec-la-foret'),
('sang', '5', 'lien-de-sang'),
('entite', '2', 'lien-magique'),
('entite', '5', 'lien-magique-amelior'),
('arme-liee', '3', 'lien-spirituel'),
('familier', '5', 'lilliputien'),
('telepathie', '4', 'lire-les-pensees-psi'),
('wolfer', '3', 'lois-de-la-meute'),
('humain', '2', 'loup-parmi-les-loups'),
('magie-universelle', '1', 'lumiere'),
('arme-etrange', '3', 'lunette-de-visee'),
('commerce', '4', 'luxe-et-abondance'),
('fusion-lycanthropiqu', '1', 'lycanthropie'),
('ame-forgee', '5', 'machine-de-guerre'),
('aasimar', '2', 'magie-celeste'),
('magie-primitive', '3', 'magie-du-sang'),
('tieflin', '2', 'magie-tenebreuse'),
('metal', '3', 'magnetisme'),
('contact-mortel', '5', 'main-du-tout-puissan'),
('ame-forgee', '1', 'main-lourde'),
('ki', '2', 'main-vide'),
('energie-vitale', '1', 'mains-d-energie'),
('nature', '1', 'maitre-de-la-survie'),
('expert', '4', 'maitre-en-son-domain'),
('vermines', '5', 'maitre-vermine'),
('centaure', '3', 'maitrise-de-la-ruade'),
('elfe-noir', '3', 'maitrise-des-arbalet'),
('meditation', '3', 'maitrise-du-ki'),
('demon', '1', 'malediction'),
('telekinesie', '1', 'manipulation-a-dista'),
('portes', '3', 'manoir-d-outremonde'),
('spiritualite', '4', 'marche-des-plans'),
('nature', '2', 'marche-sylvestre'),
('guerre-sainte', '3', 'marteau-spirituel'),
('animaux', '4', 'masque-du-predateur'),
('mort', '2', 'masque-mortuaire'),
('noblesse', '4', 'massacrer-la-pietail'),
('magie-primitive', '5', 'mauvais-oeil'),
('artilleur', '1', 'mecanismes'),
('rage', '4', 'meme-pas-mal'),
('espion', '3', 'memoire-eidetique'),
('heros-prestige', '4', 'meneur-dhommes'),
('gnome', '4', 'merveille-technologi'),
('spiritualite', '5', 'messie'),
('metal', '2', 'metal-brulant'),
('metal', '4', 'metal-hurlant'),
('beornide', '3', 'metamorphose'),
('felis', '4', 'metamorphose-feline'),
('beornide', '5', 'metamorphose-superie'),
('grand-veneur', '1', 'meute-de-chasse'),
('conjuration', '5', 'meute-de-predateurs'),
('grand-veneur', '3', 'meute-fabuleuse'),
('gobelin', '3', 'miam'),
('illusions', '2', 'mirage'),
('grand-veneur', '4', 'mise-a-mort'),
('misereux', '1', 'moins-que-rien'),
('maitrise', '5', 'moment-de-perfection'),
('dirigeant', '4', 'moment-zen'),
('cavalier', '5', 'monture-fantastique'),
('fee', '3', 'monture-feerique'),
('lutin', '3', 'monture-feerique'),
('arc-et-cheval', '1', 'monture-loyale'),
('cavalier', '3', 'monture-magique'),
('chevalier-dragon', '4', 'monture-puissante'),
('demi-ogre', '5', 'monumental'),
('maitrise', '2', 'morsure-du-serpent'),
('bouffon', '4', 'mort-de-rire'),
('mort', '5', 'mot-de-mort'),
('guerre-sainte', '5', 'mot-de-pouvoir'),
('casse-cou', '2', 'mouche-du-coche'),
('messager', '1', 'muet-comme-une-tombe'),
('invocation', '3', 'mur-de-force'),
('invocation-2', '3', 'mur-de-force'),
('chaos', '5', 'mur-prismatique'),
('air', '1', 'murmures-dans-le-ven'),
('musicien', '5', 'musique-fascinante'),
('tieflin', '4', 'mutation-demoniaque'),
('mutations', '1', 'mutation-offensive'),
('mutations', '2', 'mutation-protectrice'),
('mutations', '5', 'mutation-regeneratri'),
('ophidien', '4', 'mutation-serpentine'),
('survie', '2', 'nature-nourriciere'),
('glaces', '1', 'ni-chaud-ni-froid'),
('homme-du-peuple', '4', 'ni-vu,-ni-connu'),
('erudit', '4', 'novice'),
('animaux', '2', 'nuee-d-insectes'),
('vermines', '1', 'nuees-de-criquets'),
('enchanteur', '4', 'objets-de-puissance'),
('fusion-lycanthropiqu', '4', 'odeur-du-sang'),
('compagnon-animal', '1', 'odorat'),
('sombre-magie', '4', 'ombre-mortelle'),
('assassin', '3', 'ombre-mouvante'),
('homme-du-peuple', '3', 'on-m-la-fait-pas-a-m'),
('nanti', '2', 'on-ne-prete-qu-aux-r'),
('telekinesie', '3', 'onde-de-choc'),
('commerce', '2', 'or-des-fous'),
('conteur', '1', 'orateur-hors-pair'),
('meneur-d-hommes', '4', 'ordre-de-bataille'),
('chevalier-dragon', '1', 'ordre-du-chevalier-d'),
('minotaure', '3', 'orientation-infailli'),
('saisons', '5', 'osmose-des-saisons'),
('assassin', '5', 'ouverture-mortelle'),
('meditation', '1', 'pacifisme'),
('demon', '3', 'pacte-sanglant'),
('fauve', '2', 'panthere'),
('duelliste', '4', 'parade'),
('porteur-de-bouclier', '5', 'parade-au-bouclier'),
('combat-a-deux-armes', '2', 'parade-croisee'),
('poing', '2', 'parade-de-projectile'),
('frouin', '3', 'parano'),
('enchanteur', '1', 'parchemins'),
('centaure', '5', 'parfaitement-adapte'),
('foi', '1', 'parole-divine'),
('traqueur', '1', 'pas-de-loup'),
('flibustier', '5', 'pas-de-quartier'),
('vent', '1', 'pas-du-vent'),
('vent', '5', 'passe-muraille'),
('sombre-magie', '2', 'pattes-d-araignee'),
('contact-mortel', '4', 'paume-mortelle'),
('pagne', '4', 'peau-d-acier'),
('vegetaux', '1', 'peau-d-ecorce'),
('poing', '3', 'peau-de-fer'),
('magie-elementaire', '5', 'peau-de-pierre'),
('pagne', '2', 'peau-de-pierre-barba'),
('halfelin', '4', 'perception'),
('empathie', '3', 'perception-du-passe'),
('empathie', '1', 'perception-extra-sen'),
('arc-et-cheval', '5', 'perception-heroique'),
('empathie', '5', 'perception-heroique'),
('cogneur', '3', 'percuter'),
('gnome', '1', 'petit-pote'),
('halfelin', '1', 'petit-veinard'),
('frouin', '2', 'petite-taille-frouin'),
('outre-tombe', '1', 'peur'),
('guerisseur', '5', 'phenix'),
('flibustier', '1', 'pied-marin'),
('commerce', '3', 'piege'),
('explosifs', '4', 'piege-explosif'),
('kobold', '3', 'piege-improvise'),
('heros', '2', 'piqures-d-insecte'),
('danseur-de-guerre', '1', 'pirouettes'),
('nanti', '1', 'plein-aux-as'),
('courtisan', '5', 'plus-d-une-corde-a-s'),
('pistolero', '1', 'plus-vite-que-son-om'),
('colosse', '4', 'poigne-de-fer'),
('poing', '1', 'poing-de-fer'),
('pierre', '3', 'poings-de-pierre'),
('maitre-des-poisons', '3', 'poison-affaiblissant'),
('maitre-des-poisons', '2', 'poison-rapide'),
('maitre-des-poisons', '5', 'poisons-virulents'),
('humain', '5', 'polyvalence'),
('portes', '2', 'porte-artificielle'),
('portes', '5', 'porte-dimensionnelle'),
('vegetaux', '5', 'porte-vegetale'),
('pnj-recurrent', '3', 'porteur-de-poisse'),
('soldat', '1', 'posture-de-combat'),
('nanti', '3', 'pot-de-vin'),
('elixirs', '4', 'potion-magique'),
('explosifs', '3', 'poudre-puissante'),
('casse-cou', '4', 'poussee-d-adrenaline'),
('familier-fantastique', '2', 'pouvoir-mineur'),
('familier-fantastique', '4', 'pouvoir-superieur'),
('escrime', '1', 'precision'),
('cristaux', '1', 'premier-cristal'),
('guerisseur', '1', 'premiers-soins'),
('divination', '4', 'prescience'),
('gel', '4', 'presence-glaciale'),
('contact-mortel', '2', 'pression-destructric'),
('energie-vitale', '2', 'pression-mortelle'),
('vegetaux', '2', 'prison-vegetale'),
('primitif', '1', 'proche-de-la-nature'),
('expert', '1', 'professionnel'),
('porteur-de-bouclier', '2', 'progesser-a-couvert'),
('magie-destructrice', '1', 'projectile-magique'),
('arme-etrange', '2', 'projectile-special'),
('colosse-creature', '3', 'projection'),
('energie-vitale', '4', 'projection-du-ki'),
('meditation', '4', 'projection-mentale'),
('armure-sainte', '2', 'projection-puissante'),
('enchanteur', '3', 'proprietes-etranges'),
('controle-corporel', '1', 'proprioception'),
('expert', '3', 'protecteur'),
('entite', '4', 'protecteur-entite'),
('golem', '3', 'protecteur-golem'),
('spiritualite', '2', 'protection-contre-le'),
('archange', '4', 'protection-divine'),
('magie-elementaire', '2', 'protection-vs-elemen'),
('bouclier', '1', 'proteger-un-allie'),
('soldat', '3', 'prouesse'),
('aventurier', '2', 'provocation'),
('telekinesie', '5', 'psychoportation'),
('golem-de-chair', '5', 'puissance-colossale'),
('poing', '5', 'puissance-du-ki'),
('ki', '5', 'puissance-ki-seigneu'),
('outre-tombe', '3', 'putrefaction'),
('cristaux', '4', 'quatrieme-cristal'),
('portes', '1', 'raccourci'),
('telepathie', '2', 'radar-mental'),
('rage', '3', 'rage-du-berserk'),
('glaces', '4', 'rage-froide'),
('gobelin', '1', 'rapide-comme-son-omb'),
('familier', '4', 'rappel'),
('soins', '5', 'rappel-a-la-vie'),
('magie-destructrice', '2', 'rayon-affaiblissant'),
('expert', '5', 'rayonnement-heroique'),
('creatures-magiques', '1', 'reduction-des-dm'),
('pourfendeur', '1', 'reflexes-felins'),
('ophidien', '2', 'regard-hypnotique'),
('armure-sainte', '4', 'regeneration'),
('protecteur', '3', 'regeneration-druide'),
('tieflin', '5', 'renforce-par-les-epr'),
('centaure', '4', 'renverser'),
('bouclier', '5', 'renvoi-de-sort'),
('escarmouche', '4', 'repli'),
('heros-prestige', '5', 'reputation-heroique'),
('espion', '4', 'reseau'),
('mana', '1', 'reserve-de-mana'),
('nain', '4', 'resistance-a-la-magi'),
('aasimar', '3', 'resistance-aasimar'),
('chevalier-dragon', '3', 'resistance-au-feu'),
('maitre-des-poisons', '4', 'resistance-aux-poiso'),
('colosse', '3', 'resistance-colossale'),
('saisons', '4', 'resistance-de-lhiver'),
('elementaliste', '3', 'resistance-elementai'),
('golem-de-chair', '2', 'resistance-et-regene'),
('familier', '2', 'resistance-familier'),
('homme-du-peuple', '5', 'resistance-heroique'),
('halfelin', '2', 'resistance-legendair'),
('primitif', '4', 'resistance-magie-bar'),
('nain', '1', 'resistance-nain'),
('nature', '3', 'resistant'),
('chasseur-de-corrupti', '5', 'resister-a-la-corrup'),
('magie-elementaire', '4', 'respiration-aquatiqu'),
('maitre-d-armes', '5', 'riposte'),
('champion', '2', 'riposte-champion'),
('magie-destructrice', '5', 'rituel-de-puissance'),
('magie-primitive', '2', 'rituel-primitif'),
('resistance', '1', 'robustesse'),
('misereux', '2', 'roi-de-la-debrouille'),
('vagabond', '1', 'rumeurs-et-legendes'),
('runes', '5', 'rune-de-pouvoir'),
('runes', '2', 'runes-d-energie'),
('runes', '1', 'runes-de-defense'),
('runes', '3', 'runes-de-protection'),
('runes', '4', 'runes-de-puissance'),
('kobold', '5', 'ruse-instinctive'),
('flibustier', '4', 'sabre-au-poing'),
('artefacts', '3', 'sac-sans-fond'),
('saisons', '3', 'sagesse-de-lautomne'),
('meditation', '5', 'sagesse-heroique'),
('priere', '5', 'sagesse-heroique'),
('protecteur', '5', 'sagesse-heroique'),
('traqueur', '5', 'sagesse-heroique'),
('sang', '1', 'saignements'),
('priere', '3', 'sanctuaire'),
('saisons', '1', 'sang-du-printemps'),
('demi-ogre', '1', 'sang-froid'),
('sang', '2', 'sang-mordant'),
('pacte-vampirique', '2', 'sang-puissant'),
('meneur-d-hommes', '1', 'sans-peur'),
('archimage', '1', 'sceptre-defensif'),
('maitre-d-armes', '2', 'science-du-critique'),
('tieflin', '1', 'se-faire-discret'),
('espion', '5', 'se-fondre-dans-la-fo'),
('frouin', '1', 'se-planquer'),
('kobold', '1', 'se-planquer-kobold'),
('cristaux', '2', 'second-cristal'),
('traqueur', '4', 'second-ennemi-jure'),
('resistance', '3', 'second-souffle'),
('espion', '1', 'secrets-d-alcoves'),
('courtisan', '2', 'secrets-et-commerage'),
('fee', '5', 'seigneur-feerique'),
('lutin', '5', 'seigneur-feerique'),
('archer', '1', 'sens-affutes'),
('pierre', '2', 'sens-de-la-pierre'),
('familier', '3', 'sens-developpes'),
('commerce', '1', 'sens-du-commerce'),
('messager', '4', 'sens-du-devoir'),
('chasseur-de-corrupti', '1', 'sentir-la-corruption'),
('fauve', '5', 'sept-vies-du-chat'),
('chef-darmee', '1', 'sergent'),
('invocation', '2', 'serviteur-invisible'),
('invocation-2', '2', 'serviteur-invisible'),
('mecanicien', '3', 'serviteur-mecanique'),
('heros', '4', 'seul-contre-tous'),
('honneur', '4', 'seuls-au-monde'),
('mort', '1', 'siphon-des-ames'),
('divination', '1', 'sixieme-sens'),
('elfe-noir', '2', 'societe-de-caste'),
('magie-de-guerison', '1', 'soigner'),
('archange', '2', 'soins-ameliores'),
('soins', '3', 'soins-de-groupe'),
('soins', '1', 'soins-legers'),
('soins', '2', 'soins-moderes'),
('guerisseur', '3', 'soins-rapides'),
('misereux', '3', 'solidarite-des-demun'),
('nain', '2', 'solide-comme-un-roc'),
('envouteur', '2', 'sommeil'),
('mana', '4', 'sort-parfait'),
('mana', '2', 'sort-selectif'),
('drakonide', '1', 'souffle'),
('sang-dragon', '3', 'souffle-du-dragon'),
('creatures-elementair', '1', 'souffle-elementaire'),
('chevalier-dragon', '5', 'souffle-enflamme'),
('conteur', '5', 'souhait'),
('air', '2', 'sous-tension'),
('magie-de-guerison', '3', 'soutenir'),
('maitre-d-armes', '3', 'specialisation'),
('aventurier', '1', 'sprint'),
('colosse', '2', 'stature-de-geant'),
('sombre-magie', '3', 'strangulation'),
('seduction', '4', 'suggestion'),
('telepathie', '3', 'suggestion'),
('elfe-sylvain', '5', 'superiorite-elfe-syl'),
('elfe-noir', '5', 'superiorite-elfique'),
('haut-elfe', '5', 'superiorite-elfique'),
('honneur', '5', 'surmonter-la-douleur'),
('assassin', '4', 'surprise'),
('mutations', '3', 'surpuissance-physiqu'),
('compagnon-animal', '2', 'surveillance'),
('combat-a-deux-armes', '3', 'symetrie'),
('haut-elfe', '2', 'talent-pour-la-magie'),
('demi-orc', '2', 'talent-pour-la-viole'),
('pagne', '3', 'tatouages'),
('sabre', '1', 'technique-du-sabre'),
('air', '3', 'telekinesie'),
('telepathie', '1', 'telepathie'),
('magie-des-arcanes', '4', 'teleportation'),
('nain', '5', 'tenacite'),
('heros-prestige', '2', 'tenacite-du-heros'),
('sombre-magie', '1', 'tenebres'),
('armes-a-2-mains', '3', 'tenir-a-distance'),
('elements', '1', 'terre'),
('archer', '2', 'tir-aveugle'),
('artilleur', '3', 'tir-de-barrage'),
('artilleur', '2', 'tir-de-semonce'),
('pistolero', '3', 'tir-double'),
('arc-et-cheval', '2', 'tir-en-mouvement'),
('arc-et-cheval', '3', 'tir-fatal'),
('precision', '5', 'tir-mortel'),
('centaure', '2', 'tir-mouvement-centau'),
('precision', '4', 'tir-parabolique'),
('archer', '3', 'tir-rapide'),
('arc-et-cheval', '4', 'tir-successifs'),
('elementaliste', '5', 'tornade-elementaire'),
('vagabond', '5', 'touche-a-tout'),
('commerce', '5', 'touche-d-or'),
('demi-ogre', '4', 'toujours-plus-gros'),
('brute', '2', 'tour-de-force'),
('meditation', '2', 'transe-de-guerison'),
('controle-corporel', '2', 'transe-de-regenarati'),
('changeforme', '2', 'transformation-rapid'),
('changeforme', '4', 'transformation-regen'),
('escarmouche', '2', 'traquenard'),
('chasseur-de-gros-gib', '1', 'traqueur'),
('precision', '2', 'tri-precis'),
('cristaux', '3', 'troisieme-cristal'),
('amazone', '4', 'trop-lent'),
('chasseur-de-gros-gib', '2', 'tueur-d-animaux'),
('chasseur-de-gros-gib', '4', 'tueur-d-animaux-fant'),
('glaces', '3', 'tueur-de-geants'),
('illusions', '5', 'tueur-fantasmagoriqu'),
('attaque-mentale', '4', 'vague-psionique'),
('magie-malefique', '1', 'vampirisation'),
('magie-primitive', '4', 'vent-des-ames'),
('danseur-de-guerre', '2', 'vent-des-lames'),
('voix', '2', 'ventriloquie'),
('gel', '1', 'verglas'),
('vermines', '4', 'vermine-superieure'),
('humain', '3', 'versatile'),
('spiritualite', '1', 'vetements-sacres'),
('halfelin', '5', 'vif-et-alerte'),
('gobelin', '5', 'vif-et-alerte-gob'),
('primitif', '3', 'vigilance'),
('pagne', '1', 'vigueur'),
('saisons', '2', 'vigueur-de-lete'),
('demi-ogre', '2', 'violence-ciblee'),
('empathie', '4', 'vision-lointaine'),
('primitif', '5', 'vitalite-debordante'),
('creatures-magiques', '2', 'vitalite-surnaturell'),
('fauve', '1', 'vitesse-du-felin'),
('combat', '1', 'vivacite'),
('duelliste', '1', 'vives-lames'),
('magie-universelle', '4', 'vol'),
('creatures-volantes', '1', 'vol-rapide'),
('danseur-de-guerre', '5', 'volte-face'),
('demi-ogre', '3', 'vorace'),
('musicien', '3', 'zone-de-silence'),
('guerisseur', '4', 'zone-de-vie');

-- --------------------------------------------------------

--
-- Table structure for table `cof_categories_equipement`
--

DROP TABLE IF EXISTS `cof_categories_equipement`;
CREATE TABLE IF NOT EXISTS `cof_categories_equipement` (
  `code` varchar(20) NOT NULL,
  `libelle` varchar(50) NOT NULL,
  `parent` varchar(20) DEFAULT NULL,
  `sequence` varchar(5) DEFAULT NULL,
  PRIMARY KEY (`code`),
  KEY `cof_fk_categorie_parente_idx` (`parent`),
  KEY `cof_categorie_sequence` (`sequence`)
) ENGINE=InnoDB DEFAULT CHARSET=utf8mb4 COLLATE=utf8mb4_general_ci;

--
-- Dumping data for table `cof_categories_equipement`
--

INSERT INTO `cof_categories_equipement` (`code`, `libelle`, `parent`, `sequence`) VALUES
('armes', 'Armes', NULL, '00005'),
('armes-a-distance', 'Armes à distance', 'armes', '00010'),
('armes-a-feu', 'Armes à feu', 'armes', '00015'),
('armes-de-contact', 'Armes de contact', 'armes', '00005'),
('armures', 'Armures', 'defense', '00005'),
('auberge', 'Auberge', 'divers', '00010'),
('autres', 'Autres', 'divers', '99999'),
('biens-immobiliers', 'Biens immobiliers', 'divers', '00020'),
('boucliers', 'Boucliers', 'defense', '00010'),
('casques', 'Casques', 'defense', '00015'),
('defense', 'Défense', NULL, '00010'),
('divers', 'Divers', NULL, '00015'),
('materiel', 'Matériel', 'divers', '00005'),
('montures', 'Montures', 'divers', '00015');

-- --------------------------------------------------------

--
-- Table structure for table `cof_categories_proprietes`
--

DROP TABLE IF EXISTS `cof_categories_proprietes`;
CREATE TABLE IF NOT EXISTS `cof_categories_proprietes` (
  `code_categorie` varchar(20) NOT NULL,
  `code_propriete` varchar(20) NOT NULL,
  PRIMARY KEY (`code_categorie`,`code_propriete`),
  KEY `cof_categories_proprietes_categorie` (`code_categorie`),
  KEY `cof_categories_proprietes_propriete` (`code_propriete`)
) ENGINE=InnoDB DEFAULT CHARSET=utf8mb4 COLLATE=utf8mb4_general_ci;

--
-- Dumping data for table `cof_categories_proprietes`
--

INSERT INTO `cof_categories_proprietes` (`code_categorie`, `code_propriete`) VALUES
('armes-a-distance', 'critique'),
('armes-a-distance', 'dm1m'),
('armes-a-distance', 'dm2m'),
('armes-a-distance', 'formin'),
('armes-a-distance', 'portee'),
('armes-a-distance', 'recharge'),
('armes-a-feu', 'dm1m'),
('armes-a-feu', 'dm2m'),
('armes-a-feu', 'portee'),
('armes-a-feu', 'recharge'),
('armes-de-contact', 'critique'),
('armes-de-contact', 'dm1m'),
('armes-de-contact', 'dm2m'),
('armes-de-contact', 'formin'),
('armures', 'def'),
('auberge', 'prix-max'),
('boucliers', 'def'),
('casques', 'rd');

-- --------------------------------------------------------

--
-- Table structure for table `cof_equipement`
--

DROP TABLE IF EXISTS `cof_equipement`;
CREATE TABLE IF NOT EXISTS `cof_equipement` (
  `code` varchar(20) NOT NULL,
  `designation` varchar(50) NOT NULL,
  `categorie` varchar(20) NOT NULL,
  `sequence` varchar(5) DEFAULT NULL,
  `prix` decimal(16,2) DEFAULT NULL,
  `notes` mediumtext DEFAULT NULL,
  PRIMARY KEY (`code`),
  KEY `cof_fk_categorie_equipement_idx` (`categorie`),
  KEY `cof_equipement_sequence` (`sequence`)
) ENGINE=InnoDB DEFAULT CHARSET=utf8mb4 COLLATE=utf8mb4_general_ci;

--
-- Dumping data for table `cof_equipement`
--

INSERT INTO `cof_equipement` (`code`, `designation`, `categorie`, `sequence`, `prix`, `notes`) VALUES
('appartement', 'Appartement', 'biens-immobiliers', NULL, '2500.00', ''),
('arbalete-de-poing', 'Arbalète de poing', 'armes-a-distance', NULL, '8.00', ''),
('arbalete-legere', 'Arbalète légère', 'armes-a-distance', NULL, '10.00', ''),
('arbalete-lourde', 'Arbalète lourde', 'armes-a-distance', NULL, '12.00', ''),
('arc-court', 'Arc court', 'armes-a-distance', NULL, '4.00', ''),
('arc-long', 'Arc long', 'armes-a-distance', NULL, '5.00', ''),
('autre', 'Autre', 'autres', NULL, NULL, NULL),
('banquet', 'Banquet', 'auberge', NULL, '10.00', ''),
('baton', 'Bâton', 'armes-de-contact', NULL, '0.00', 'DM temporaires'),
('baton-ferre', 'Bâton ferré', 'armes-de-contact', NULL, '2.00', ''),
('biere-pinte', 'Bière (pinte)', 'auberge', NULL, '0.20', ''),
('bon-repas', 'Bon repas', 'auberge', NULL, '5.00', ''),
('briquet-a-silex', 'Briquet à silex', 'materiel', NULL, '1.00', ''),
('calotte-cuir', 'Calotte (cuir)', 'casques', '1', '1.00', NULL),
('camail', 'Camail (chemise de maille)', 'casques', '4', '3.00', NULL),
('carquois-20', 'Carquois de 20 flèches', 'materiel', NULL, '3.00', ''),
('carriole', 'Carriole', 'montures', NULL, '50.00', ''),
('casque-cote', 'Casque (cotte de maille)', 'casques', '5', '5.00', NULL),
('cervoise-pinte', 'Cervoise (pinte)', 'auberge', NULL, '0.20', ''),
('chambre-4-nuit', 'Chambre de 4 (nuit)', 'auberge', NULL, '1.00', ''),
('chambre-individuelle', 'Chambre individuelle (nuit)', 'auberge', NULL, '2.00', ''),
('chariot', 'Chariot', 'montures', NULL, '90.00', ''),
('chateau', 'Château', 'biens-immobiliers', NULL, '1500000.00', ''),
('chemise-de-maille', 'Chemise de maille', 'armures', '4', '15.00', NULL),
('cheval-de-selle', 'Cheval de selle', 'montures', NULL, '100.00', ''),
('cheval-guerre-leger', 'Cheval de guerre léger', 'montures', NULL, '300.00', ''),
('cidre-verre', 'Cidre (verre)', 'auberge', NULL, '0.10', ''),
('corde-15m', 'Corde 15m', 'materiel', NULL, '2.00', ''),
('cotte-de-maille', 'Cotte de maille', 'armures', '5', '20.00', NULL),
('couteau-de-lancer', 'Couteau de lancer', 'armes-a-distance', NULL, '3.00', 'Ces armes de jets font peu de DM mais peuvent s’avérer dangereuses par leur nombre ou leur précision (convient aussi pour les shurikens). Seuls les bardes, les voleurs et les moines sont formés à leur maniement. Au prix d’une action limitée, un personnage peut au choix lancer plusieurs couteaux et infliger 2d4 DM, ou en lancer un seul avec précision et ajouter son Mod. de DEX aux DM. Ces armes ne sont pas utilisables en combat au contact.'),
('couverture', 'Couverture', 'materiel', NULL, '1.00', ''),
('cuir', 'Armure de cuir', 'armures', '2', '4.00', NULL),
('cuir-renforce', 'Armure de cuir renforcé', 'armures', '3', '8.00', NULL),
('dague', 'Dague', 'armes-de-contact', NULL, '3.00', ''),
('dague-atd', 'Dague', 'armes-a-distance', NULL, '3.00', ''),
('demi-plaque', 'Demi-plaque', 'armures', '6', '50.00', 'Très rare'),
('dortoir-nuit', 'Dortoir (nuit)', 'auberge', NULL, '0.50', ''),
('epee-a-deux-mains', 'Epée à deux mains', 'armes-de-contact', NULL, '10.00', ''),
('epee-batarde', 'Epée bâtarde', 'armes-de-contact', NULL, '9.00', ''),
('epee-courte', 'Epée courte', 'armes-de-contact', NULL, '5.00', ''),
('epee-longue', 'Epée longue', 'armes-de-contact', NULL, '6.00', ''),
('epieu', 'Epieu', 'armes-de-contact', NULL, '3.00', 'Une lance courte (1,50 m environ) et massive, formidable pour la chasse. Elle offre un bonus de +2 en DEF contre les créatures seulement dotées d’armes naturelles et inflige 2d6 DM contre celles qui ne portent pas d’armure manufacturée.'),
('fleau', 'Fléau', 'armes-de-contact', NULL, '7.00', 'Un manche prolongé par une chaîne au bout de laquelle est suspendue une boule d’acier, souvent hérissée de piques. Le fléau offre un bonus de +2 en attaque si l’adversaire utilise un bouclier.'),
('fleau-a-deux-mains', 'Fléau à deux mains', 'armes-de-contact', NULL, '11.00', 'Bonus d\'attaque +2 contre boucliers'),
('fronde', 'Fronde', 'armes-a-distance', NULL, '0.00', ''),
('gourdin', 'Gourdin', 'armes-de-contact', NULL, '1.00', 'DM temporaires'),
('grand-bouclier', 'Grand bouclier', 'boucliers', '2', '4.00', NULL),
('grand-cru-btl', 'Grand cru (bouteille)', 'auberge', NULL, '5.00', ''),
('grappin', 'Grappin', 'materiel', NULL, '2.00', ''),
('hache', 'Hache', 'armes-de-contact', NULL, '6.00', ''),
('hache-a-deux-mains', 'Hache à deux mains', 'armes-de-contact', NULL, '10.00', ''),
('hachette', 'Hachette', 'armes-a-distance', NULL, '2.00', ''),
('heaume', 'Heaume (demi-plaque)', 'casques', '6', '8.00', NULL),
('huile-6h', 'Huile (6h)', 'materiel', NULL, '1.00', ''),
('hydromel-verre', 'Hydromel (verre)', 'auberge', NULL, '0.50', ''),
('javelot', 'Javelot', 'armes-a-distance', NULL, '6.00', ''),
('lait-verre', 'Lait (verre)', 'auberge', NULL, '0.10', ''),
('lance-de-cavalerie', 'Lance de cavalerie', 'armes-de-contact', NULL, '12.00', 'Conçue pour être utilisée uniquement à cheval, la lance de cavalerie mesure environ 3 m de long. Il faut prendre de l’élan pour l’utiliser à son plein potentiel. L’attaque doit donc avoir lieu après un déplacement pour obtenir les DM indiqués. Sinon, en combat au contact classique, le cavalier se voit infligé une pénalité de -3 en attaque et aux DM.'),
('lanterne-a-huile', 'Lanterne à huile', 'materiel', NULL, '3.00', ''),
('main-gauche', 'Main gauche', 'armes-de-contact', NULL, '5.00', 'La main gauche ou dague de parade comporte une garde en panier très couvrante. Elle offre un bonus de +1 en DEF, mais seulement en combat au contact contre les adversaires maniant des armes dont la taille et le poids n’excèdent pas une épée longue (ce qui exclu les masses et les marteaux).'),
('maison', 'Maison', 'biens-immobiliers', NULL, '20000.00', '6 pièces'),
('manoir', 'Manoir', 'biens-immobiliers', NULL, '200000.00', ''),
('marteau', 'Marteau', 'armes-de-contact', NULL, '4.00', ''),
('masse', 'Masse', 'armes-de-contact', NULL, '4.00', ''),
('masure', 'Masure', 'biens-immobiliers', NULL, '5000.00', '3 pièces'),
('materiel-decriture', 'Matériel d\'écriture', 'materiel', NULL, '5.00', ''),
('mousquet', 'Mousquet', 'armes-a-feu', NULL, '20.00', NULL),
('mule-ane', 'Mule / Âne', 'montures', NULL, '25.00', ''),
('outils-de-crochetage', 'Outils de crochetage', 'materiel', NULL, '5.00', 'Pénalité de -10 aux tests de crochetage sans ces outils'),
('palais', 'Palais', 'biens-immobiliers', NULL, '3000000.00', ''),
('petit-bouclier', 'Petit bouclier', 'boucliers', '1', '2.00', NULL),
('petoire', 'Pétoire', 'armes-a-feu', NULL, '15.00', NULL),
('pique', 'Pique', 'armes-de-contact', NULL, '5.00', 'Une très longue lance de fantassin, destinée à recevoir les charges de cavalerie ou à attaquer depuis le second rang. La pique double ses DM contre une créature de grande taille qui vient de réaliser une charge ou une action de mouvement pour arriver au contact. Elle permet aussi d’attaquer en se tenant derrière un allié de taille normale, avec une pénalité de -5. Elle inflige également une pénalité de -5 en attaque dans toutes les autres conditions.'),
('place-forte', 'Place forte', 'biens-immobiliers', NULL, '600000.00', ''),
('plaque-complete', 'Plaque complète', 'armures', '8', '200.00', 'Très rare, fabriquée sur mesure (seul le chevalier peut porter cette armure)'),
('poney', 'Poney', 'montures', NULL, '50.00', ''),
('potion-soins-legers', 'Potion de soins légers', 'materiel', NULL, '10.00', 'Récupére 1d8(M) / 8(L) PV'),
('potion-soins-moderes', 'Potion de soins modérés', 'materiel', NULL, '50.00', 'Récupère 2d8(M) / 16(L) PV'),
('potion-soins-superie', 'Potion de soins supérieure', 'materiel', NULL, '100.00', 'Récupère 3d8(M) / 24(L) PV'),
('rapiere', 'Rapière', 'armes-de-contact', NULL, '6.00', ''),
('rations-1-semaine', 'Rations (1 semaine)', 'materiel', NULL, '4.00', ''),
('repas-carne', 'Repas carné', 'auberge', NULL, '1.00', ''),
('sabre-de-bois', 'Sabre de bois', 'armes-de-contact', NULL, NULL, 'DM temporaires'),
('sac-a-dos', 'Sac à dos', 'materiel', NULL, '1.00', ''),
('soupe-et-pain', 'Soupe et pain', 'auberge', NULL, '0.10', ''),
('stylet', 'Stylet', 'armes-de-contact', NULL, '1.00', 'Une arme d’assassin, une pointe acérée sans tranchants destinée à transpercer les organes vitaux. Pas de Mod. de FOR ajouté aux DM. En cas d’attaque sournoise ou par surprise, le stylet inflige [1d6+Mod. de DEX] DM.'),
('suite', 'Suite', 'biens-immobiliers', NULL, '10000.00', '5 pièces'),
('suite-nuit', 'Suite (nuit)', 'auberge', NULL, '10.00', ''),
('tissu-matelasse', 'Tissu matelassé', 'armures', '1', '2.00', NULL),
('torches-x3', 'Torches x3 (1h)', 'materiel', NULL, '1.00', ''),
('villa-luxueuse', 'Villa luxueuse', 'biens-immobiliers', NULL, '100000.00', ''),
('vin-verre', 'Vin (verre)', 'auberge', NULL, '0.50', ''),
('vivelame', 'Vivelame', 'armes-de-contact', NULL, '12.00', '');

-- --------------------------------------------------------

--
-- Table structure for table `cof_equipement_profils`
--

DROP TABLE IF EXISTS `cof_equipement_profils`;
CREATE TABLE IF NOT EXISTS `cof_equipement_profils` (
  `profil` varchar(20) NOT NULL,
  `sequence` tinyint(4) NOT NULL,
  `equipement` varchar(20) NOT NULL,
  `nombre` tinyint(1) NOT NULL DEFAULT 1,
  `special` varchar(100) DEFAULT NULL,
  PRIMARY KEY (`profil`,`sequence`),
  KEY `cof_equipement_profils_profil` (`profil`),
  KEY `cof_equipement_profils_equipement` (`equipement`)
) ENGINE=InnoDB DEFAULT CHARSET=utf8mb4 COLLATE=utf8mb4_general_ci;

--
-- Dumping data for table `cof_equipement_profils`
--

INSERT INTO `cof_equipement_profils` (`profil`, `sequence`, `equipement`, `nombre`, `special`) VALUES
('adepte-martial', 1, 'epee-courte', 1, ''),
('adepte-martial', 2, 'dague', 1, ''),
('adepte-martial', 3, 'cuir-renforce', 1, ''),
('adepte-zen', 1, 'baton', 1, NULL),
('alchimiste', 1, 'baton-ferre', 1, NULL),
('alchimiste', 2, 'dague', 1, NULL),
('alchimiste', 3, 'marteau', 1, NULL),
('archer', 1, 'arc-court', 1, ''),
('archer', 2, 'carquois-20', 1, ''),
('archer', 3, 'epee-longue', 1, ''),
('archer', 4, 'dague', 1, ''),
('archer', 5, 'cuir-renforce', 1, ''),
('arquebusier         ', 1, 'petoire', 1, NULL),
('arquebusier         ', 2, 'epee-longue', 1, NULL),
('arquebusier         ', 3, 'dague-atd', 1, NULL),
('arquebusier         ', 4, 'cuir', 1, NULL),
('astrologue', 1, 'baton-ferre', 1, NULL),
('astrologue', 2, 'dague', 1, NULL),
('astrologue', 3, 'potion-soins-legers', 1, NULL),
('bandit', 1, 'rapiere', 1, ''),
('bandit', 2, 'dague', 5, ''),
('bandit', 3, 'outils-de-crochetage', 1, ''),
('bandit', 4, 'cuir', 1, ''),
('barbare             ', 1, 'hache-a-deux-mains', 1, NULL),
('barbare             ', 2, 'javelot', 2, NULL),
('barbare             ', 3, 'dague', 1, NULL),
('barbare             ', 4, 'cuir', 1, NULL),
('barde               ', 1, 'rapiere', 1, ''),
('barde               ', 2, 'dague', 1, ''),
('barde               ', 3, 'autre', 1, 'Instrument de musique'),
('barde               ', 4, 'cuir', 1, ''),
('bohemien', 1, 'rapiere', 1, ''),
('bohemien', 2, 'dague', 1, ''),
('bohemien', 3, 'autre', 1, 'Instrument de musique'),
('bohemien', 4, 'cuir', 1, ''),
('chaman', 1, 'masse', 1, NULL),
('chaman', 2, 'petit-bouclier', 1, NULL),
('chaman', 3, 'chemise-de-maille', 1, NULL),
('champion', 1, 'epee-longue', 1, NULL),
('champion', 2, 'grand-bouclier', 1, NULL),
('champion', 3, 'lance-de-cavalerie', 1, NULL),
('champion', 4, 'dague', 1, NULL),
('champion', 5, 'demi-plaque', 1, NULL),
('chasseur-de-primes', 1, 'arc-court', 1, NULL),
('chasseur-de-primes', 2, 'carquois-20', 1, NULL),
('chasseur-de-primes', 3, 'epee-longue', 1, NULL),
('chasseur-de-primes', 4, 'dague', 1, NULL),
('chasseur-de-primes', 5, 'cuir-renforce', 1, NULL),
('chevalier           ', 1, 'epee-longue', 1, NULL),
('chevalier           ', 2, 'grand-bouclier', 1, NULL),
('chevalier           ', 3, 'lance-de-cavalerie', 1, NULL),
('chevalier           ', 4, 'dague', 1, NULL),
('chevalier           ', 5, 'demi-plaque', 1, NULL),
('chevalier-de-la-mort', 1, 'epee-longue', 1, NULL),
('chevalier-de-la-mort', 2, 'grand-bouclier', 1, NULL),
('chevalier-de-la-mort', 3, 'lance-de-cavalerie', 1, NULL),
('chevalier-de-la-mort', 4, 'dague', 1, NULL),
('chevalier-de-la-mort', 5, 'demi-plaque', 1, NULL),
('corsaire', 1, 'petoire', 1, NULL),
('corsaire', 2, 'epee-longue', 1, NULL),
('corsaire', 3, 'dague-atd', 1, NULL),
('corsaire', 4, 'cuir', 1, NULL),
('courtisane', 1, 'rapiere', 1, ''),
('courtisane', 2, 'dague', 1, ''),
('courtisane', 3, 'autre', 1, 'Instrument de musique'),
('courtisane', 4, 'cuir', 1, ''),
('croise', 1, 'epee-longue', 1, NULL),
('croise', 2, 'epee-a-deux-mains', 1, NULL),
('croise', 3, 'grand-bouclier', 1, NULL),
('croise', 4, 'cotte-de-maille', 1, NULL),
('dandy', 1, 'rapiere', 1, ''),
('dandy', 2, 'dague', 1, ''),
('dandy', 3, 'autre', 1, 'Instrument de musique'),
('dandy', 4, 'cuir', 1, ''),
('demoniste', 1, 'baton-ferre', 1, NULL),
('demoniste', 2, 'dague', 1, NULL),
('demoniste', 3, 'potion-soins-legers', 1, NULL),
('devin', 1, 'masse', 1, NULL),
('devin', 2, 'petit-bouclier', 1, NULL),
('devin', 3, 'chemise-de-maille', 1, NULL),
('druide              ', 1, 'baton-ferre', 1, NULL),
('druide              ', 2, 'dague', 1, NULL),
('druide              ', 3, 'arc-court', 1, NULL),
('druide              ', 4, 'carquois-20', 1, NULL),
('druide              ', 5, 'cuir', 1, NULL),
('duelliste', 1, 'rapiere', 1, NULL),
('duelliste', 2, 'dague', 5, NULL),
('duelliste', 3, 'outils-de-crochetage', 1, NULL),
('duelliste', 4, 'cuir', 1, NULL),
('enchanteur', 1, 'baton-ferre', 1, NULL),
('enchanteur', 2, 'dague', 1, NULL),
('enchanteur', 3, 'potion-soins-legers', 1, NULL),
('ensorceleur         ', 1, 'baton-ferre', 1, NULL),
('ensorceleur         ', 2, 'dague', 1, NULL),
('ensorceleur         ', 3, 'potion-soins-legers', 1, NULL),
('espion', 1, 'rapiere', 1, NULL),
('espion', 2, 'dague', 5, NULL),
('espion', 3, 'outils-de-crochetage', 1, NULL),
('espion', 4, 'cuir', 1, NULL),
('forgesort           ', 1, 'baton-ferre', 1, NULL),
('forgesort           ', 2, 'dague', 1, NULL),
('forgesort           ', 3, 'marteau', 1, NULL),
('gladiateur', 1, 'hache-a-deux-mains', 1, NULL),
('gladiateur', 2, 'javelot', 2, NULL),
('gladiateur', 3, 'dague', 1, NULL),
('gladiateur', 4, 'cuir', 1, NULL),
('guerisseur', 1, 'masse', 1, NULL),
('guerisseur', 2, 'petit-bouclier', 1, NULL),
('guerisseur', 3, 'chemise-de-maille', 1, NULL),
('guerrier            ', 1, 'epee-longue', 1, NULL),
('guerrier            ', 2, 'epee-a-deux-mains', 1, NULL),
('guerrier            ', 3, 'grand-bouclier', 1, NULL),
('guerrier            ', 4, 'cotte-de-maille', 1, NULL),
('invocateur          ', 1, 'baton-ferre', 1, ''),
('invocateur          ', 2, 'dague', 1, ''),
('kensai', 1, 'vivelame', 1, ''),
('kensai', 2, 'autre', 1, 'Sabre de bois (DM 1d6 temp ; Crit. 19-20)'),
('kensai', 3, 'dague', 1, ''),
('kensai', 4, 'arc-court', 1, ''),
('kensai', 5, 'chemise-de-maille', 1, ''),
('lutteur', 1, 'baton', 1, NULL),
('magelame', 1, 'epee-longue', 1, NULL),
('magelame', 2, 'epee-a-deux-mains', 1, NULL),
('magelame', 3, 'grand-bouclier', 1, NULL),
('magelame', 4, 'cotte-de-maille', 1, NULL),
('magicien            ', 1, 'baton-ferre', 1, ''),
('magicien            ', 2, 'dague', 1, ''),
('magicien            ', 3, 'autre', 1, 'Grimoire'),
('magicien            ', 4, 'potion-soins-legers', 1, ''),
('maitre-de-guerre', 1, 'petoire', 1, NULL),
('maitre-de-guerre', 2, 'epee-longue', 1, NULL),
('maitre-de-guerre', 3, 'dague-atd', 1, NULL),
('maitre-de-guerre', 4, 'cuir', 1, NULL),
('maitre-des-betes', 1, 'baton-ferre', 1, NULL),
('maitre-des-betes', 2, 'dague', 1, NULL),
('maitre-des-betes', 3, 'arc-court', 1, NULL),
('maitre-des-betes', 4, 'carquois-20', 1, NULL),
('maitre-des-betes', 5, 'cuir', 1, NULL),
('mentaliste', 1, 'epee-courte', 1, ''),
('mentaliste', 2, 'dague', 1, ''),
('mentaliste', 3, 'cuir-renforce', 1, ''),
('mercenaire', 1, 'epee-longue', 1, NULL),
('mercenaire', 2, 'epee-a-deux-mains', 1, NULL),
('mercenaire', 3, 'grand-bouclier', 1, NULL),
('mercenaire', 4, 'cotte-de-maille', 1, NULL),
('moine               ', 1, 'baton', 1, NULL),
('necromancien        ', 1, 'baton-ferre', 1, NULL),
('necromancien        ', 2, 'dague', 1, NULL),
('necromancien        ', 3, 'potion-soins-legers', 1, NULL),
('ninja', 1, 'rapiere', 1, NULL),
('ninja', 2, 'dague', 5, NULL),
('ninja', 3, 'outils-de-crochetage', 1, NULL),
('ninja', 4, 'cuir', 1, NULL),
('ombremage', 1, 'baton-ferre', 1, ''),
('ombremage', 2, 'dague', 1, ''),
('ombremage', 3, 'autre', 1, 'Grimoire'),
('ombremage', 4, 'potion-soins-legers', 1, ''),
('paladin', 1, 'epee-longue', 1, NULL),
('paladin', 2, 'grand-bouclier', 1, NULL),
('paladin', 3, 'lance-de-cavalerie', 1, NULL),
('paladin', 4, 'dague', 1, NULL),
('paladin', 5, 'demi-plaque', 1, NULL),
('passeur-dame', 1, 'baton-ferre', 1, NULL),
('passeur-dame', 2, 'dague', 1, NULL),
('passeur-dame', 3, 'potion-soins-legers', 1, NULL),
('pirate', 1, 'epee-longue', 1, NULL),
('pirate', 2, 'epee-a-deux-mains', 1, NULL),
('pirate', 3, 'grand-bouclier', 1, NULL),
('pirate', 4, 'cotte-de-maille', 1, NULL),
('pretre              ', 1, 'masse', 1, NULL),
('pretre              ', 2, 'petit-bouclier', 1, NULL),
('pretre              ', 3, 'chemise-de-maille', 1, NULL),
('psionique           ', 1, 'epee-courte', 1, ''),
('psionique           ', 2, 'dague', 1, ''),
('psionique           ', 3, 'cuir-renforce', 1, ''),
('repurgateur', 1, 'masse', 1, NULL),
('repurgateur', 2, 'petit-bouclier', 1, NULL),
('repurgateur', 3, 'chemise-de-maille', 1, NULL),
('rodeur              ', 1, 'arc-court', 1, NULL),
('rodeur              ', 2, 'carquois-20', 1, NULL),
('rodeur              ', 3, 'epee-longue', 1, NULL),
('rodeur              ', 4, 'dague', 1, NULL),
('rodeur              ', 5, 'cuir-renforce', 1, NULL),
('sabreur-zen', 1, 'baton', 1, ''),
('sauvage', 1, 'hache-a-deux-mains', 1, NULL),
('sauvage', 2, 'javelot', 2, NULL),
('sauvage', 3, 'dague', 1, NULL),
('sauvage', 4, 'cuir', 1, NULL),
('seigneur            ', 1, 'vivelame', 1, ''),
('seigneur            ', 2, 'sabre-de-bois', 1, ''),
('seigneur            ', 3, 'dague', 1, ''),
('seigneur            ', 4, 'arc-court', 1, ''),
('seigneur            ', 5, 'chemise-de-maille', 1, ''),
('sorcier', 1, 'baton-ferre', 1, NULL),
('sorcier', 2, 'dague', 1, NULL),
('sorcier', 3, 'potion-soins-legers', 1, NULL),
('voleur              ', 1, 'rapiere', 1, NULL),
('voleur              ', 2, 'dague', 5, NULL),
('voleur              ', 3, 'outils-de-crochetage', 1, NULL),
('voleur              ', 4, 'cuir', 1, NULL);

-- --------------------------------------------------------

--
-- Table structure for table `cof_equipement_proprietes`
--

DROP TABLE IF EXISTS `cof_equipement_proprietes`;
CREATE TABLE IF NOT EXISTS `cof_equipement_proprietes` (
  `code_equipement` varchar(20) NOT NULL,
  `code_propriete` varchar(20) NOT NULL,
  `valeur` varchar(250) DEFAULT NULL,
  PRIMARY KEY (`code_equipement`,`code_propriete`),
  KEY `cof_equipement_proprietes_equipement` (`code_equipement`),
  KEY `cof_equipement_proprietes_propriete` (`code_propriete`)
) ENGINE=InnoDB DEFAULT CHARSET=utf8mb4 COLLATE=utf8mb4_general_ci;

--
-- Dumping data for table `cof_equipement_proprietes`
--

INSERT INTO `cof_equipement_proprietes` (`code_equipement`, `code_propriete`, `valeur`) VALUES
('arbalete-de-poing', 'critique', '20'),
('arbalete-de-poing', 'dm1m', '1d6'),
('arbalete-de-poing', 'portee', '10'),
('arbalete-de-poing', 'recharge', '1 action d\'attaque'),
('arbalete-legere', 'critique', '20'),
('arbalete-legere', 'dm2m', '2d4'),
('arbalete-legere', 'portee', '30'),
('arbalete-legere', 'recharge', '1 action d\'attaque'),
('arbalete-lourde', 'critique', '20'),
('arbalete-lourde', 'dm2m', '3d4'),
('arbalete-lourde', 'portee', '60'),
('arbalete-lourde', 'recharge', '1 action limitée'),
('arc-court', 'critique', '20'),
('arc-court', 'dm2m', '1d6'),
('arc-court', 'portee', '30'),
('arc-long', 'critique', '20'),
('arc-long', 'dm2m', '1d8'),
('arc-long', 'formin', '13'),
('arc-long', 'portee', '50'),
('banquet', 'prix-max', '100.00'),
('baton', 'critique', '20'),
('baton', 'dm2m', '1d4'),
('baton-ferre', 'critique', '20'),
('baton-ferre', 'dm2m', '1d6'),
('calotte-cuir', 'rd', '2'),
('camail', 'rd', '4'),
('casque-cote', 'rd', '6'),
('chambre-4-nuit', 'prix-max', '2.00'),
('chambre-individuelle', 'prix-max', '5.00'),
('chemise-de-maille', 'def', '4'),
('cotte-de-maille', 'def', '5'),
('couteau-de-lancer', 'critique', '20'),
('couteau-de-lancer', 'dm1m', '1d4'),
('couteau-de-lancer', 'portee', '10'),
('cuir', 'def', '2'),
('cuir-renforce', 'def', '3'),
('dague', 'critique', '20'),
('dague', 'dm1m', '1d4'),
('dague-atd', 'critique', '20'),
('dague-atd', 'dm1m', '1d4'),
('dague-atd', 'portee', '5'),
('demi-plaque', 'def', '6'),
('dortoir-nuit', 'prix-max', '1.00'),
('epee-a-deux-mains', 'critique', '20'),
('epee-a-deux-mains', 'dm2m', '2d6'),
('epee-batarde', 'critique', '20'),
('epee-batarde', 'dm1m', '1d8'),
('epee-batarde', 'dm2m', '1d12'),
('epee-courte', 'critique', '20'),
('epee-courte', 'dm1m', '1d6'),
('epee-longue', 'critique', '20'),
('epee-longue', 'dm1m', '1d8'),
('epieu', 'critique', '20'),
('epieu', 'dm2m', '1d6'),
('fleau', 'critique', '20'),
('fleau', 'dm1m', '1d6'),
('fleau-a-deux-mains', 'critique', '20'),
('fleau-a-deux-mains', 'dm2m', '1d10'),
('fronde', 'critique', '20'),
('fronde', 'dm1m', '1d4'),
('fronde', 'portee', '20'),
('gourdin', 'critique', '20'),
('gourdin', 'dm1m', '1d4'),
('grand-bouclier', 'def', '2'),
('grand-cru-btl', 'prix-max', '50.00'),
('hache', 'critique', '20'),
('hache', 'dm1m', '1d8'),
('hache-a-deux-mains', 'critique', '20'),
('hache-a-deux-mains', 'dm2m', '2d6'),
('hachette', 'critique', '20'),
('hachette', 'dm1m', '1d6'),
('hachette', 'portee', '5'),
('heaume', 'rd', '8'),
('javelot', 'critique', '20'),
('javelot', 'dm1m', '1d6'),
('javelot', 'portee', '20'),
('lance-de-cavalerie', 'critique', '20'),
('lance-de-cavalerie', 'dm2m', '2d6'),
('main-gauche', 'critique', '20'),
('main-gauche', 'dm1m', '1d4'),
('marteau', 'critique', '20'),
('marteau', 'dm1m', '1d6'),
('masse', 'critique', '20'),
('masse', 'dm1m', '1d6'),
('mousquet', 'dm2m', '2d6'),
('mousquet', 'portee', '50m'),
('mousquet', 'recharge', '1 action limitée'),
('petit-bouclier', 'def', '1'),
('petoire', 'dm1m', '1d10'),
('petoire', 'portee', '20m'),
('petoire', 'recharge', '1 action limitée'),
('pique', 'critique', '20'),
('pique', 'dm2m', '1d8'),
('plaque-complete', 'def', '7'),
('rapiere', 'critique', '19'),
('rapiere', 'dm1m', '1d6'),
('sabre-de-bois', 'critique', '19'),
('sabre-de-bois', 'dm1m', '1d6'),
('stylet', 'critique', '20'),
('stylet', 'dm1m', '1d3'),
('suite-nuit', 'prix-max', '50.00'),
('tissu-matelasse', 'def', '1'),
('vivelame', 'critique', '19'),
('vivelame', 'dm2m', '1d10');

-- --------------------------------------------------------

--
-- Table structure for table `cof_familles`
--

DROP TABLE IF EXISTS `cof_familles`;
CREATE TABLE IF NOT EXISTS `cof_familles` (
  `famille` varchar(20) NOT NULL,
  `description` varchar(50) NOT NULL,
  PRIMARY KEY (`famille`)
) ENGINE=InnoDB DEFAULT CHARSET=utf8mb4 COLLATE=utf8mb4_general_ci;

--
-- Dumping data for table `cof_familles`
--

INSERT INTO `cof_familles` (`famille`, `description`) VALUES
('arcanistes          ', 'Arcanistes'),
('combattants         ', 'Combattants'),
('compagnon-arcanistes', 'Compagnon | Arcanistes'),
('compagnon-combattant', 'Compagnon | Combattants'),
('compagnon-hybrides', 'Compagnon | Hybrides'),
('hybride', 'Hybrides'),
('mystiques', 'Mystiques'),
('voyageurs           ', 'Voyageurs');

-- --------------------------------------------------------

--
-- Table structure for table `cof_profils`
--

DROP TABLE IF EXISTS `cof_profils`;
CREATE TABLE IF NOT EXISTS `cof_profils` (
  `profil` varchar(20) NOT NULL,
  `nom` varchar(50) NOT NULL,
  `description` text DEFAULT NULL,
  `famille` varchar(20) NOT NULL,
  `type` char(1) NOT NULL DEFAULT '0',
  PRIMARY KEY (`profil`),
  KEY `cof_profils_famille` (`famille`)
) ENGINE=InnoDB DEFAULT CHARSET=utf8mb4 COLLATE=utf8mb4_general_ci;

--
-- Dumping data for table `cof_profils`
--

INSERT INTO `cof_profils` (`profil`, `nom`, `description`, `famille`, `type`) VALUES
('adepte-martial', 'Adepte martial', NULL, 'compagnon-hybrides', '1'),
('adepte-zen', 'Adepte zen', NULL, 'compagnon-hybrides', '1'),
('alchimiste', 'Alchimiste', NULL, 'compagnon-hybrides', '1'),
('archer', 'Archer', NULL, 'hybride', '1'),
('arquebusier         ', 'Arquebusier', 'L’arquebusier est un dur à cuire, un soldat ou un mercenaire habitué des champs de bataille. C’est un spécialiste du combat à distance et plus particulièrement des armes à feu et des explosifs.', 'combattants         ', '0'),
('astrologue', 'Astrologue', NULL, 'compagnon-hybrides', '1'),
('bandit', 'Bandit', NULL, 'hybride', '1'),
('barbare             ', 'Barbare', 'Le barbare est un combattant sauvage issu d’une culture primitive. Il affronte ses ennemis avec rage sans se cacher derrière une lourde armure.', 'combattants         ', '0'),
('barde               ', 'Barde', 'Le barde est un personnage polyvalent qui utilise la magie et le spectacle pour divertir et parvenir à ses fins. Il est aussi habitué aux ruses qu’à la diplomatie.', 'voyageurs           ', '0'),
('bohemien', 'Bohémien', NULL, 'compagnon-hybrides', '1'),
('chaman', 'Chaman', NULL, 'hybride', '1'),
('champion', 'Champion', NULL, 'hybride', '1'),
('chasseur-de-primes', 'Chasseur de primes', NULL, 'hybride', '1'),
('chevalier           ', 'Chevalier', 'Le chevalier est un noble guerrier errant, monté sur un puissant destrier et protégé par une armure lourde. Il parcourt la campagne en quête de torts à redresser et d’occasions de mettre son courage à l’épreuve.', 'combattants         ', '0'),
('chevalier-de-la-mort', 'Chevalier de la mort', NULL, 'hybride', '1'),
('corsaire', 'Corsaire', NULL, 'hybride', '1'),
('courtisane', 'Courtisane', NULL, 'hybride', '1'),
('croise', 'Croisé', NULL, 'compagnon-hybrides', '1'),
('dandy', 'Dandy', NULL, 'compagnon-hybrides', '1'),
('demoniste', 'Démoniste', NULL, 'compagnon-hybrides', '1'),
('devin', 'Devin', NULL, 'compagnon-hybrides', '1'),
('druide              ', 'Druide', 'Le druide est un prêtre de la nature qui défend sa pureté originelle et tire ses pouvoirs de la vie, des animaux et des plantes.', 'mystiques', '0'),
('duelliste', 'Duelliste', NULL, 'hybride', '1'),
('enchanteur', 'Enchanteur', NULL, 'compagnon-hybrides', '1'),
('ensorceleur         ', 'Ensorceleur', 'L’ensorceleur tire son pouvoir d’un talent inné pour la magie. Il pratique une magie subtile à base de tromperie et de contrôle, et possède peu de sorts de destruction massive.', 'arcanistes          ', '0'),
('espion', 'Espion', NULL, 'compagnon-hybrides', '1'),
('forgesort           ', 'Forgesort', 'À la fois artisan et enchanteur, artiste et magicien, le forgesort lie les énergies occultes à la matière qu’il façonne pour créer des artefacts magiques ou des breuvages aux propriétés fantastiques.', 'arcanistes          ', '0'),
('gladiateur', 'Gladiateur', NULL, 'compagnon-hybrides', '1'),
('guerisseur', 'Guérisseur', NULL, 'hybride', '1'),
('guerrier            ', 'Guerrier', 'Le guerrier est un combattant émérite qui n’a pas peur du danger et qui affronte ses ennemis l’arme à la main. De tous les profils de combattant, il est le plus spécialisé et le plus complet dans l’art du combat au corps à corps.', 'combattants         ', '0'),
('invocateur          ', 'Invocateur', 'L’invocateur est un lanceur de sort qui s’est dévoué exclusivement à un aspect spécifique de la magie profane : l’étude de la structure du multivers. Cette connaissance occulte lui permet de comprendre les règles qui lient les différents plans d’existence, d’invoquer à son service des créatures venues d’autres plans ou encore de créer des portails de voyage.', 'compagnon-arcanistes', '0'),
('kensai', 'Kensaï', NULL, 'compagnon-hybrides', '1'),
('lutteur', 'Lutteur', NULL, 'compagnon-hybrides', '1'),
('magelame', 'Magelame', NULL, 'compagnon-hybrides', '1'),
('magicien            ', 'Magicien', 'Le magicien n’est pas qu’un rat de bibliothèque. Il fait aussi appel à ses sorts pour se débarrasser de ses ennemis et pour aider ses compagnons.', 'arcanistes          ', '0'),
('maitre-de-guerre', 'Maitre de guerre', NULL, 'compagnon-hybrides', '1'),
('maitre-des-betes', 'Maitre des bêtes', NULL, 'compagnon-hybrides', '1'),
('mentaliste', 'Mentaliste', NULL, 'compagnon-hybrides', '1'),
('mercenaire', 'Mercenaire', NULL, 'compagnon-hybrides', '1'),
('moine               ', 'Moine', 'Le moine combat à mains nues et utilise le contrôle qu’il a sur son esprit et son corps pour transformer ce dernier en arme de chair.', 'voyageurs           ', '0'),
('necromancien        ', 'Nécromancien', 'Le nécromancien est un lanceur de sort qui s’intéresse aux forces obscures et au pouvoir de la mort. Les nécromanciens sont généralement considérés comme maléfiques et sont peu appréciés. Interprétez-le de façon subtile afin d’en faire un personnage plutôt sombre ou désespéré, mais pas forcément \"mauvais\" !', 'arcanistes          ', '0'),
('ninja', 'Ninja', NULL, 'hybride', '1'),
('ombremage', 'Ombremage', NULL, 'compagnon-hybrides', '1'),
('paladin', 'Paladin', NULL, 'hybride', '1'),
('passeur-dame', 'Passeur d\'âme', NULL, 'compagnon-hybrides', '1'),
('pirate', 'Pirate', NULL, 'compagnon-hybrides', '1'),
('pretre              ', 'Prêtre', 'Le prêtre utilise l’énergie transmise par son dieu pour mener à bien ses missions avec la force de la foi mais aussi celle des armes si nécessaire.', 'mystiques', '0'),
('psionique           ', 'Psionique', 'Le psionique est un être d’exception. Il est né doté de pouvoirs psychiques extraordinaires qu’il a travaillés par la suite à la force de son ego et de son intuition. Profil polyvalent, le psionique peut être développé comme un subtil maître de l’esprit et un combattant à distance ou au contraire comme un guerrier porté par des pouvoirs psychiques.', 'compagnon-arcanistes', '0'),
('repurgateur', 'Répurgateur', NULL, 'hybride', '1'),
('rodeur              ', 'Rôdeur', 'Le rôdeur est à l’aise dans les forêts ténébreuses, où il traque les animaux dangereux et les créatures monstrueuses ou, au contraire, se fait l’ami des bêtes et le protecteur des lieux sauvages.', 'voyageurs           ', '0'),
('sabreur-zen', 'Sabreur zen', NULL, 'compagnon-hybrides', '1'),
('sauvage', 'Sauvage', NULL, 'compagnon-hybrides', '1'),
('seigneur            ', 'Seigneur', 'Le seigneur est un guerrier, mais aussi un homme de cour. Surtout, il est un homme d’honneur. Ces caractéristiques le rapprochent du profil du chevalier, mais il se distingue de ce dernier par des techniques de combat axées sur la vitesse et la maîtrise de l’arc. Le seigneur est lui-même le vassal dévoué d’un suzerain, dans un système de type féodal.', 'compagnon-combattant', '0'),
('sorcier', 'Sorcier', NULL, 'compagnon-hybrides', '1'),
('voleur              ', 'Voleur', 'Le voleur crochète les portes, détecte les pièges et préfère piller les cadavres des ennemis que se salir les mains pendant le combat.', 'voyageurs           ', '0');

-- --------------------------------------------------------

--
-- Table structure for table `cof_profils_maitrises`
--

DROP TABLE IF EXISTS `cof_profils_maitrises`;
CREATE TABLE IF NOT EXISTS `cof_profils_maitrises` (
  `profil` varchar(20) NOT NULL,
  `equipement` varchar(20) NOT NULL,
  PRIMARY KEY (`profil`,`equipement`),
  KEY `cof_profils_maitrises_profil` (`profil`),
  KEY `cof_profils_maitrises_equipement` (`equipement`)
) ENGINE=InnoDB DEFAULT CHARSET=utf8mb4 COLLATE=utf8mb4_general_ci;

--
-- Dumping data for table `cof_profils_maitrises`
--

INSERT INTO `cof_profils_maitrises` (`profil`, `equipement`) VALUES
('adepte-martial', 'appartement'),
('adepte-martial', 'autre'),
('adepte-martial', 'banquet'),
('adepte-martial', 'biere-pinte'),
('adepte-martial', 'bon-repas'),
('adepte-martial', 'briquet-a-silex'),
('adepte-martial', 'carquois-20'),
('adepte-martial', 'carriole'),
('adepte-martial', 'cervoise-pinte'),
('adepte-martial', 'chambre-4-nuit'),
('adepte-martial', 'chambre-individuelle'),
('adepte-martial', 'chariot'),
('adepte-martial', 'chateau'),
('adepte-martial', 'cheval-de-selle'),
('adepte-martial', 'cheval-guerre-leger'),
('adepte-martial', 'cidre-verre'),
('adepte-martial', 'corde-15m'),
('adepte-martial', 'couverture'),
('adepte-martial', 'dortoir-nuit'),
('adepte-martial', 'grand-cru-btl'),
('adepte-martial', 'grappin'),
('adepte-martial', 'huile-6h'),
('adepte-martial', 'hydromel-verre'),
('adepte-martial', 'lait-verre'),
('adepte-martial', 'lanterne-a-huile'),
('adepte-martial', 'maison'),
('adepte-martial', 'manoir'),
('adepte-martial', 'masure'),
('adepte-martial', 'materiel-decriture'),
('adepte-martial', 'mule-ane'),
('adepte-martial', 'outils-de-crochetage'),
('adepte-martial', 'palais'),
('adepte-martial', 'place-forte'),
('adepte-martial', 'poney'),
('adepte-martial', 'potion-soins-legers'),
('adepte-martial', 'potion-soins-moderes'),
('adepte-martial', 'potion-soins-superie'),
('adepte-martial', 'rations-1-semaine'),
('adepte-martial', 'repas-carne'),
('adepte-martial', 'sac-a-dos'),
('adepte-martial', 'soupe-et-pain'),
('adepte-martial', 'suite'),
('adepte-martial', 'suite-nuit'),
('adepte-martial', 'torches-x3'),
('adepte-martial', 'villa-luxueuse'),
('adepte-martial', 'vin-verre'),
('adepte-zen', 'appartement'),
('adepte-zen', 'autre'),
('adepte-zen', 'banquet'),
('adepte-zen', 'biere-pinte'),
('adepte-zen', 'bon-repas'),
('adepte-zen', 'briquet-a-silex'),
('adepte-zen', 'carquois-20'),
('adepte-zen', 'carriole'),
('adepte-zen', 'cervoise-pinte'),
('adepte-zen', 'chambre-4-nuit'),
('adepte-zen', 'chambre-individuelle'),
('adepte-zen', 'chariot'),
('adepte-zen', 'chateau'),
('adepte-zen', 'cheval-de-selle'),
('adepte-zen', 'cheval-guerre-leger'),
('adepte-zen', 'cidre-verre'),
('adepte-zen', 'corde-15m'),
('adepte-zen', 'couverture'),
('adepte-zen', 'dortoir-nuit'),
('adepte-zen', 'grand-cru-btl'),
('adepte-zen', 'grappin'),
('adepte-zen', 'huile-6h'),
('adepte-zen', 'hydromel-verre'),
('adepte-zen', 'lait-verre'),
('adepte-zen', 'lanterne-a-huile'),
('adepte-zen', 'maison'),
('adepte-zen', 'manoir'),
('adepte-zen', 'masure'),
('adepte-zen', 'materiel-decriture'),
('adepte-zen', 'mule-ane'),
('adepte-zen', 'outils-de-crochetage'),
('adepte-zen', 'palais'),
('adepte-zen', 'place-forte'),
('adepte-zen', 'poney'),
('adepte-zen', 'potion-soins-legers'),
('adepte-zen', 'potion-soins-moderes'),
('adepte-zen', 'potion-soins-superie'),
('adepte-zen', 'rations-1-semaine'),
('adepte-zen', 'repas-carne'),
('adepte-zen', 'sac-a-dos'),
('adepte-zen', 'soupe-et-pain'),
('adepte-zen', 'suite'),
('adepte-zen', 'suite-nuit'),
('adepte-zen', 'torches-x3'),
('adepte-zen', 'villa-luxueuse'),
('adepte-zen', 'vin-verre'),
('alchimiste', 'appartement'),
('alchimiste', 'autre'),
('alchimiste', 'banquet'),
('alchimiste', 'biere-pinte'),
('alchimiste', 'bon-repas'),
('alchimiste', 'briquet-a-silex'),
('alchimiste', 'carquois-20'),
('alchimiste', 'carriole'),
('alchimiste', 'cervoise-pinte'),
('alchimiste', 'chambre-4-nuit'),
('alchimiste', 'chambre-individuelle'),
('alchimiste', 'chariot'),
('alchimiste', 'chateau'),
('alchimiste', 'cheval-de-selle'),
('alchimiste', 'cheval-guerre-leger'),
('alchimiste', 'cidre-verre'),
('alchimiste', 'corde-15m'),
('alchimiste', 'couverture'),
('alchimiste', 'dortoir-nuit'),
('alchimiste', 'grand-cru-btl'),
('alchimiste', 'grappin'),
('alchimiste', 'huile-6h'),
('alchimiste', 'hydromel-verre'),
('alchimiste', 'lait-verre'),
('alchimiste', 'lanterne-a-huile'),
('alchimiste', 'maison'),
('alchimiste', 'manoir'),
('alchimiste', 'masure'),
('alchimiste', 'materiel-decriture'),
('alchimiste', 'mule-ane'),
('alchimiste', 'outils-de-crochetage'),
('alchimiste', 'palais'),
('alchimiste', 'place-forte'),
('alchimiste', 'poney'),
('alchimiste', 'potion-soins-legers'),
('alchimiste', 'potion-soins-moderes'),
('alchimiste', 'potion-soins-superie'),
('alchimiste', 'rations-1-semaine'),
('alchimiste', 'repas-carne'),
('alchimiste', 'sac-a-dos'),
('alchimiste', 'soupe-et-pain'),
('alchimiste', 'suite'),
('alchimiste', 'suite-nuit'),
('alchimiste', 'torches-x3'),
('alchimiste', 'villa-luxueuse'),
('alchimiste', 'vin-verre'),
('archer', 'appartement'),
('archer', 'autre'),
('archer', 'banquet'),
('archer', 'biere-pinte'),
('archer', 'bon-repas'),
('archer', 'briquet-a-silex'),
('archer', 'carquois-20'),
('archer', 'carriole'),
('archer', 'cervoise-pinte'),
('archer', 'chambre-4-nuit'),
('archer', 'chambre-individuelle'),
('archer', 'chariot'),
('archer', 'chateau'),
('archer', 'cheval-de-selle'),
('archer', 'cheval-guerre-leger'),
('archer', 'cidre-verre'),
('archer', 'corde-15m'),
('archer', 'couverture'),
('archer', 'dortoir-nuit'),
('archer', 'grand-cru-btl'),
('archer', 'grappin'),
('archer', 'huile-6h'),
('archer', 'hydromel-verre'),
('archer', 'lait-verre'),
('archer', 'lanterne-a-huile'),
('archer', 'maison'),
('archer', 'manoir'),
('archer', 'masure'),
('archer', 'materiel-decriture'),
('archer', 'mule-ane'),
('archer', 'outils-de-crochetage'),
('archer', 'palais'),
('archer', 'place-forte'),
('archer', 'poney'),
('archer', 'potion-soins-legers'),
('archer', 'potion-soins-moderes'),
('archer', 'potion-soins-superie'),
('archer', 'rations-1-semaine'),
('archer', 'repas-carne'),
('archer', 'sac-a-dos'),
('archer', 'soupe-et-pain'),
('archer', 'suite'),
('archer', 'suite-nuit'),
('archer', 'torches-x3'),
('archer', 'villa-luxueuse'),
('archer', 'vin-verre'),
('arquebusier         ', 'appartement'),
('arquebusier', 'arbalete-legere'),
('arquebusier', 'arbalete-lourde'),
('arquebusier', 'arc-court'),
('arquebusier', 'arc-long'),
('arquebusier         ', 'autre'),
('arquebusier         ', 'banquet'),
('arquebusier         ', 'biere-pinte'),
('arquebusier         ', 'bon-repas'),
('arquebusier         ', 'briquet-a-silex'),
('arquebusier         ', 'carquois-20'),
('arquebusier         ', 'carriole'),
('arquebusier         ', 'cervoise-pinte'),
('arquebusier         ', 'chambre-4-nuit'),
('arquebusier         ', 'chambre-individuelle'),
('arquebusier         ', 'chariot'),
('arquebusier         ', 'chateau'),
('arquebusier', 'chemise-de-maille'),
('arquebusier         ', 'cheval-de-selle'),
('arquebusier         ', 'cheval-guerre-leger'),
('arquebusier         ', 'cidre-verre'),
('arquebusier         ', 'corde-15m'),
('arquebusier', 'couteau-de-lancer'),
('arquebusier         ', 'couverture'),
('arquebusier', 'cuir'),
('arquebusier', 'cuir-renforce'),
('arquebusier', 'dague'),
('arquebusier', 'dague-atd'),
('arquebusier         ', 'dortoir-nuit'),
('arquebusier', 'epee-batarde'),
('arquebusier', 'epee-courte'),
('arquebusier', 'epee-longue'),
('arquebusier', 'fleau'),
('arquebusier', 'fronde'),
('arquebusier', 'gourdin'),
('arquebusier         ', 'grand-cru-btl'),
('arquebusier         ', 'grappin'),
('arquebusier', 'hache'),
('arquebusier', 'hachette'),
('arquebusier         ', 'huile-6h'),
('arquebusier         ', 'hydromel-verre'),
('arquebusier', 'javelot'),
('arquebusier         ', 'lait-verre'),
('arquebusier         ', 'lanterne-a-huile'),
('arquebusier', 'main-gauche'),
('arquebusier         ', 'maison'),
('arquebusier         ', 'manoir'),
('arquebusier', 'marteau'),
('arquebusier', 'masse'),
('arquebusier         ', 'masure'),
('arquebusier         ', 'materiel-decriture'),
('arquebusier', 'mousquet'),
('arquebusier         ', 'mule-ane'),
('arquebusier         ', 'outils-de-crochetage'),
('arquebusier         ', 'palais'),
('arquebusier', 'petoire'),
('arquebusier         ', 'place-forte'),
('arquebusier         ', 'poney'),
('arquebusier         ', 'potion-soins-legers'),
('arquebusier         ', 'potion-soins-moderes'),
('arquebusier         ', 'potion-soins-superie'),
('arquebusier', 'rapiere'),
('arquebusier         ', 'rations-1-semaine'),
('arquebusier         ', 'repas-carne'),
('arquebusier         ', 'sac-a-dos'),
('arquebusier         ', 'soupe-et-pain'),
('arquebusier', 'stylet'),
('arquebusier         ', 'suite'),
('arquebusier         ', 'suite-nuit'),
('arquebusier', 'tissu-matelasse'),
('arquebusier         ', 'torches-x3'),
('arquebusier         ', 'villa-luxueuse'),
('arquebusier         ', 'vin-verre'),
('astrologue', 'appartement'),
('astrologue', 'autre'),
('astrologue', 'banquet'),
('astrologue', 'biere-pinte'),
('astrologue', 'bon-repas'),
('astrologue', 'briquet-a-silex'),
('astrologue', 'carquois-20'),
('astrologue', 'carriole'),
('astrologue', 'cervoise-pinte'),
('astrologue', 'chambre-4-nuit'),
('astrologue', 'chambre-individuelle'),
('astrologue', 'chariot'),
('astrologue', 'chateau'),
('astrologue', 'cheval-de-selle'),
('astrologue', 'cheval-guerre-leger'),
('astrologue', 'cidre-verre'),
('astrologue', 'corde-15m'),
('astrologue', 'couverture'),
('astrologue', 'dortoir-nuit'),
('astrologue', 'grand-cru-btl'),
('astrologue', 'grappin'),
('astrologue', 'huile-6h'),
('astrologue', 'hydromel-verre'),
('astrologue', 'lait-verre'),
('astrologue', 'lanterne-a-huile'),
('astrologue', 'maison'),
('astrologue', 'manoir'),
('astrologue', 'masure'),
('astrologue', 'materiel-decriture'),
('astrologue', 'mule-ane'),
('astrologue', 'outils-de-crochetage'),
('astrologue', 'palais'),
('astrologue', 'place-forte'),
('astrologue', 'poney'),
('astrologue', 'potion-soins-legers'),
('astrologue', 'potion-soins-moderes'),
('astrologue', 'potion-soins-superie'),
('astrologue', 'rations-1-semaine'),
('astrologue', 'repas-carne'),
('astrologue', 'sac-a-dos'),
('astrologue', 'soupe-et-pain'),
('astrologue', 'suite'),
('astrologue', 'suite-nuit'),
('astrologue', 'torches-x3'),
('astrologue', 'villa-luxueuse'),
('astrologue', 'vin-verre'),
('bandit', 'appartement'),
('bandit', 'autre'),
('bandit', 'banquet'),
('bandit', 'biere-pinte'),
('bandit', 'bon-repas'),
('bandit', 'briquet-a-silex'),
('bandit', 'carquois-20'),
('bandit', 'carriole'),
('bandit', 'cervoise-pinte'),
('bandit', 'chambre-4-nuit'),
('bandit', 'chambre-individuelle'),
('bandit', 'chariot'),
('bandit', 'chateau'),
('bandit', 'cheval-de-selle'),
('bandit', 'cheval-guerre-leger'),
('bandit', 'cidre-verre'),
('bandit', 'corde-15m'),
('bandit', 'couverture'),
('bandit', 'dortoir-nuit'),
('bandit', 'grand-cru-btl'),
('bandit', 'grappin'),
('bandit', 'huile-6h'),
('bandit', 'hydromel-verre'),
('bandit', 'lait-verre'),
('bandit', 'lanterne-a-huile'),
('bandit', 'maison'),
('bandit', 'manoir'),
('bandit', 'masure'),
('bandit', 'materiel-decriture'),
('bandit', 'mule-ane'),
('bandit', 'outils-de-crochetage'),
('bandit', 'palais'),
('bandit', 'place-forte'),
('bandit', 'poney'),
('bandit', 'potion-soins-legers'),
('bandit', 'potion-soins-moderes'),
('bandit', 'potion-soins-superie'),
('bandit', 'rations-1-semaine'),
('bandit', 'repas-carne'),
('bandit', 'sac-a-dos'),
('bandit', 'soupe-et-pain'),
('bandit', 'suite'),
('bandit', 'suite-nuit'),
('bandit', 'torches-x3'),
('bandit', 'villa-luxueuse'),
('bandit', 'vin-verre'),
('barbare             ', 'appartement'),
('barbare', 'arc-court'),
('barbare', 'arc-long'),
('barbare             ', 'autre'),
('barbare             ', 'banquet'),
('barbare', 'baton'),
('barbare', 'baton-ferre'),
('barbare             ', 'biere-pinte'),
('barbare             ', 'bon-repas'),
('barbare             ', 'briquet-a-silex'),
('barbare             ', 'calotte-cuir'),
('barbare             ', 'camail'),
('barbare             ', 'carquois-20'),
('barbare             ', 'carriole'),
('barbare             ', 'casque-cote'),
('barbare             ', 'cervoise-pinte'),
('barbare             ', 'chambre-4-nuit'),
('barbare             ', 'chambre-individuelle'),
('barbare             ', 'chariot'),
('barbare             ', 'chateau'),
('barbare             ', 'cheval-de-selle'),
('barbare             ', 'cheval-guerre-leger'),
('barbare             ', 'cidre-verre'),
('barbare             ', 'corde-15m'),
('barbare', 'couteau-de-lancer'),
('barbare             ', 'couverture'),
('barbare', 'cuir'),
('barbare', 'dague'),
('barbare', 'dague-atd'),
('barbare             ', 'dortoir-nuit'),
('barbare', 'epee-a-deux-mains'),
('barbare', 'epee-batarde'),
('barbare', 'epee-courte'),
('barbare', 'epee-longue'),
('barbare', 'epieu'),
('barbare', 'fleau'),
('barbare', 'fleau-a-deux-mains'),
('barbare', 'fronde'),
('barbare', 'gourdin'),
('barbare', 'grand-bouclier'),
('barbare             ', 'grand-cru-btl'),
('barbare             ', 'grappin'),
('barbare', 'hache'),
('barbare', 'hache-a-deux-mains'),
('barbare', 'hachette'),
('barbare             ', 'heaume'),
('barbare             ', 'huile-6h'),
('barbare             ', 'hydromel-verre'),
('barbare', 'javelot'),
('barbare             ', 'lait-verre'),
('barbare', 'lance-de-cavalerie'),
('barbare             ', 'lanterne-a-huile'),
('barbare', 'main-gauche'),
('barbare             ', 'maison'),
('barbare             ', 'manoir'),
('barbare', 'marteau'),
('barbare', 'masse'),
('barbare             ', 'masure'),
('barbare             ', 'materiel-decriture'),
('barbare             ', 'mule-ane'),
('barbare             ', 'outils-de-crochetage'),
('barbare             ', 'palais'),
('barbare', 'petit-bouclier'),
('barbare', 'pique'),
('barbare             ', 'place-forte'),
('barbare             ', 'poney'),
('barbare             ', 'potion-soins-legers'),
('barbare             ', 'potion-soins-moderes'),
('barbare             ', 'potion-soins-superie'),
('barbare', 'rapiere'),
('barbare             ', 'rations-1-semaine'),
('barbare             ', 'repas-carne'),
('barbare             ', 'sac-a-dos'),
('barbare             ', 'soupe-et-pain'),
('barbare', 'stylet'),
('barbare             ', 'suite'),
('barbare             ', 'suite-nuit'),
('barbare', 'tissu-matelasse'),
('barbare             ', 'torches-x3'),
('barbare             ', 'villa-luxueuse'),
('barbare             ', 'vin-verre'),
('barbare', 'vivelame'),
('barde               ', 'appartement'),
('barde', 'arbalete-de-poing'),
('barde               ', 'autre'),
('barde               ', 'banquet'),
('barde               ', 'biere-pinte'),
('barde               ', 'bon-repas'),
('barde               ', 'briquet-a-silex'),
('barde               ', 'calotte-cuir'),
('barde               ', 'carquois-20'),
('barde               ', 'carriole'),
('barde               ', 'cervoise-pinte'),
('barde               ', 'chambre-4-nuit'),
('barde               ', 'chambre-individuelle'),
('barde               ', 'chariot'),
('barde               ', 'chateau'),
('barde               ', 'cheval-de-selle'),
('barde               ', 'cheval-guerre-leger'),
('barde               ', 'cidre-verre'),
('barde               ', 'corde-15m'),
('barde', 'couteau-de-lancer'),
('barde               ', 'couverture'),
('barde', 'cuir'),
('barde', 'cuir-renforce'),
('barde', 'dague'),
('barde', 'dague-atd'),
('barde               ', 'dortoir-nuit'),
('barde', 'epee-batarde'),
('barde', 'epee-courte'),
('barde', 'epee-longue'),
('barde', 'fleau'),
('barde', 'fronde'),
('barde', 'gourdin'),
('barde               ', 'grand-cru-btl'),
('barde               ', 'grappin'),
('barde', 'hache'),
('barde', 'hachette'),
('barde               ', 'huile-6h'),
('barde               ', 'hydromel-verre'),
('barde', 'javelot'),
('barde               ', 'lait-verre'),
('barde               ', 'lanterne-a-huile'),
('barde', 'main-gauche'),
('barde               ', 'maison'),
('barde               ', 'manoir'),
('barde', 'marteau'),
('barde', 'masse'),
('barde               ', 'masure'),
('barde               ', 'materiel-decriture'),
('barde               ', 'mule-ane'),
('barde               ', 'outils-de-crochetage'),
('barde               ', 'palais'),
('barde               ', 'place-forte'),
('barde               ', 'poney'),
('barde               ', 'potion-soins-legers'),
('barde               ', 'potion-soins-moderes'),
('barde               ', 'potion-soins-superie'),
('barde', 'rapiere'),
('barde               ', 'rations-1-semaine'),
('barde               ', 'repas-carne'),
('barde               ', 'sac-a-dos'),
('barde               ', 'soupe-et-pain'),
('barde', 'stylet'),
('barde               ', 'suite'),
('barde               ', 'suite-nuit'),
('barde', 'tissu-matelasse'),
('barde               ', 'torches-x3'),
('barde               ', 'villa-luxueuse'),
('barde               ', 'vin-verre'),
('bohemien', 'appartement'),
('bohemien', 'autre'),
('bohemien', 'banquet'),
('bohemien', 'biere-pinte'),
('bohemien', 'bon-repas'),
('bohemien', 'briquet-a-silex'),
('bohemien', 'carquois-20'),
('bohemien', 'carriole'),
('bohemien', 'cervoise-pinte'),
('bohemien', 'chambre-4-nuit'),
('bohemien', 'chambre-individuelle'),
('bohemien', 'chariot'),
('bohemien', 'chateau'),
('bohemien', 'cheval-de-selle'),
('bohemien', 'cheval-guerre-leger'),
('bohemien', 'cidre-verre'),
('bohemien', 'corde-15m'),
('bohemien', 'couverture'),
('bohemien', 'dortoir-nuit'),
('bohemien', 'grand-cru-btl'),
('bohemien', 'grappin'),
('bohemien', 'huile-6h'),
('bohemien', 'hydromel-verre'),
('bohemien', 'lait-verre'),
('bohemien', 'lanterne-a-huile'),
('bohemien', 'maison'),
('bohemien', 'manoir'),
('bohemien', 'masure'),
('bohemien', 'materiel-decriture'),
('bohemien', 'mule-ane'),
('bohemien', 'outils-de-crochetage'),
('bohemien', 'palais'),
('bohemien', 'place-forte'),
('bohemien', 'poney'),
('bohemien', 'potion-soins-legers'),
('bohemien', 'potion-soins-moderes'),
('bohemien', 'potion-soins-superie'),
('bohemien', 'rations-1-semaine'),
('bohemien', 'repas-carne'),
('bohemien', 'sac-a-dos'),
('bohemien', 'soupe-et-pain'),
('bohemien', 'suite'),
('bohemien', 'suite-nuit'),
('bohemien', 'torches-x3'),
('bohemien', 'villa-luxueuse'),
('bohemien', 'vin-verre'),
('chaman', 'appartement'),
('chaman', 'autre'),
('chaman', 'banquet'),
('chaman', 'biere-pinte'),
('chaman', 'bon-repas'),
('chaman', 'briquet-a-silex'),
('chaman', 'carquois-20'),
('chaman', 'carriole'),
('chaman', 'cervoise-pinte'),
('chaman', 'chambre-4-nuit'),
('chaman', 'chambre-individuelle'),
('chaman', 'chariot'),
('chaman', 'chateau'),
('chaman', 'cheval-de-selle'),
('chaman', 'cheval-guerre-leger'),
('chaman', 'cidre-verre'),
('chaman', 'corde-15m'),
('chaman', 'couverture'),
('chaman', 'dortoir-nuit'),
('chaman', 'grand-cru-btl'),
('chaman', 'grappin'),
('chaman', 'huile-6h'),
('chaman', 'hydromel-verre'),
('chaman', 'lait-verre'),
('chaman', 'lanterne-a-huile'),
('chaman', 'maison'),
('chaman', 'manoir'),
('chaman', 'masure'),
('chaman', 'materiel-decriture'),
('chaman', 'mule-ane'),
('chaman', 'outils-de-crochetage'),
('chaman', 'palais'),
('chaman', 'place-forte'),
('chaman', 'poney'),
('chaman', 'potion-soins-legers'),
('chaman', 'potion-soins-moderes'),
('chaman', 'potion-soins-superie'),
('chaman', 'rations-1-semaine'),
('chaman', 'repas-carne'),
('chaman', 'sac-a-dos'),
('chaman', 'soupe-et-pain'),
('chaman', 'suite'),
('chaman', 'suite-nuit'),
('chaman', 'torches-x3'),
('chaman', 'villa-luxueuse'),
('chaman', 'vin-verre'),
('champion', 'appartement'),
('champion', 'autre'),
('champion', 'banquet'),
('champion', 'biere-pinte'),
('champion', 'bon-repas'),
('champion', 'briquet-a-silex'),
('champion', 'carquois-20'),
('champion', 'carriole'),
('champion', 'cervoise-pinte'),
('champion', 'chambre-4-nuit'),
('champion', 'chambre-individuelle'),
('champion', 'chariot'),
('champion', 'chateau'),
('champion', 'cheval-de-selle'),
('champion', 'cheval-guerre-leger'),
('champion', 'cidre-verre'),
('champion', 'corde-15m'),
('champion', 'couverture'),
('champion', 'dortoir-nuit'),
('champion', 'grand-cru-btl'),
('champion', 'grappin'),
('champion', 'huile-6h'),
('champion', 'hydromel-verre'),
('champion', 'lait-verre'),
('champion', 'lanterne-a-huile'),
('champion', 'maison'),
('champion', 'manoir'),
('champion', 'masure'),
('champion', 'materiel-decriture'),
('champion', 'mule-ane'),
('champion', 'outils-de-crochetage'),
('champion', 'palais'),
('champion', 'place-forte'),
('champion', 'poney'),
('champion', 'potion-soins-legers'),
('champion', 'potion-soins-moderes'),
('champion', 'potion-soins-superie'),
('champion', 'rations-1-semaine'),
('champion', 'repas-carne'),
('champion', 'sac-a-dos'),
('champion', 'soupe-et-pain'),
('champion', 'suite'),
('champion', 'suite-nuit'),
('champion', 'torches-x3'),
('champion', 'villa-luxueuse'),
('champion', 'vin-verre'),
('chasseur-de-primes', 'appartement'),
('chasseur-de-primes', 'autre'),
('chasseur-de-primes', 'banquet'),
('chasseur-de-primes', 'biere-pinte'),
('chasseur-de-primes', 'bon-repas'),
('chasseur-de-primes', 'briquet-a-silex'),
('chasseur-de-primes', 'carquois-20'),
('chasseur-de-primes', 'carriole'),
('chasseur-de-primes', 'cervoise-pinte'),
('chasseur-de-primes', 'chambre-4-nuit'),
('chasseur-de-primes', 'chambre-individuelle'),
('chasseur-de-primes', 'chariot'),
('chasseur-de-primes', 'chateau'),
('chasseur-de-primes', 'cheval-de-selle'),
('chasseur-de-primes', 'cheval-guerre-leger'),
('chasseur-de-primes', 'cidre-verre'),
('chasseur-de-primes', 'corde-15m'),
('chasseur-de-primes', 'couverture'),
('chasseur-de-primes', 'dortoir-nuit'),
('chasseur-de-primes', 'grand-cru-btl'),
('chasseur-de-primes', 'grappin'),
('chasseur-de-primes', 'huile-6h'),
('chasseur-de-primes', 'hydromel-verre'),
('chasseur-de-primes', 'lait-verre'),
('chasseur-de-primes', 'lanterne-a-huile'),
('chasseur-de-primes', 'maison'),
('chasseur-de-primes', 'manoir'),
('chasseur-de-primes', 'masure'),
('chasseur-de-primes', 'materiel-decriture'),
('chasseur-de-primes', 'mule-ane'),
('chasseur-de-primes', 'outils-de-crochetage'),
('chasseur-de-primes', 'palais'),
('chasseur-de-primes', 'place-forte'),
('chasseur-de-primes', 'poney'),
('chasseur-de-primes', 'potion-soins-legers'),
('chasseur-de-primes', 'potion-soins-moderes'),
('chasseur-de-primes', 'potion-soins-superie'),
('chasseur-de-primes', 'rations-1-semaine'),
('chasseur-de-primes', 'repas-carne'),
('chasseur-de-primes', 'sac-a-dos'),
('chasseur-de-primes', 'soupe-et-pain'),
('chasseur-de-primes', 'suite'),
('chasseur-de-primes', 'suite-nuit'),
('chasseur-de-primes', 'torches-x3'),
('chasseur-de-primes', 'villa-luxueuse'),
('chasseur-de-primes', 'vin-verre'),
('chevalier           ', 'appartement'),
('chevalier           ', 'autre'),
('chevalier           ', 'banquet'),
('chevalier', 'baton'),
('chevalier', 'baton-ferre'),
('chevalier           ', 'biere-pinte'),
('chevalier           ', 'bon-repas'),
('chevalier           ', 'briquet-a-silex'),
('chevalier           ', 'calotte-cuir'),
('chevalier           ', 'camail'),
('chevalier           ', 'carquois-20'),
('chevalier           ', 'carriole'),
('chevalier           ', 'casque-cote'),
('chevalier           ', 'cervoise-pinte'),
('chevalier           ', 'chambre-4-nuit'),
('chevalier           ', 'chambre-individuelle'),
('chevalier           ', 'chariot'),
('chevalier           ', 'chateau'),
('chevalier', 'chemise-de-maille'),
('chevalier           ', 'cheval-de-selle'),
('chevalier           ', 'cheval-guerre-leger'),
('chevalier           ', 'cidre-verre'),
('chevalier           ', 'corde-15m'),
('chevalier', 'cotte-de-maille'),
('chevalier           ', 'couverture'),
('chevalier', 'cuir'),
('chevalier', 'cuir-renforce'),
('chevalier', 'dague'),
('chevalier', 'demi-plaque'),
('chevalier           ', 'dortoir-nuit'),
('chevalier', 'epee-a-deux-mains'),
('chevalier', 'epee-batarde'),
('chevalier', 'epee-courte'),
('chevalier', 'epee-longue'),
('chevalier', 'epieu'),
('chevalier', 'fleau'),
('chevalier', 'fleau-a-deux-mains'),
('chevalier', 'gourdin'),
('chevalier', 'grand-bouclier'),
('chevalier           ', 'grand-cru-btl'),
('chevalier           ', 'grappin'),
('chevalier', 'hache'),
('chevalier', 'hache-a-deux-mains'),
('chevalier           ', 'heaume'),
('chevalier           ', 'huile-6h'),
('chevalier           ', 'hydromel-verre'),
('chevalier           ', 'lait-verre'),
('chevalier', 'lance-de-cavalerie'),
('chevalier           ', 'lanterne-a-huile'),
('chevalier', 'main-gauche'),
('chevalier           ', 'maison'),
('chevalier           ', 'manoir'),
('chevalier', 'marteau'),
('chevalier', 'masse'),
('chevalier           ', 'masure'),
('chevalier           ', 'materiel-decriture'),
('chevalier           ', 'mule-ane'),
('chevalier           ', 'outils-de-crochetage'),
('chevalier           ', 'palais'),
('chevalier', 'petit-bouclier'),
('chevalier', 'pique'),
('chevalier           ', 'place-forte'),
('chevalier', 'plaque-complete'),
('chevalier           ', 'poney'),
('chevalier           ', 'potion-soins-legers'),
('chevalier           ', 'potion-soins-moderes'),
('chevalier           ', 'potion-soins-superie'),
('chevalier', 'rapiere'),
('chevalier           ', 'rations-1-semaine'),
('chevalier           ', 'repas-carne'),
('chevalier           ', 'sac-a-dos'),
('chevalier           ', 'soupe-et-pain'),
('chevalier', 'stylet'),
('chevalier           ', 'suite'),
('chevalier           ', 'suite-nuit'),
('chevalier', 'tissu-matelasse'),
('chevalier           ', 'torches-x3'),
('chevalier           ', 'villa-luxueuse'),
('chevalier           ', 'vin-verre'),
('chevalier', 'vivelame'),
('chevalier-de-la-mort', 'appartement'),
('chevalier-de-la-mort', 'autre'),
('chevalier-de-la-mort', 'banquet'),
('chevalier-de-la-mort', 'biere-pinte'),
('chevalier-de-la-mort', 'bon-repas'),
('chevalier-de-la-mort', 'briquet-a-silex'),
('chevalier-de-la-mort', 'carquois-20'),
('chevalier-de-la-mort', 'carriole'),
('chevalier-de-la-mort', 'cervoise-pinte'),
('chevalier-de-la-mort', 'chambre-4-nuit'),
('chevalier-de-la-mort', 'chambre-individuelle'),
('chevalier-de-la-mort', 'chariot'),
('chevalier-de-la-mort', 'chateau'),
('chevalier-de-la-mort', 'cheval-de-selle'),
('chevalier-de-la-mort', 'cheval-guerre-leger'),
('chevalier-de-la-mort', 'cidre-verre'),
('chevalier-de-la-mort', 'corde-15m'),
('chevalier-de-la-mort', 'couverture'),
('chevalier-de-la-mort', 'dortoir-nuit'),
('chevalier-de-la-mort', 'grand-cru-btl'),
('chevalier-de-la-mort', 'grappin'),
('chevalier-de-la-mort', 'huile-6h'),
('chevalier-de-la-mort', 'hydromel-verre'),
('chevalier-de-la-mort', 'lait-verre'),
('chevalier-de-la-mort', 'lanterne-a-huile'),
('chevalier-de-la-mort', 'maison'),
('chevalier-de-la-mort', 'manoir'),
('chevalier-de-la-mort', 'masure'),
('chevalier-de-la-mort', 'materiel-decriture'),
('chevalier-de-la-mort', 'mule-ane'),
('chevalier-de-la-mort', 'outils-de-crochetage'),
('chevalier-de-la-mort', 'palais'),
('chevalier-de-la-mort', 'place-forte'),
('chevalier-de-la-mort', 'poney'),
('chevalier-de-la-mort', 'potion-soins-legers'),
('chevalier-de-la-mort', 'potion-soins-moderes'),
('chevalier-de-la-mort', 'potion-soins-superie'),
('chevalier-de-la-mort', 'rations-1-semaine'),
('chevalier-de-la-mort', 'repas-carne'),
('chevalier-de-la-mort', 'sac-a-dos'),
('chevalier-de-la-mort', 'soupe-et-pain'),
('chevalier-de-la-mort', 'suite'),
('chevalier-de-la-mort', 'suite-nuit'),
('chevalier-de-la-mort', 'torches-x3'),
('chevalier-de-la-mort', 'villa-luxueuse'),
('chevalier-de-la-mort', 'vin-verre'),
('corsaire', 'appartement'),
('corsaire', 'autre'),
('corsaire', 'banquet'),
('corsaire', 'biere-pinte'),
('corsaire', 'bon-repas'),
('corsaire', 'briquet-a-silex'),
('corsaire', 'carquois-20'),
('corsaire', 'carriole'),
('corsaire', 'cervoise-pinte'),
('corsaire', 'chambre-4-nuit'),
('corsaire', 'chambre-individuelle'),
('corsaire', 'chariot'),
('corsaire', 'chateau'),
('corsaire', 'cheval-de-selle'),
('corsaire', 'cheval-guerre-leger'),
('corsaire', 'cidre-verre'),
('corsaire', 'corde-15m'),
('corsaire', 'couverture'),
('corsaire', 'dortoir-nuit'),
('corsaire', 'grand-cru-btl'),
('corsaire', 'grappin'),
('corsaire', 'huile-6h'),
('corsaire', 'hydromel-verre'),
('corsaire', 'lait-verre'),
('corsaire', 'lanterne-a-huile'),
('corsaire', 'maison'),
('corsaire', 'manoir'),
('corsaire', 'masure'),
('corsaire', 'materiel-decriture'),
('corsaire', 'mule-ane'),
('corsaire', 'outils-de-crochetage'),
('corsaire', 'palais'),
('corsaire', 'place-forte'),
('corsaire', 'poney'),
('corsaire', 'potion-soins-legers'),
('corsaire', 'potion-soins-moderes'),
('corsaire', 'potion-soins-superie'),
('corsaire', 'rations-1-semaine'),
('corsaire', 'repas-carne'),
('corsaire', 'sac-a-dos'),
('corsaire', 'soupe-et-pain'),
('corsaire', 'suite'),
('corsaire', 'suite-nuit'),
('corsaire', 'torches-x3'),
('corsaire', 'villa-luxueuse'),
('corsaire', 'vin-verre'),
('courtisane', 'appartement'),
('courtisane', 'autre'),
('courtisane', 'banquet'),
('courtisane', 'biere-pinte'),
('courtisane', 'bon-repas'),
('courtisane', 'briquet-a-silex'),
('courtisane', 'carquois-20'),
('courtisane', 'carriole'),
('courtisane', 'cervoise-pinte'),
('courtisane', 'chambre-4-nuit'),
('courtisane', 'chambre-individuelle'),
('courtisane', 'chariot'),
('courtisane', 'chateau'),
('courtisane', 'cheval-de-selle'),
('courtisane', 'cheval-guerre-leger'),
('courtisane', 'cidre-verre'),
('courtisane', 'corde-15m'),
('courtisane', 'couverture'),
('courtisane', 'dortoir-nuit'),
('courtisane', 'grand-cru-btl'),
('courtisane', 'grappin'),
('courtisane', 'huile-6h'),
('courtisane', 'hydromel-verre'),
('courtisane', 'lait-verre'),
('courtisane', 'lanterne-a-huile'),
('courtisane', 'maison'),
('courtisane', 'manoir'),
('courtisane', 'masure'),
('courtisane', 'materiel-decriture'),
('courtisane', 'mule-ane'),
('courtisane', 'outils-de-crochetage'),
('courtisane', 'palais'),
('courtisane', 'place-forte'),
('courtisane', 'poney'),
('courtisane', 'potion-soins-legers'),
('courtisane', 'potion-soins-moderes'),
('courtisane', 'potion-soins-superie'),
('courtisane', 'rations-1-semaine'),
('courtisane', 'repas-carne'),
('courtisane', 'sac-a-dos'),
('courtisane', 'soupe-et-pain'),
('courtisane', 'suite'),
('courtisane', 'suite-nuit'),
('courtisane', 'torches-x3'),
('courtisane', 'villa-luxueuse'),
('courtisane', 'vin-verre'),
('croise', 'appartement'),
('croise', 'autre'),
('croise', 'banquet'),
('croise', 'biere-pinte'),
('croise', 'bon-repas'),
('croise', 'briquet-a-silex'),
('croise', 'carquois-20'),
('croise', 'carriole'),
('croise', 'cervoise-pinte'),
('croise', 'chambre-4-nuit'),
('croise', 'chambre-individuelle'),
('croise', 'chariot'),
('croise', 'chateau'),
('croise', 'cheval-de-selle'),
('croise', 'cheval-guerre-leger'),
('croise', 'cidre-verre'),
('croise', 'corde-15m'),
('croise', 'couverture'),
('croise', 'dortoir-nuit'),
('croise', 'grand-cru-btl'),
('croise', 'grappin'),
('croise', 'huile-6h'),
('croise', 'hydromel-verre'),
('croise', 'lait-verre'),
('croise', 'lanterne-a-huile'),
('croise', 'maison'),
('croise', 'manoir'),
('croise', 'masure'),
('croise', 'materiel-decriture'),
('croise', 'mule-ane'),
('croise', 'outils-de-crochetage'),
('croise', 'palais'),
('croise', 'place-forte'),
('croise', 'poney'),
('croise', 'potion-soins-legers'),
('croise', 'potion-soins-moderes'),
('croise', 'potion-soins-superie'),
('croise', 'rations-1-semaine'),
('croise', 'repas-carne'),
('croise', 'sac-a-dos'),
('croise', 'soupe-et-pain'),
('croise', 'suite'),
('croise', 'suite-nuit'),
('croise', 'torches-x3'),
('croise', 'villa-luxueuse'),
('croise', 'vin-verre'),
('dandy', 'appartement'),
('dandy', 'autre'),
('dandy', 'banquet'),
('dandy', 'biere-pinte'),
('dandy', 'bon-repas'),
('dandy', 'briquet-a-silex'),
('dandy', 'carquois-20'),
('dandy', 'carriole'),
('dandy', 'cervoise-pinte'),
('dandy', 'chambre-4-nuit'),
('dandy', 'chambre-individuelle'),
('dandy', 'chariot'),
('dandy', 'chateau'),
('dandy', 'cheval-de-selle'),
('dandy', 'cheval-guerre-leger'),
('dandy', 'cidre-verre'),
('dandy', 'corde-15m'),
('dandy', 'couverture'),
('dandy', 'dortoir-nuit'),
('dandy', 'grand-cru-btl'),
('dandy', 'grappin'),
('dandy', 'huile-6h'),
('dandy', 'hydromel-verre'),
('dandy', 'lait-verre'),
('dandy', 'lanterne-a-huile'),
('dandy', 'maison'),
('dandy', 'manoir'),
('dandy', 'masure'),
('dandy', 'materiel-decriture'),
('dandy', 'mule-ane'),
('dandy', 'outils-de-crochetage'),
('dandy', 'palais'),
('dandy', 'place-forte'),
('dandy', 'poney'),
('dandy', 'potion-soins-legers'),
('dandy', 'potion-soins-moderes'),
('dandy', 'potion-soins-superie'),
('dandy', 'rations-1-semaine'),
('dandy', 'repas-carne'),
('dandy', 'sac-a-dos'),
('dandy', 'soupe-et-pain'),
('dandy', 'suite'),
('dandy', 'suite-nuit'),
('dandy', 'torches-x3'),
('dandy', 'villa-luxueuse'),
('dandy', 'vin-verre'),
('demoniste', 'appartement'),
('demoniste', 'autre'),
('demoniste', 'banquet'),
('demoniste', 'biere-pinte'),
('demoniste', 'bon-repas'),
('demoniste', 'briquet-a-silex'),
('demoniste', 'carquois-20'),
('demoniste', 'carriole'),
('demoniste', 'cervoise-pinte'),
('demoniste', 'chambre-4-nuit'),
('demoniste', 'chambre-individuelle'),
('demoniste', 'chariot'),
('demoniste', 'chateau'),
('demoniste', 'cheval-de-selle'),
('demoniste', 'cheval-guerre-leger'),
('demoniste', 'cidre-verre'),
('demoniste', 'corde-15m'),
('demoniste', 'couverture'),
('demoniste', 'dortoir-nuit'),
('demoniste', 'grand-cru-btl'),
('demoniste', 'grappin'),
('demoniste', 'huile-6h'),
('demoniste', 'hydromel-verre'),
('demoniste', 'lait-verre'),
('demoniste', 'lanterne-a-huile'),
('demoniste', 'maison'),
('demoniste', 'manoir'),
('demoniste', 'masure'),
('demoniste', 'materiel-decriture'),
('demoniste', 'mule-ane'),
('demoniste', 'outils-de-crochetage'),
('demoniste', 'palais'),
('demoniste', 'place-forte'),
('demoniste', 'poney'),
('demoniste', 'potion-soins-legers'),
('demoniste', 'potion-soins-moderes'),
('demoniste', 'potion-soins-superie'),
('demoniste', 'rations-1-semaine'),
('demoniste', 'repas-carne'),
('demoniste', 'sac-a-dos'),
('demoniste', 'soupe-et-pain'),
('demoniste', 'suite'),
('demoniste', 'suite-nuit'),
('demoniste', 'torches-x3'),
('demoniste', 'villa-luxueuse'),
('demoniste', 'vin-verre'),
('devin', 'appartement'),
('devin', 'autre'),
('devin', 'banquet'),
('devin', 'biere-pinte'),
('devin', 'bon-repas'),
('devin', 'briquet-a-silex'),
('devin', 'carquois-20'),
('devin', 'carriole'),
('devin', 'cervoise-pinte'),
('devin', 'chambre-4-nuit'),
('devin', 'chambre-individuelle'),
('devin', 'chariot'),
('devin', 'chateau'),
('devin', 'cheval-de-selle'),
('devin', 'cheval-guerre-leger'),
('devin', 'cidre-verre'),
('devin', 'corde-15m'),
('devin', 'couverture'),
('devin', 'dortoir-nuit'),
('devin', 'grand-cru-btl'),
('devin', 'grappin'),
('devin', 'huile-6h'),
('devin', 'hydromel-verre'),
('devin', 'lait-verre'),
('devin', 'lanterne-a-huile'),
('devin', 'maison'),
('devin', 'manoir'),
('devin', 'masure'),
('devin', 'materiel-decriture'),
('devin', 'mule-ane'),
('devin', 'outils-de-crochetage'),
('devin', 'palais'),
('devin', 'place-forte'),
('devin', 'poney'),
('devin', 'potion-soins-legers'),
('devin', 'potion-soins-moderes'),
('devin', 'potion-soins-superie'),
('devin', 'rations-1-semaine'),
('devin', 'repas-carne'),
('devin', 'sac-a-dos'),
('devin', 'soupe-et-pain'),
('devin', 'suite'),
('devin', 'suite-nuit'),
('devin', 'torches-x3'),
('devin', 'villa-luxueuse'),
('devin', 'vin-verre'),
('druide              ', 'appartement'),
('druide', 'arc-court'),
('druide              ', 'autre'),
('druide              ', 'banquet'),
('druide', 'baton'),
('druide', 'baton-ferre'),
('druide              ', 'biere-pinte'),
('druide              ', 'bon-repas'),
('druide              ', 'briquet-a-silex'),
('druide', 'calotte-cuir'),
('druide              ', 'carquois-20'),
('druide              ', 'carriole'),
('druide              ', 'cervoise-pinte'),
('druide              ', 'chambre-4-nuit'),
('druide              ', 'chambre-individuelle'),
('druide              ', 'chariot'),
('druide              ', 'chateau'),
('druide              ', 'cheval-de-selle'),
('druide              ', 'cheval-guerre-leger'),
('druide              ', 'cidre-verre'),
('druide              ', 'corde-15m'),
('druide              ', 'couverture'),
('druide', 'cuir'),
('druide', 'dague'),
('druide', 'dague-atd'),
('druide              ', 'dortoir-nuit'),
('druide', 'epieu'),
('druide              ', 'grand-cru-btl'),
('druide              ', 'grappin'),
('druide              ', 'huile-6h'),
('druide              ', 'hydromel-verre'),
('druide', 'javelot'),
('druide              ', 'lait-verre'),
('druide              ', 'lanterne-a-huile'),
('druide              ', 'maison'),
('druide              ', 'manoir'),
('druide              ', 'masure'),
('druide              ', 'materiel-decriture'),
('druide              ', 'mule-ane'),
('druide              ', 'outils-de-crochetage'),
('druide              ', 'palais'),
('druide', 'petit-bouclier'),
('druide              ', 'place-forte'),
('druide              ', 'poney'),
('druide              ', 'potion-soins-legers'),
('druide              ', 'potion-soins-moderes'),
('druide              ', 'potion-soins-superie'),
('druide              ', 'rations-1-semaine'),
('druide              ', 'repas-carne'),
('druide              ', 'sac-a-dos'),
('druide              ', 'soupe-et-pain'),
('druide              ', 'suite'),
('druide              ', 'suite-nuit'),
('druide', 'tissu-matelasse'),
('druide              ', 'torches-x3'),
('druide              ', 'villa-luxueuse'),
('druide              ', 'vin-verre'),
('duelliste', 'appartement'),
('duelliste', 'autre'),
('duelliste', 'banquet'),
('duelliste', 'biere-pinte'),
('duelliste', 'bon-repas'),
('duelliste', 'briquet-a-silex'),
('duelliste', 'carquois-20'),
('duelliste', 'carriole'),
('duelliste', 'cervoise-pinte'),
('duelliste', 'chambre-4-nuit'),
('duelliste', 'chambre-individuelle'),
('duelliste', 'chariot'),
('duelliste', 'chateau'),
('duelliste', 'cheval-de-selle'),
('duelliste', 'cheval-guerre-leger'),
('duelliste', 'cidre-verre'),
('duelliste', 'corde-15m'),
('duelliste', 'couverture'),
('duelliste', 'dortoir-nuit'),
('duelliste', 'grand-cru-btl'),
('duelliste', 'grappin'),
('duelliste', 'huile-6h'),
('duelliste', 'hydromel-verre'),
('duelliste', 'lait-verre'),
('duelliste', 'lanterne-a-huile'),
('duelliste', 'maison'),
('duelliste', 'manoir'),
('duelliste', 'masure'),
('duelliste', 'materiel-decriture'),
('duelliste', 'mule-ane'),
('duelliste', 'outils-de-crochetage'),
('duelliste', 'palais'),
('duelliste', 'place-forte'),
('duelliste', 'poney'),
('duelliste', 'potion-soins-legers'),
('duelliste', 'potion-soins-moderes'),
('duelliste', 'potion-soins-superie'),
('duelliste', 'rations-1-semaine'),
('duelliste', 'repas-carne'),
('duelliste', 'sac-a-dos'),
('duelliste', 'soupe-et-pain'),
('duelliste', 'suite'),
('duelliste', 'suite-nuit'),
('duelliste', 'torches-x3'),
('duelliste', 'villa-luxueuse'),
('duelliste', 'vin-verre'),
('enchanteur', 'appartement'),
('enchanteur', 'autre'),
('enchanteur', 'banquet'),
('enchanteur', 'biere-pinte'),
('enchanteur', 'bon-repas'),
('enchanteur', 'briquet-a-silex'),
('enchanteur', 'carquois-20'),
('enchanteur', 'carriole'),
('enchanteur', 'cervoise-pinte'),
('enchanteur', 'chambre-4-nuit'),
('enchanteur', 'chambre-individuelle'),
('enchanteur', 'chariot'),
('enchanteur', 'chateau'),
('enchanteur', 'cheval-de-selle'),
('enchanteur', 'cheval-guerre-leger'),
('enchanteur', 'cidre-verre'),
('enchanteur', 'corde-15m'),
('enchanteur', 'couverture'),
('enchanteur', 'dortoir-nuit'),
('enchanteur', 'grand-cru-btl'),
('enchanteur', 'grappin'),
('enchanteur', 'huile-6h'),
('enchanteur', 'hydromel-verre'),
('enchanteur', 'lait-verre'),
('enchanteur', 'lanterne-a-huile'),
('enchanteur', 'maison'),
('enchanteur', 'manoir'),
('enchanteur', 'masure'),
('enchanteur', 'materiel-decriture'),
('enchanteur', 'mule-ane'),
('enchanteur', 'outils-de-crochetage'),
('enchanteur', 'palais'),
('enchanteur', 'place-forte'),
('enchanteur', 'poney'),
('enchanteur', 'potion-soins-legers'),
('enchanteur', 'potion-soins-moderes'),
('enchanteur', 'potion-soins-superie'),
('enchanteur', 'rations-1-semaine'),
('enchanteur', 'repas-carne'),
('enchanteur', 'sac-a-dos'),
('enchanteur', 'soupe-et-pain'),
('enchanteur', 'suite'),
('enchanteur', 'suite-nuit'),
('enchanteur', 'torches-x3'),
('enchanteur', 'villa-luxueuse'),
('enchanteur', 'vin-verre'),
('ensorceleur         ', 'appartement'),
('ensorceleur         ', 'autre'),
('ensorceleur         ', 'banquet'),
('ensorceleur', 'baton'),
('ensorceleur', 'baton-ferre'),
('ensorceleur         ', 'biere-pinte'),
('ensorceleur         ', 'bon-repas'),
('ensorceleur         ', 'briquet-a-silex'),
('ensorceleur         ', 'carquois-20'),
('ensorceleur         ', 'carriole'),
('ensorceleur         ', 'cervoise-pinte'),
('ensorceleur         ', 'chambre-4-nuit'),
('ensorceleur         ', 'chambre-individuelle'),
('ensorceleur         ', 'chariot'),
('ensorceleur         ', 'chateau'),
('ensorceleur         ', 'cheval-de-selle'),
('ensorceleur         ', 'cheval-guerre-leger'),
('ensorceleur         ', 'cidre-verre'),
('ensorceleur         ', 'corde-15m'),
('ensorceleur         ', 'couverture'),
('ensorceleur', 'dague'),
('ensorceleur', 'dague-atd'),
('ensorceleur         ', 'dortoir-nuit'),
('ensorceleur         ', 'grand-cru-btl'),
('ensorceleur         ', 'grappin'),
('ensorceleur         ', 'huile-6h'),
('ensorceleur         ', 'hydromel-verre'),
('ensorceleur         ', 'lait-verre'),
('ensorceleur         ', 'lanterne-a-huile'),
('ensorceleur         ', 'maison'),
('ensorceleur         ', 'manoir'),
('ensorceleur         ', 'masure'),
('ensorceleur         ', 'materiel-decriture'),
('ensorceleur         ', 'mule-ane'),
('ensorceleur         ', 'outils-de-crochetage'),
('ensorceleur         ', 'palais'),
('ensorceleur         ', 'place-forte'),
('ensorceleur         ', 'poney'),
('ensorceleur         ', 'potion-soins-legers'),
('ensorceleur         ', 'potion-soins-moderes'),
('ensorceleur         ', 'potion-soins-superie'),
('ensorceleur         ', 'rations-1-semaine'),
('ensorceleur         ', 'repas-carne'),
('ensorceleur         ', 'sac-a-dos'),
('ensorceleur         ', 'soupe-et-pain'),
('ensorceleur         ', 'suite'),
('ensorceleur         ', 'suite-nuit'),
('ensorceleur         ', 'torches-x3'),
('ensorceleur         ', 'villa-luxueuse'),
('ensorceleur         ', 'vin-verre'),
('espion', 'appartement'),
('espion', 'autre'),
('espion', 'banquet'),
('espion', 'biere-pinte'),
('espion', 'bon-repas'),
('espion', 'briquet-a-silex'),
('espion', 'carquois-20'),
('espion', 'carriole'),
('espion', 'cervoise-pinte'),
('espion', 'chambre-4-nuit'),
('espion', 'chambre-individuelle'),
('espion', 'chariot'),
('espion', 'chateau'),
('espion', 'cheval-de-selle'),
('espion', 'cheval-guerre-leger'),
('espion', 'cidre-verre'),
('espion', 'corde-15m'),
('espion', 'couverture'),
('espion', 'dortoir-nuit'),
('espion', 'grand-cru-btl'),
('espion', 'grappin'),
('espion', 'huile-6h'),
('espion', 'hydromel-verre'),
('espion', 'lait-verre'),
('espion', 'lanterne-a-huile'),
('espion', 'maison'),
('espion', 'manoir'),
('espion', 'masure'),
('espion', 'materiel-decriture'),
('espion', 'mule-ane'),
('espion', 'outils-de-crochetage'),
('espion', 'palais'),
('espion', 'place-forte'),
('espion', 'poney'),
('espion', 'potion-soins-legers'),
('espion', 'potion-soins-moderes'),
('espion', 'potion-soins-superie'),
('espion', 'rations-1-semaine'),
('espion', 'repas-carne'),
('espion', 'sac-a-dos'),
('espion', 'soupe-et-pain'),
('espion', 'suite'),
('espion', 'suite-nuit'),
('espion', 'torches-x3'),
('espion', 'villa-luxueuse'),
('espion', 'vin-verre'),
('forgesort           ', 'appartement'),
('forgesort', 'arbalete-legere'),
('forgesort           ', 'autre'),
('forgesort           ', 'banquet'),
('forgesort', 'baton'),
('forgesort', 'baton-ferre'),
('forgesort           ', 'biere-pinte'),
('forgesort           ', 'bon-repas'),
('forgesort           ', 'briquet-a-silex'),
('forgesort           ', 'carquois-20'),
('forgesort           ', 'carriole'),
('forgesort           ', 'cervoise-pinte'),
('forgesort           ', 'chambre-4-nuit'),
('forgesort           ', 'chambre-individuelle'),
('forgesort           ', 'chariot'),
('forgesort           ', 'chateau'),
('forgesort           ', 'cheval-de-selle'),
('forgesort           ', 'cheval-guerre-leger'),
('forgesort           ', 'cidre-verre'),
('forgesort           ', 'corde-15m'),
('forgesort           ', 'couverture'),
('forgesort', 'cuir'),
('forgesort', 'dague'),
('forgesort', 'dague-atd'),
('forgesort           ', 'dortoir-nuit'),
('forgesort           ', 'grand-cru-btl'),
('forgesort           ', 'grappin'),
('forgesort           ', 'huile-6h'),
('forgesort           ', 'hydromel-verre'),
('forgesort           ', 'lait-verre'),
('forgesort           ', 'lanterne-a-huile'),
('forgesort           ', 'maison'),
('forgesort           ', 'manoir'),
('forgesort', 'marteau'),
('forgesort           ', 'masure'),
('forgesort           ', 'materiel-decriture'),
('forgesort           ', 'mule-ane'),
('forgesort           ', 'outils-de-crochetage'),
('forgesort           ', 'palais'),
('forgesort           ', 'place-forte'),
('forgesort           ', 'poney'),
('forgesort           ', 'potion-soins-legers'),
('forgesort           ', 'potion-soins-moderes'),
('forgesort           ', 'potion-soins-superie'),
('forgesort           ', 'rations-1-semaine'),
('forgesort           ', 'repas-carne'),
('forgesort           ', 'sac-a-dos'),
('forgesort           ', 'soupe-et-pain'),
('forgesort           ', 'suite'),
('forgesort           ', 'suite-nuit'),
('forgesort', 'tissu-matelasse'),
('forgesort           ', 'torches-x3'),
('forgesort           ', 'villa-luxueuse'),
('forgesort           ', 'vin-verre'),
('gladiateur', 'appartement'),
('gladiateur', 'autre'),
('gladiateur', 'banquet'),
('gladiateur', 'biere-pinte'),
('gladiateur', 'bon-repas'),
('gladiateur', 'briquet-a-silex'),
('gladiateur', 'carquois-20'),
('gladiateur', 'carriole'),
('gladiateur', 'cervoise-pinte'),
('gladiateur', 'chambre-4-nuit'),
('gladiateur', 'chambre-individuelle'),
('gladiateur', 'chariot'),
('gladiateur', 'chateau'),
('gladiateur', 'cheval-de-selle'),
('gladiateur', 'cheval-guerre-leger'),
('gladiateur', 'cidre-verre'),
('gladiateur', 'corde-15m'),
('gladiateur', 'couverture'),
('gladiateur', 'dortoir-nuit'),
('gladiateur', 'grand-cru-btl'),
('gladiateur', 'grappin'),
('gladiateur', 'huile-6h'),
('gladiateur', 'hydromel-verre'),
('gladiateur', 'lait-verre'),
('gladiateur', 'lanterne-a-huile'),
('gladiateur', 'maison'),
('gladiateur', 'manoir'),
('gladiateur', 'masure'),
('gladiateur', 'materiel-decriture'),
('gladiateur', 'mule-ane'),
('gladiateur', 'outils-de-crochetage'),
('gladiateur', 'palais'),
('gladiateur', 'place-forte'),
('gladiateur', 'poney'),
('gladiateur', 'potion-soins-legers'),
('gladiateur', 'potion-soins-moderes'),
('gladiateur', 'potion-soins-superie'),
('gladiateur', 'rations-1-semaine'),
('gladiateur', 'repas-carne'),
('gladiateur', 'sac-a-dos'),
('gladiateur', 'soupe-et-pain'),
('gladiateur', 'suite'),
('gladiateur', 'suite-nuit'),
('gladiateur', 'torches-x3'),
('gladiateur', 'villa-luxueuse'),
('gladiateur', 'vin-verre'),
('guerisseur', 'appartement'),
('guerisseur', 'autre'),
('guerisseur', 'banquet'),
('guerisseur', 'biere-pinte'),
('guerisseur', 'bon-repas'),
('guerisseur', 'briquet-a-silex'),
('guerisseur', 'carquois-20'),
('guerisseur', 'carriole'),
('guerisseur', 'cervoise-pinte'),
('guerisseur', 'chambre-4-nuit'),
('guerisseur', 'chambre-individuelle'),
('guerisseur', 'chariot'),
('guerisseur', 'chateau'),
('guerisseur', 'cheval-de-selle'),
('guerisseur', 'cheval-guerre-leger'),
('guerisseur', 'cidre-verre'),
('guerisseur', 'corde-15m'),
('guerisseur', 'couverture'),
('guerisseur', 'dortoir-nuit'),
('guerisseur', 'grand-cru-btl'),
('guerisseur', 'grappin'),
('guerisseur', 'huile-6h'),
('guerisseur', 'hydromel-verre'),
('guerisseur', 'lait-verre'),
('guerisseur', 'lanterne-a-huile'),
('guerisseur', 'maison'),
('guerisseur', 'manoir'),
('guerisseur', 'masure'),
('guerisseur', 'materiel-decriture'),
('guerisseur', 'mule-ane'),
('guerisseur', 'outils-de-crochetage'),
('guerisseur', 'palais'),
('guerisseur', 'place-forte'),
('guerisseur', 'poney'),
('guerisseur', 'potion-soins-legers'),
('guerisseur', 'potion-soins-moderes'),
('guerisseur', 'potion-soins-superie'),
('guerisseur', 'rations-1-semaine'),
('guerisseur', 'repas-carne'),
('guerisseur', 'sac-a-dos'),
('guerisseur', 'soupe-et-pain'),
('guerisseur', 'suite'),
('guerisseur', 'suite-nuit'),
('guerisseur', 'torches-x3'),
('guerisseur', 'villa-luxueuse'),
('guerisseur', 'vin-verre'),
('guerrier            ', 'appartement'),
('guerrier', 'arbalete-de-poing'),
('guerrier', 'arbalete-legere'),
('guerrier', 'arbalete-lourde'),
('guerrier', 'arc-court'),
('guerrier', 'arc-long'),
('guerrier            ', 'autre'),
('guerrier            ', 'banquet'),
('guerrier', 'baton'),
('guerrier', 'baton-ferre'),
('guerrier            ', 'biere-pinte'),
('guerrier            ', 'bon-repas'),
('guerrier            ', 'briquet-a-silex'),
('guerrier            ', 'calotte-cuir'),
('guerrier            ', 'camail'),
('guerrier            ', 'carquois-20'),
('guerrier            ', 'carriole'),
('guerrier            ', 'casque-cote'),
('guerrier            ', 'cervoise-pinte'),
('guerrier            ', 'chambre-4-nuit'),
('guerrier            ', 'chambre-individuelle'),
('guerrier            ', 'chariot'),
('guerrier            ', 'chateau'),
('guerrier', 'chemise-de-maille'),
('guerrier            ', 'cheval-de-selle'),
('guerrier            ', 'cheval-guerre-leger'),
('guerrier            ', 'cidre-verre'),
('guerrier            ', 'corde-15m'),
('guerrier', 'cotte-de-maille'),
('guerrier', 'couteau-de-lancer'),
('guerrier            ', 'couverture'),
('guerrier', 'cuir'),
('guerrier', 'cuir-renforce'),
('guerrier', 'dague'),
('guerrier', 'dague-atd'),
('guerrier', 'demi-plaque'),
('guerrier            ', 'dortoir-nuit'),
('guerrier', 'epee-a-deux-mains'),
('guerrier', 'epee-batarde'),
('guerrier', 'epee-courte'),
('guerrier', 'epee-longue'),
('guerrier', 'epieu'),
('guerrier', 'fleau'),
('guerrier', 'fleau-a-deux-mains'),
('guerrier', 'fronde'),
('guerrier', 'gourdin'),
('guerrier', 'grand-bouclier'),
('guerrier            ', 'grand-cru-btl'),
('guerrier            ', 'grappin'),
('guerrier', 'hache'),
('guerrier', 'hache-a-deux-mains'),
('guerrier', 'hachette'),
('guerrier            ', 'heaume'),
('guerrier            ', 'huile-6h'),
('guerrier            ', 'hydromel-verre'),
('guerrier', 'javelot'),
('guerrier            ', 'lait-verre'),
('guerrier', 'lance-de-cavalerie'),
('guerrier            ', 'lanterne-a-huile'),
('guerrier', 'main-gauche'),
('guerrier            ', 'maison'),
('guerrier            ', 'manoir'),
('guerrier', 'marteau'),
('guerrier', 'masse'),
('guerrier            ', 'masure'),
('guerrier            ', 'materiel-decriture'),
('guerrier            ', 'mule-ane'),
('guerrier            ', 'outils-de-crochetage'),
('guerrier            ', 'palais'),
('guerrier', 'petit-bouclier'),
('guerrier', 'pique'),
('guerrier            ', 'place-forte'),
('guerrier            ', 'poney'),
('guerrier            ', 'potion-soins-legers'),
('guerrier            ', 'potion-soins-moderes'),
('guerrier            ', 'potion-soins-superie'),
('guerrier', 'rapiere'),
('guerrier            ', 'rations-1-semaine'),
('guerrier            ', 'repas-carne'),
('guerrier            ', 'sac-a-dos'),
('guerrier            ', 'soupe-et-pain'),
('guerrier', 'stylet'),
('guerrier            ', 'suite'),
('guerrier            ', 'suite-nuit'),
('guerrier', 'tissu-matelasse'),
('guerrier            ', 'torches-x3'),
('guerrier            ', 'villa-luxueuse'),
('guerrier            ', 'vin-verre'),
('guerrier', 'vivelame'),
('invocateur          ', 'appartement'),
('invocateur', 'arbalete-legere'),
('invocateur          ', 'autre'),
('invocateur          ', 'banquet'),
('invocateur', 'baton'),
('invocateur', 'baton-ferre'),
('invocateur          ', 'biere-pinte'),
('invocateur          ', 'bon-repas'),
('invocateur          ', 'briquet-a-silex'),
('invocateur          ', 'carquois-20'),
('invocateur          ', 'carriole'),
('invocateur          ', 'cervoise-pinte'),
('invocateur          ', 'chambre-4-nuit'),
('invocateur          ', 'chambre-individuelle'),
('invocateur          ', 'chariot'),
('invocateur          ', 'chateau'),
('invocateur          ', 'cheval-de-selle'),
('invocateur          ', 'cheval-guerre-leger'),
('invocateur          ', 'cidre-verre'),
('invocateur          ', 'corde-15m'),
('invocateur          ', 'couverture'),
('invocateur', 'cuir'),
('invocateur', 'dague'),
('invocateur', 'dague-atd'),
('invocateur          ', 'dortoir-nuit'),
('invocateur          ', 'grand-cru-btl'),
('invocateur          ', 'grappin'),
('invocateur          ', 'huile-6h'),
('invocateur          ', 'hydromel-verre'),
('invocateur          ', 'lait-verre'),
('invocateur          ', 'lanterne-a-huile'),
('invocateur          ', 'maison'),
('invocateur          ', 'manoir'),
('invocateur          ', 'masure'),
('invocateur          ', 'materiel-decriture'),
('invocateur          ', 'mule-ane'),
('invocateur          ', 'outils-de-crochetage'),
('invocateur          ', 'palais'),
('invocateur          ', 'place-forte');
INSERT INTO `cof_profils_maitrises` (`profil`, `equipement`) VALUES
('invocateur          ', 'poney'),
('invocateur          ', 'potion-soins-legers'),
('invocateur          ', 'potion-soins-moderes'),
('invocateur          ', 'potion-soins-superie'),
('invocateur          ', 'rations-1-semaine'),
('invocateur          ', 'repas-carne'),
('invocateur          ', 'sac-a-dos'),
('invocateur          ', 'soupe-et-pain'),
('invocateur          ', 'suite'),
('invocateur          ', 'suite-nuit'),
('invocateur', 'tissu-matelasse'),
('invocateur          ', 'torches-x3'),
('invocateur          ', 'villa-luxueuse'),
('invocateur          ', 'vin-verre'),
('kensai', 'appartement'),
('kensai', 'autre'),
('kensai', 'banquet'),
('kensai', 'biere-pinte'),
('kensai', 'bon-repas'),
('kensai', 'briquet-a-silex'),
('kensai', 'carquois-20'),
('kensai', 'carriole'),
('kensai', 'cervoise-pinte'),
('kensai', 'chambre-4-nuit'),
('kensai', 'chambre-individuelle'),
('kensai', 'chariot'),
('kensai', 'chateau'),
('kensai', 'cheval-de-selle'),
('kensai', 'cheval-guerre-leger'),
('kensai', 'cidre-verre'),
('kensai', 'corde-15m'),
('kensai', 'couverture'),
('kensai', 'dortoir-nuit'),
('kensai', 'grand-cru-btl'),
('kensai', 'grappin'),
('kensai', 'huile-6h'),
('kensai', 'hydromel-verre'),
('kensai', 'lait-verre'),
('kensai', 'lanterne-a-huile'),
('kensai', 'maison'),
('kensai', 'manoir'),
('kensai', 'masure'),
('kensai', 'materiel-decriture'),
('kensai', 'mule-ane'),
('kensai', 'outils-de-crochetage'),
('kensai', 'palais'),
('kensai', 'place-forte'),
('kensai', 'poney'),
('kensai', 'potion-soins-legers'),
('kensai', 'potion-soins-moderes'),
('kensai', 'potion-soins-superie'),
('kensai', 'rations-1-semaine'),
('kensai', 'repas-carne'),
('kensai', 'sac-a-dos'),
('kensai', 'soupe-et-pain'),
('kensai', 'suite'),
('kensai', 'suite-nuit'),
('kensai', 'torches-x3'),
('kensai', 'villa-luxueuse'),
('kensai', 'vin-verre'),
('lutteur', 'appartement'),
('lutteur', 'autre'),
('lutteur', 'banquet'),
('lutteur', 'biere-pinte'),
('lutteur', 'bon-repas'),
('lutteur', 'briquet-a-silex'),
('lutteur', 'carquois-20'),
('lutteur', 'carriole'),
('lutteur', 'cervoise-pinte'),
('lutteur', 'chambre-4-nuit'),
('lutteur', 'chambre-individuelle'),
('lutteur', 'chariot'),
('lutteur', 'chateau'),
('lutteur', 'cheval-de-selle'),
('lutteur', 'cheval-guerre-leger'),
('lutteur', 'cidre-verre'),
('lutteur', 'corde-15m'),
('lutteur', 'couverture'),
('lutteur', 'dortoir-nuit'),
('lutteur', 'grand-cru-btl'),
('lutteur', 'grappin'),
('lutteur', 'huile-6h'),
('lutteur', 'hydromel-verre'),
('lutteur', 'lait-verre'),
('lutteur', 'lanterne-a-huile'),
('lutteur', 'maison'),
('lutteur', 'manoir'),
('lutteur', 'masure'),
('lutteur', 'materiel-decriture'),
('lutteur', 'mule-ane'),
('lutteur', 'outils-de-crochetage'),
('lutteur', 'palais'),
('lutteur', 'place-forte'),
('lutteur', 'poney'),
('lutteur', 'potion-soins-legers'),
('lutteur', 'potion-soins-moderes'),
('lutteur', 'potion-soins-superie'),
('lutteur', 'rations-1-semaine'),
('lutteur', 'repas-carne'),
('lutteur', 'sac-a-dos'),
('lutteur', 'soupe-et-pain'),
('lutteur', 'suite'),
('lutteur', 'suite-nuit'),
('lutteur', 'torches-x3'),
('lutteur', 'villa-luxueuse'),
('lutteur', 'vin-verre'),
('magelame', 'appartement'),
('magelame', 'autre'),
('magelame', 'banquet'),
('magelame', 'biere-pinte'),
('magelame', 'bon-repas'),
('magelame', 'briquet-a-silex'),
('magelame', 'carquois-20'),
('magelame', 'carriole'),
('magelame', 'cervoise-pinte'),
('magelame', 'chambre-4-nuit'),
('magelame', 'chambre-individuelle'),
('magelame', 'chariot'),
('magelame', 'chateau'),
('magelame', 'cheval-de-selle'),
('magelame', 'cheval-guerre-leger'),
('magelame', 'cidre-verre'),
('magelame', 'corde-15m'),
('magelame', 'couverture'),
('magelame', 'dortoir-nuit'),
('magelame', 'grand-cru-btl'),
('magelame', 'grappin'),
('magelame', 'huile-6h'),
('magelame', 'hydromel-verre'),
('magelame', 'lait-verre'),
('magelame', 'lanterne-a-huile'),
('magelame', 'maison'),
('magelame', 'manoir'),
('magelame', 'masure'),
('magelame', 'materiel-decriture'),
('magelame', 'mule-ane'),
('magelame', 'outils-de-crochetage'),
('magelame', 'palais'),
('magelame', 'place-forte'),
('magelame', 'poney'),
('magelame', 'potion-soins-legers'),
('magelame', 'potion-soins-moderes'),
('magelame', 'potion-soins-superie'),
('magelame', 'rations-1-semaine'),
('magelame', 'repas-carne'),
('magelame', 'sac-a-dos'),
('magelame', 'soupe-et-pain'),
('magelame', 'suite'),
('magelame', 'suite-nuit'),
('magelame', 'torches-x3'),
('magelame', 'villa-luxueuse'),
('magelame', 'vin-verre'),
('magicien            ', 'appartement'),
('magicien            ', 'autre'),
('magicien            ', 'banquet'),
('magicien', 'baton'),
('magicien', 'baton-ferre'),
('magicien            ', 'biere-pinte'),
('magicien            ', 'bon-repas'),
('magicien            ', 'briquet-a-silex'),
('magicien            ', 'carquois-20'),
('magicien            ', 'carriole'),
('magicien            ', 'cervoise-pinte'),
('magicien            ', 'chambre-4-nuit'),
('magicien            ', 'chambre-individuelle'),
('magicien            ', 'chariot'),
('magicien            ', 'chateau'),
('magicien            ', 'cheval-de-selle'),
('magicien            ', 'cheval-guerre-leger'),
('magicien            ', 'cidre-verre'),
('magicien            ', 'corde-15m'),
('magicien            ', 'couverture'),
('magicien', 'dague'),
('magicien', 'dague-atd'),
('magicien            ', 'dortoir-nuit'),
('magicien            ', 'grand-cru-btl'),
('magicien            ', 'grappin'),
('magicien            ', 'huile-6h'),
('magicien            ', 'hydromel-verre'),
('magicien            ', 'lait-verre'),
('magicien            ', 'lanterne-a-huile'),
('magicien            ', 'maison'),
('magicien            ', 'manoir'),
('magicien            ', 'masure'),
('magicien            ', 'materiel-decriture'),
('magicien            ', 'mule-ane'),
('magicien            ', 'outils-de-crochetage'),
('magicien            ', 'palais'),
('magicien            ', 'place-forte'),
('magicien            ', 'poney'),
('magicien            ', 'potion-soins-legers'),
('magicien            ', 'potion-soins-moderes'),
('magicien            ', 'potion-soins-superie'),
('magicien            ', 'rations-1-semaine'),
('magicien            ', 'repas-carne'),
('magicien            ', 'sac-a-dos'),
('magicien            ', 'soupe-et-pain'),
('magicien            ', 'suite'),
('magicien            ', 'suite-nuit'),
('magicien            ', 'torches-x3'),
('magicien            ', 'villa-luxueuse'),
('magicien            ', 'vin-verre'),
('maitre-de-guerre', 'appartement'),
('maitre-de-guerre', 'autre'),
('maitre-de-guerre', 'banquet'),
('maitre-de-guerre', 'biere-pinte'),
('maitre-de-guerre', 'bon-repas'),
('maitre-de-guerre', 'briquet-a-silex'),
('maitre-de-guerre', 'carquois-20'),
('maitre-de-guerre', 'carriole'),
('maitre-de-guerre', 'cervoise-pinte'),
('maitre-de-guerre', 'chambre-4-nuit'),
('maitre-de-guerre', 'chambre-individuelle'),
('maitre-de-guerre', 'chariot'),
('maitre-de-guerre', 'chateau'),
('maitre-de-guerre', 'cheval-de-selle'),
('maitre-de-guerre', 'cheval-guerre-leger'),
('maitre-de-guerre', 'cidre-verre'),
('maitre-de-guerre', 'corde-15m'),
('maitre-de-guerre', 'couverture'),
('maitre-de-guerre', 'dortoir-nuit'),
('maitre-de-guerre', 'grand-cru-btl'),
('maitre-de-guerre', 'grappin'),
('maitre-de-guerre', 'huile-6h'),
('maitre-de-guerre', 'hydromel-verre'),
('maitre-de-guerre', 'lait-verre'),
('maitre-de-guerre', 'lanterne-a-huile'),
('maitre-de-guerre', 'maison'),
('maitre-de-guerre', 'manoir'),
('maitre-de-guerre', 'masure'),
('maitre-de-guerre', 'materiel-decriture'),
('maitre-de-guerre', 'mule-ane'),
('maitre-de-guerre', 'outils-de-crochetage'),
('maitre-de-guerre', 'palais'),
('maitre-de-guerre', 'place-forte'),
('maitre-de-guerre', 'poney'),
('maitre-de-guerre', 'potion-soins-legers'),
('maitre-de-guerre', 'potion-soins-moderes'),
('maitre-de-guerre', 'potion-soins-superie'),
('maitre-de-guerre', 'rations-1-semaine'),
('maitre-de-guerre', 'repas-carne'),
('maitre-de-guerre', 'sac-a-dos'),
('maitre-de-guerre', 'soupe-et-pain'),
('maitre-de-guerre', 'suite'),
('maitre-de-guerre', 'suite-nuit'),
('maitre-de-guerre', 'torches-x3'),
('maitre-de-guerre', 'villa-luxueuse'),
('maitre-de-guerre', 'vin-verre'),
('maitre-des-betes', 'appartement'),
('maitre-des-betes', 'autre'),
('maitre-des-betes', 'banquet'),
('maitre-des-betes', 'biere-pinte'),
('maitre-des-betes', 'bon-repas'),
('maitre-des-betes', 'briquet-a-silex'),
('maitre-des-betes', 'carquois-20'),
('maitre-des-betes', 'carriole'),
('maitre-des-betes', 'cervoise-pinte'),
('maitre-des-betes', 'chambre-4-nuit'),
('maitre-des-betes', 'chambre-individuelle'),
('maitre-des-betes', 'chariot'),
('maitre-des-betes', 'chateau'),
('maitre-des-betes', 'cheval-de-selle'),
('maitre-des-betes', 'cheval-guerre-leger'),
('maitre-des-betes', 'cidre-verre'),
('maitre-des-betes', 'corde-15m'),
('maitre-des-betes', 'couverture'),
('maitre-des-betes', 'dortoir-nuit'),
('maitre-des-betes', 'grand-cru-btl'),
('maitre-des-betes', 'grappin'),
('maitre-des-betes', 'huile-6h'),
('maitre-des-betes', 'hydromel-verre'),
('maitre-des-betes', 'lait-verre'),
('maitre-des-betes', 'lanterne-a-huile'),
('maitre-des-betes', 'maison'),
('maitre-des-betes', 'manoir'),
('maitre-des-betes', 'masure'),
('maitre-des-betes', 'materiel-decriture'),
('maitre-des-betes', 'mule-ane'),
('maitre-des-betes', 'outils-de-crochetage'),
('maitre-des-betes', 'palais'),
('maitre-des-betes', 'place-forte'),
('maitre-des-betes', 'poney'),
('maitre-des-betes', 'potion-soins-legers'),
('maitre-des-betes', 'potion-soins-moderes'),
('maitre-des-betes', 'potion-soins-superie'),
('maitre-des-betes', 'rations-1-semaine'),
('maitre-des-betes', 'repas-carne'),
('maitre-des-betes', 'sac-a-dos'),
('maitre-des-betes', 'soupe-et-pain'),
('maitre-des-betes', 'suite'),
('maitre-des-betes', 'suite-nuit'),
('maitre-des-betes', 'torches-x3'),
('maitre-des-betes', 'villa-luxueuse'),
('maitre-des-betes', 'vin-verre'),
('mentaliste', 'appartement'),
('mentaliste', 'autre'),
('mentaliste', 'banquet'),
('mentaliste', 'biere-pinte'),
('mentaliste', 'bon-repas'),
('mentaliste', 'briquet-a-silex'),
('mentaliste', 'carquois-20'),
('mentaliste', 'carriole'),
('mentaliste', 'cervoise-pinte'),
('mentaliste', 'chambre-4-nuit'),
('mentaliste', 'chambre-individuelle'),
('mentaliste', 'chariot'),
('mentaliste', 'chateau'),
('mentaliste', 'cheval-de-selle'),
('mentaliste', 'cheval-guerre-leger'),
('mentaliste', 'cidre-verre'),
('mentaliste', 'corde-15m'),
('mentaliste', 'couverture'),
('mentaliste', 'dortoir-nuit'),
('mentaliste', 'grand-cru-btl'),
('mentaliste', 'grappin'),
('mentaliste', 'huile-6h'),
('mentaliste', 'hydromel-verre'),
('mentaliste', 'lait-verre'),
('mentaliste', 'lanterne-a-huile'),
('mentaliste', 'maison'),
('mentaliste', 'manoir'),
('mentaliste', 'masure'),
('mentaliste', 'materiel-decriture'),
('mentaliste', 'mule-ane'),
('mentaliste', 'outils-de-crochetage'),
('mentaliste', 'palais'),
('mentaliste', 'place-forte'),
('mentaliste', 'poney'),
('mentaliste', 'potion-soins-legers'),
('mentaliste', 'potion-soins-moderes'),
('mentaliste', 'potion-soins-superie'),
('mentaliste', 'rations-1-semaine'),
('mentaliste', 'repas-carne'),
('mentaliste', 'sac-a-dos'),
('mentaliste', 'soupe-et-pain'),
('mentaliste', 'suite'),
('mentaliste', 'suite-nuit'),
('mentaliste', 'torches-x3'),
('mentaliste', 'villa-luxueuse'),
('mentaliste', 'vin-verre'),
('mercenaire', 'appartement'),
('mercenaire', 'autre'),
('mercenaire', 'banquet'),
('mercenaire', 'biere-pinte'),
('mercenaire', 'bon-repas'),
('mercenaire', 'briquet-a-silex'),
('mercenaire', 'carquois-20'),
('mercenaire', 'carriole'),
('mercenaire', 'cervoise-pinte'),
('mercenaire', 'chambre-4-nuit'),
('mercenaire', 'chambre-individuelle'),
('mercenaire', 'chariot'),
('mercenaire', 'chateau'),
('mercenaire', 'cheval-de-selle'),
('mercenaire', 'cheval-guerre-leger'),
('mercenaire', 'cidre-verre'),
('mercenaire', 'corde-15m'),
('mercenaire', 'couverture'),
('mercenaire', 'dortoir-nuit'),
('mercenaire', 'grand-cru-btl'),
('mercenaire', 'grappin'),
('mercenaire', 'huile-6h'),
('mercenaire', 'hydromel-verre'),
('mercenaire', 'lait-verre'),
('mercenaire', 'lanterne-a-huile'),
('mercenaire', 'maison'),
('mercenaire', 'manoir'),
('mercenaire', 'masure'),
('mercenaire', 'materiel-decriture'),
('mercenaire', 'mule-ane'),
('mercenaire', 'outils-de-crochetage'),
('mercenaire', 'palais'),
('mercenaire', 'place-forte'),
('mercenaire', 'poney'),
('mercenaire', 'potion-soins-legers'),
('mercenaire', 'potion-soins-moderes'),
('mercenaire', 'potion-soins-superie'),
('mercenaire', 'rations-1-semaine'),
('mercenaire', 'repas-carne'),
('mercenaire', 'sac-a-dos'),
('mercenaire', 'soupe-et-pain'),
('mercenaire', 'suite'),
('mercenaire', 'suite-nuit'),
('mercenaire', 'torches-x3'),
('mercenaire', 'villa-luxueuse'),
('mercenaire', 'vin-verre'),
('moine               ', 'appartement'),
('moine', 'arbalete-de-poing'),
('moine', 'arbalete-legere'),
('moine', 'arbalete-lourde'),
('moine', 'arc-court'),
('moine', 'arc-long'),
('moine               ', 'autre'),
('moine               ', 'banquet'),
('moine', 'baton'),
('moine', 'baton-ferre'),
('moine               ', 'biere-pinte'),
('moine               ', 'bon-repas'),
('moine               ', 'briquet-a-silex'),
('moine               ', 'calotte-cuir'),
('moine               ', 'carquois-20'),
('moine               ', 'carriole'),
('moine               ', 'cervoise-pinte'),
('moine               ', 'chambre-4-nuit'),
('moine               ', 'chambre-individuelle'),
('moine               ', 'chariot'),
('moine               ', 'chateau'),
('moine               ', 'cheval-de-selle'),
('moine               ', 'cheval-guerre-leger'),
('moine               ', 'cidre-verre'),
('moine               ', 'corde-15m'),
('moine', 'couteau-de-lancer'),
('moine               ', 'couverture'),
('moine', 'dague'),
('moine', 'dague-atd'),
('moine               ', 'dortoir-nuit'),
('moine', 'epee-a-deux-mains'),
('moine', 'epee-batarde'),
('moine', 'epee-courte'),
('moine', 'epee-longue'),
('moine', 'epieu'),
('moine', 'fleau'),
('moine', 'fleau-a-deux-mains'),
('moine', 'fronde'),
('moine', 'gourdin'),
('moine               ', 'grand-cru-btl'),
('moine               ', 'grappin'),
('moine', 'hache'),
('moine', 'hache-a-deux-mains'),
('moine', 'hachette'),
('moine               ', 'huile-6h'),
('moine               ', 'hydromel-verre'),
('moine', 'javelot'),
('moine               ', 'lait-verre'),
('moine', 'lance-de-cavalerie'),
('moine               ', 'lanterne-a-huile'),
('moine', 'main-gauche'),
('moine               ', 'maison'),
('moine               ', 'manoir'),
('moine', 'marteau'),
('moine', 'masse'),
('moine               ', 'masure'),
('moine               ', 'materiel-decriture'),
('moine               ', 'mule-ane'),
('moine               ', 'outils-de-crochetage'),
('moine               ', 'palais'),
('moine', 'pique'),
('moine               ', 'place-forte'),
('moine               ', 'poney'),
('moine               ', 'potion-soins-legers'),
('moine               ', 'potion-soins-moderes'),
('moine               ', 'potion-soins-superie'),
('moine', 'rapiere'),
('moine               ', 'rations-1-semaine'),
('moine               ', 'repas-carne'),
('moine               ', 'sac-a-dos'),
('moine               ', 'soupe-et-pain'),
('moine', 'stylet'),
('moine               ', 'suite'),
('moine               ', 'suite-nuit'),
('moine               ', 'torches-x3'),
('moine               ', 'villa-luxueuse'),
('moine               ', 'vin-verre'),
('moine', 'vivelame'),
('necromancien        ', 'appartement'),
('necromancien        ', 'autre'),
('necromancien        ', 'banquet'),
('necromancien', 'baton'),
('necromancien', 'baton-ferre'),
('necromancien        ', 'biere-pinte'),
('necromancien        ', 'bon-repas'),
('necromancien        ', 'briquet-a-silex'),
('necromancien        ', 'carquois-20'),
('necromancien        ', 'carriole'),
('necromancien        ', 'cervoise-pinte'),
('necromancien        ', 'chambre-4-nuit'),
('necromancien        ', 'chambre-individuelle'),
('necromancien        ', 'chariot'),
('necromancien        ', 'chateau'),
('necromancien        ', 'cheval-de-selle'),
('necromancien        ', 'cheval-guerre-leger'),
('necromancien        ', 'cidre-verre'),
('necromancien        ', 'corde-15m'),
('necromancien        ', 'couverture'),
('necromancien', 'dague'),
('necromancien', 'dague-atd'),
('necromancien        ', 'dortoir-nuit'),
('necromancien        ', 'grand-cru-btl'),
('necromancien        ', 'grappin'),
('necromancien        ', 'huile-6h'),
('necromancien        ', 'hydromel-verre'),
('necromancien        ', 'lait-verre'),
('necromancien        ', 'lanterne-a-huile'),
('necromancien        ', 'maison'),
('necromancien        ', 'manoir'),
('necromancien        ', 'masure'),
('necromancien        ', 'materiel-decriture'),
('necromancien        ', 'mule-ane'),
('necromancien        ', 'outils-de-crochetage'),
('necromancien        ', 'palais'),
('necromancien        ', 'place-forte'),
('necromancien        ', 'poney'),
('necromancien        ', 'potion-soins-legers'),
('necromancien        ', 'potion-soins-moderes'),
('necromancien        ', 'potion-soins-superie'),
('necromancien        ', 'rations-1-semaine'),
('necromancien        ', 'repas-carne'),
('necromancien        ', 'sac-a-dos'),
('necromancien        ', 'soupe-et-pain'),
('necromancien        ', 'suite'),
('necromancien        ', 'suite-nuit'),
('necromancien        ', 'torches-x3'),
('necromancien        ', 'villa-luxueuse'),
('necromancien        ', 'vin-verre'),
('ninja', 'appartement'),
('ninja', 'autre'),
('ninja', 'banquet'),
('ninja', 'biere-pinte'),
('ninja', 'bon-repas'),
('ninja', 'briquet-a-silex'),
('ninja', 'carquois-20'),
('ninja', 'carriole'),
('ninja', 'cervoise-pinte'),
('ninja', 'chambre-4-nuit'),
('ninja', 'chambre-individuelle'),
('ninja', 'chariot'),
('ninja', 'chateau'),
('ninja', 'cheval-de-selle'),
('ninja', 'cheval-guerre-leger'),
('ninja', 'cidre-verre'),
('ninja', 'corde-15m'),
('ninja', 'couverture'),
('ninja', 'dortoir-nuit'),
('ninja', 'grand-cru-btl'),
('ninja', 'grappin'),
('ninja', 'huile-6h'),
('ninja', 'hydromel-verre'),
('ninja', 'lait-verre'),
('ninja', 'lanterne-a-huile'),
('ninja', 'maison'),
('ninja', 'manoir'),
('ninja', 'masure'),
('ninja', 'materiel-decriture'),
('ninja', 'mule-ane'),
('ninja', 'outils-de-crochetage'),
('ninja', 'palais'),
('ninja', 'place-forte'),
('ninja', 'poney'),
('ninja', 'potion-soins-legers'),
('ninja', 'potion-soins-moderes'),
('ninja', 'potion-soins-superie'),
('ninja', 'rations-1-semaine'),
('ninja', 'repas-carne'),
('ninja', 'sac-a-dos'),
('ninja', 'soupe-et-pain'),
('ninja', 'suite'),
('ninja', 'suite-nuit'),
('ninja', 'torches-x3'),
('ninja', 'villa-luxueuse'),
('ninja', 'vin-verre'),
('ombremage', 'appartement'),
('ombremage', 'autre'),
('ombremage', 'banquet'),
('ombremage', 'biere-pinte'),
('ombremage', 'bon-repas'),
('ombremage', 'briquet-a-silex'),
('ombremage', 'carquois-20'),
('ombremage', 'carriole'),
('ombremage', 'cervoise-pinte'),
('ombremage', 'chambre-4-nuit'),
('ombremage', 'chambre-individuelle'),
('ombremage', 'chariot'),
('ombremage', 'chateau'),
('ombremage', 'cheval-de-selle'),
('ombremage', 'cheval-guerre-leger'),
('ombremage', 'cidre-verre'),
('ombremage', 'corde-15m'),
('ombremage', 'couverture'),
('ombremage', 'dortoir-nuit'),
('ombremage', 'grand-cru-btl'),
('ombremage', 'grappin'),
('ombremage', 'huile-6h'),
('ombremage', 'hydromel-verre'),
('ombremage', 'lait-verre'),
('ombremage', 'lanterne-a-huile'),
('ombremage', 'maison'),
('ombremage', 'manoir'),
('ombremage', 'masure'),
('ombremage', 'materiel-decriture'),
('ombremage', 'mule-ane'),
('ombremage', 'outils-de-crochetage'),
('ombremage', 'palais'),
('ombremage', 'place-forte'),
('ombremage', 'poney'),
('ombremage', 'potion-soins-legers'),
('ombremage', 'potion-soins-moderes'),
('ombremage', 'potion-soins-superie'),
('ombremage', 'rations-1-semaine'),
('ombremage', 'repas-carne'),
('ombremage', 'sac-a-dos'),
('ombremage', 'soupe-et-pain'),
('ombremage', 'suite'),
('ombremage', 'suite-nuit'),
('ombremage', 'torches-x3'),
('ombremage', 'villa-luxueuse'),
('ombremage', 'vin-verre'),
('paladin', 'appartement'),
('paladin', 'autre'),
('paladin', 'banquet'),
('paladin', 'biere-pinte'),
('paladin', 'bon-repas'),
('paladin', 'briquet-a-silex'),
('paladin', 'carquois-20'),
('paladin', 'carriole'),
('paladin', 'cervoise-pinte'),
('paladin', 'chambre-4-nuit'),
('paladin', 'chambre-individuelle'),
('paladin', 'chariot'),
('paladin', 'chateau'),
('paladin', 'cheval-de-selle'),
('paladin', 'cheval-guerre-leger'),
('paladin', 'cidre-verre'),
('paladin', 'corde-15m'),
('paladin', 'couverture'),
('paladin', 'dortoir-nuit'),
('paladin', 'grand-cru-btl'),
('paladin', 'grappin'),
('paladin', 'huile-6h'),
('paladin', 'hydromel-verre'),
('paladin', 'lait-verre'),
('paladin', 'lanterne-a-huile'),
('paladin', 'maison'),
('paladin', 'manoir'),
('paladin', 'masure'),
('paladin', 'materiel-decriture'),
('paladin', 'mule-ane'),
('paladin', 'outils-de-crochetage'),
('paladin', 'palais'),
('paladin', 'place-forte'),
('paladin', 'poney'),
('paladin', 'potion-soins-legers'),
('paladin', 'potion-soins-moderes'),
('paladin', 'potion-soins-superie'),
('paladin', 'rations-1-semaine'),
('paladin', 'repas-carne'),
('paladin', 'sac-a-dos'),
('paladin', 'soupe-et-pain'),
('paladin', 'suite'),
('paladin', 'suite-nuit'),
('paladin', 'torches-x3'),
('paladin', 'villa-luxueuse'),
('paladin', 'vin-verre'),
('passeur-dame', 'appartement'),
('passeur-dame', 'autre'),
('passeur-dame', 'banquet'),
('passeur-dame', 'biere-pinte'),
('passeur-dame', 'bon-repas'),
('passeur-dame', 'briquet-a-silex'),
('passeur-dame', 'carquois-20'),
('passeur-dame', 'carriole'),
('passeur-dame', 'cervoise-pinte'),
('passeur-dame', 'chambre-4-nuit'),
('passeur-dame', 'chambre-individuelle'),
('passeur-dame', 'chariot'),
('passeur-dame', 'chateau'),
('passeur-dame', 'cheval-de-selle'),
('passeur-dame', 'cheval-guerre-leger'),
('passeur-dame', 'cidre-verre'),
('passeur-dame', 'corde-15m'),
('passeur-dame', 'couverture'),
('passeur-dame', 'dortoir-nuit'),
('passeur-dame', 'grand-cru-btl'),
('passeur-dame', 'grappin'),
('passeur-dame', 'huile-6h'),
('passeur-dame', 'hydromel-verre'),
('passeur-dame', 'lait-verre'),
('passeur-dame', 'lanterne-a-huile'),
('passeur-dame', 'maison'),
('passeur-dame', 'manoir'),
('passeur-dame', 'masure'),
('passeur-dame', 'materiel-decriture'),
('passeur-dame', 'mule-ane'),
('passeur-dame', 'outils-de-crochetage'),
('passeur-dame', 'palais'),
('passeur-dame', 'place-forte'),
('passeur-dame', 'poney'),
('passeur-dame', 'potion-soins-legers'),
('passeur-dame', 'potion-soins-moderes'),
('passeur-dame', 'potion-soins-superie'),
('passeur-dame', 'rations-1-semaine'),
('passeur-dame', 'repas-carne'),
('passeur-dame', 'sac-a-dos'),
('passeur-dame', 'soupe-et-pain'),
('passeur-dame', 'suite'),
('passeur-dame', 'suite-nuit'),
('passeur-dame', 'torches-x3'),
('passeur-dame', 'villa-luxueuse'),
('passeur-dame', 'vin-verre'),
('pirate', 'appartement'),
('pirate', 'autre'),
('pirate', 'banquet'),
('pirate', 'biere-pinte'),
('pirate', 'bon-repas'),
('pirate', 'briquet-a-silex'),
('pirate', 'carquois-20'),
('pirate', 'carriole'),
('pirate', 'cervoise-pinte'),
('pirate', 'chambre-4-nuit'),
('pirate', 'chambre-individuelle'),
('pirate', 'chariot'),
('pirate', 'chateau'),
('pirate', 'cheval-de-selle'),
('pirate', 'cheval-guerre-leger'),
('pirate', 'cidre-verre'),
('pirate', 'corde-15m'),
('pirate', 'couverture'),
('pirate', 'dortoir-nuit'),
('pirate', 'grand-cru-btl'),
('pirate', 'grappin'),
('pirate', 'huile-6h'),
('pirate', 'hydromel-verre'),
('pirate', 'lait-verre'),
('pirate', 'lanterne-a-huile'),
('pirate', 'maison'),
('pirate', 'manoir'),
('pirate', 'masure'),
('pirate', 'materiel-decriture'),
('pirate', 'mule-ane'),
('pirate', 'outils-de-crochetage'),
('pirate', 'palais'),
('pirate', 'place-forte'),
('pirate', 'poney'),
('pirate', 'potion-soins-legers'),
('pirate', 'potion-soins-moderes'),
('pirate', 'potion-soins-superie'),
('pirate', 'rations-1-semaine'),
('pirate', 'repas-carne'),
('pirate', 'sac-a-dos'),
('pirate', 'soupe-et-pain'),
('pirate', 'suite'),
('pirate', 'suite-nuit'),
('pirate', 'torches-x3'),
('pirate', 'villa-luxueuse'),
('pirate', 'vin-verre'),
('pretre              ', 'appartement'),
('pretre              ', 'autre'),
('pretre              ', 'banquet'),
('pretre              ', 'biere-pinte'),
('pretre              ', 'bon-repas'),
('pretre              ', 'briquet-a-silex'),
('pretre', 'calotte-cuir'),
('pretre', 'camail'),
('pretre              ', 'carquois-20'),
('pretre              ', 'carriole'),
('pretre              ', 'cervoise-pinte'),
('pretre              ', 'chambre-4-nuit'),
('pretre              ', 'chambre-individuelle'),
('pretre              ', 'chariot'),
('pretre              ', 'chateau'),
('pretre', 'chemise-de-maille'),
('pretre              ', 'cheval-de-selle'),
('pretre              ', 'cheval-guerre-leger'),
('pretre              ', 'cidre-verre'),
('pretre              ', 'corde-15m'),
('pretre              ', 'couverture'),
('pretre', 'cuir'),
('pretre', 'cuir-renforce'),
('pretre              ', 'dortoir-nuit'),
('pretre', 'grand-bouclier'),
('pretre              ', 'grand-cru-btl'),
('pretre              ', 'grappin'),
('pretre              ', 'huile-6h'),
('pretre              ', 'hydromel-verre'),
('pretre              ', 'lait-verre'),
('pretre              ', 'lanterne-a-huile'),
('pretre              ', 'maison'),
('pretre              ', 'manoir'),
('pretre', 'marteau'),
('pretre', 'masse'),
('pretre              ', 'masure'),
('pretre              ', 'materiel-decriture'),
('pretre              ', 'mule-ane'),
('pretre              ', 'outils-de-crochetage'),
('pretre              ', 'palais'),
('pretre', 'petit-bouclier'),
('pretre              ', 'place-forte'),
('pretre              ', 'poney'),
('pretre              ', 'potion-soins-legers'),
('pretre              ', 'potion-soins-moderes'),
('pretre              ', 'potion-soins-superie'),
('pretre              ', 'rations-1-semaine'),
('pretre              ', 'repas-carne'),
('pretre              ', 'sac-a-dos'),
('pretre              ', 'soupe-et-pain'),
('pretre              ', 'suite'),
('pretre              ', 'suite-nuit'),
('pretre', 'tissu-matelasse'),
('pretre              ', 'torches-x3'),
('pretre              ', 'villa-luxueuse'),
('pretre              ', 'vin-verre'),
('psionique           ', 'appartement'),
('psionique', 'arbalete-de-poing'),
('psionique           ', 'autre'),
('psionique           ', 'banquet'),
('psionique           ', 'biere-pinte'),
('psionique           ', 'bon-repas'),
('psionique           ', 'briquet-a-silex'),
('psionique           ', 'carquois-20'),
('psionique           ', 'carriole'),
('psionique           ', 'cervoise-pinte'),
('psionique           ', 'chambre-4-nuit'),
('psionique           ', 'chambre-individuelle'),
('psionique           ', 'chariot'),
('psionique           ', 'chateau'),
('psionique', 'chemise-de-maille'),
('psionique           ', 'cheval-de-selle'),
('psionique           ', 'cheval-guerre-leger'),
('psionique           ', 'cidre-verre'),
('psionique           ', 'corde-15m'),
('psionique', 'couteau-de-lancer'),
('psionique           ', 'couverture'),
('psionique', 'cuir'),
('psionique', 'cuir-renforce'),
('psionique', 'dague'),
('psionique', 'dague-atd'),
('psionique           ', 'dortoir-nuit'),
('psionique', 'epee-batarde'),
('psionique', 'epee-courte'),
('psionique', 'epee-longue'),
('psionique', 'fleau'),
('psionique', 'fronde'),
('psionique', 'gourdin'),
('psionique           ', 'grand-cru-btl'),
('psionique           ', 'grappin'),
('psionique', 'hache'),
('psionique', 'hachette'),
('psionique           ', 'huile-6h'),
('psionique           ', 'hydromel-verre'),
('psionique', 'javelot'),
('psionique           ', 'lait-verre'),
('psionique           ', 'lanterne-a-huile'),
('psionique', 'main-gauche'),
('psionique           ', 'maison'),
('psionique           ', 'manoir'),
('psionique', 'marteau'),
('psionique', 'masse'),
('psionique           ', 'masure'),
('psionique           ', 'materiel-decriture'),
('psionique           ', 'mule-ane'),
('psionique           ', 'outils-de-crochetage'),
('psionique           ', 'palais'),
('psionique           ', 'place-forte'),
('psionique           ', 'poney'),
('psionique           ', 'potion-soins-legers'),
('psionique           ', 'potion-soins-moderes'),
('psionique           ', 'potion-soins-superie'),
('psionique', 'rapiere'),
('psionique           ', 'rations-1-semaine'),
('psionique           ', 'repas-carne'),
('psionique           ', 'sac-a-dos'),
('psionique           ', 'soupe-et-pain'),
('psionique', 'stylet'),
('psionique           ', 'suite'),
('psionique           ', 'suite-nuit'),
('psionique', 'tissu-matelasse'),
('psionique           ', 'torches-x3'),
('psionique           ', 'villa-luxueuse'),
('psionique           ', 'vin-verre'),
('repurgateur', 'appartement'),
('repurgateur', 'autre'),
('repurgateur', 'banquet'),
('repurgateur', 'biere-pinte'),
('repurgateur', 'bon-repas'),
('repurgateur', 'briquet-a-silex'),
('repurgateur', 'carquois-20'),
('repurgateur', 'carriole'),
('repurgateur', 'cervoise-pinte'),
('repurgateur', 'chambre-4-nuit'),
('repurgateur', 'chambre-individuelle'),
('repurgateur', 'chariot'),
('repurgateur', 'chateau'),
('repurgateur', 'cheval-de-selle'),
('repurgateur', 'cheval-guerre-leger'),
('repurgateur', 'cidre-verre'),
('repurgateur', 'corde-15m'),
('repurgateur', 'couverture'),
('repurgateur', 'dortoir-nuit'),
('repurgateur', 'grand-cru-btl'),
('repurgateur', 'grappin'),
('repurgateur', 'huile-6h'),
('repurgateur', 'hydromel-verre'),
('repurgateur', 'lait-verre'),
('repurgateur', 'lanterne-a-huile'),
('repurgateur', 'maison'),
('repurgateur', 'manoir'),
('repurgateur', 'masure'),
('repurgateur', 'materiel-decriture'),
('repurgateur', 'mule-ane'),
('repurgateur', 'outils-de-crochetage'),
('repurgateur', 'palais'),
('repurgateur', 'place-forte'),
('repurgateur', 'poney'),
('repurgateur', 'potion-soins-legers'),
('repurgateur', 'potion-soins-moderes'),
('repurgateur', 'potion-soins-superie'),
('repurgateur', 'rations-1-semaine'),
('repurgateur', 'repas-carne'),
('repurgateur', 'sac-a-dos'),
('repurgateur', 'soupe-et-pain'),
('repurgateur', 'suite'),
('repurgateur', 'suite-nuit'),
('repurgateur', 'torches-x3'),
('repurgateur', 'villa-luxueuse'),
('repurgateur', 'vin-verre'),
('rodeur              ', 'appartement'),
('rodeur', 'arbalete-de-poing'),
('rodeur', 'arbalete-legere'),
('rodeur', 'arbalete-lourde'),
('rodeur', 'arc-court'),
('rodeur', 'arc-long'),
('rodeur              ', 'autre'),
('rodeur              ', 'banquet'),
('rodeur              ', 'biere-pinte'),
('rodeur              ', 'bon-repas'),
('rodeur              ', 'briquet-a-silex'),
('rodeur              ', 'calotte-cuir'),
('rodeur              ', 'carquois-20'),
('rodeur              ', 'carriole'),
('rodeur              ', 'cervoise-pinte'),
('rodeur              ', 'chambre-4-nuit'),
('rodeur              ', 'chambre-individuelle'),
('rodeur              ', 'chariot'),
('rodeur              ', 'chateau'),
('rodeur              ', 'cheval-de-selle'),
('rodeur              ', 'cheval-guerre-leger'),
('rodeur              ', 'cidre-verre'),
('rodeur              ', 'corde-15m'),
('rodeur', 'couteau-de-lancer'),
('rodeur              ', 'couverture'),
('rodeur', 'cuir'),
('rodeur', 'cuir-renforce'),
('rodeur', 'dague'),
('rodeur', 'dague-atd'),
('rodeur              ', 'dortoir-nuit'),
('rodeur', 'epee-batarde'),
('rodeur', 'epee-courte'),
('rodeur', 'epee-longue'),
('rodeur', 'fleau'),
('rodeur', 'fronde'),
('rodeur', 'gourdin'),
('rodeur              ', 'grand-cru-btl'),
('rodeur              ', 'grappin'),
('rodeur', 'hache'),
('rodeur', 'hachette'),
('rodeur              ', 'huile-6h'),
('rodeur              ', 'hydromel-verre'),
('rodeur', 'javelot'),
('rodeur              ', 'lait-verre'),
('rodeur              ', 'lanterne-a-huile'),
('rodeur', 'main-gauche'),
('rodeur              ', 'maison'),
('rodeur              ', 'manoir'),
('rodeur', 'marteau'),
('rodeur', 'masse'),
('rodeur              ', 'masure'),
('rodeur              ', 'materiel-decriture'),
('rodeur              ', 'mule-ane'),
('rodeur              ', 'outils-de-crochetage'),
('rodeur              ', 'palais'),
('rodeur              ', 'place-forte'),
('rodeur              ', 'poney'),
('rodeur              ', 'potion-soins-legers'),
('rodeur              ', 'potion-soins-moderes'),
('rodeur              ', 'potion-soins-superie'),
('rodeur', 'rapiere'),
('rodeur              ', 'rations-1-semaine'),
('rodeur              ', 'repas-carne'),
('rodeur              ', 'sac-a-dos'),
('rodeur              ', 'soupe-et-pain'),
('rodeur', 'stylet'),
('rodeur              ', 'suite'),
('rodeur              ', 'suite-nuit'),
('rodeur', 'tissu-matelasse'),
('rodeur              ', 'torches-x3'),
('rodeur              ', 'villa-luxueuse'),
('rodeur              ', 'vin-verre'),
('sabreur-zen', 'appartement'),
('sabreur-zen', 'autre'),
('sabreur-zen', 'banquet'),
('sabreur-zen', 'biere-pinte'),
('sabreur-zen', 'bon-repas'),
('sabreur-zen', 'briquet-a-silex'),
('sabreur-zen', 'carquois-20'),
('sabreur-zen', 'carriole'),
('sabreur-zen', 'cervoise-pinte'),
('sabreur-zen', 'chambre-4-nuit'),
('sabreur-zen', 'chambre-individuelle'),
('sabreur-zen', 'chariot'),
('sabreur-zen', 'chateau'),
('sabreur-zen', 'cheval-de-selle'),
('sabreur-zen', 'cheval-guerre-leger'),
('sabreur-zen', 'cidre-verre'),
('sabreur-zen', 'corde-15m'),
('sabreur-zen', 'couverture'),
('sabreur-zen', 'dortoir-nuit'),
('sabreur-zen', 'grand-cru-btl'),
('sabreur-zen', 'grappin'),
('sabreur-zen', 'huile-6h'),
('sabreur-zen', 'hydromel-verre'),
('sabreur-zen', 'lait-verre'),
('sabreur-zen', 'lanterne-a-huile'),
('sabreur-zen', 'maison'),
('sabreur-zen', 'manoir'),
('sabreur-zen', 'masure'),
('sabreur-zen', 'materiel-decriture'),
('sabreur-zen', 'mule-ane'),
('sabreur-zen', 'outils-de-crochetage'),
('sabreur-zen', 'palais'),
('sabreur-zen', 'place-forte'),
('sabreur-zen', 'poney'),
('sabreur-zen', 'potion-soins-legers'),
('sabreur-zen', 'potion-soins-moderes'),
('sabreur-zen', 'potion-soins-superie'),
('sabreur-zen', 'rations-1-semaine'),
('sabreur-zen', 'repas-carne'),
('sabreur-zen', 'sac-a-dos'),
('sabreur-zen', 'soupe-et-pain'),
('sabreur-zen', 'suite'),
('sabreur-zen', 'suite-nuit'),
('sabreur-zen', 'torches-x3'),
('sabreur-zen', 'villa-luxueuse'),
('sabreur-zen', 'vin-verre'),
('sauvage', 'appartement'),
('sauvage', 'autre'),
('sauvage', 'banquet'),
('sauvage', 'biere-pinte'),
('sauvage', 'bon-repas'),
('sauvage', 'briquet-a-silex'),
('sauvage', 'carquois-20'),
('sauvage', 'carriole'),
('sauvage', 'cervoise-pinte'),
('sauvage', 'chambre-4-nuit'),
('sauvage', 'chambre-individuelle'),
('sauvage', 'chariot'),
('sauvage', 'chateau'),
('sauvage', 'cheval-de-selle'),
('sauvage', 'cheval-guerre-leger'),
('sauvage', 'cidre-verre'),
('sauvage', 'corde-15m'),
('sauvage', 'couverture'),
('sauvage', 'dortoir-nuit'),
('sauvage', 'grand-cru-btl'),
('sauvage', 'grappin'),
('sauvage', 'huile-6h'),
('sauvage', 'hydromel-verre'),
('sauvage', 'lait-verre'),
('sauvage', 'lanterne-a-huile'),
('sauvage', 'maison'),
('sauvage', 'manoir'),
('sauvage', 'masure'),
('sauvage', 'materiel-decriture'),
('sauvage', 'mule-ane'),
('sauvage', 'outils-de-crochetage'),
('sauvage', 'palais'),
('sauvage', 'place-forte'),
('sauvage', 'poney'),
('sauvage', 'potion-soins-legers'),
('sauvage', 'potion-soins-moderes'),
('sauvage', 'potion-soins-superie'),
('sauvage', 'rations-1-semaine'),
('sauvage', 'repas-carne'),
('sauvage', 'sac-a-dos'),
('sauvage', 'soupe-et-pain'),
('sauvage', 'suite'),
('sauvage', 'suite-nuit'),
('sauvage', 'torches-x3'),
('sauvage', 'villa-luxueuse'),
('sauvage', 'vin-verre'),
('seigneur            ', 'appartement'),
('seigneur', 'arbalete-de-poing'),
('seigneur', 'arbalete-legere'),
('seigneur', 'arbalete-lourde'),
('seigneur', 'arc-court'),
('seigneur', 'arc-long'),
('seigneur            ', 'autre'),
('seigneur            ', 'banquet'),
('seigneur', 'baton'),
('seigneur', 'baton-ferre'),
('seigneur            ', 'biere-pinte'),
('seigneur            ', 'bon-repas'),
('seigneur            ', 'briquet-a-silex'),
('seigneur            ', 'calotte-cuir'),
('seigneur            ', 'camail'),
('seigneur            ', 'carquois-20'),
('seigneur            ', 'carriole'),
('seigneur            ', 'casque-cote'),
('seigneur            ', 'cervoise-pinte'),
('seigneur            ', 'chambre-4-nuit'),
('seigneur            ', 'chambre-individuelle'),
('seigneur            ', 'chariot'),
('seigneur            ', 'chateau'),
('seigneur', 'chemise-de-maille'),
('seigneur            ', 'cheval-de-selle'),
('seigneur            ', 'cheval-guerre-leger'),
('seigneur            ', 'cidre-verre'),
('seigneur            ', 'corde-15m'),
('seigneur', 'cotte-de-maille'),
('seigneur', 'couteau-de-lancer'),
('seigneur            ', 'couverture'),
('seigneur', 'cuir'),
('seigneur', 'cuir-renforce'),
('seigneur', 'dague'),
('seigneur', 'dague-atd'),
('seigneur', 'demi-plaque'),
('seigneur            ', 'dortoir-nuit'),
('seigneur', 'epee-a-deux-mains'),
('seigneur', 'epee-batarde'),
('seigneur', 'epee-courte'),
('seigneur', 'epee-longue'),
('seigneur', 'epieu'),
('seigneur', 'fleau'),
('seigneur', 'fleau-a-deux-mains'),
('seigneur', 'fronde'),
('seigneur', 'gourdin'),
('seigneur            ', 'grand-cru-btl'),
('seigneur            ', 'grappin'),
('seigneur', 'hache'),
('seigneur', 'hache-a-deux-mains'),
('seigneur', 'hachette'),
('seigneur            ', 'heaume'),
('seigneur            ', 'huile-6h'),
('seigneur            ', 'hydromel-verre'),
('seigneur', 'javelot'),
('seigneur            ', 'lait-verre'),
('seigneur', 'lance-de-cavalerie'),
('seigneur            ', 'lanterne-a-huile'),
('seigneur', 'main-gauche'),
('seigneur            ', 'maison'),
('seigneur            ', 'manoir'),
('seigneur', 'marteau'),
('seigneur', 'masse'),
('seigneur            ', 'masure'),
('seigneur            ', 'materiel-decriture'),
('seigneur            ', 'mule-ane'),
('seigneur            ', 'outils-de-crochetage'),
('seigneur            ', 'palais'),
('seigneur', 'pique'),
('seigneur            ', 'place-forte'),
('seigneur', 'plaque-complete'),
('seigneur            ', 'poney'),
('seigneur            ', 'potion-soins-legers'),
('seigneur            ', 'potion-soins-moderes'),
('seigneur            ', 'potion-soins-superie'),
('seigneur', 'rapiere'),
('seigneur            ', 'rations-1-semaine'),
('seigneur            ', 'repas-carne'),
('seigneur            ', 'sac-a-dos'),
('seigneur            ', 'soupe-et-pain'),
('seigneur', 'stylet'),
('seigneur            ', 'suite'),
('seigneur            ', 'suite-nuit'),
('seigneur', 'tissu-matelasse'),
('seigneur            ', 'torches-x3'),
('seigneur            ', 'villa-luxueuse'),
('seigneur            ', 'vin-verre'),
('seigneur', 'vivelame'),
('sorcier', 'appartement'),
('sorcier', 'autre'),
('sorcier', 'banquet'),
('sorcier', 'biere-pinte'),
('sorcier', 'bon-repas'),
('sorcier', 'briquet-a-silex'),
('sorcier', 'carquois-20'),
('sorcier', 'carriole'),
('sorcier', 'cervoise-pinte'),
('sorcier', 'chambre-4-nuit'),
('sorcier', 'chambre-individuelle'),
('sorcier', 'chariot'),
('sorcier', 'chateau'),
('sorcier', 'cheval-de-selle'),
('sorcier', 'cheval-guerre-leger'),
('sorcier', 'cidre-verre'),
('sorcier', 'corde-15m'),
('sorcier', 'couverture'),
('sorcier', 'dortoir-nuit'),
('sorcier', 'grand-cru-btl'),
('sorcier', 'grappin'),
('sorcier', 'huile-6h'),
('sorcier', 'hydromel-verre'),
('sorcier', 'lait-verre'),
('sorcier', 'lanterne-a-huile'),
('sorcier', 'maison'),
('sorcier', 'manoir'),
('sorcier', 'masure'),
('sorcier', 'materiel-decriture'),
('sorcier', 'mule-ane'),
('sorcier', 'outils-de-crochetage'),
('sorcier', 'palais'),
('sorcier', 'place-forte'),
('sorcier', 'poney'),
('sorcier', 'potion-soins-legers'),
('sorcier', 'potion-soins-moderes'),
('sorcier', 'potion-soins-superie'),
('sorcier', 'rations-1-semaine'),
('sorcier', 'repas-carne'),
('sorcier', 'sac-a-dos'),
('sorcier', 'soupe-et-pain'),
('sorcier', 'suite'),
('sorcier', 'suite-nuit'),
('sorcier', 'torches-x3'),
('sorcier', 'villa-luxueuse'),
('sorcier', 'vin-verre'),
('voleur              ', 'appartement'),
('voleur', 'arbalete-de-poing'),
('voleur', 'arbalete-legere'),
('voleur', 'arbalete-lourde'),
('voleur', 'arc-court'),
('voleur', 'arc-long'),
('voleur              ', 'autre'),
('voleur              ', 'banquet'),
('voleur              ', 'biere-pinte'),
('voleur              ', 'bon-repas'),
('voleur              ', 'briquet-a-silex'),
('voleur              ', 'calotte-cuir'),
('voleur              ', 'carquois-20'),
('voleur              ', 'carriole'),
('voleur              ', 'cervoise-pinte'),
('voleur              ', 'chambre-4-nuit'),
('voleur              ', 'chambre-individuelle'),
('voleur              ', 'chariot'),
('voleur              ', 'chateau'),
('voleur              ', 'cheval-de-selle'),
('voleur              ', 'cheval-guerre-leger'),
('voleur              ', 'cidre-verre'),
('voleur              ', 'corde-15m'),
('voleur', 'couteau-de-lancer'),
('voleur              ', 'couverture'),
('voleur', 'cuir'),
('voleur', 'dague'),
('voleur', 'dague-atd'),
('voleur              ', 'dortoir-nuit'),
('voleur', 'epee-batarde'),
('voleur', 'epee-courte'),
('voleur', 'epee-longue'),
('voleur', 'fleau'),
('voleur', 'fronde'),
('voleur', 'gourdin'),
('voleur              ', 'grand-cru-btl'),
('voleur              ', 'grappin'),
('voleur', 'hache'),
('voleur', 'hachette'),
('voleur              ', 'huile-6h'),
('voleur              ', 'hydromel-verre'),
('voleur', 'javelot'),
('voleur              ', 'lait-verre'),
('voleur              ', 'lanterne-a-huile'),
('voleur', 'main-gauche'),
('voleur              ', 'maison'),
('voleur              ', 'manoir'),
('voleur', 'marteau'),
('voleur', 'masse'),
('voleur              ', 'masure'),
('voleur              ', 'materiel-decriture'),
('voleur              ', 'mule-ane'),
('voleur              ', 'outils-de-crochetage'),
('voleur              ', 'palais'),
('voleur              ', 'place-forte'),
('voleur              ', 'poney'),
('voleur              ', 'potion-soins-legers'),
('voleur              ', 'potion-soins-moderes'),
('voleur              ', 'potion-soins-superie'),
('voleur', 'rapiere'),
('voleur              ', 'rations-1-semaine'),
('voleur              ', 'repas-carne'),
('voleur              ', 'sac-a-dos'),
('voleur              ', 'soupe-et-pain'),
('voleur', 'stylet'),
('voleur              ', 'suite'),
('voleur              ', 'suite-nuit'),
('voleur', 'tissu-matelasse'),
('voleur              ', 'torches-x3'),
('voleur              ', 'villa-luxueuse'),
('voleur              ', 'vin-verre');

-- --------------------------------------------------------

--
-- Table structure for table `cof_profils_traits`
--

DROP TABLE IF EXISTS `cof_profils_traits`;
CREATE TABLE IF NOT EXISTS `cof_profils_traits` (
  `profil` varchar(20) NOT NULL,
  `sequence` tinyint(4) NOT NULL,
  `intitule` varchar(50) NOT NULL,
  `description` text NOT NULL,
  PRIMARY KEY (`profil`,`sequence`),
  KEY `cof_profils_traits_profil` (`profil`)
) ENGINE=InnoDB DEFAULT CHARSET=utf8mb4 COLLATE=utf8mb4_general_ci;

-- --------------------------------------------------------

--
-- Table structure for table `cof_proprietes_equipement`
--

DROP TABLE IF EXISTS `cof_proprietes_equipement`;
CREATE TABLE IF NOT EXISTS `cof_proprietes_equipement` (
  `code` varchar(20) NOT NULL,
  `intitule` varchar(50) NOT NULL,
  `defaut` varchar(250) DEFAULT NULL,
  PRIMARY KEY (`code`)
) ENGINE=InnoDB DEFAULT CHARSET=utf8mb4 COLLATE=utf8mb4_general_ci;

--
-- Dumping data for table `cof_proprietes_equipement`
--

INSERT INTO `cof_proprietes_equipement` (`code`, `intitule`, `defaut`) VALUES
('critique', 'Critique', '20'),
('def', 'DEF', ''),
('dm1m', 'DM 1 main', ''),
('dm2m', 'DM 2 mains', ''),
('formin', 'FOR minimum', ''),
('portee', 'Portée', ''),
('prix-max', 'Prix max.', ''),
('rd', 'RD', ''),
('recharge', 'Recharge', '');

-- --------------------------------------------------------

--
-- Table structure for table `cof_races`
--

DROP TABLE IF EXISTS `cof_races`;
CREATE TABLE IF NOT EXISTS `cof_races` (
  `race` varchar(20) NOT NULL,
  `intitule` varchar(50) NOT NULL,
  `mod_for` tinyint(4) DEFAULT NULL,
  `mod_dex` tinyint(4) DEFAULT NULL,
  `mod_con` tinyint(4) DEFAULT NULL,
  `mod_int` tinyint(4) DEFAULT NULL,
  `mod_sag` tinyint(4) DEFAULT NULL,
  `mod_cha` tinyint(4) DEFAULT NULL,
  `age_base` smallint(6) DEFAULT NULL,
  `esperance_vie` smallint(6) DEFAULT NULL,
  `taille_min` decimal(3,2) DEFAULT NULL,
  `taille_max` decimal(3,2) DEFAULT NULL,
  `poids_min` smallint(6) DEFAULT NULL,
  `poids_max` smallint(6) DEFAULT NULL,
  `type_race` varchar(5) DEFAULT NULL,
  PRIMARY KEY (`race`)
) ENGINE=InnoDB DEFAULT CHARSET=utf8mb4 COLLATE=utf8mb4_general_ci;

--
-- Dumping data for table `cof_races`
--

INSERT INTO `cof_races` (`race`, `intitule`, `mod_for`, `mod_dex`, `mod_con`, `mod_int`, `mod_sag`, `mod_cha`, `age_base`, `esperance_vie`, `taille_min`, `taille_max`, `poids_min`, `poids_max`, `type_race`) VALUES
('aasimar', 'Aasimar', NULL, NULL, NULL, NULL, NULL, 2, 20, 150, '1.60', '1.90', 40, 80, 'opt'),
('ame-forgee', 'Âme-forgée', NULL, NULL, 2, NULL, NULL, -2, 5, 150, '1.30', '2.10', 100, 300, 'comp'),
('centaure', 'Centaure', NULL, NULL, 4, -2, NULL, NULL, 15, 70, '1.90', '2.20', 250, 350, 'comp'),
('demi-elfe', 'Demi-elfe', NULL, NULL, -2, NULL, 2, NULL, 20, 150, '1.50', '1.90', 40, 80, NULL),
('demi-ogre', 'Demi-ogre', 4, -2, 2, -2, -2, -2, 15, 60, '2.00', '2.50', 200, 340, 'comp'),
('demi-orc', 'Demi-orc', 2, NULL, NULL, -2, NULL, -2, 15, 60, '1.70', '2.10', 70, 150, NULL),
('drakonide', 'Drakonide', 2, NULL, NULL, NULL, -2, NULL, 15, 80, '1.80', '2.00', 100, 160, 'opt'),
('elfe-noir', 'Elfe noir', -2, 2, NULL, NULL, NULL, NULL, 50, 400, '1.50', '1.80', 40, 70, 'opt'),
('elfe-sylvain', 'Elfe sylvain', -2, 2, NULL, NULL, NULL, NULL, 50, 350, '1.40', '1.70', 30, 60, NULL),
('fee', 'Fée', -4, 2, -2, NULL, NULL, 2, 3, 150, '0.20', '0.50', 1, 3, 'comp'),
('felis', 'Felis', -2, 2, NULL, NULL, NULL, NULL, 15, 60, '1.50', '1.80', 40, 80, 'opt'),
('frouin', 'Frouïn', -2, 2, 2, NULL, NULL, -2, 10, 30, '1.00', '1.10', 30, 40, 'opt'),
('gnome', 'Gnome', -2, NULL, NULL, 2, NULL, NULL, 40, 250, '1.00', '1.20', 30, 50, NULL),
('gobelin', 'Gobelin', -2, 2, NULL, NULL, NULL, -2, 8, 30, '0.80', '1.00', 15, 30, 'comp'),
('halfelin', 'Halfelin', -2, 2, NULL, NULL, NULL, NULL, 20, 150, '0.80', '1.00', 20, 30, NULL),
('haut-elfe', 'Haut-elfe', -2, NULL, NULL, NULL, NULL, 2, 80, 450, '1.50', '1.80', 40, 70, NULL),
('humain', 'Humain', NULL, NULL, NULL, NULL, NULL, NULL, 18, 100, '1.50', '2.00', 40, 120, NULL),
('kobold', 'Kobold', -2, 2, -2, NULL, NULL, NULL, 10, 60, '0.70', '0.90', 18, 25, NULL),
('lutin', 'Lutin', -4, 4, -2, NULL, NULL, NULL, 3, 150, '0.20', '0.50', 1, 3, 'comp'),
('minotaure', 'Minotaure', NULL, NULL, NULL, NULL, NULL, NULL, 15, 60, '1.90', '2.30', 150, 250, 'comp'),
('nain', 'Nain', NULL, -2, 2, NULL, NULL, NULL, 40, 250, '1.15', '1.35', 50, 100, NULL),
('ophidien', 'Ophidien', NULL, NULL, -2, 2, NULL, NULL, 30, 300, '1.50', '1.90', 40, 100, 'opt'),
('tieflin', 'Tieflin', NULL, NULL, NULL, NULL, NULL, -2, 15, 120, '1.50', '2.00', 40, 120, 'opt'),
('wolfer', 'Wolfer', NULL, NULL, NULL, NULL, NULL, NULL, 15, 60, '1.50', '1.90', 50, 120, 'opt');

-- --------------------------------------------------------

--
-- Table structure for table `cof_races_capacites`
--

DROP TABLE IF EXISTS `cof_races_capacites`;
CREATE TABLE IF NOT EXISTS `cof_races_capacites` (
  `race` varchar(20) NOT NULL,
  `capacite` varchar(20) NOT NULL,
  PRIMARY KEY (`race`,`capacite`),
  KEY `cof_races_capacites_race` (`race`),
  KEY `cof_races_capacites_capacite` (`capacite`)
) ENGINE=InnoDB DEFAULT CHARSET=utf8mb4 COLLATE=utf8mb4_general_ci;

--
-- Dumping data for table `cof_races_capacites`
--

INSERT INTO `cof_races_capacites` (`race`, `capacite`) VALUES
('ame-forgee', 'creature-artificiell'),
('ame-forgee', 'creature-de-metal'),
('ame-forgee', 'porteur-mort-ame-for'),
('ame-forgee', 'vie-artificielle'),
('centaure', 'armure-inadaptee'),
('centaure', 'creature-hybride'),
('centaure', 'encombrant'),
('centaure', 'galop'),
('centaure', 'lumiere-des-etoiles'),
('centaure', 'ruade'),
('demi-elfe', 'instinct-de-survie'),
('demi-elfe', 'lumiere-des-etoiles'),
('demi-ogre', 'enorme'),
('demi-ogre', 'grande-taille-demi-o'),
('demi-ogre', 'reaction-violente'),
('demi-ogre', 'vision-dans-le-noir'),
('demi-orc', 'vision-dans-le-noir'),
('drakonide', 'voie-raciale-de-base'),
('elfe-noir', 'vision-dans-le-noir'),
('elfe-sylvain', 'lumiere-des-etoiles'),
('fee', 'tout-petit'),
('fee', 'trop-petit'),
('fee', 'vision-dans-le-noir'),
('fee', 'vol-fee'),
('felis', 'lumiere-des-etoiles'),
('felis', 'voie-raciale-de-base'),
('frouin', 'petites-armes'),
('frouin', 'presence-incommodant'),
('frouin', 'resistance-frouin'),
('frouin', 'vision-dans-le-noir'),
('gnome', 'don-etrange'),
('gobelin', 'attaque-en-meute'),
('gobelin', 'petite-taille'),
('gobelin', 'vision-dans-le-noir'),
('halfelin', 'petite-taille'),
('haut-elfe', 'lumiere-des-etoiles'),
('humain', 'instinct-de-survie'),
('kobold', 'ingenieux'),
('kobold', 'morsure'),
('kobold', 'petite-taille'),
('kobold', 'vision-dans-le-noir'),
('lutin', 'teleportation-lutin'),
('lutin', 'tout-petit'),
('lutin', 'trop-petit'),
('lutin', 'vision-dans-le-noir'),
('minotaure', 'coup-de-corne'),
('minotaure', 'grande-taille-minota'),
('minotaure', 'sens-de-lorientation'),
('minotaure', 'vision-dans-le-noir'),
('nain', 'vision-dans-le-noir'),
('ophidien', 'marque-des-anciens'),
('ophidien', 'vision-dans-le-noir'),
('tieflin', 'resistance-aux-eleme'),
('tieflin', 'vision-dans-le-noir'),
('wolfer', 'vision-dans-le-noir'),
('wolfer', 'voie-raciale-de-base');

-- --------------------------------------------------------

--
-- Table structure for table `cof_races_traits`
--

DROP TABLE IF EXISTS `cof_races_traits`;
CREATE TABLE IF NOT EXISTS `cof_races_traits` (
  `race` varchar(20) NOT NULL,
  `sequence` tinyint(4) NOT NULL,
  `intitule` varchar(50) NOT NULL,
  `description` text NOT NULL,
  PRIMARY KEY (`race`,`sequence`),
  KEY `cof_races_traits_race` (`race`)
) ENGINE=InnoDB DEFAULT CHARSET=utf8mb4 COLLATE=utf8mb4_general_ci;

--
-- Dumping data for table `cof_races_traits`
--

INSERT INTO `cof_races_traits` (`race`, `sequence`, `intitule`, `description`) VALUES
('aasimar', 1, 'Généralités', 'Les aasimars n’ont pas de société propre, ce sont simplement des humains un peu particuliers : ils sont dotés d’une ascendance céleste, des créatures des plans extérieurs alignées sur le bien. L’ancêtre céleste peut remonter à plusieurs générations et le caractère héréditaire s’exprimer chez un individu alors qu’il est resté dormant chez les générations précédentes.'),
('aasimar', 2, 'Description', 'Physiquement un aasimar se distingue par une ou deux caractéristiques étranges : une chevelure fluorescente ou aux reflets métalliques, des yeux aux reflets de joyaux (ambre, diamant, etc.), une couleur de peau aux reflets colorés ou même un léger halo de lumière dorée.'),
('aasimar', 3, 'Préjugés typiques', 'Les aasimars se croient souvent meilleurs que les autres dans tous\r\nles sens du terme, ce sont des beaux parleurs et des donneurs de leçon,\r\nmais ils ne valent pas mieux que n’importe qui.'),
('ame-forgee', 1, 'Généralités', 'Les âmes-forgées constituent un peuple créé il y a bien longtemps dans un seul et unique but : faire la guerre. Ce sont des créatures mécaniques, nées de la fusion du métal et d’une magie désormais perdue. On les découvre généralement au milieu des ruines semi-enterrées d’une civilisation disparue, sur les sites de batailles depuis longtemps oubliées. Lorsqu’elle s’éveille, une âme-forgée ne connaît rien du monde qui l’entoure, et ceux qui devaient l’envoyer combattre ont depuis longtemps disparus.\r\nLe caractère de celui qui découvre une âme-forgée influe donc beaucoup sur la personnalité de cette dernière et sur sa vision du monde. La qualité que partagent toutes les âmes-forgées est leur insatiable curiosité. Elles s’orientent donc naturellement vers une vie de voyages et d’aventures. Personne n’a encore rencontré de communautés d’âmes-forgées, elles semblent préférer la compagnie des autres peuples et, surtout, elles sont incapables de se poser bien longtemps au même endroit.\r\nAvec l’âge, leur corps commence à se piqueter de rouille, un mal qui finit par les ronger complètement. Certaines âmes-forgées cherchent le remède contre ce mal, sans succès jusqu’à présent.'),
('ame-forgee', 2, 'Description', 'Les âmes-forgées ont été fabriquées à partir de la plupart des métaux existants : acier, bronze, cuivre, argent, airain, etc. Leurs yeux de pierre sont généralement de couleurs claires (vert, bleu, gris…). On en trouve de toutes les tailles, celle-ci dépendant du rôle que l’on souhaitait les voir remplir au cours d’un conflit, du colosse de métal au petit automate dédié à l’infiltration.'),
('ame-forgee', 3, 'Préjugés typiques', 'Les âmes-forgées sont des machines de guerre. Elles sont parfaitement capables de vous tuer du jour au lendemain sans raison apparente, gardez toujours un oeil sur elles !'),
('ame-forgee', 4, 'Noms typiques', 'Les noms des âmes-forgées sont très simples. Ils sont en général « baptisés » par la première personne qui les rencontre. Il s’agit généralement de noms unisexes.\r\nAbattoir, Blocus, Burin, Claym, Durandal, Enclume, Équarisseur, Étincelle, Ferraille, Fléau, Grendel, Griffe, Guillotine, Havoc, Mangeclous, Nexus, Ravage, Rouille, Serpe, Talos, Vorpale, Vouge, etc.'),
('ame-forgee', 5, 'Interprétation', 'La première question à laquelle il vous faut répondre est la suivante : qui vous a trouvé ? Une âme-forgée élevée par des fermiers et une autre éduquée par des brigands n’auront pas le même comportement. Vous êtes avide de découvertes et de rencontres. De plus, vous avez certainement développé un talent artistique quelconque : la calligraphie, le dessin, le conte, etc. Certaines âmes-forgées finissent même par devenir des artistes renommés. Leurs créateurs ont sans doute programmé cette disposition en eux, estimant qu’une âme ne pouvait pas dédier toute son existence à la guerre…'),
('centaure', 1, 'Généralités', 'Le centaure est une créature mi-homme mi-cheval qui vit dans des espaces naturels sauvages, de grandes plaines désertiques ou de profondes forêts. Il défend farouchement son territoire, en particulier contre les orques, son ennemi ancestral. Il favorise un mode de vie nomade en harmonie avec la nature et ne construit aucun habitat en dur. Les tribus les plus reculées connaissent à peine l’utilisation du métal.'),
('centaure', 2, 'Description', 'Le centaure est une créature pourvue d’un corps de cheval de taille modeste (voire petit) surmonté du buste d’un homme. Il mesure environ 2 mètres et pèse autour de 300 kg. Son torse est glabre, sa musculature et son visage parfaitement humains. Tous les pelages et les couleurs de cheveux sont envisageables et, dans le Sud lointain, on évoque même des centaures à rayures noires et blanches, pourvus d’un buste à la peau d’ébène.'),
('centaure', 3, 'Préjugés typiques', 'Les centaures sont un peuple fier et majestueux, ils n’ont qu’une parole et gare à celui qui détruit la nature sur leurs terres.'),
('centaure', 4, 'Noms typiques', 'Les noms des centaures ont une consonance antique, sans doute héritée des tous premiers habitants humains des terres du Mitan.\r\nAgrios, Alphidas, Amphion, Amycos, Anchios, Antimachus, Aphareus, Aréos, Argéios, Astylos, Biénor, Bromus, Centauros, Chiron, Chromis, Chthonius, Clanis, Crénaeus, Cyllaros, Daphnis, Démoléon, Dictys, Dorylas, Echetlus, Elatos, Elymus, Erigdupus, Eurynomus, Eurytion, Eurytos, Gryneus, Hélops, Hippasos, Hippotion, Hoditès, Homados, Hylaeos, Hylé, Imbréus, Isoplès, Lycabas, Lycidas, Lycus, Médon, Mélaneus, Merméros, Nédymnus, Nessos, Oréios, Orneus, Pétraeus, Phaecomès, Phlégraeos, Pholos, Phrixos, Pisénor, Pyractès, Pyraethus, Rhoecos, Rhoetos, Ripheus, Thaumas, Thérée, Théreus, etc.'),
('centaure', 5, 'Interprétation', 'Vous êtes proche de la nature et vous aimez les grands espaces vierges, rien ne vous fait plus plaisir que galoper les cheveux au vent ou chasser une lance à la main ! Vous détestez les choses mortes comme les constructions de pierre, pour vous il sera bien temps de dormir sous la pierre lorsque la vie quittera votre corps. Enfin, vous venez d’une société où les relations sociales sont très simples et où chacun fait ce qu’il dit sans calcul. Parmi les humains, on pourra donc vous considérer particulièrement naïf.'),
('demi-elfe', 1, 'Généralités', 'Le demi-elfe a hérité des qualités de ses deux parents (humain et elfe). Il est généralement traité avec condescendance parmi les elfes et est considéré comme un elfe parmi les humains.'),
('demi-elfe', 2, 'Description', 'Grâce naturelle, oreilles légèrement pointues, pilosité faible.'),
('demi-elfe', 3, 'Préjugés typiques', 'Les demi-elfes sont des artistes hors-pair dotés d’une grande sensibilité. Toutefois, attention, car ils sont beaux parleurs et manipulateurs : cachez vos filles et vos femmes, ils ont brisé plus d’un cœur et corrompu bien des dames de réputation vertueuse.'),
('demi-elfe', 4, 'Noms typiques', 'Les noms des personnages demi-elfes reflètent souvent leur double nature et ils se composent d’un prénom elfique et d’un nom humain. Plus rarement l’inverse, car les elfes n’acceptent pas qu’une créature avec une durée de vie aussi brève porte le nom de leur lignée.'),
('demi-elfe', 5, 'Sang mêlé', 'Le demi-elfe choisit l\'une des deux capacités raciales : Instinct de survie (humain) ou Lumière des étoiles (elfe).'),
('demi-ogre', 1, 'Généralités', 'Le demi-ogre est une brute monumentale en proie à un violent conflit intérieur. Cette lutte reflète sa double personnalité et la barbarie de sa conception. Certains individus, qui ont cédé à leur tempérament bestial, sont devenus pires que leur géant géniteur, utilisant leur intelligence supérieure pour tuer, piller et dévorer jusqu’à ce que mort s’en suive. Ce n’est pas ce type de personnage que nous vous proposons de jouer, même s’ils existent et mènent une vie courte et violente, mais bien ceux qui n’ont pas (encore) perdu le combat contre eux-mêmes et qui essayent de s’intégrer à la société. Ces malheureuses créatures sont généralement policées à l’extrême, au point de parfois passer pour des simples d’esprit. Ainsi prisent-ils par-dessus tout les bonnes manières, les costumes raffinés ou une diction digne d’une pièce de théâtre. Mais leurs tentatives désespérées pour ne pas sombrer dans la bestialité impliquent de tels efforts que le ridicule l’emporte bien souvent.'),
('demi-ogre', 2, 'Description', 'Les demi-ogres mesurent tous plus de deux mètres et peuvent culminer jusqu’à deux mètres cinquante. Ils sont épais et glabres, souvent obèses. Leur mâchoire est trop large pour être humaine et leurs canines inférieures sont généralement proéminentes.'),
('demi-ogre', 3, 'Préjugés typiques', 'Les demi-ogres sont des brutes déguisées en aimables simples d’esprit. Ils semblent civilisés et au premier mot de trop, ils vous arrachent la tête pour vous dévorer les yeux. Ne vous fiez jamais à eux et, si vous vous moquez – c’est assez tentant – assurez-vous d’être assez loin pour ne pas être entendu.'),
('demi-ogre', 4, 'Noms typiques', 'Les demi-ogres qui essayent de s’intégrer choisissent des prénoms qui sonnent convenablement et laisse entendre un statut social supérieur comme Ambroise, Archambaud, Gontran, Charles, Édouard, Valmont, Augustin, Urbain, Lancelot, Valbert, Perceval, etc.'),
('demi-ogre', 5, 'Interprétation', 'Interpréter un demi-ogre est un défi. Simple d’esprit et violent de nature, vous faites des efforts fantastiques pour garder le contrôle et ne pas sombrer du côté obscur. Vous savez, cet état second où ne subsiste que la joie sauvage de tuer et massacrer ! Les plaisirs de la table en revanche, ne vous sont pas interdits, alors profitez-en.'),
('demi-orc', 1, 'Généralités', 'Le demi-orc est de grande taille. Issu de l’union souvent forcée d’une humaine et d’un orc, il possède une force physique hors du commun. Il est généralement méprisé par les autres races, en particulier par les nains et les elfes.'),
('demi-orc', 2, 'Description', 'Grand et athlétique. Peau grisâtre ou verdâtre, mâchoire large, front bas, petits yeux.'),
('demi-orc', 3, 'Préjugés typiques', 'Les demi-orcs sont violents, sales et stupides, ils en veulent au monde entier de leur ignoble naissance et mieux vaut les éviter.'),
('demi-orc', 4, 'Noms typiques', 'Les demi-orcs utilisent des prénoms humains, à moins qu’ils aient\r\nété élevés chez les orcs. Certains se choisissent aussi un prénom\r\norc à l’âge adulte, en réaction à l’ostracisme dont ils sont victimes. Les noms orcs sont courts et gutturaux, privilégiez les lettres R, G et K, évitez une voyelle douce comme le E et préférez le O.\r\nMasc. Aog, Bargul, Carok, Drog, Erok, Farg, Gorog, Hurl, Jorgul, Krok, Krush, Lug, Mog, Norok, Rok, Urdu, etc.\r\nFem. Les femmes orcs ajoutent généralement la lettre A à la fin de leur prénom.'),
('drakonide', 1, 'Généralités', 'Créés pour servir les grands vers, les drakonides sont désormais\r\némancipés de leurs maîtres, mais ils ont conservé de leur origine un sens de la loyauté et de l’honneur qu’il leur est impossible de renier. Fiers et perfectionnistes, les drakonides parcourent le monde à la recherche de l’excellence. Ils font des gardes du corps et des capitaines hors pair, toutefois les subtilités de la politique leur échappent et leurs employeurs les trouvent parfois difficiles à contrôler.'),
('drakonide', 2, 'Description', 'Les drakonides sont des humanoïdes robustes mi-hommes, mi-dragons. Leur tête rappelle très fortement celle d’un dragon et ils sont pourvus d’écailles dont la couleur va du doré au bronze et du brun à l’écarlate. En revanche, il ne possède presque jamais de queue ni d’ailes et quand ils en sont pourvus, ce sont des appendices encombrants ne leur permettant pas de voler par exemple.'),
('drakonide', 3, 'Préjugés typiques', 'Le sens de l’honneur exacerbé de ces fanatiques les rend tout aussi\r\ndangereux pour leurs amis que pour leurs ennemis. Toutefois, cela les rend prévisibles et faciles à manipuler.'),
('elfe-noir', 1, 'Généralités', 'L’elfe noir est issu d’une culture elfique qui a fuit la surface du monde\r\ndepuis des millénaires pour s’installer profondément sous terre. La\r\nsociété des elfes noirs y est devenue tyrannique et cruelle. Avec leur aspect physique, il est difficile de passer inaperçu et la vie à la surface sera donc parsemée d’embûches pour les rares individus à avoir fui les ténèbres. Tous les peuples se méfient des elfes noirs et les craignent. Quant aux nains et aux autres elfes, cela confine à la haine…'),
('elfe-noir', 2, 'Description', 'Peau d\'ébène et cheveux blancs ou très pâles. Chez les elfes noirs, les\r\nfemmes ont tendances à être plus grande que les hommes.'),
('elfe-noir', 3, 'Préjugés typiques', 'Les elfes noirs sont des créatures maléfiques et cruelles qui ne respectent que la force. Les femmes sont les pires, elles sont habituées à la domination et traitent les mâles comme du bétail.'),
('elfe-sylvain', 1, 'Généralités', 'L’elfe sylvain est issu d’une culture différente de celle des hauts elfes. Légèrement plus petits, ils vivent au plus profond des forêts, s’abritant dans les arbres et vivant simplement de la chasse et de la cueillette. Moins arrogants que leurs cousins hauts elfes, ils sont cependant beaucoup plus méfiants. Ils maîtrisent particulièrement l’art du camouflage et l’utilisation de l’arc.'),
('elfe-sylvain', 2, 'Description', 'Svelte et musclé. Oreilles pointues, yeux en amandes (verts, violets), \r\ncheveux sombres, tatouages, pilosité absente.'),
('elfe-sylvain', 3, 'Préjugés typiques', 'Les elfes sylvains sont de redoutables archers, ils détestent les cités et les gens qui y vivent, ils peuvent tuer d’une flèche dans le dos un paysan juste par ce qu’il a coupé le mauvais arbre.'),
('elfe-sylvain', 4, 'Noms typiques', 'Les elfes des bois ont des noms assez similaires aux elfes hauts, mais plus simples. Chez les femmes, la dernière consonne ou la dernière voyelle est doublée. Chez les hommes les terminaisons –din, -dor, \r\n-ion sont plus privilégiées.\r\nMasc. Aëdin, Caëndor, Cirion, Doralion, Ealdor, Findalion, Glorfindor,\r\nHaëldion, Laurendor, Morwendir, Raëldirion, etc.\r\nFem. Aëldill, Aluinill, Aliann, Dianaë, Eilinelle, Elenwëe, Lúthill, Nínielle, Nolwaënn, Mírielle, Keltienn, etc.'),
('fee', 1, 'Généralités', 'Lutins et fées forment les deux faces d’une même pièce. À la fois très distincts, mais tellement proches. Malgré d’évidentes différences physiques, ces créatures sont les représentants des deux sexes d’une seule et même race. Les fées naissent dans les fleurs et les lutins dans les choux, source inépuisable de moquerie de la part des fées à l’endroit de leurs congénères mâles. Mais concrètement, comment cela se passe-t-il, vous demandez-vous sans doute ? C’est pourtant très simple. Lorsqu’un lutin séduit une fée, l’entreprise d’une vie entière ou parfois d’une minute – allez comprendre avec les fées ! – les amoureux s’allongent sur un lit de mousse. Là où les ébats ont eu lieu, une plante pousse au printemps suivant. Un chou ou une fleur. Et lorsque la fleur s’ouvre, car n’en déplaise aux fées, les choux aussi font des fleurs, un jeune lutin ou une petite fée, couvert de rosée s’en échappe. Vous savez à présent pourquoi ces petites prétentieuses de fées conservent pour toujours leur silhouette de jeune fille !'),
('fee', 2, 'Description', 'Les lutins mesurent en moyenne environ 30 cm et les fées une dizaine de centimètres de moins. Toutefois, il n’y a pas de règle gravée dans le marbre avec ce peuple, et certains colosses lutins peuvent mesurer jusqu’à 50 cm ! Les lutins ne sont pas très beau, ils ont généralement une bouche, un nez et des oreilles disproportionnée alors que les fées sont de minuscules femmes sveltes d’une beauté à couper le souffle.'),
('fee', 3, 'Préjugés typiques', 'Les lutins et les fées, c’est du pareil au même : des nuisibles. Ça vole la nourriture, ça fait des blagues et ça dort. Des bouches inutiles à nourrir, si tu veux un animal de compagnie, prend plutôt un chat, il sera plus reconnaissant et il videra la maison des mulots !'),
('fee', 4, 'Noms typiques', 'Les lutins et les fées détestent les règles et les conventions, et leurs noms reflètent ce caractère. On trouve de tout, depuis Mélissine Pétale-de-rose jusqu’à Lili en passant par Minette pour les fées ou Pierre-Hugues en passant par Poc ou Roc pour les lutins. Quand ils ne changent pas de nom chaque matin !'),
('fee', 5, 'Interprétation', 'Vous êtes jolie et insupportable, capricieuse et exigeante. Vous vous comportez comme une enfant gâtée ou une princesse avec sa cour. Vous adorez vous vexer et bouder, mais votre bonne humeur finit toujours par reprendre le dessus.'),
('felis', 1, 'Généralités', 'Les félis sont agiles et rapides. Solitaires, ils chassent au plus profond des jungles, mais certains tentent l’aventure parmi les hommes.'),
('felis', 2, 'Description', 'Leur morphologie est humaine et leurs traits félins, ils possèdent un appendice caudal long de presque un mètre, très similaire à celui d’une panthère. Leur pelage fin et doux se nuance du noir au doré, tacheté, rayé ou uni. Les yeux sont jaunes, verts ou parfois bleus et les pupilles verticales.'),
('felis', 3, 'Préjugés typiques', 'Les félis sont imprévisibles et complètement égocentriques, ce sont des égoïstes et ils peuvent se montrer cruels sans même y faire attention.'),
('frouin', 1, 'Généralités', 'Les frouïns sont des citadins, ils affectionnent les tunnels et les égouts qui courent sous les cités des humains et participent activement à leur propagation. Leur civilisation est basée sur la discrétion et la récupération, rien n’est trop mauvais pour un frouïn. De fait, un frouïn peut survivre avec trois fois rien, là où un humain serait mort de faim et de maladie. Cela ne veut pas dire que les frouïns n’aiment pas le luxe, seulement ils ne sont pas prêts à travailler ni à prendre des risques pour l’obtenir.'),
('frouin', 2, 'Description', 'Un frouïn ressemble à un rat humanoïde d’un mètre de haut.'),
('frouin', 3, 'Préjugés typiques', 'Les frouïns sont sales et porteurs de maladie, toucher un frouïn est dangereux. Lorsqu’un frouïn se montre sympathique, c’est qu’il espère\r\nobtenir de la nourriture.'),
('gnome', 1, 'Généralités', 'Le gnome est une créature de petite taille pourvue d’un gros nez, d’une bonne nature et d’une curiosité insatiable pour la magie et\r\nles sciences. C’est un compagnon souvent agréable bien qu’un peu original. Les nains et les halfelins l’apprécient, tandis que les \"grandes\" races se montrent plutôt indifférentes à leur égard.'),
('gnome', 2, 'Description', 'Petit et rondouillard. Gros nez, moustaches et rouflaquettes.'),
('gnome', 3, 'Préjugés typiques', 'Les gnomes sont sympathiques mais à moitié fous, méfiez-vous comme de la peste de leurs inventions ou de leurs projets farfelus.'),
('gnome', 4, 'Noms typiques', 'Les gnomes aiment les prénoms que les humains jugent désuets. Ils\r\nont aussi un nom de famille compliqué et long, qu’ils accolent toujours à ce prénom. Un habitant de notre monde pourrait trouver que ces noms ont des consonances germaniques et étranges.\r\nMasc. Albert Blumdenplick, Eustache Dimtigballen, Firmin Vondemacht, Isidore Kolerbiltag, Nestor Wurmenship.\r\nFem. Thérèse Aliserwilp, Huguette Uhldimmerstelp, Rose Molkenpulp, Eugénie Bimpbelinedor, etc.'),
('gobelin', 1, 'Généralités', 'Les gobelins, aussi appelés « peaux-vertes » ou plus couramment « gobs », forment une race à la fois attachante et détestable. Ce sont des créatures paradoxales : un gob est capable d’être discret tout autant que braillard, malin et retors tout autant que complètement crétin, joyeux et drôle en même temps que violent et cruel… Les gobelins comptent normalement sur le nombre pour survivre et s’imposer dans la chaîne alimentaire. C’est pourquoi, pour être capable de concevoir un destin hors de son propre clan, un gobelin solitaire sera obligatoirement un être d’exception. Petit être doué de plus de sensibilité et d’empathie que ses congénères, peut-être a-t-il fui la violence de la société des peaux-vertes ? Plus intelligent que ses frères de race, peut-être une rencontre lui a-t-elle ouvert les yeux sur le monde ? Qui sait, un magicien excentrique l’a-t-il enlevé tout jeune et élevé comme son propre fils pour prouver au monde que les gobelins ne sont pas mauvais par nature, mais seulement conditionnés par leur éducation ! À moins qu’il ne soit simplement beaucoup plus ambitieux que ses congénères…'),
('gobelin', 2, 'Description', 'Les gobelins sont généralement maigrichons et très petits, toujours moins d’un mètre, soit à peu près la même taille qu’un halfelin. Toutes leurs caractéristiques faciales sont exagérées, ils ont de grandes oreilles, de grands yeux, une bouche immense munies de dents tranchantes comme des rasoirs et parfois un nez crochu, bien que cela varie selon les tribus. Leurs cheveux sont épais, rares, gras et noirs, ils les rasent souvent. Leurs yeux sont noirs, rougeâtres ou jaunâtres. Et, bien entendu, ils ont la peau verte.'),
('gobelin', 3, 'Préjugés typiques', 'Les gobs sont des plaies, ils sont vicieux, menteurs et débiles. Un seul gob représente simplement une nuisance, en revanche en groupe, ils constituent un véritable fléau.'),
('gobelin', 4, 'Noms typiques', 'Les gobelins privilégient les noms qui décrivent leurs attributs ou leurs capacités, des caractéristiques qu’ils sont bien les seuls à trouver valorisantes ! Si ces noms sont à l’origine exprimés en langue gobeline (une variante du noir-parler), lorsqu’un gobelin fréquente d’autres humanoïdes, c’est la première chose qu’il essaye de traduire. Ils utilisent généralement un prénom court : Mox, Kul, Mert, Olf, Didi, Gal, Arg, etc. suivi d’un nom qui pose le personnage : Gras-dubide, N’a-qu’un-oeil, Crâne-creux, Brise-rotule, Morve-au-nez, Pue-lamort, Langue-de-vipère, Mords-moile- noeud, Sac-à-puce, Tout-pourri, Bouffe-caillou, Deux-cheveux, Tireau- flanc, Tête-à-l’envers, Pied-quipue, Chien-qui-hurle, Tête-à-claque, Peau-de-rat, Chie-du-bec, etc.'),
('gobelin', 5, 'Interprétation', 'Comme pour toutes les races monstrueuses, interpréter un gobelin dans un cadre de jeu de fantasy classique, comme les Terres d’Osgild, est une gageure. En effet, pour le commun des mortels, un bon gob est un gob mort, et la tolérance à l’égard de vos écarts de conduite sera au mieux très mince, au pire inexistante… Pour jouer un gob, du moins en zone civilisée, vous avez intérêt à vous trouver un protecteur, de préférence un personnage dont la moralité est garante de votre sécurité : un chevalier, un prêtre, ce genre de parangon de vertu. Ah, et n’oubliez pas d’appeler les humains grande-guibolles, les elfes bouffe-laitue et les nains gros-tarin (vous les confondez d’ailleurs toujours avec les gnomes, même si ces derniers tapent tout de même moins fort).'),
('halfelin', 1, 'Généralités', 'Le halfelin est la plus petite des races jouables. Toujours bon vivant, souvent vif, curieux, et parfois farceur, c’est un incompris que les autres races considèrent souvent comme turbulent, pénible, voire parfois comme un voleur.'),
('halfelin', 2, 'Description', 'Petit et vif. Pieds poilus, regard espiègle.'),
('halfelin', 3, 'Préjugés typiques', 'Les halfelins sont inoffensifs et ne pensent qu’à bien manger toutefois, ne perdez jamais de vue leurs mains car se sont aussi des voleurs sans scrupules !'),
('halfelin', 4, 'Noms typiques', 'Les halfelins mâles utilisent des prénoms courts qui ressemblent à des diminutifs. Les prénoms féminins sont le plus souvent inspirés\r\ndes fleurs et des fruits. Ils ont généralement un nom en rapport avec\r\nleur lieu de naissance : Sur-le-pont, Dubois, Sous-colline, Moulinbas, etc.\r\nMasc. Bill, Bern, Don, Duky, Eckel, Fili, Ged, Gerry, Hek, Hicks, Jack, Karl, Litle, Luky, Mike, Polo, Sam, Titi, etc.\r\nFem. Églantine, Lila, Jacinthe, Marguerite, Muguette, Pâquerette, Prune, Rose, etc.'),
('haut-elfe', 1, 'Généralités', 'Le haut-elfe est un être féerique qui vit extrêmement longtemps. Il est méprisant envers les nains et arrogants envers les autres races. Proche de la nature, il maîtrise aussi bien les arts de la magie que ceux de la guerre.'),
('haut-elfe', 2, 'Description', 'Svelte et gracieux. Oreilles pointues, yeux en amandes (verts, violets), cheveux parfois blancs, argent ou or, pilosité absente.'),
('haut-elfe', 3, 'Préjugés typiques', 'Les elfes se croient supérieurs à tous les autres, ce sont de puissants\r\nmagiciens mais leur cœur est sans pitié. Ils obéissent à de très anciennes règles et à des serments incompréhensibles pour les races à l’espérance de vie ordinaire.'),
('haut-elfe', 4, 'Noms typiques', 'Les elfes hauts privilégient les noms aux sonorités douces mais complexes. L, W, N et M sont les consonnes dominantes et les voyelles sont souvent doubles (ië, aë). Les noms féminins finissent par –wen, -wë, -ië, -aël ou –aëlle. Ceux des hommes par des terminaisons aux sonorités plus tranchées comme -dir, -dur, -dor ou \r\n-dil.\r\nMasc. Arwendil, Caëldwendir, Eldwyndor, Elberenhdir, Elendur, Gilgalendil, Irwildur, Laurelith, Linaëndir, Laendoril, Nennendir, etc.\r\nFem. Elberenh, Elidhwen, Ellenúviel, Laurelinn, Linaëwen, Laendorië,\r\nMaelwë, Maerwen, Nennenvaël, Ninwelotë, Tintaëlle.'),
('humain', 1, 'Généralités', 'L’humain se distingue par sa capacité d’adaptation et son instinct qui le pousse à coloniser tous les territoires qui l’entourent. La race humaine est la plus représentée et la plus répandue dans les zones dites \"civilisées\".'),
('humain', 2, 'Description', 'Toute la diversité possible à l’exception des couleurs trop exotiques (cheveux violets, etc.).'),
('humain', 3, 'Préjugés typiques', 'Les humains sont de jeunes loups ignorants, ils croissent et se multiplient sans aucun respect pour l’équilibre du monde, leur égoïsme et leur égocentrisme semble sans limite. Ils mèneront le monde entier à la catastrophe si personne ne les arrête.'),
('humain', 4, 'Noms typiques', 'Les humains ont les prénoms et les noms les plus variés qui soient. Vous pouvez vous inspirer d’anciens prénoms médiévaux, scandinaves, francs ou celtiques et les modifier légèrement pour leur donner une consonance plus fantastique. Pour les femmes, les noms\r\nde minéraux, de fleurs ou de couleurs peuvent aussi êtres utilisés.\r\nMasc. Adalrik, Arn, Bernulf, Brand, Edwald, Ketil, Ferwin, Gerulf, Godfred, Gunter, Halfdan, Ingvar, Knud, Lothar, Osvald, Roderick, Rurik, Sigfred, Sigmar, Sigvald, Stig, Svenn, Thorsten, etc.\r\nFem. Annia, Alaina, Berthille, Bérénia, Télinne, Koralie, Floraline, Gadrielle, Jocynthe, Kéline, Myrthinne, Marille, Naelwen, Natasha, Odaelle, Prescille, Sorsha, Véronelle, Wendoline, etc.'),
('kobold', 1, 'Généralités', 'Un kobold est un humanoïde reptilien de petite taille pourvu de fines écailles et d’une queue, et dont la tête n’est pas sans rappeler le mélange improbable entre un chien et un dragon. En effet, alors que les gobelins font partie de la grande famille des races gobelinoïdes, qui comprend aussi les orques, les hobgobelins et les gobelours, aussi incroyable que cela puisse sembler, les kobolds partagent le sang des dragons… Comment cette race chétive peut-elle partager quoi que ce soit avec les immenses et fières créatures qui dominent la chaîne alimentaire des mondes connus reste un mystère. Les dragons préfèrent ignorer la question et il est fort malavisé de la leur poser, mais certains sages humains se sont risqués à prétendre que les grands vers ont créé les kobolds pour en faire des animaux de compagnie. Ainsi le kobold serait au dragon ce que le chien est aux humains. Thèse accréditée par le fait que les kobolds préfèrent souvent agiter la queue pour montrer leurs émotions, leur face écailleuse et leur mâchoire disproportionnée n’étant guère propices à l’expression de sentiments. Tous comme les gobelins, les kobolds comptent généralement sur le nombre pour s’imposer, toutefois, ils sont aussi des spécialistes des pièges, des embuscades et de la ruse en général.'),
('kobold', 2, 'Description', 'Outre des mains et des pieds pourvus de griffes, les kobolds possèdent une mâchoire très robuste, digne d’un crocodile de petite taille. La couleur de leurs écailles varie selon les tribus et correspond à celle des dragons maléfiques (rouge, vert, noir, bleu, blanc). Parfois, un kobold naît avec une couleur exotique (jaune, orange, violet), ce qui en fait un être à part, shaman, chef ou encore paria. Aucun kobold de couleur métallique n’a jamais été aperçu, bien que chez certaines tribus une antique prophétie annonce la venue d’un messie \" paré d’or \" qui unira le peuple kobold et le mènera à la conquête du monde…'),
('kobold', 3, 'Préjugés typiques', 'Les kobolds sont fourbes et sournois, ne vous approchez pas de leur antre, ils piègent même leur propre lit !'),
('kobold', 4, 'Noms typiques', 'Les personnages kobolds des deux sexes portent des noms compliqués dont les sonorités ne sont pas sans rappeler la culture aztèque. Privilégiez les terminaisons en oatl, otloc, tli, itl ou atl.\r\nItzcali, Acamapichtli, Acuecueyotl, Nezahualpilli, Ilhicamina, Xitzin, Tlexiclotl, Mecanya, Pacoehua, Ahuilizhual, Xochitl, Eztli, Nenetl, Xiloxoch, Mahuizoh, Necatonal, Ometeoltloc, Quetzaltli, Mizyotli, Tecoloyacatl, Quauhlan.'),
('kobold', 5, 'Interprétation', 'Lisez le paragraphe destiné aux gobelins. Ces conseils s’appliquent aussi aux kobolds. Toutefois, les kobolds comptent deux avantages sur les gobelins. Certaines provinces n’ont jamais vu de kobolds sur leurs terres et l’ignorance quant à leur véritable nature pourra parfois éviter des réactions négatives. Leur faciès, à mi-chemin entre le chien et le crocodile, les rend étranges voire amusants pour les humains, qui s’en méfient moins que des peaux-vertes. C’est d’ailleurs pour cela qu’ils ne subissent pas de malus de charisme. Du point de vue des kobolds, les humains et toutes les autres grandes races humanoïdes sont des peuples prétentieux. Les kobolds leur en veulent de se croire supérieurs et souhaitent prouver à la face du monde que les descendants des dragons ne comptent pas pour rien !'),
('lutin', 1, 'Généralités', 'Lutins et fées forment les deux faces d’une même pièce. À la fois très distincts, mais tellement proches. Malgré d’évidentes différences physiques, ces créatures sont les représentants des deux sexes d’une seule et même race. Les fées naissent dans les fleurs et les lutins dans les choux, source inépuisable de moquerie de la part des fées à l’endroit de leurs congénères mâles. Mais concrètement, comment cela se passe-t-il, vous demandez-vous sans doute ? C’est pourtant très simple. Lorsqu’un lutin séduit une fée, l’entreprise d’une vie entière ou parfois d’une minute – allez comprendre avec les fées ! – les amoureux s’allongent sur un lit de mousse. Là où les ébats ont eu lieu, une plante pousse au printemps suivant. Un chou ou une fleur. Et lorsque la fleur s’ouvre, car n’en déplaise aux fées, les choux aussi font des fleurs, un jeune lutin ou une petite fée, couvert de rosée s’en échappe. Vous savez à présent pourquoi ces petites prétentieuses de fées conservent pour toujours leur silhouette de jeune fille !'),
('lutin', 2, 'Description', 'Les lutins mesurent en moyenne environ 30 cm et les fées une dizaine de centimètres de moins. Toutefois, il n’y a pas de règle gravée dans le marbre avec ce peuple, et certains colosses lutins peuvent mesurer jusqu’à 50 cm ! Les lutins ne sont pas très beau, ils ont généralement une bouche, un nez et des oreilles disproportionnée alors que les fées sont de minuscules femmes sveltes d’une beauté à couper le souffle.'),
('lutin', 3, 'Préjugés typiques', 'Les lutins et les fées, c’est du pareil au même : des nuisibles. Ça vole la nourriture, ça fait des blagues et ça dort. Des bouches inutiles à nourrir, si tu veux un animal de compagnie, prend plutôt un chat, il sera plus reconnaissant et il videra la maison des mulots !'),
('lutin', 4, 'Noms typiques', 'Les lutins et les fées détestent les règles et les conventions, et leurs noms reflètent ce caractère. On trouve de tout, depuis Mélissine Pétale-de-rose jusqu’à Lili en passant par Minette pour les fées ou Pierre-Hugues en passant par Poc ou Roc pour les lutins. Quand ils ne changent pas de nom chaque matin !'),
('lutin', 5, 'Interprétation', 'Vous êtes un sale gosse, vous adorez vous moquer ou jouer des tours pendables, en particulier aux dépends de ceux qui n’ont aucun humour. Toutefois, vous n’êtes jamais méchant, du moins pas volontairement.'),
('minotaure', 1, 'Généralités', 'Le minotaure correspond à l’image classique issue de la mythologie grecque : la créature mi-homme mi-taureau. Son corps est celui d’un homme de grande taille, puissamment bâti et très musclé. Son cou, sa tête et ses sabots sont ceux d’un taureau. Il arbore également une queue de bovin. Sa voix est profonde et son regard ne respire pas l’intelligence. Il est connu pour son sens de l’orientation et ses explosions de rage. Les minotaures, les mâles en particuliers, sont des solitaires. Ils chassent dans les grandes plaines désertiques et vivent dans des grottes ou des souterrains. Les minotaures ont développé un art défensif curieux pour protéger leur tanière ou leur famille : le labyrinthe. Celui qui pénètre dans leur antre n’est jamais certain d’en ressortir, du moins pas avant que le propriétaire des lieux et son instinct infaillible ne l’aient trouvé.'),
('minotaure', 2, 'Description', 'L’apparence physique des minotaures permet de distinguer deux groupes distincts d’individus. Ceux qui vivent au grand air plus au Nord se sont regroupés en tribus nomades. Ils ont développé un pelage sur l’ensemble de leur corps, et leur tête est parfois plus proche de l’auroch ou du bison que du taureau. Ils portent souvent des pagnes de peaux et des colifichets, et ils ont développé une culture proche de la nature. À l’inverse, ceux des contrées du Sud ou des profondeurs ont la peau parfaitement glabre et une morphologie très proche de celle d’un humain. Ces derniers se revendiquent descendre de la race la plus pure, entendez donc supérieure aux autres…'),
('minotaure', 3, 'Préjugés typiques', 'Les minotaures sont des créatures irascibles et dangereuses mais font d’excellents guides, que ce soit dans les terres sauvages ou sous terre.'),
('minotaure', 4, 'Noms typiques', 'Les personnages minotaures des deux sexes portent des noms dont les sonorités rappellent la Grèce antique. Vous pouvez aisément associer un nom de héros Grec, de lieu ou même un mot français de racine grecque avec une terminaison en -ès, -ter, -eps, -akos, -idis, -atos, -pos. Privilégiez les transitions en -oe-, en -th- et en -ph-. Les minotaures des tribus du Nord accolent souvent à ce nom un titre qui met en valeur leur principale qualité. Par exemple : Agamenès Pelage- d’argent ou Pélomidis Course-vent, etc.\r\nAgamenès, Pélomidis, Paloenidès, Epôdiès, Thésalidis, Thérion, Céphaloster, Perséphatos, Héphaïdis, Théusis, Oedipos, Kareïbès, Akiléus, Rhoménès, Iskhusis, Karditis, Agônès, Kérunos, Hègémôn, Irènès, Makthèleps, Zoerthidis, Galatos, etc.'),
('minotaure', 5, 'Interprétation', 'Les préjugés comportent une bonne part d’exactitude. Les minotaures sont irascibles, mais ne forcez pas trop le trait dans votre interprétation, cela pourrait nuire à la qualité du jeu pour vous et vos compagnons ! Vous pouvez en revanche tenter de contourner ou forcer un autre trait marquant, comme le fait d’être taciturne, ronchon ou même borné. Dans tous les cas, le minotaure ne fait pas dans la dentelle…'),
('nain', 1, 'Généralités', 'Le nain est petit mais robuste. Célèbre pour sa barbe, il aime les profondeurs de la terre, dont il extrait des métaux et des pierres précieuses. Isolé, il est généralement ouvert et chaleureux, mais la société naine peut paraître sévère car le travail et l’entraînement militaire y sont des obligations.'),
('nain', 2, 'Description', 'Robuste et trapu. Pilosité très développée, tresses dans les cheveux et la barbe, bijoux et piercing.'),
('nain', 3, 'Préjugés typiques', 'Les nains aiment amasser de l’or et boire de la bière en compagnie d’autres nains. Ils sont un peu rustres et très susceptibles, un nain peut se mettre en colère et devenir violent pour des raisons qui semblent étranges voire futiles à un autre peuple…'),
('nain', 4, 'Noms typiques', 'Les nains ont des prénoms courts et percutants, les principales terminaisons sont en –IN, -UN, -IK, ou –IR, mais il en existe d’autres. Suit généralement le nom de leur clan, qu’ils traduisent en langue commune pour mettre en avant l’idée qu’il véhicule. Chez les femmes, la terminaison en –HILD ou -ID est la plus courante.\r\nMasc. Gloin Mâchefer, Krorin Briseroc, Thorin Forgefer, Buldur Tranchetroll, Trorin Cassegranit, Orik Briselame, Durok Ecu-de-chêne, Guerann Marteleur, Korik Peau-de-pierre, etc.\r\nFem. Astrid, Arnhild, Berthild, Brynild, Eldrid, Ermenhild, Frida, Gerda, Grimhild, Gudrun, Helga, Hilda, Ingrid, Klothild, Sigrid, Strida etc.'),
('ophidien', 1, 'Généralités', 'Les Anciens dominaient le monde avant que leurs esclaves ne se révoltent et ne mettent fin à l’âge d’or de leur civilisation. Nul ne sait ce qu’ils sont devenus, mais il est possible que les ophidiens soient leurs descendants directs. Quoi qu’il en soit, les homme-serpents cachent leur véritable identité et se dissimulent parmi les humains. Ils essayent d’entretenir des lignées du sang le plus pure possible, mais faute de mieux, ils succombent souvent au désir de pérenniser leur lignage en s’accouplant avec un humain. Les ophidiens sont pour\r\nla plupart nostalgiques de leur puissance perdue et assoiffés de pouvoir.'),
('ophidien', 2, 'Description', 'Apparent humaine, à l\'exception d\'une marque des anciens (pupilles verticales ou langue fourchue ou écailles)'),
('ophidien', 3, 'Préjugés typiques', 'Les ophidiens sont des conspirateurs, ils cachent de sombres secrets dans le but d’acquérir du pouvoir et de dominer le monde entier.'),
('tieflin', 1, 'Généralités', 'Les tieflins sont similaires et diamétralement opposés aux aasimars : ils sont eux-aussi dotés d’une ascendance « extérieure », mais celle-ci plonge ses racines dans les plans maléfiques. L’ancêtre démoniaque\r\npeut remonter à plusieurs générations (voir aasimar). Les tieflins ont\r\nconscience de leur mauvaise réputation et, contrairement aux aasimars, ils cherchent généralement à cacher leurs mutations.'),
('tieflin', 2, 'Description', 'Physiquement un tieflin se distingue par une ou deux caractéristiques\r\ndémoniaques : de petites cornes, une queue fourchue, une odeur de soufre, des yeux jaunes, des griffes noires, etc.'),
('tieflin', 3, 'Préjugés typiques', 'Les tieflins sont habités par le mal, certains d’entre eux arrivent à le contenir... jusqu’au moment où le mal reprend le dessus.'),
('wolfer', 1, 'Généralités', 'Les wolfers vivent en clan et mènent une vie de chasseurs nomade dans les forêts, les montagnes et les plaines sauvages. Ce mode de vie ancestral les fait souvent entrer en conflit avec les humains là où la civilisation s’étend, débordant sur leur territoire de chasse.'),
('wolfer', 2, 'Description', 'Les wolfers sont des êtres robustes avec une pilosité importante, caractérisée notamment par la présence d’un mono-sourcil et par des d’imposantes \"rouflaquettes\".');

-- --------------------------------------------------------

--
-- Table structure for table `cof_types_capacite`
--

DROP TABLE IF EXISTS `cof_types_capacite`;
CREATE TABLE IF NOT EXISTS `cof_types_capacite` (
  `type_capacite` varchar(5) NOT NULL,
  `type_capacite_intitule` varchar(50) NOT NULL,
  `type_capacite_config` text DEFAULT NULL,
  PRIMARY KEY (`type_capacite`)
) ENGINE=InnoDB DEFAULT CHARSET=utf8mb4 COLLATE=utf8mb4_general_ci;

--
-- Dumping data for table `cof_types_capacite`
--

INSERT INTO `cof_types_capacite` (`type_capacite`, `type_capacite_intitule`, `type_capacite_config`) VALUES
('creat', 'Créatures', NULL),
('epic', 'Epique', NULL),
('prest', 'Prestige', NULL),
('prof', 'Professionnelle', NULL),
('race', 'Raciale', NULL);

-- --------------------------------------------------------

--
-- Table structure for table `cof_types_races`
--

DROP TABLE IF EXISTS `cof_types_races`;
CREATE TABLE IF NOT EXISTS `cof_types_races` (
  `type_race` varchar(5) NOT NULL,
  `type_race_intitule` varchar(50) NOT NULL,
  `type_race_config` text DEFAULT NULL,
  PRIMARY KEY (`type_race`)
) ENGINE=InnoDB DEFAULT CHARSET=utf8mb4 COLLATE=utf8mb4_general_ci;

--
-- Dumping data for table `cof_types_races`
--

INSERT INTO `cof_types_races` (`type_race`, `type_race_intitule`, `type_race_config`) VALUES
('comp', 'Compagnon', NULL),
('opt', 'Optionnelle', NULL);

-- --------------------------------------------------------

--
-- Table structure for table `cof_types_voie`
--

DROP TABLE IF EXISTS `cof_types_voie`;
CREATE TABLE IF NOT EXISTS `cof_types_voie` (
  `type_voie` varchar(5) NOT NULL,
  `type_voie_intitule` varchar(50) NOT NULL,
  `type_voie_config` text DEFAULT NULL,
  PRIMARY KEY (`type_voie`)
) ENGINE=InnoDB DEFAULT CHARSET=utf8mb4 COLLATE=utf8mb4_general_ci;

--
-- Dumping data for table `cof_types_voie`
--

INSERT INTO `cof_types_voie` (`type_voie`, `type_voie_intitule`, `type_voie_config`) VALUES
('creat', 'Créatures', '{ \"ranks\": 3 }'),
('prest', 'Prestige', '{ \"hidden\": true }'),
('prof', 'Professionnelles', NULL),
('race', 'Raciales', NULL);

-- --------------------------------------------------------

--
-- Table structure for table `cof_voies`
--

DROP TABLE IF EXISTS `cof_voies`;
CREATE TABLE IF NOT EXISTS `cof_voies` (
  `voie` varchar(20) NOT NULL,
  `nom` varchar(50) NOT NULL,
  `notes` varchar(1024) DEFAULT NULL,
  `type` varchar(5) DEFAULT NULL,
  `pfx_deladu` char(1) NOT NULL,
  `equipement` varchar(1024) NOT NULL,
  PRIMARY KEY (`voie`)
) ENGINE=InnoDB DEFAULT CHARSET=utf8mb4 COLLATE=utf8mb4_general_ci;

--
-- Dumping data for table `cof_voies`
--

INSERT INTO `cof_voies` (`voie`, `nom`, `notes`, `type`, `pfx_deladu`, `equipement`) VALUES
('aasimar', 'Aasimar', '', 'race', '2', ''),
('air', 'Air', '', '', '2', ''),
('amazone', 'Amazone', 'Les amazones ne sont pas seulement des femmes guerrières, elles sont issues d’une culture qui considère les mâles au mieux comme des moins que rien. Ce sont souvent des athlètes exceptionnelles dont les performances physiques ridiculisent la plupart des hommes des nations dites civilisées… \r\nProfils possibles : barbare, guerrier, rôdeur.\r\nRequis : sexe féminin, mod. de DEX +1 minimum. Cette Voie peut être choisie à la création du personnage en remplacement de la Voie de la brute. Toutefois, dans ce cas, le bonus apporté par les capacités de rang 1 et 2 est réduit de 1 point (Def, att, etc.).  Si une amazone acquiert la Voie de la rage, elle ne subit que la moitié de la pénalité de DEF lorsqu’elle est sous l’effet des capacités Rage ou Furie. En revanche, le bonus aux DM n’est obtenu que contre les adversaires clairement identifiables comme étant de sexe masculin…', 'prest', '2', ''),
('ame-forgee', 'Âme-forgée', '', 'race', '2', ''),
('animaux', 'Animaux', '', '', '3', ''),
('arc-et-cheval', 'Arc et cheval', '', '', '2', ''),
('archange', 'Archange', 'Cette Voie est adaptée à un prêtre combattant, un inquisiteur chassant les forces du mal et prêt à les affronter au corps-à-corps.\r\nProfil possible : prêtre\r\nRequis : rang 5 dans la Voie de la foi.', 'prest', '2', ''),
('archer', 'Archer', '', '', '2', ''),
('archer-arcanique', 'Archer Arcanique', 'La magie mystérieuse et terrible de cette Voie de prestige fait de votre rôdeur un chasseur implacable dont les traits deviennent mortels et impossibles à esquiver. \r\nProfils possibles : rôdeur, druide et archer (hybride).', 'prest', '2', ''),
('archimage', 'Archimage', 'Cette Voie de prestige, inspirée de la magie des Istari ne fera pas de votre personnage l’un des leurs car cet attribut est réservé à la race des Maiar, mais elle peut facilement trouver sa place dans tous les univers Fantasy.  \r\nProfil possible : magicien, tout lanceur de sort \r\nRequis : rang 5 dans une Voie de magie.', 'prest', '2', ''),
('arme-etrange', 'Arme étrange', 'Arquebusier et forgesort sont deux profils de bricoleur de génie. Ils peuvent utiliser leurs connaissances pour construire des armes personnalisées particulièrement destructrices qu’eux seuls sont capables de manipuler sans risque. Si le personnage fait l’acquisition d’une arme magique, il lui faut 1 semaine de travail par rang et 100 pa par rang pour appliquer des modifications qui lui permettent de bénéficier des bonus de cette Voie sur cette nouvelle arme.\r\nProfils possibles : arquebusier, forgesort\r\nRequis : une Voie de Forgesort ou d’Arquebusier. Cette Voie peut s’appliquer à une arbalète ou à une arme à poudre.', 'prest', '2', ''),
('arme-liee', 'Arme liée', 'Certains héros tissent un lien particulier avec leur arme favorite. Cette compagne de tous les jours devient leur alliée la plus fidèle et un lien magique les unis progressivement.\r\nProfils possibles : tous\r\nRequis : utiliser une seule arme, sauf très rares exceptions à l’appréciation du MJ, pour toutes les aventures pendant au moins un niveau complet.', 'prest', '2', ''),
('armes-a-2-mains', 'Armes à 2 mains', 'Au même titre que d’autres armes, une arme à deux mains permet au guerrier de développer un style de combat bien particulier afin d’exploiter pleinement ses avantages, une allonge supérieure et une lame destructrice.\r\nProfils possibles : guerrier, barbare, chevalier.\r\nRequis : mod. de FOR de +1 minimum.', 'prest', '3', ''),
('armure-sainte', 'Armure sainte', 'Cette Voie permet à un moine de vêtir une armure magique extraordinaire qui fait de lui un combattant surpuissant. Chaque armure est unique et n’accepte qu’un seul maître, elle possède une apparence qui associe son porteur à un thème particulier, comme un animal fantastique ou un signe astrologique, etc. Les porteurs d’armure sont appelés Saints et sont hiérarchisés en trois rangs, bronze, argent, or. Si vous avez rêvé de joueur un chevalier du zodiaque, elle est faite pour vous !\r\nProfil possible : moine\r\nRequis : rang 4 ou supérieur dans la Voie de l’énergie vitale et la Voie du poing. ', 'prest', '2', ''),
('artefacts', 'Artefacts', '', '', '3', ''),
('artilleur', 'Artilleur', '', '', '2', ''),
('assassin', 'Assassin', '', '', '2', ''),
('attaque-mentale', 'Attaque mentale', '', '', '2', ''),
('aventurier', 'Aventurier', '', '', '2', ''),
('beornide', 'Béornide', 'Les berserkers sont littéralement des guerriers-ours et il arrive que les plus puissants d’entre eux se rapprochent de leur animal-totem jusqu’à en adopter la philosophie, les techniques de combat et parfois même la forme. \r\nProfil possible : barbare.\r\nRequis : tuer seul un grand mâle (voir ours brun, page 268) et boire son sang. Capacité à entrer en rage.', 'prest', '0', ''),
('bouclier', 'Bouclier', '', '', '0', ''),
('bouffon', 'Bouffon', 'Si vous considérez sérieusement de jouer un bouffon, c’est que vous êtes trop avisé pour sous-estimer ce personnage comique. Assassin, conseiller et éminence grise, espion, le bouffon peut être tout cela et plus encore… \r\nProfil possible : barde\r\nRequis : Voie du saltimbanque rang 5', 'prest', '0', ''),
('brute', 'Brute', '', '', '1', ''),
('casse-cou', 'Casse-cou', 'Bien qu’elle ne soit pas réservée au voleur, cette Voie est un choix qui convient parfaitement au roleplay de ce profil, en particulier quand elle est associée à la Voie du déplacement. Avec ces capacités, votre personnage sera toujours partant pour oser les actions les plus risquées !\r\nProfils possibles : voleur, guerrier, barbare, barde, rôdeur.', 'prest', '0', ''),
('cavalier', 'Cavalier', '', '', '0', ''),
('centaure', 'Centaure', '', 'race', '0', ''),
('champ-de-bataille', 'Champ de bataille', '', '', '0', ''),
('champion', 'Champion', 'Cette voie est destinée à un héros particulier, une figure ou un leader charismatique au sein d’un peuple, généralement humanoïde.\r\nLes créatures dotées de cette voie obtiennent le CHA en Carac.', 'creat', '0', ''),
('changeforme', 'Changeur de forme', 'La Voie qui permet au druide de prendre la forme d’animaux réellement redoutables, qu’il ne fait pas bon affronter, elle fait du druide une machine de combat…\r\nProfil possible : druide\r\nRequis : Forme animale (capacité de rang 5 de la Voie des animaux).', 'prest', '0', ''),
('chaos', 'Chaos', 'La voie du chaos affecte le temps et l’espace, souvent de façon aléatoire.\r\nProfils possibles : magicien, ensorceleur.', 'prest', '0', ''),
('chasseur-de-corrupti', 'Chasseur de Corruption', 'Cette Voie permet au rôdeur de chasser le mal qui a envahi la forêt et perverti la nature, elle convient aussi à un barbare qui déteste la magie et les phénomènes paranormaux ou à un prêtre inquisiteur qui pourchasse le mal sous toutes ses formes.\r\nProfils possibles : rôdeur, prêtre, arquebusier, barbare', 'prest', '0', ''),
('chasseur-de-gros-gib', 'Chasseur de Gros Gibier', 'Le chasseur de gros gibier utilise des armes de très gros calibres pour abattre les animaux les plus redoutables, ours, tigres ou mêmes les animaux préhistoriques… C’est aussi un spécialiste de la traque et de la survie en nature. \r\nProfils possibles : arquebusier, rôdeur (pour ce profil, remplacer la capacité de rang 3 par Arc d’os ; les DM sont les mêmes).  \r\nRequis : Voie de la précision rang 5, avoir traqué et tué un animal de taille grande en solitaire.', 'prest', '0', ''),
('chef-darmee', 'Chef d\'armée', 'Cette voie est adaptée aux créatures assez intelligentes pour s’organiser militairement, généralement des humanoïdes (humains, gnolls, orques, hobgobelins, goblours, etc.).\r\nLes créatures dotées de cette voie obtiennent le CHA en Carac. Supérieure (indiqué par un *).', 'creat', '0', ''),
('chevalier-dragon', 'Chevalier Dragon', 'L’ordre des chevaliers dragons est une unité mythique et grandiose réservée à l’élite de la chevalerie d’un puissant empire. La voie présentée ci-dessous a été conçue à partir des symboles liés au dragon rouge mais elle peut évidemment être déclinée pour d’autres couleurs. \r\nProfil possible : chevalier\r\nRequis : voie du cavalier et avoir choisi un drake au rang 5', 'prest', '0', ''),
('cogneur', 'Cogneur', 'Les créatures dotées de cette capacité obtiennent la CON en Carac. Supérieure (indiqué par un *).', 'creat', '0', ''),
('colosse', 'Colosse', 'À force d’entraînement, le personnage développe une force prodigieuse et des muscles énormes. Il augmente son poids d’au moins 10 kg par rang atteint dans la Voie, tout en muscle.\r\nProfils possibles : tous profils de combattants ou voyageurs\r\nRequis : peser au moins 80 kg, posséder au moins 16 en Force.', 'prest', '0', ''),
('colosse-creature', 'Colosse', 'Cette voie est à réserver aux créatures de grande taille, les capacités présentées n’affectent que les cibles de taille inférieure à la créature.\r\nLes créatures dotées de cette voie obtiennent la FOR en Carac. Supérieure (indiqué par un *).', 'creat', '0', ''),
('combat', 'Combat', '', '', '0', ''),
('combat-a-deux-armes', 'Combat à Deux Armes', '', 'prest', '0', ''),
('commerce', 'Commerce', 'Cette Voie est un exemple de voie taillée sur mesure pour une religion particulière, elle est destinée au prêtre d’un dieu du commerce ou des richesses. Elle peut aussi intéresser tout prêtre qui accorde un intérêt certain à l’argent et au pouvoir.\r\nProfil possible : prêtre', 'prest', '0', ''),
('compagnon-animal', 'Compagnon animal', '', '', '0', ''),
('conjuration', 'Conjuration', '', '', '1', ''),
('contact-mortel', 'Contact Mortel', 'À la croisée de Ken le survivant et de Crazy Kung-fu, la Voie du contact mortel fait de votre maître des arts martiaux une machine létale adepte des techniques à grand spectacle. \r\nProfil possible : moine\r\nRequis : capacité Pression mortelle (rang 2 de la Voie de l’énergie vitale).', 'prest', '0', ''),
('conteur', 'Conteur', 'Le conteur est un être énigmatique dont les mots ne sont pas à prendre à la légère. Parfois subtiles, parfois plus directes, les capacités de cette voie changeront la vision que vos compagnons ont de l’utilité d’un simple conteur d’histoires… \r\nProfils possibles : barde, ensorceleur (avec rang 5 dans la Voie des illusions).', 'prest', '0', ''),
('controle-corporel', 'Contrôle corporel', '', '', '0', ''),
('courtisan', 'Courtisan', 'Cette voie est destinée aux intrigants, aux charmeurs et aux politiciens.', 'prof', '0', ''),
('creatures-elementair', 'Créatures élémentaires', 'Cette voie, déclinée ici pour le feu, peut l’être pour d’autres éléments : froid, acide, foudre, etc. Quel que soit le rang atteint ou choisi dans cette voie, la créature est immunisée aux DM de l’élément choisi (ici feu).', 'creat', '3', ''),
('creatures-magiques', 'Créatures magiques', 'Cette voie s’applique aux golems, aux élémentaires et aux lycanthropes, à la plupart des démons et des mort-vivants. Une créature qui bénéficie de cette voie retranche de 5 à 15 points aux DM qui lui sont infligés par des armes ordinaires, ce qui augmente considérablement sa résistance. Toutefois, contre un groupe de personnage équipé d’armes appropriées ne permettant pas à la créature de profiter de cet avantage, n’hésitez pas à réduire le NC de 1.\r\nLes créatures dotées de cette voie obtiennent la CON en Carac. Supérieure (indiqué par un *).', 'creat', '3', ''),
('creatures-volantes', 'Créatures volantes', 'Les créatures dotées de cette capacité obtiennent la SAG en Carac. Supérieure (indiqué par un *).', 'creat', '3', ''),
('cristaux', 'Cristaux', 'Le forgesort a appris l’art de la taille et de l’harmonisation des cristaux magiques. Ces cristaux sont appelés pierre iouns lorsque leur magie peut être utilisée par toute personne qui la porte, mais les cristaux acquis grâce à cette Voie ne font effet que sur le forgesort (la capacité Rune de pouvoir permet à un personnage qui possède cette Voie de fabriquer les pierres iouns). Pour fonctionner, un cristal doit être lancé près de la tête du personnage, il se met alors à tourner rapidement autour de celle-ci. \r\nUn cristal a une DEF de 20, 10 points de vie et une RD de 5. \r\nProfils possibles : forgesort, magicien, ensorceleur.\r\nRequis : rang 5 dans n’importe quelle voie de magie.', 'prest', '3', ''),
('danseur-de-guerre', 'Danseur de Guerre', 'Populaire chez certaines tribus d’elfes sauvages ou de tribus de nomades du désert, ce style de combat inhabituel est, constitué de pas de danse et d’acrobaties. Le guerrier masque ses mouvements ce qui le rend difficile à cerner et surprenant. \r\nProfils possibles : guerrier, barbare, barde.', 'prest', '0', ''),
('demi-ogre', 'Demi-ogre', '', 'race', '0', ''),
('demi-orc', 'Demi-orc', '', 'race', '0', ''),
('demon', 'Démon', '', '', '0', ''),
('deplacement', 'Déplacement', '', '', '0', ''),
('dirigeant', 'Dirigeant', '', '', '0', ''),
('divination', 'Divination', '', '', '1', ''),
('drakonide', 'Drakonide', '', 'race', '0', ''),
('duelliste', 'Duelliste', 'Jetez votre gant, provoquez en duel ce fat qui a manqué de courtoisie, montrez votre valeur face au comte de Perthuis… Les adeptes du bel art de l’escrime aiment à se défier et à se mesurer à leur adversaire seul à seul.\r\nProfils possibles : guerrier, voleur, barde.\r\nRequis : pour pouvoir utiliser les capacités de cette voie, le personnage ne doit pas porter d’armure plus encombrante qu’une chemise de maille.', 'prest', '0', ''),
('elementaliste', 'Elémentaliste', 'La trame de la matière est constituée des éléments primordiaux, air, terre, feu et eau, liés par les énergies élémentaires, électricité (ou foudre), acide, feu et froid. Certains lanceurs de sorts sont passés maîtres dans l’art de manipuler ces énergies élémentaires, on les appelle élémentalistes.\r\nProfils possibles : tous profils de lanceur de sort\r\nRequis : être capable de lancer au moins 2 sorts qui font appels aux éléments (forme gazeuse, asphyxie, etc.) ou aux énergies élémentaires (feu, électricité, froid, acide).', 'prest', '2', ''),
('elements', 'Elements', 'Si le druide est surtout connu comme protecteur des étendues sauvages, il faut aussi se rappeler qu’il est un maître des éléments capable de résister à la furie des environnements naturels. \r\nProfils possibles : druide, magicien (spécialiste de la magie élémentaire), moine (dans ce dernier cas, le personnage ne peut pas appliquer les capacités décrites à autrui et ne peut en faire usage que sur lui-même).', 'prest', '3', ''),
('elfe-noir', 'Elfe Noir', '', 'race', '2', ''),
('elfe-sylvain', 'Elfe Sylvain', '', 'race', '2', ''),
('elixirs', 'Elixirs', '', '', '3', ''),
('empathie', 'Empathie', '', '', '2', ''),
('enchanteur', 'Enchanteur', 'Le forgesort est le profil qui permet normalement de créer les objets magiques. Toutefois, il existait jusqu’ici des artefacts dont la création ne correspondait à aucune capacité décrite dans les règles de CO. La voie de l’enchanteur comble cette lacune.\r\nProfil possible : forgesort', 'prest', '2', ''),
('energie-vitale', 'Energie vitale', '', '', '2', ''),
('entite', 'Entité', '', '', '2', ''),
('envouteur', 'Envoûteur', '', '', '2', ''),
('erudit', 'Erudit', 'Cette voie représente l\'éducation et la culture des lettrés. À haut niveau, les adeptes de cette voie dédient leur vie au savoir.', 'prof', '2', ''),
('escarmouche', 'Escarmouche', '', '', '2', ''),
('escrime', 'Escrime', '', '', '2', ''),
('espion', 'Espion', 'Cette voie de prestige est aussi bien adaptée aux voleurs qu’aux bardes, en effet le métier d’amuseur public peut être une couverture très utile pour s’introduire auprès du pouvoir...\r\nProfils possibles : voleur, barde.', 'prest', '2', ''),
('expert', 'Expert', 'Artisan, marchand, artiste... l\'expert est un professionnel accompli. Quand il choisit cette voie, il détermine un domaine précis, en fonction de son métier : forgeron, sculpteur, peintre, marchand, caravanier... Toutes les capacités de cette voie s\'appliquent alors à ce métier. Lorsque vous obtenez cette voie, choisissez une caractéristique de \"métier\" entre FOR, DEX, INT et CHA, en rapport avec l\'activité exercée.', 'prof', '2', ''),
('expert-du-combat', 'Expert du combat', 'De capacités d’adaptation et d’improvisation supérieures aux autres, ils élèvent le combat au rang d’un art. Tacticiens hors pairs, imprévisibles et sans cesse en mouvement, ils deviennent des adversaires redoutables. Cette voie conviendra aux joueurs qui ont envie de briser la routine des combats en y ajoutant une dimension tactique de gestion de ressources.\r\nProfils possibles : tous profils de combattants\r\nRequis : rang 5 dans une voie d’un profil issu de la famille des combattants.', 'prest', '2', ''),
('explosifs', 'Explosifs', '', '', '3', ''),
('familier', 'Familier', '', '', '0', ''),
('familier-fantastique', 'Familier Fantastique', 'Les voies de prestige sont en principe accessibles à partir du niveau 8 mais le MJ a toute latitude pour les autoriser plus tôt ; la condition d’accès devient dès lors l’obtention du rang 5 dans la voie du familier. Le MJ peut également décider de débloquer l’accès à cette voie de prestige lorsqu’un événement du jeu le justifie, par exemple après la mort du familier du personnage … Ce contexte singulier est une occasion parfaite pour obtenir un familier fantastique, mort-vivant ou une réplique artificielle (pantin).  \r\nProfils possibles : ensorceleur, tout lanceur de sort\r\nRequis : avoir acquis la capacité Familier (Voie de l’invocation ou Voie du familier).', 'prest', '0', ''),
('fauve', 'Fauve', '', '', '0', ''),
('fee', 'Fée', NULL, 'race', '1', ''),
('felis', 'Felis', '', 'race', '0', ''),
('flibustier', 'Flibustier', 'Pirate, corsaire ou bandit des mers, le flibustier est un combattant impitoyable qui sait faire parler la poudre autant que le sabre.  \r\nProfils possibles : arquebusier, guerrier, voleur.', 'prest', '0', ''),
('foi', 'Foi', '', '', '1', ''),
('frouin', 'Frouïn', '', 'race', '0', ''),
('fusion-lycanthropiqu', 'Fusion Lycanthropique', 'Le rôdeur a beaucoup appris de son compagnon loup et il puise dans sa force pour se transformer en un prédateur terrifiant. Il réalise une fusion de leurs corps et de leur union naît une créature plus puissante que ses deux composants. Toutes les capacités qui suivent ne fonctionnent que lorsque le rôdeur est transformé. A la fin de la fusion, le loup retrouve les PV qu’il avait au départ, seuls les PV du rôdeur sont affectés par les blessures reçues pendant la transformation.\r\nProfil possible : rôdeur\r\nRequis : rang 5 de la Voie du compagnon animal.', 'prest', '1', ''),
('gel', 'Gel', 'Profils possibles : ensorceleur, magicien, nécromancien.', 'prest', '0', ''),
('glaces', 'Glaces', 'Alternativement, vous pouvez remplacer une Voie de base du profil de barbare par cette Voie, toutefois dans ce cas, il ne bénéficie pas des parties inscrites en italiques dans le texte descriptif des capacités. Cette Voie peut être déclinée pour son alter-ego chaud, le barbare des steppes ardentes.\r\nProfil possible : barbare.', 'prest', '3', ''),
('gnome', 'Gnome', '', 'race', '0', ''),
('gobelin', 'Gobelin', '', 'race', '0', ''),
('golem', 'Golem', '', '', '0', ''),
('golem-de-chair', 'Golem de chair', 'Couturé, énorme et massif, d’une puissance formidable, le golem de chair est un monstre de Frankenstein au service du nécromant.\r\nProfil possible : nécromancien\r\nRequis : rang 5 dans la Voie de l’outre-tombe', 'prest', '0', ''),
('grand-veneur', 'Grand Veneur', 'Le grand veneur est un chevalier passionné de chasse. La chasse la plus noble où le gibier est débusqué par une meute de chien puis rabattu vers le meneur qui descend alors de monture pour achever la bête face à face, à l’épieu… Si les animaux constituent des proies honorables, le chevalier se destine à un gibier plus digne de lui, les prédateurs et ensuite les créatures les plus monstrueuses. \r\nProfils possibles : chevalier, rôdeur, arquebusier.\r\nRequis : Voie de la noblesse rang 3 ou supérieur. ', 'prest', '0', ''),
('grimoire', 'Grimoire', 'Par rapport à son homologue de l’OGL3.5 classique, le magicien de CO connaît moins de sort et les utilise beaucoup plus souvent. Cette Voie de prestige restitue aux magiciens un petit goût de D&D en introduisant le célèbre grimoire de magie et la mémorisation de sorts. Les adeptes inconditionnels de ce système peuvent créer un mage dans la plus pure tradition \"Vancienne\" en remplaçant toutes les Voies de base d’un lanceur de sort par celle-ci (Voir aussi à ce sujet Magie vancienne, page 181). \nProfils possibles : magicien, tout lanceur de sort.', 'prest', '0', ''),
('guerisseur', 'Guérisseur', 'Quoique peu originale, cette Voie reste incontournable pour les nombreux joueurs qui choisissent les soins comme élément dominant du profil de prêtre.\r\nProfil possible : prêtre', 'prest', '0', ''),
('guerre', 'Guerre', '', '', '1', ''),
('guerre-sainte', 'Guerre sainte', '', '', '1', ''),
('halfelin', 'Halfelin', '', 'race', '0', ''),
('haut-elfe', 'Haut-Elfe', '', 'race', '0', ''),
('heros', 'Héros', '', '', '0', ''),
('heros-prestige', 'Héros', 'Cette voie peut être sélectionnée par tous les personnages qui aiment les risques, l’aventure et la gloire. Elle est destinée aux héros, aux vrais, ceux qui ne reculent jamais et défient la mort avec un sourire provocateur !\r\nProfils possibles : tous', 'prest', '0', ''),
('homme-du-peuple', 'Homme du peuple', 'Cette voie est réservée aux gens ordinaires, ces personnes que l\'on juge parfois à tort insignifiantes et qui peuvent toujours compter sur leur solide bon sens.', 'prof', '2', ''),
('honneur', 'Honneur', '', '', '2', ''),
('humain', 'Humain', '', 'race', '2', ''),
('illusions', 'Illusions', '', '', '3', ''),
('invocation', 'Invocation', '', '', '2', ''),
('invocation-2', 'Invocation (v2)', 'Voie révisée (sans familier)', NULL, '2', ''),
('ki', 'Ki', '', '', '0', ''),
('kobold', 'Kobold', '', 'race', '0', ''),
('lutin', 'Lutin', NULL, 'race', '0', ''),
('magie-de-combat', 'Magie de Combat', 'Les créatures dotées de cette voie obtiennent au choix l’INT, la SAG ou le CHA en Carac. Supérieure.', 'creat', '1', ''),
('magie-de-guerison', 'Magie de Guérison', 'Les créatures dotées de cette voie obtiennent au choix l’INT, la SAG ou le CHA en Carac. Supérieure.', 'creat', '1', ''),
('magie-des-arcanes', 'Magie des Arcanes', '', '', '1', ''),
('magie-destructrice', 'Magie Destructrice', '', '', '1', ''),
('magie-elementaire', 'Magie Elementaire', '', '', '1', ''),
('magie-malefique', 'Magie Maléfique', 'Les créatures dotées de cette voie obtiennent au choix l’INT, la SAG ou le CHA en Carac. Supérieure. Elles sont capables de voir dans le noir.', 'creat', '1', ''),
('magie-primitive', 'Magie Primitive', 'Un nécromancien n’est pas forcément un magicien avide de pouvoir qui tente des expériences interdites au fond des cimetières en consultant des ouvrages impies. Le shaman d’une tribu primitive pour qui la puissance de la mort et du sang est une simple tradition culturelle est un autre exemple d’interprétation de ce profil.\r\nProfils possibles : nécromancien, tous les lanceurs de sort, prêtre, druide.', 'prest', '1', ''),
('magie-protectrice', 'Magie Protectrice', '', '', '1', ''),
('magie-universelle', 'Magie Universelle', '', '', '1', ''),
('maitre-d-armes', 'Maitre d\'armes', '', '', '0', ''),
('maitre-des-cadavres', 'Maître des cadavres', 'Le maître des cadavres est un guide pour son troupeau égaré, mais son cheptel est constitué de mort-vivants…\r\nProfil possible : nécromancien\r\nRequis : capacité Animation des morts (rang 2 de la Voie d’outre-tombe ).', 'prest', '0', ''),
('maitre-des-poisons', 'Maître des poisons', 'Le poison est l’arme des lâches dit-on parfois. Il faut être un âne habillé de métal pour se persuader de telle sornette, pour vous, c’est une arme efficace réservée à une élite d’individus intelligents et sans scrupules…\r\nProfil possible : voleur.\r\nPrérequis : rang 5 dans la Voie de l’assassin.', 'prest', '0', ''),
('maitrise', 'Maîtrise', '', '', '1', ''),
('mana', 'Mana', 'L’énergie de la magie imprègne chaque objet, chaque lieu. Les magiciens l’ont baptisée Mana et certains sont capables de la puiser dans leur environnement afin de modifier la structure et les effets de leur magie.\r\nProfils possibles : ensorceleurs, magiciens, nécromanciens, et profils hybrides qui ne font appel qu’à ces trois profils.\r\nRequis : au moins 5 capacités qui sont des sorts (portant la mention *).', 'prest', '1', ''),
('mecanicien', 'Mécanicien', 'Le mécanicien est capable de créer des mécanismes extraordinaires pour le servir. Ils peuvent êtres autonomes ou greffés sur lui et ils sont constitués de rouages complexes et minuscules. On appelle aussi parfois ces personnages des horlogers. \r\nProfil possible : forgesort\r\nRequis : Voie du métal et Voie du golem au rang 3 minimum.', 'prest', '0', ''),
('meditation', 'Méditation', '', '', '1', ''),
('meneur-d-hommes', 'Meneur d\'hommes', '', '', '0', ''),
('messager', 'Messager', 'Le messager sillonne les routes du royaume pour porter les missives des puissants, parfois il adopte le rôle de convoyeur pour des biens précieux ou même des personnalités importantes. \r\nProfils possibles : arquebusier, rôdeur, voleur ou guerrier.', 'prest', '0', ''),
('metal', 'Métal', '', '', '0', ''),
('meute', 'Meute', 'Les créatures qui comptent sur le nombre plutôt que la puissance individuelle, appartiennent à cette catégorie. Ce sont généralement des créatures de petite taille (exemples : les loups ou les hyènes, les gobelins et les kobolds) mais on trouve aussi quelques prédateurs plus gros (lionne, vélociraptor).\r\nLes créatures dotées de cette voie obtiennent la CON en Carac. Supérieure (indiqué par un *). Dans le cas où une créature est rencontrée seule, ignorez ces capacités et retranchez au NC de la créature le rang qu’elle possédait dans cette Voie.', 'creat', '1', ''),
('minotaure', 'Minotaure', '', 'race', '0', ''),
('misereux', 'Miséreux', 'La voie des mendiants et des parias, ceux que les gens rejettent et évitent.', 'prof', '0', ''),
('montreur-d-ours', 'Montreur d\'ours', '', '', '0', ''),
('mort', 'Mort', '', '', '0', ''),
('musicien', 'Musicien', '', '', '0', ''),
('mutations', 'Mutations', '', '', '3', ''),
('nain', 'Nain', '', 'race', '0', ''),
('nanti', 'Nanti', '\"Les pauvres, c\'est fait pour être très pauvres et les riches très riches !\" (Don Salluste, un riche noble estranger)', 'prof', '0', ''),
('nature', 'Nature', '', '', '1', ''),
('noblesse', 'Noblesse', '', '', '1', ''),
('ophidien', 'Ophidien', '', 'race', '2', ''),
('outre-tombe', 'Outre-tombe', '', '', '2', ''),
('pacte-vampirique', 'Pacte vampirique', 'On dit de certains individus qu’ils aiment le goût du sang, et ce constat va parfois bien au-delà d’une simple image. La magie noire de la nécromancie parcourt les veines de ces êtres, soit par ce qu’ils la pratiquent depuis fort longtemps, soit par ce qu’ils ont conclu un pacte avec une entité démoniaque qui leur permet d’exercer la sombre magie du sang.\r\nProfils possibles : nécromancien\r\nRequis : rang 5 dans la Voie du sang ou passer un pacte avec une entité inférieure.', 'prest', '0', ''),
('pagne', 'Pagne', '', '', '0', ''),
('pierre', 'Pierre', 'Les moines adeptes de cette école portent souvent d’imposants bracelets de pierre aux poignets et aux chevilles pour accentuer l’inertie et la puissance de leurs coups. \r\nProfil possible : moine\r\nRequis : rang 3 ou supérieur dans la Voie du poing.', 'prest', '1', ''),
('pistolero', 'Pistolero', '', '', '0', ''),
('pnj-recurrent', 'PNJ récurrent', 'Cette voie est créée sur mesure pour un PNJ important et récurrent de votre campagne. Elle doit lui permettre de survivre à l’agressivité bien naturelle de vos PJ à son encontre et lui donner l’occasion de se tirer des plus mauvais pas pour mieux revenir plus tard… et le rendre encore plus détestable !\r\nLes créatures dotées de cette voie obtiennent l’INT et le CHA en Carac. Supérieure (indiqué par un *).', 'creat', '0', ''),
('poing', 'Poing', '', '', '0', ''),
('portes', 'Portes', '', '', '2', ''),
('porteur-de-bouclier', 'Porteur de bouclier', 'Cette Voie permet de devenir un expert du bouclier, dont les célèbres shieldmaiden des vikings constituent un exemple historique connu. Un guerrier ayant complété la Voie du bouclier ou un chevalier celle de la guerre pourront aussi trouver là une spécialisation toujours plus pointue dans le domaine défensif.\r\nRequis : profil permettant l’utilisation du bouclier', 'prest', '0', ''),
('pourfendeur', 'Pourfendeur', '', '', '0', ''),
('precision', 'Précision', '', '', '1', ''),
('predateur', 'Prédateur', 'Les créatures dotées de cette voie obtiennent la DEX et la SAG en Carac. Supérieure (indiqué par un *).', 'creat', '0', ''),
('priere', 'Prière', '', '', '1', ''),
('primitif', 'Primitif', '', '', '0', ''),
('protecteur', 'Protecteur', '', '', '0', ''),
('rage', 'Rage', '', '', '1', ''),
('resistance', 'Résistance', '', '', '1', ''),
('roublard', 'Roublard', '', '', '0', ''),
('runes', 'Runes', '', '', '3', ''),
('sabre', 'Sabre', '', '', '0', ''),
('saisons', 'Saisons', 'Que ce soit par la prière ou simplement par l’ascèse et la méditation, certains sages atteignent l’illumination en communiant avec la nature. Ils entrent en osmose avec le cycle des saisons. Leur coeur et leur âme battent désormais à l’unisson avec le monde et leur vie est rythmée par ce cycle.\r\nRequis : rang 5 dans une voie de druide, de moine ou de prêtre vénérant un dieu de la nature.', 'prest', '3', ''),
('saltimbanque', 'Saltimbanque', '', '', '0', ''),
('sang', 'Sang', '', '', '0', ''),
('sang-dragon', 'Sang-Dragon', 'Certains ensorceleurs tirent leurs pouvoirs d’une ascendance magique, un des héritages les plus fréquents est celui du sang-dragon.\r\nProfils possibles : ensorceleur, moine\r\nTous les profils sont éligibles mais les deux ci-dessus sont ceux qui profite le mieux de cette Voie.', 'prest', '0', ''),
('seduction', 'Séduction', '', '', '1', ''),
('soins', 'Soins', 'Soins légers et soins modérés peuvent être utilisés un nombre de fois par jour égal au Rang que le prêtre a atteint dans cette Voie. Au Rang 2 par exemple, il peut utiliser chaque capacité 2 fois par jour.', '', '3', ''),
('soldat', 'Soldat', '', '', '0', ''),
('sombre-magie', 'Sombre Magie', '', '', '1', ''),
('spadassin', 'Spadassin', '', '', '0', ''),
('spiritualite', 'Spiritualité', '', '', '1', ''),
('survie', 'Survie', '', '', '0', ''),
('telekinesie', 'Télékinésie', '', '', '1', ''),
('telepathie', 'Télépathie', '', '', '1', ''),
('tieflin', 'Tieflin', '', 'race', '0', ''),
('tournoi', 'Tournoi', 'Certains chevaliers deviennent des héros sur le champ de bataille, d’autres brillent en lice, contrairement à ce que l’on pourrait croire ce ne sont pas les premiers que les dames idolâtrent le plus. Mais l’un n’empêche pas l’autre.\r\nProfil possible : chevalier\r\nRequis : rang 4 dans la Voie du cavalier', 'prest', '0', ''),
('traqueur', 'Traqueur', '', '', '0', ''),
('tueur', 'Tueur', NULL, 'creat', '0', ''),
('vagabond', 'Vagabond', '', '', '0', ''),
('vegetaux', 'Végétaux', '', '', '2', ''),
('vent', 'Vent', '', '', '0', ''),
('vermines', 'Vermines', 'Profil possible : druide\r\nRequis : pour obtenir l’accès à cette voie de prestige, le druide doit développer une certaine affinité avec les insectes ou avec les arachnides (capacité Nuée d’insectes, rang 2 de la Voie des animaux).', 'prest', '3', ''),
('voix', 'Voix', 'Cette Voie se concentre sur les différents pouvoirs qu’un barde peut titrer de son organe principale, la voix.\r\nProfil possible : barde\r\nRequis : rang 3 minimum dans la Voie du musicien', 'prest', '1', ''),
('wolfer', 'Wolfer', '', 'race', '0', '');

-- --------------------------------------------------------

--
-- Table structure for table `cof_voies_profils`
--

DROP TABLE IF EXISTS `cof_voies_profils`;
CREATE TABLE IF NOT EXISTS `cof_voies_profils` (
  `profil` varchar(20) NOT NULL,
  `voie` varchar(20) NOT NULL,
  PRIMARY KEY (`profil`,`voie`),
  KEY `cof_voies_profils_profil` (`profil`),
  KEY `cof_voies_profils_voie` (`voie`)
) ENGINE=InnoDB DEFAULT CHARSET=utf8mb4 COLLATE=utf8mb4_general_ci;

--
-- Dumping data for table `cof_voies_profils`
--

INSERT INTO `cof_voies_profils` (`profil`, `voie`) VALUES
('adepte-martial', 'combat'),
('adepte-martial', 'controle-corporel'),
('adepte-martial', 'maitre-d-armes'),
('adepte-martial', 'telekinesie'),
('adepte-martial', 'telepathie'),
('adepte-zen', 'attaque-mentale'),
('adepte-zen', 'meditation'),
('adepte-zen', 'poing'),
('adepte-zen', 'telepathie'),
('adepte-zen', 'vent'),
('alchimiste', 'elixirs'),
('alchimiste', 'explosifs'),
('alchimiste', 'magie-elementaire'),
('alchimiste', 'magie-universelle'),
('alchimiste', 'metal'),
('archer', 'archer'),
('archer', 'escarmouche'),
('archer', 'maitre-d-armes'),
('archer', 'precision'),
('archer', 'traqueur'),
('arquebusier         ', 'artilleur'),
('arquebusier         ', 'champ-de-bataille'),
('arquebusier         ', 'explosifs'),
('arquebusier         ', 'pistolero'),
('arquebusier         ', 'precision'),
('astrologue', 'air'),
('astrologue', 'divination'),
('astrologue', 'envouteur'),
('astrologue', 'magie-protectrice'),
('astrologue', 'magie-universelle'),
('bandit', 'assassin'),
('bandit', 'aventurier'),
('bandit', 'escarmouche'),
('bandit', 'spadassin'),
('bandit', 'survie'),
('barbare             ', 'brute'),
('barbare             ', 'pagne'),
('barbare             ', 'pourfendeur'),
('barbare             ', 'primitif'),
('barbare             ', 'rage'),
('barde               ', 'escrime'),
('barde               ', 'musicien'),
('barde               ', 'saltimbanque'),
('barde               ', 'seduction'),
('barde               ', 'vagabond'),
('bohemien', 'aventurier'),
('bohemien', 'roublard'),
('bohemien', 'saltimbanque'),
('bohemien', 'seduction'),
('bohemien', 'vagabond'),
('chaman', 'animaux'),
('chaman', 'nature'),
('chaman', 'priere'),
('chaman', 'soins'),
('chaman', 'spiritualite'),
('champion', 'combat'),
('champion', 'guerre'),
('champion', 'heros'),
('champion', 'maitre-d-armes'),
('champion', 'meneur-d-hommes'),
('chasseur-de-primes', 'archer'),
('chasseur-de-primes', 'assassin'),
('chasseur-de-primes', 'escarmouche'),
('chasseur-de-primes', 'spadassin'),
('chasseur-de-primes', 'traqueur'),
('chevalier           ', 'cavalier'),
('chevalier           ', 'guerre'),
('chevalier           ', 'heros'),
('chevalier           ', 'meneur-d-hommes'),
('chevalier           ', 'noblesse'),
('chevalier-de-la-mort', 'cavalier'),
('chevalier-de-la-mort', 'guerre'),
('chevalier-de-la-mort', 'meneur-d-hommes'),
('chevalier-de-la-mort', 'mort'),
('chevalier-de-la-mort', 'outre-tombe'),
('corsaire', 'artilleur'),
('corsaire', 'aventurier'),
('corsaire', 'pistolero'),
('corsaire', 'precision'),
('corsaire', 'spadassin'),
('courtisane', 'envouteur'),
('courtisane', 'escrime'),
('courtisane', 'illusions'),
('courtisane', 'musicien'),
('courtisane', 'seduction'),
('croise', 'bouclier'),
('croise', 'guerre-sainte'),
('croise', 'priere'),
('croise', 'resistance'),
('croise', 'soldat'),
('dandy', 'escrime'),
('dandy', 'heros'),
('dandy', 'noblesse'),
('dandy', 'seduction'),
('dandy', 'vagabond'),
('demoniste', 'demon'),
('demoniste', 'magie-destructrice'),
('demoniste', 'magie-protectrice'),
('demoniste', 'sang'),
('demoniste', 'sombre-magie'),
('devin', 'divination'),
('devin', 'envouteur'),
('devin', 'priere'),
('devin', 'soins'),
('devin', 'spiritualite'),
('druide              ', 'animaux'),
('druide              ', 'fauve'),
('druide              ', 'nature'),
('druide              ', 'protecteur'),
('druide              ', 'vegetaux'),
('duelliste', 'aventurier'),
('duelliste', 'deplacement'),
('duelliste', 'escrime'),
('duelliste', 'maitre-d-armes'),
('duelliste', 'spadassin'),
('enchanteur', 'divination'),
('enchanteur', 'illusions'),
('enchanteur', 'invocation'),
('enchanteur', 'magie-protectrice'),
('enchanteur', 'magie-universelle'),
('ensorceleur         ', 'air'),
('ensorceleur         ', 'divination'),
('ensorceleur         ', 'envouteur'),
('ensorceleur         ', 'familier'),
('ensorceleur         ', 'illusions'),
('ensorceleur         ', 'invocation'),
('ensorceleur         ', 'invocation-2'),
('espion', 'assassin'),
('espion', 'aventurier'),
('espion', 'roublard'),
('espion', 'seduction'),
('espion', 'vagabond'),
('forgesort           ', 'artefacts'),
('forgesort           ', 'elixirs'),
('forgesort           ', 'golem'),
('forgesort           ', 'metal'),
('forgesort           ', 'runes'),
('gladiateur', 'brute'),
('gladiateur', 'combat'),
('gladiateur', 'pagne'),
('gladiateur', 'pourfendeur'),
('gladiateur', 'resistance'),
('guerisseur', 'nature'),
('guerisseur', 'priere'),
('guerisseur', 'protecteur'),
('guerisseur', 'soins'),
('guerisseur', 'spiritualite'),
('guerrier            ', 'bouclier'),
('guerrier            ', 'combat'),
('guerrier            ', 'maitre-d-armes'),
('guerrier            ', 'resistance'),
('guerrier            ', 'soldat'),
('invocateur          ', 'conjuration'),
('invocateur          ', 'entite'),
('invocateur          ', 'familier'),
('invocateur          ', 'mutations'),
('invocateur          ', 'portes'),
('kensai', 'combat'),
('kensai', 'honneur'),
('kensai', 'ki'),
('kensai', 'maitre-d-armes'),
('kensai', 'sabre'),
('lutteur', 'brute'),
('lutteur', 'maitre-d-armes'),
('lutteur', 'maitrise'),
('lutteur', 'pagne'),
('lutteur', 'poing'),
('magelame', 'combat'),
('magelame', 'magie-des-arcanes'),
('magelame', 'magie-elementaire'),
('magelame', 'maitre-d-armes'),
('magelame', 'resistance'),
('magicien            ', 'magie-des-arcanes'),
('magicien            ', 'magie-destructrice'),
('magicien            ', 'magie-elementaire'),
('magicien            ', 'magie-protectrice'),
('magicien            ', 'magie-universelle'),
('maitre-de-guerre', 'artilleur'),
('maitre-de-guerre', 'champ-de-bataille'),
('maitre-de-guerre', 'explosifs'),
('maitre-de-guerre', 'golem'),
('maitre-de-guerre', 'metal'),
('maitre-des-betes', 'animaux'),
('maitre-des-betes', 'cavalier'),
('maitre-des-betes', 'compagnon-animal'),
('maitre-des-betes', 'fauve'),
('maitre-des-betes', 'montreur-d-ours'),
('mentaliste', 'attaque-mentale'),
('mentaliste', 'controle-corporel'),
('mentaliste', 'divination'),
('mentaliste', 'illusions'),
('mentaliste', 'telepathie'),
('mercenaire', 'champ-de-bataille'),
('mercenaire', 'combat'),
('mercenaire', 'precision'),
('mercenaire', 'resistance'),
('mercenaire', 'soldat'),
('moine               ', 'energie-vitale'),
('moine               ', 'maitrise'),
('moine               ', 'meditation'),
('moine               ', 'poing'),
('moine               ', 'vent'),
('necromancien        ', 'demon'),
('necromancien        ', 'mort'),
('necromancien        ', 'outre-tombe'),
('necromancien        ', 'sang'),
('necromancien        ', 'sombre-magie'),
('ninja', 'assassin'),
('ninja', 'deplacement'),
('ninja', 'poing'),
('ninja', 'spadassin'),
('ninja', 'vent'),
('ombremage', 'deplacement'),
('ombremage', 'magie-des-arcanes'),
('ombremage', 'magie-protectrice'),
('ombremage', 'magie-universelle'),
('ombremage', 'roublard'),
('paladin', 'cavalier'),
('paladin', 'guerre-sainte'),
('paladin', 'heros'),
('paladin', 'meneur-d-hommes'),
('paladin', 'soins'),
('passeur-dame', 'mort'),
('passeur-dame', 'outre-tombe'),
('passeur-dame', 'priere'),
('passeur-dame', 'sang'),
('passeur-dame', 'spiritualite'),
('pirate', 'combat'),
('pirate', 'escrime'),
('pirate', 'maitre-d-armes'),
('pirate', 'resistance'),
('pirate', 'saltimbanque'),
('pretre              ', 'foi'),
('pretre              ', 'guerre-sainte'),
('pretre              ', 'priere'),
('pretre              ', 'soins'),
('pretre              ', 'spiritualite'),
('psionique           ', 'attaque-mentale'),
('psionique           ', 'controle-corporel'),
('psionique           ', 'empathie'),
('psionique           ', 'telekinesie'),
('psionique           ', 'telepathie'),
('repurgateur', 'foi'),
('repurgateur', 'guerre-sainte'),
('repurgateur', 'priere'),
('repurgateur', 'survie'),
('repurgateur', 'traqueur'),
('rodeur              ', 'archer'),
('rodeur              ', 'compagnon-animal'),
('rodeur              ', 'escarmouche'),
('rodeur              ', 'montreur-d-ours'),
('rodeur              ', 'survie'),
('rodeur              ', 'traqueur'),
('sabreur-zen', 'energie-vitale'),
('sabreur-zen', 'ki'),
('sabreur-zen', 'meditation'),
('sabreur-zen', 'sabre'),
('sabreur-zen', 'vent'),
('sauvage', 'escarmouche'),
('sauvage', 'pagne'),
('sauvage', 'pourfendeur'),
('sauvage', 'primitif'),
('sauvage', 'survie'),
('seigneur            ', 'arc-et-cheval'),
('seigneur            ', 'dirigeant'),
('seigneur            ', 'honneur'),
('seigneur            ', 'ki'),
('seigneur            ', 'sabre'),
('sorcier', 'demon'),
('sorcier', 'divination'),
('sorcier', 'envouteur'),
('sorcier', 'invocation'),
('sorcier', 'sombre-magie'),
('voleur              ', 'assassin'),
('voleur              ', 'aventurier'),
('voleur              ', 'deplacement'),
('voleur              ', 'roublard'),
('voleur              ', 'spadassin');

-- --------------------------------------------------------

--
-- Table structure for table `cog_capacites`
--

DROP TABLE IF EXISTS `cog_capacites`;
CREATE TABLE IF NOT EXISTS `cog_capacites` (
  `capacite` varchar(30) NOT NULL,
  `nom` varchar(50) NOT NULL,
  `limitee` tinyint(1) DEFAULT NULL,
  `sort` tinyint(1) DEFAULT NULL,
  `type` varchar(5) DEFAULT NULL,
  `description` text NOT NULL,
  PRIMARY KEY (`capacite`)
) ENGINE=InnoDB DEFAULT CHARSET=utf8mb4 COLLATE=utf8mb4_general_ci;

--
-- Dumping data for table `cog_capacites`
--

INSERT INTO `cog_capacites` (`capacite`, `nom`, `limitee`, `sort`, `type`, `description`) VALUES
('50-50', '50/50', 0, 0, 'cult', 'Le personnage a accès à de nombreuses ressources dans le domaine qui est le sien. Il peut diviser le coût et le temps nécessaire pour accéder à des produits qui ne sont pas en vente libre (objet illégal, prototype, contrebande, etc.) par deux. Si vous utilisez la notion abstraite de niveau de vie, cela équivaut à diminuer le niveau de vie de l’objet d’une catégorie. Le matériel de pointe peut souvent permettre d’obtenir des bonus aux actions de ceux qui l’utilisent.'),
('a-lecoute', 'À l’écoute', 0, 0, 'savf', 'Le personnage sait écouter et mettre les autres à l’aise pour obtenir leurs confidences. Il gagne un bonus de compétence de +1 par rang atteint dans cette voie aux tests de PER effectués pour analyser l’état émotionnel de ses interlocuteurs et aux tests de CHA pour obtenir une information ou un aveu.'),
('acuite-psychique', 'Acuité psychique', 0, 0, 'espeg', 'Les êtres luminescents ont un fonctionnement morphologique qui dépasse les créatures plus ordinaires. À ce stade, le personnage fait l’acquisition d’une capacité de rang 1 d’une voie psychique de son choix.'),
('adaptation', 'Adaptation', 0, 0, 'psych', 'Le personnage augmente sa CON de 1. Le psi est désormais capable de se reprogrammer génétiquement pour faire face à un éventail de situations. Il crée un cocon protecteur dans lequel il doit passer une nuit de repos ininterrompue. Au réveil, son corps a été transformé de manière à s’adapter au mieux. Il peut sélectionner un implant biotechnologique de son choix (voir chapitre 5, page XXX) dont il bénéficie des effets avec un rang de 2 jusqu’à nouvel ordre. Si le personnage a déjà un ou plusieurs implants de ce type, il ne peut pas les sélectionner de nouveau.'),
('adaptation-tymbri', 'Adaptation', 0, 0, 'espbo', 'Le personnage augmente sa CON de 1. Le Tymbri est désormais capable de se reprogrammer génétiquement pour faire face à un éventail de situations. Il crée un cocon protecteur dans lequel il doit passer une nuit de repos ininterrompue. Au réveil, son corps a été transformé de manière à s’adapter au mieux. Il peut sélectionner un implant biotechnologique de son choix (voir chapitre 5, page XXX) dont il bénéficie des effets avec un rang de 2 jusqu’à nouvel ordre. Si le personnage a déjà un ou plusieurs implants de ce type, il ne peut pas les sélectionner de nouveau.'),
('amelioration-robotique', 'Amélioration robotique', 0, 0, 'espbo', 'Grâce à l’ajout de nouvelles pièces ou au remplacement d’anciennes, le personnage dispose de nouvelles capacités, équivalentes à un implant de type C de niveau 3.'),
('anticipation', 'Anticipation', 0, 0, 'savf', 'Lorsqu’il occupe le poste de canonnier, le personnage bénéficie d’un bonus de compétence à l’ATD égal à son rang contre les vaisseaux dont l’initiative est inférieure ou égale à celle de son vaisseau. De plus, il est capable de réparer les systèmes d’armement d’un vaisseau ainsi que les tenues de protection et armures lourdes.'),
('appel-a-un-ami', 'Appel à un ami', 0, 0, 'cult', 'Le personnage connaît de nombreuses personnes capables de lui rendre service dans son milieu. Une fois par session si les circonstances s’y prêtent, il peut demander de l’aide à une relation : renseignement, coup de main, etc. Cela nécessite la réussite d’un test de [CHA + rang]. Le ND dépend de l’importance du service requis'),
('apprentissage-adaptatif', 'Apprentissage adaptatif', 0, 0, 'espbo', 'Le personnage dispose d’un deuxième emplacement de programmation, qui fonctionne en tout point comme celui décrit dans la capacité apprentissage par induction. Les deux emplacements libres peuvent désormais accueillir des capacités de rang 4. Le ND du test d’apprentissage pour une capacité de rang 4 est de 25.'),
('apprentissage-par-induction', 'Apprentissage par induction', 0, 0, 'espbo', 'L’androïde est capable d’assimiler une nouvelle compétence par simple observation, même en dehors de sa programmation initiale. Il dispose d’un emplacement de programmation libre. Une fois par partie, lorsqu’il assiste à l’utilisation d’une capacité de rang inférieur ou égal à 3 d’une voie de savoir-faire, le personnage peut effectuer un test de [rang + INT] pour « reprogrammer » cet emplacement. Le ND est de 5, plus 5 par rang de la capacité (10 pour une capacité de rang 1, 15 pour une capacité de rang 2, etc). Si le test est réussi, le personnage dispose désormais de cette capacité jusqu’à ce qu’il en change. Il utilise son rang dans la voie de l’androïde lorsqu’il en fait usage.'),
('apprentissage-par-modules', 'Apprentissage par modules', 0, 0, 'espbo', 'Une fois par aventure, le robot peut installer un module d’apprentissage. Tant que ce module est en place, celui-ci lui confère un bonus de compétence de +1 par rang à une activité extrêmement spécifique (conduire un modèle de vaisseau particulier, traduire un langage spécifique, protéger un objet désigné). Ce module doit rester cohérent avec sa spécialité.'),
('approvisionnement', 'Approvisionnement', 0, 0, 'savf', 'S’il dispose de quelques heures sur une planète ou à bord d’une station d’un niveau technologique suffisant, le personnage peut se procurer des pièces détachées pour l’ensemble des systèmes d’un vaisseau civil. Il peut effectuer un approvisionnement une fois par planète et récupère à chaque fois de quoi effectuer 1d4 réparations (1d4 unités de pièces détachées, si vous utilisez les règles de gestion de ressources au chapitre 3 page XXX). La quantité maximale de pièces détachées qui peuvent être stockées à bord est égale au double de la taille du vaisseau (2 pour un chasseur, 4 pour un transport léger, etc.).'),
('arme-de-predilection', 'Arme de prédilection', 0, 0, 'savf', 'Le personnage choisit une arme de prédilection. Son score de base d’ATC est augmenté de 1 lorsqu’il utilise cette arme et il peut ajouter son dé de renforcement aux dégâts de celle-ci. Il est possible de choisir ses poings et ses pieds comme arme, le dé de renforcement devient dans ce cas sans limite. De plus, lorsqu’il utilise une arme légère (couteau, rapière, mains nues), il peut choisir d’utiliser sa DEX au lieu de sa FOR pour calculer son score d’attaque.'),
('arme-improvisee', 'Arme improvisée (M)', 0, 0, 'savf', 'Le personnage sait transformer des objets en apparence anodins en armes de défense redoutable. Il s’empare d’un objet dans le décor qu’il peut utiliser comme l’équivalent d’une arme infligeant [ 1d6 + FOR ] DM temporaires ou létaux (au choix du joueur).'),
('as-de-la-gachette', 'As de la gâchette', 1, 0, 'savf', 'Lorsqu’il utilise coup rapide ou l’action Combat à deux armes avec des armes à feu, le personnage remplace un d12 utilisé pour l’une de ses attaques par un d20. Le personnage augmente sa PER de 1.'),
('as-de-lingenierie', 'As de l’ingénierie', 1, 1, 'savf', 'Le personnage augmente son INT de 1. De plus, il a maintenant une connaissance intime du fonctionnement des moteurs. Lorsqu’il occupe la salle des moteurs, il ajoute le double de son INT à la Puissance du vaisseau.'),
('as-des-as', 'As des as', 1, 1, 'savf', 'Le personnage lance deux dés et garde le meilleur résultat à chaque fois qu’il effectue une action de manoeuvre ou une action limitée ayant trait à son vaisseau. De plus, il augmente sa DEX de 1.'),
('assaut-psi', 'Assaut Psi (A:CHA)', 0, 0, 'psych', 'Le psi concentre son esprit en un projectile d’énergie psychique visant directement les centres nerveux de sa cible. C’est une attaque psychique standard qui peut affecter une cible visible à moins de 20 m. Si elle est réussie, la cible subit 2d6 de DM temporaires et est étourdie jusqu’à la fin de son prochain tour. Au rang 4, le projectile inflige 3d6 DM temporaires et sa portée maximale passe à 50 m.'),
('assimilation', 'Assimilation', 0, 0, 'espeg', 'Le personnage a désormais accès à la capacité de rang 2 de la voie d’espèce de son hôte. De plus, le parasite est désormais capable de récupérer un corps mort depuis moins d’une heure pour en faire son hôte.'),
('attaque-agressive', 'Attaque agressive', 1, 1, 'cult', 'Le personnage abandonne toute prudence et mise sur l’offensive. Sa DEF est pénalisée d’un malus de situation de -2. En contrepartie, son attaque bénéficie d’un bonus de compétence de +2. Toute attaque qui réussit bénéficie d’un dé de DM supplémentaire, du même type que les dés de dégâts de l’arme. À noter que le personnage peut utiliser cette capacité avec un vaisseau s’il occupe à la fois les postes de PIL et de CAN.'),
('attaque-deloyale', 'Attaque déloyale (A)', 0, 0, 'savf', 'Quand il attaque un adversaire dans le dos, par surprise ou en bénéficiant d’une supériorité numérique, le personnage inflige 1d6 points de DM supplémentaires (notez que ces DM supplémentaires ne sont pas multipliés en cas de critique). Ce bonus passe à 2d6 au rang 5 de la voie.'),
('attaque-en-pique', 'Attaque en piqué', 1, 1, 'espeg', 'Le personnage peut effectuer une attaque foudroyante sur un adversaire alors qu’il est en vol. Le personnage doit se trouver à moins de 30 mètres au-dessus de sa cible. Il pique sur celle-ci puis effectue une attaque au contact ou à distance. Si cette attaque est réussie, les dégâts sont doublés. Si le personnage est interfacé avec un vaisseau qu’il pilote, il peut aussi effectuer cette manoeuvre lors d’un combat spatial à partir du moment où il a pris l’avantage sur un adversaire.'),
('attrape-reves', 'Attrape-rêves (A:PER)', 0, 0, 'psych', 'Le psi s’enfonce plus profondément dans la psyché d’un individu, afin de lire son subconscient et ses pensées profondes. Pendant l’attaque, la cible a l’impression de rêver et perçoit des images incohérentes et chaotiques de son passé. Pour cette raison, les télépathes choisissent souvent de cibler des individus pendant leur sommeil. Si l’attaque est réussie, le psi obtient des informations sur les motivations et le caractère de sa cible. Cela peut lui permettre d’obtenir une information en particulier, et lui confère aussi un bonus de situation de +1 par rang à toutes ses interactions sociales avec cette personne.'),
('avalanche-de-coups', 'Avalanche de coups', 1, 0, 'savf', 'Le personnage inonde de coups un adversaire pour le contraindre à se défendre. Les DM infligés sont les mêmes qu’une attaque unique, mais si l’attaque est réussie, la cible perd son prochain tour.'),
('backdoor', 'Backdoor', 0, 0, 'ia', 'L’I.A. est capable de s’installer de manière agressive sur un grand nombre de terminaux, et devient presque impossible à éliminer. Son réseau peut s’étendre sur toute une ville ou sur un vaisseau de grande taille. L’I.A. dispose d’une capacité équivalente à la guerre électronique, de la voie de l’électronique. 5. Worm : À ce stade, l’I.A. devient presque impossible à détruire. Elle a appris à répliquer ses composantes de manière à ce que se débarrasser d’elle revient à annihiler son réseau de communication. Celui-ci occupe l’équivalent d’une fraction de planète ou d’une flotte spatiale. Tous les systèmes informatiques sont infectés. Elle peut désormais prendre le contrôle direct de n’importe quel système dans son réseau, y compris les androïdes, les robots ou les vaisseaux. Si l’I.A. remporte un test opposé d’INT (Électronique), le système devient une extension physique asservie pour le tour. L’I.A. peut contrôler ainsi une centaine de systèmes sans subir de ralentissement. 8. Crash'),
('barriere-psi', 'Barrière Psi', 0, 0, 'psych', 'Le psi apprend à lever des barrières infranchissables autour de son esprit. Sa DEP bénéficie d’un bonus de matériel de 1 par rang, et il utilise des d6 plutôt que des d4 pour ses dégâts d’egofeedback. Cette capacité peut se cumuler avec le trait Volonté de fer.'),
('beau-parleur', 'Beau parleur', 0, 0, 'savf', 'Une fois par session, le personnage peut relancer un test de persuasion, séduction ou bluff, ou un test de capacité de cette voie, et conserver le meilleur résultat.'),
('bidouilleur', 'Bidouilleur', 0, 0, 'savf', 'Le personnage est capable de réparer n’importe quoi avec presque rien. Une fois par aventure, il peut réparer un vaisseau, un système ou un mécanisme même s’il ne possède a priori pas les outils ou les pièces de rechange adéquates.'),
('bioperception', 'Bioperception', 0, 0, 'psych', 'Le psi ressent naturellement la présence de vie biologique autour de lui, qu’elle soit animale ou végétale. Il ressent aussi la présence d’ondes psychiques, avec d’autant plus de clarté que la puissance du psi ou de la capacité utilisée est élevée. Le psi dispose d’un bonus de compétence +1 par rang dans tous ses tests de PER lorsqu’il s’agit de détecter un être vivant. De plus, en présence d’une forme de vie, il est capable d’évaluer si elle est en bonne santé ou non, sans toutefois disposer d’un diagnostic plus précis.'),
('bombe-mentale', 'Bombe mentale (CHA)', 1, 0, 'psych', 'Le psi implante une bombe mentale dans l’esprit de sa cible. En cas de réussite, face à une situation particulière ou un mot clé choisi à l’avance, la cible devient paralysée pendant 1d6 heures. Le lien entre son corps et son esprit est brisé et seul un second mot clé peut sortir la victime de sa torpeur. Dans l’intervalle, elle est parfaitement consciente de tout ce qui se passe autour d’elle. Par ailleurs, le personnage augmente ses scores de CHA et de PER de 1.'),
('bond-de-laraignee', 'Bond de l’araignée (M)', 0, 0, 'espeg', 'Le personnage est désormais capable de réaliser des bonds impressionnants. Chaque usage de cette capacité lui permet de bondir jusqu’à 10 mètres dans la direction de son choix (même en hauteur). Il est capable de se réceptionner même sur une surface verticale ou inversée.'),
('bouclier-psi', 'Bouclier Psi', 0, 0, 'psych', 'Les télépathes apprennent aussi à dresser des barrières autour de leur esprit. La DEP du personnage bénéficie d’un bonus de matériel de +1 par rang. Il peut en outre choisir de ne pas causer d’egofeedback lorsqu’il est la cible d’une attaque psychique. Un télépathe qui a atteint ce rang peut d’autre part enseigner à un non-psi comment abaisser ses barrières psychiques.'),
('bouclier-vegetal', 'Bouclier végétal', 1, 0, 'espeg', 'Le personnage augmente sa FOR de 1. En outre, il a appris à manipuler sa capacité de Croissance accélérée pour créer un bouclier pratiquement infranchissable, derrière lequel ses alliés peuvent s’abriter. Jusqu’à six créatures de taille moyenne peuvent bénéficier du bouclier. Celui-ci est totalement opaque et protège contre toutes les attaques physiques : laser, plasma, feu, etc. Le bouclier dispose du même nombre de PV que le personnage. Une fois les PV du bouclier épuisés, il continue à protéger ceux qu’il abrite, mais ce sont alors les PV du personnage qui sont perdus. Si le personnage tombe à 0 PV, le bouclier se disloque.'),
('brute-epaisse', 'Brute épaisse', 1, 0, 'savf', 'Le personnage augmente sa FOR de 1. Il peut choisir d’utiliser un d12 en attaque au contact au lieu du d20 habituel. Si une telle attaque est réussie, il ajoute 2d6 aux DM.'),
('cameleon', 'Caméléon', 1, 0, 'savf', 'Le personnage sait se faire passer pour un autre ou pour un membre d’une corporation dont il n’est pas issu. Il obtient un bonus de compétence de +5 à tous les tests de connaissances associés au corps de métier choisi, et +1 par rang à toutes les interactions sociales avec des membres de cette corporation. Toutefois, s’il est découvert et pour le reste de l’aventure, toutes ses interactions avec un membre de cette corporation subissent un malus de situation de -5.'),
('camouflage', 'Camouflage', 0, 0, 'espbo', 'Le personnage augmente sa DEX ou sa FOR de 1. Il est en outre capable de modifier la teinte et la luminosité de ses écailles afin de se fondre dans son environnement. Il bénéficie alors d’un bonus de compétence de +5 pour passer inaperçu. S’il utilise cette capacité avant d’attaquer une cible qui ne parvient pas à le repérer, il bénéficie aussi d’un bonus de compétence de +5 sur toutes ses attaques contre celle-ci.'),
('camouflage-reptiloides', 'Camouflage', 0, 0, 'espeg', 'Le personnage augmente sa DEX ou sa FOR de 1. Il est en outre capable de modifier la teinte et la luminosité de ses écailles afin de se fondre dans son environnement. Il bénéficie alors d’un bonus de compétence de +5 pour passer inaperçu. S’il utilise cette capacité avant d’attaquer une cible qui ne parvient pas à le repérer, celle-ci voit sa DEF diminuée de 5.'),
('carnage', 'Carnage', 0, 0, 'savf', 'Le personnage lance deux dés et conserve le meilleur résultat lors des tests d’attaque du vaisseau. De plus, le canonnier ajoute désormais sa PER à tous les dégâts des armes de bord.'),
('celebre', 'Célèbre', 0, 0, 'savf', 'Le personnage est à présent un artiste reconnu. Sa célébrité lui donne accès à bien des lieux de pouvoir et la plupart des gens considèrent sa simple présence comme un honneur. Le niveau de vie du personnage est augmenté d’une catégorie. Une fois par aventure, le joueur peut demander l’intervention d’un personnage puissant en sa faveur.'),
('champ-de-force', 'Champ de force', 0, 0, 'psych', 'Le psi déploie autour de lui un champ de force qui repousse efficacement les projectiles et les solides, ainsi que les rayons soniques et plasmiques. Ce champ de force lui confère un bonus de matériel de +2 en DEF, et ne peut se cumuler avec un autre champ de force (il peut par contre se cumuler avec le combat kinétique). Déployer et maintenir ce champ de force est une action gratuite et le champ ne peut englober personne d’autre.'),
('chance-des-misereux', 'Chance des miséreux', 0, 0, 'cult', 'Vu ses origines, c’est un miracle que le personnage n’ait pas déjà été victime de maladie, de violence ou d’un simple accident. Il obtient 1 PC supplémentaire à chaque rang impair dans cette voie.'),
('chanceux', 'Chanceux', 0, 0, 'espbo', 'Les Humains disposent d’1 PC supplémentaire à chaque rang impair dans la voie d’espèce. De plus, un Humain peut utiliser 1 PC pour annuler un modificateur de situation sur l’un de ses tests. Il peut utiliser ce PC en plus d’un autre point lui conférant un modificateur de chance.'),
('changement-dhote', 'Changement d’hôte', 0, 0, 'espeg', 'Le parasite est désormais capable de se déplacer d’un hôte à l’autre. Cela nécessite que sa cible soit inconsciente, immobilisée ou bien consentante. Le parasite quitte alors l’ancien hôte (qui meurt) pour habiter le nouvel hôte.'),
('charisme-hero\"ique', 'Charisme héroïque', 0, 0, 'savf', 'Le personnage augmente de 1 son CHA. Désormais, le joueur lance deux d20 à tous les tests de CHA basés sur les émotions et conserve le meilleur résultat. De plus, le personnage commence à vivre de son art : son niveau de vie augmente d’une catégorie (maximum: aisé).'),
('chimie-therapeuthique', 'Chimie thérapeuthique', 0, 0, 'augm', 'Le grade de tous les stimulants sélectionnés est augmenté de 1 et peut atteindre 4. De plus, le personnage bénéficie d’un bonus de matériel de +2 à tous les tests de dépendance induits par la prise d’un stimulant (par voie externe) qui ne fait pas partie de sa sélection.'),
('chirurgien', 'Chirurgien', 0, 0, 'savf', 'Le personnage sait opérer et réparer les organes avec du matériel approprié. Il est aussi formé à la chirurgie traumatique de terrain. En passant une heure au chevet d’un blessé, il peut lui permettre de supprimer une blessure grave en réussissant un test de DEX (ND 15). En cas de blessures multiples, seule une blessure grave peut être soignée de la sorte.'),
('chitine', 'Chitine', 0, 0, 'espeg', 'La chitine constitue un véritable exosquelette protecteur, plus efficace que certaines armures. Le personnage augmente sa DEF de 1 par rang. Toutefois, les dégâts de feu que subit le personnage sont doublés.'),
('cinquieme-greffe', 'Cinquième greffe', 0, 0, 'augm', 'Le personnage peut sélectionner un implant parmi les implants de type B. Le bonus conféré par cet implant est de +1. Les bonus conférés par tous les implants préalables au sein de cette voie sont augmentés de +1.'),
('cinquieme-implant', 'Cinquième implant', 0, 0, 'augm', 'Le personnage peut sélectionner un implant parmi les implants de type C. Le bonus conféré par cet implant est de +5.'),
('claustrophile', 'Claustrophile', 0, 0, 'cult', 'Le personnage est à l’aise dans un espace confiné, et ne souffre pas de claustrophobie. Lorsqu’il utilise une combinaison spatiale (voir la section Équipement, page XXX), les pénalités subies sont limitées : aucune pénalité pour une combinaison intravéhiculaire, et seulement -2 pour une combinaison extravéhiculaire. De plus, le personnage a l’habitude d’évoluer au milieu d’individus d’origines et de statuts extrêmement variés. Lors d’une première rencontre, il bénéficie d’un bonus de compétence de +2 à sa première tentative d’interaction sociale.'),
('combat-de-rue', 'Combat de rue', 0, 0, 'savf', 'Le personnage a l’habitude de la tension qui vient avec le combat au corps à corps. Son Init. est augmentée de 4 dans ces situations. De plus, s’il se trouve en avantage numérique, les DM qu’il inflige sont augmentés d’un dé du même type que les DM de l’arme qu’il utilise.'),
('combat-kinetique', 'Combat kinétique', 0, 0, 'psych', 'Le psi a appris à utiliser son don pendant le combat, en améliorant ses mouvements et en utilisant la zone de combat à son avantage. Sa DEF est en permanence augmentée de 1. De plus, si le décor le permet, il peut utiliser une action de mouvement pour lancer un objet sur son adversaire. C’est une attaque à distance qui inflige 1d6 DM (2d6 au rang 4).'),
('comm-telepathique-mineraux', 'Communication télépathique', 0, 0, 'espeg', 'Le personnage est désormais capable de communiquer par le biais d’ondes psychiques compréhensibles par les représentants d’autres espèces. Il est capable d’imposer ce mode de communication à un individu non-minéral, sans risquer d’egofeedback. Il peut en outre faire usage d’une capacité équivalente à l’empathie de la voie de la télépathie (page XXX).'),
('comme-un-poisson-hors-de-leau', 'Comme un poisson hors de l’eau', 0, 0, 'espeg', 'Désormais, le personnage est habitué à évoluer dans une variété d’environnements. Il bénéficie d’un bonus de compétence de +5 lors de tests physiques en 0g. D’autre part, il peut maintenant retenir sa respiration plus longtemps : utilisez des minutes plutôt que des secondes lorsque le personnage doit retenir son souffle.'),
('communication-a-distance', 'Communication à distance', 1, 0, 'psych', 'En se concentrant, le psi est capable de créer une onde électromagnétique (type ondes radio) à n’importe quelle distance qui lui permet de créer des sons audibles pour les personnes qui se situent dans la zone visée et qui disposent d’un dispositif de réception (c’est le cas de toutes les combinaisons intra ou extravéhiculaires et de tous les véhicules). Cette communication peut se faire n’importe où à portée de vue du psi et il est même capable de la rendre directionnelle, visant une ou plusieurs personnes en particulier. Toujours en se concentrant, il est capable de détecter et recevoir les ondes radios'),
('communication-telepathique', 'Communication télépathique', 0, 0, 'espbo', 'Le personnage est désormais capable de communiquer par le biais d’ondes psychiques compréhensibles par les représentants d’autres espèces. Il est capable d’imposer ce mode de communication à un individu non-minéral, sans risquer d’egofeedback. Il peut en outre faire usage d’une capacité équivalente à l’empathie de la voie de la télépathie (page XXX).'),
('connaissance-des-mondes', 'Connaissance des mondes', 0, 0, 'savf', 'Le personnage est de nature curieuse et a amassé de nombreuses informations (utiles ou non...) à propos des planètes sur lesquelles il s’est rendu. Il bénéficie d’un bonus de compétence de +5 à tous les tests de culture générale en rapport avec une communauté (planète, ville, tribu, etc.) qu’il a déjà visitée.'),
('connaissance-theorique', 'Connaissance théorique', 0, 0, 'cult', 'Au cours de son parcours, le personnage a appris les bases théoriques du fonctionnement de la plupart des équipements impliqués dans le fonctionnement d’un vaisseau. Il peut donc occuper n’importe quel poste à bord, en ignorant ses propres caractéristiques dans le calcul des caractéristiques du vaisseau (y compris si celles-ci sont négatives).'),
('contrafactualite', 'Contrafactualité', 0, 0, 'psych', 'Les faits qui auraient pu se produire ont une influence sur la trame de la réalité. Une fois par session, le psi peut choisir de remplacer le résultat d’un de ses d20 par 10.'),
('controle', 'Contrôle (A:CHA)', 0, 0, 'psych', 'Si cette attaque réussit, le psi prend le contrôle du système nerveux de sa cible jusqu’au début de son prochain tour. Il peut alors la faire agir comme il l’entend. Toutefois, si la cible n’est pas un synthétique (robot ou androïde, par exemple), le mouvement est saccadé et toutes les actions ou attaques subissent un malus de situation de -5. Une fois le tour terminé, la cible est confuse pendant 1d6 tours.'),
('corporatisme', 'Corporatisme', 0, 0, 'cult', 'Le personnage connaît les codes et les règles officielles ou tacites du milieu dans lequel il évolue. Il sait reconnaître les membres de sa corporation et interagir avec eux. Il obtient un bonus de compétence de +5 à tous les tests de connaissances associés à son corps de métier, et +1 par rang à toutes les interactions sociales avec des membres de sa corporation.'),
('coup-chanceux', 'Coup chanceux', 1, 0, 'savf', 'Une fois par session, après une attaque réussie, le personnage peut ignorer jusqu’à 5 points de la RD de l’armure de son adversaire. Au rang 5, il ignore jusqu’à 10 points de RD.'),
('coup-etourdissant', 'Coup étourdissant', 0, 0, 'cult', 'Lorsqu’on se bat pour sa vie, il faut souvent parer au plus pressé sans faire dans la dentelle. Le personnage cherche à neutraliser son adversaire le plus vite possible. Il effectue une attaque normale. Si elle réussit, la cible n’encaisse pas de DM mais est étourdie pendant 1 round.'),
('coup-incapacitant', 'Coup incapacitant', 1, 0, 'cult', 'Le personnage vise une partie vulnérable de son adversaire et cherche à l’étourdir. Cette capacité n’est utilisable que si son arme est réglée pour assommer. Les DM temporaires infligés sont doublés. Si la cible est étourdie, elle le reste pendant 1d6 rounds.'),
('coup-precis', 'Coup précis (A/L)', 1, 0, 'savf', 'Le personnage peut effectuer un tir visé (voir règles de combats page XXX) comme une simple action d’attaque. Il peut aussi choisir de le faire en action limitée. Dans ce cas, il ajoute sa PER à la fois à l’attaque et aux DM (comme s’il utilisait un trépied).'),
('coup-rapide', 'Coup rapide', 1, 0, 'savf', 'Le personnage peut effectuer deux attaques pendant ce tour avec une arme à feu. Le joueur utilise un d12 au lieu du d20 pour le test de la seconde attaque.'),
('coup-vicieux', 'Coup vicieux', 1, 0, 'cult', 'Dans les bas-fonds, le combat est rarement honorable, et le personnage a appris à ignorer les règles traditionnelles. Une fois par combat, il peut asséner un coup vicieux. Si l’attaque est réussie, en plus des DM infligés, la DEF de la cible est pénalisée d’un malus de situation de -1 par rang pour le reste du combat.'),
('cour-des-miracles', 'Cour des miracles', 0, 0, 'cult', 'Le personnage a acquis une certaine réputation dans le monde interlope et, lorsqu’il se trouve dans une zone populeuse, il peut à tout moment disparaître et échapper à ses poursuivants, et avec lui ses compagnons. Il peut obtenir en 1d6 heures des faux papiers et de fausses identités qui leur permettront d’échapper aux contrôles des forces de l’ordre tant que le groupe n’attire pas trop l’attention. De plus, une fois par aventure, il peut obtenir un objet sans tenir compte du fait qu’il soit d’accès restreint ou pas. Enfin, il bénéficie d’un bonus de compétence de +5 à tous ses tests d’interaction sociale avec ceux qui évoluent en marge de la société.'),
('crash', 'Crash (rang 8)', 0, 0, 'ia', 'L’I.A. a pris le contrôle de la totalité des réseaux de communication de sa planète. Elle peut désormais contrôler directement plusieurs milliers de systèmes sans ralentissement. Elle peut survivre même à un arrêt total des systèmes informatiques sur lesquels elle repose et ne requiert que 1d20 minutes après un tel crash pour se régénérer.'),
('credibilite', 'Crédibilité', 1, 0, 'cult', 'Une fois par session, en réussissant un test de CHA (Persuasion), le personnage peut échapper avec ses compagnons à un contrôle des forces de l’ordre ou à une arrestation. Le ND du test dépend de la nature de l’offense et de l’opposition, de 10 pour une offense mineure ou de légers soupçons sur une planète éloignée, jusqu’à 25 pour une série de meurtres dans une mégalopole populeuse.'),
('creer-un-obstacle', 'Créer un obstacle (M)', 0, 0, 'savf', 'Le personnage utilise le décor pour créer un obstacle entre lui et un ou plusieurs adversaires dans un rayon de 5 mètres autour de lui. Les adversaires ciblés sont ralentis jusqu’à ce qu’ils réussissent un test de DEX (ND 10). Ils effectuent ce test à la fin de leurs tours respectifs.'),
('crochets', 'Crochets (A)', 0, 0, 'espeg', 'Le personnage est capable d’utiliser les crochets ou un dard pour délivrer un venin paralysant puissant par une attaque de contact. Cette attaque inflige 1d6 DM + FOR et, si la cible rate un test de CON (ND 12), elle est immobilisée. Les effets du poison se dissipent après 10 minutes. Le personnage augmente aussi sa DEX ou sa CON de 1.'),
('croissance-acceleree', 'Croissance accélérée', 0, 0, 'espeg', 'Dans des conditions favorables, s’il dispose de lumière, d’eau et de nutriments adaptés, le personnage peut faire croître et façonner son corps comme il le souhaite, jusqu’au double de sa taille habituelle. Cette transformation dure au maximum 1d6 heures, et est suivie d’1d6 heures pendant lesquelles le personnage est fatigué. Pendant le temps de la transformation, le personnage bénéficie d’un bonus de matériel de +2 à tous les tests et attaques basés sur la FOR.'),
('cryopyrokinesie', 'Cryo/Pyrokinésie (A:CHA)', 0, 0, 'psych', 'Le psi a appris à manipuler la température en agitant ou en ralentissant la matière au niveau atomique. Il peut ainsi créer un projectile de feu ou de froid qu’il lance sur la cible. C’est une attaque psychique contre la DEF (et non la DEP) de celle-ci, sans risque d’egofeedback. Un projectile enflammé cause 3d6 de DM, puis 1d6 de DM supplémentaires à chaque tour suivant, jusqu’à ce que la cible utilise une action de mouvement pour éteindre le foyer ou que le résultat du dé de DM soit 1. Le projectile de froid cause 1d6 de DM et la cible est ralentie pendant 1d6 tours.'),
('de-chair-et-dacier', 'De chair et d\'acier', 0, 0, 'savf', 'Le personnage augmente sa FOR ou son INT de 1. Il a acquis une connaissance intime et une parfaite maîtrise de son armure de combat ou de sa machine. Le seuil d’incident de tir de chacune des armes employées est diminué de 1, et il utilise un d4 (plutôt qu’un d6) pour tous les tests de surchauffe.'),
('debrouillardise', 'Débrouillardise', 0, 0, 'cult', 'Le personnage a appris comment se débrouiller, même dans les situations les plus critiques. Le personnage est capable d’occuper n’importe quel poste d’un vaisseau. Toutefois, lorsqu’il le fait, les caractéristiques du personnage ne sont prises en compte que si elles sont négatives dans le calcul des caractéristiques du vaisseau.'),
('defense-intuitive', 'Défense intuitive', 0, 0, 'psych', 'En combat, le psi est capable d’anticiper les mouvements de ses adversaires. Il bénéficie d’un bonus de compétence de +2 à la DEF et à l’Init. Ces bonus s’appliquent aussi au combat spatial s’il occupe le poste de pilotage (PIL).'),
('deja-vu', 'Déjà vu', 0, 0, 'psych', 'Le psi est toujours en train d’évoluer en plusieurs instants contigus sur la ligne du temps. Une fois par session, il peut utiliser cette aptitude pour relancer un dé. Il doit accepter le second résultat.'),
('dephasage-partiel', 'Déphasage partiel (M)', 0, 0, 'espbo', 'Le personnage peut modifier sa densité corporelle pour se rendre partiellement immatériel. Au prix d’une action de mouvement, il bénéficie d’une RD égale à son rang dans cette voie, non cumulable avec une armure. Il peut maintenir cette capacité en « dépensant » une action de mouvement à chacun de ses tours.'),
('dephasage-partiel-luminescents', 'Déphasage partiel (M)', 0, 0, 'espeg', 'Le personnage peut modifier sa densité corporelle pour se rendre partiellement immatériel. Au prix d’une action de mouvement, il bénéficie d’une RD égale à son rang dans cette voie, non cumulable avec une armure. Il peut maintenir cette capacité en « dépensant » une action de mouvement à chacun de ses tours.'),
('deplacement-arachneen', 'Déplacement arachnéen', 0, 0, 'espeg', 'Le personnage est capable de se déplacer sur une surface verticale ou à l’envers sans effort particulier et en conservant sa vitesse de déplacement. Il n’est jamais gêné pour ses déplacements par son environnement : il ne peut donc être ralenti ou renversé d’aucune manière. De plus, il ne subit jamais de pénalité de déplacement en 0g.'),
('desintegration', 'Désintégration  (A:CHA)', 0, 0, 'psych', 'Le personnage augmente sa CON de 1. En touchant un objet, il est désormais capable de remettre en cause la cohésion des atomes qui constituent cet objet. Pour un objet inanimé, le ND dépend de la taille et la composition de celui-ci : 10 pour un petit objet composé majoritairement de carbone (bois) ou de métaux pauvres (aluminium, étain, plomb...), jusqu’à 25 pour un objet de grande taille fait de métal (titane, fer, platine, or...) L’objet est réduit en morceaux et irrémédiablement détruit. Pour un être vivant, le psi doit réussir à toucher sa cible (par exemple par une attaque au contact) et une attaque psychique. Cette attaque inflige 3d8 DM et cause automatiquement une blessure grave.'),
('detection-&-recherche', 'Détection & Recherche', 1, 1, 'savf', 'Le personnage est capable d’utiliser les senseurs d’un vaisseau pour obtenir des informations détaillées sur un vaisseau ou une planète. Il doit pour ce faire réussir un test de [PER du vaisseau + rang]. Le ND dépend de la quantité de détails souhaités et des protections éventuelles, depuis 10 pour une planète primitive ou récemment colonisée, ou bien un vaisseau de petite taille jusqu’à 25 pour une planète civilisée aux infrastructures très développées ou le navire amiral d’une flotte.'),
('detox', 'Detox (A:PER)', 0, 0, 'psych', 'Le psi est capable d’évaluer la présence de n’importe quel poison ou n’importe quelle toxine dans le corps de sa cible, et d’en annuler les effets. Pour ce faire, le psi doit réussir une attaque psychique contre la cible, mais cette attaque doit aussi dépasser un ND qui dépend de la virulence du poison : 10 pour un poison anodin, 25 pour un poison mortel et instantané. Le personnage dispose aussi d’un bonus de compétence de +1 par rang à tous ses autres tests impliquant les poisons.'),
('deuxieme-forme', 'Deuxième forme', 0, 0, 'augm', 'Le personnage peut définir une nouvelle forme et y transférer son esprit. Cette coquille peut bénéficier de deux implants de type B, qui peuvent être différents de celui sélectionné lors du premier transfert. Le bonus conféré par ces deux implants est de +1.'),
('deuxieme-greffe', 'Deuxième greffe', 0, 0, 'augm', 'Le personnage peut sélectionner un implant parmi les implants de type B. Le bonus conféré par cet implant est de +1. Le bonus conféré par tout implant préalable au sein de cette voie est augmenté de +1.'),
('deuxieme-implant', 'Deuxième implant', 0, 0, 'augm', 'Le personnage peut sélectionner un implant parmi les implants de type C. Le bonus conféré par cet implant est de +2.'),
('deuxieme-peau', 'Deuxième peau', 0, 0, 'espbo', 'Les Libilis présentent un derme et un épiderme plus solides que la peau humaine. Ces écailles leur fournissent une protection naturelle équivalente à une RD de 1, qui se cumule avec d’éventuelles armures. De plus, le métabolisme particulier des Libilis leur permet de bien mieux résister aux dommages. Une fois par session, lorsque le personnage est victime d’une blessure grave, il peut décider d’annuler cette blessure. Le membre ou la partie du corps touchée est alors abandonnée et se régénère en 1d6 heures.'),
('deuxieme-peau-reptiloides', 'Deuxième peau', 0, 0, 'espeg', 'Les espèces reptiliennes présentent un derme et un épiderme plus solides que la peau humaine. Ces écailles leur fournissent une protection naturelle équivalente à une RD de 1, qui se cumule avec d’éventuelles armures. De plus, le métabolisme particulier des reptiloïdes leur permet de bien mieux résister aux dommages. Une fois par partie, lorsque le personnage est victime d’une blessure grave, il peut décider d’annuler cette blessure. Le membre ou la partie du corps touchée est alors abandonnée et se régénère en 1d6 heures.'),
('discretion', 'Discrétion', 0, 0, 'savf', 'Quand il essaie de passer inaperçu, le personnage bénéficie d’un bonus de compétence de +1 par rang à son test de DEX. De plus, toute personne qui essaie de le reconnaître, le décrire ou se souvenir de lui subit un malus de situation de -1 par rang.'),
('domination', 'Domination (A:CHA)', 0, 0, 'psych', 'Le personnage augmente son CHA de 1. Lors d’un combat psychique, il est maintenant capable de prendre totalement le contrôle d’un adversaire. Si la première attaque psychique réussit, le psi dirige désormais totalement les actions de sa « marionnette » pendant 1d6 tours. Maintenir ce contrôle coûte au psi son action d’attaque à chaque tour. La cible peut tenter une fois par round de se libérer de l’emprise du psi en effectuant une attaque psychique (A - CHA). Si cette attaque réussit, le psi subit un egofeedback et perd le contrôle. Lorsqu’elle est libérée de l’emprise du psi, la cible est confuse pendant 1 heure.'),
('double-attaque', 'Double attaque', 1, 0, 'savf', 'Le personnage effectue deux attaques au contact pendant ce tour. Toutefois, le joueur utilise un d12 au lieu du d20 pour le test de la seconde attaque.'),
('dualite-onde-corpuscule', 'Dualité onde-corpuscule (M)', 0, 0, 'psych', 'Le psi se concentre pour affecter n’importe quel projectile ou onde le ciblant afin d’en perturber la nature et d’en diminuer l’efficacité. Tant et aussi longtemps qu’il utilise une action de mouvement pour rester concentré, le psi bénéficie d’une RD de 2, qui peut se cumuler avec la RD d’une éventuelle armure. Cette RD passe à 5 au rang 4 de la voie.'),
('ecailles-et-branchies', 'Écailles et branchies', 0, 0, 'espeg', 'Les espèces aquatiques présentent un derme et un épiderme plus solides que la peau humaine. Ces écailles leur fournissent une protection naturelle équivalente à une RD de 1, qui se cumule avec d’éventuelles armures. La RD passe à 2 au rang 3. En outre, le personnage n’a pas besoin de retenir sa respiration pour évoluer sous l’eau. Dans cet environnement, il bénéficie d’un bonus de compétence de +5 à tout test physique. Par contre, privé de son scaphandre de survie à l’air libre, il doit retenir sa respiration selon les règles habituelles.'),
('electromancie', 'Électromancie (CHA)', 1, 0, 'espbo', 'Le personnage a appris à projeter une partie de son intégrité corporelle contre un adversaire. Il peut ainsi créer un éclair qu’il lance sur la cible. C’est une attaque psychique contre la DEF (et non la DEP) de celle-ci, sans risque d’egofeedback. Un tel éclair inflige 4d6 dégâts. Cependant, lancer un tel éclair endommage aussi le personnage et lui fait subir 1d6 DM.'),
('electromancie-luminescents', 'Électromancie (CHA)', 1, 0, 'espeg', 'Le personnage a appris à projeter une partie de son intégrité corporelle contre un adversaire. Il peut ainsi créer un éclair qu’il lance sur la cible. C’est une attaque psychique contre la DEF (et non la DEP) de celle-ci, sans risque d’egofeedback. Un tel éclair inflige 4d6 dégâts. Cependant, lancer un tel éclair endommage aussi le personnage et lui fait subir 1d6 DM.'),
('electronicien', 'Électronicien', 0, 0, 'savf', 'Le personnage connaît le fonctionnement de la plupart des systèmes informatiques et électroniques. Il obtient un bonus de compétence de +1 par rang à tous les tests visant à réparer ou utiliser ce type de systèmes. À bord d’un vaisseau, il peut occuper la salle des senseurs (SEN) ou la salle des ordinateurs (ORD).'),
('embuscade', 'Embuscade', 0, 0, 'savf', 'En quelques minutes, le personnage peut préparer une embuscade si l’environnement le lui permet. Tant qu’ils ne bougent pas, le personnage et ses compagnons sont totalement indétectables. S’ils attaquent des adversaires, ces derniers sont considérés comme surpris au premier tour du combat.'),
('empathie', 'Empathie (PER)', 0, 0, 'psych', 'Le psi a appris à explorer le flot des émotions et des sentiments. Il est capable, comme une action gratuite, de se connecter à l’esprit d’un individu à portée de vue, et de « lire » son esprit pour y détecter ses impressions et son état d’esprit superficiel. C’est une attaque psychique standard. La cible n’a conscience de cette intrusion que si l’attaque échoue. Une utilisation parmi d’autres de cette capacité permet de détecter le stress et le sentiment d’inconfort qui peuvent parfois être la conséquence d’un mensonge. Toutefois, le psi n’est pas capable de détecter la nature exacte d’un tel mensonge et ne peut jamais être certain que le stress n’est pas dû à une autre source.'),
('empathie-animale', 'Empathie animale (M)', 0, 0, 'espbo', 'Le personnage est capable de comprendre et d’interpréter le langage corporel de la plupart des animaux. Il peut ainsi établir une sorte de dialogue à base de concepts simples et immédiats. Une fois par session, le personnage peut essayer de calmer un animal grâce à un test opposé de [ rang + CHA ]. En cas de succès, l’attitude de l’animal devient neutre (il prend la fuite à moins de circonstances spécifiques). En cas de succès critique, son attitude devient positive : il se calme et se soumet au personnage, qui peut lui donner des ordres simples ne le mettant pas en danger. Cette capacité est utilisable y compris en combat contre un animal agressif.'),
('empathie-animale-anthropo', 'Empathie animale (M)', 0, 0, 'espeg', 'Le personnage est capable de comprendre et d’interpréter le langage corporel de la plupart des animaux. Il peut ainsi établir une sorte de dialogue à base de concepts simples et immédiats. Une fois par session, le personnage peut essayer de calmer un animal grâce à un test opposé de CHA. En cas de succès, l’attitude de l’animal devient neutre (il prend la fuite à moins de circonstances spécifiques). En cas de succès critique, son attitude devient positive : il se calme et se soumet au personnage. Cette capacité est utilisable y compris en combat contre un animal agressif.'),
('empathie-tymbri', 'Empathie (PER)', 0, 0, 'espbo', 'Le Tymbri a appris à explorer le flot des émotions et des sentiments. Il est capable, comme une action gratuite, de se connecter à l’esprit d’un individu à portée de vue, et de « lire » son esprit pour y détecter ses impressions et son état d’esprit superficiel. C’est une attaque psychique standard. La cible n’a conscience de cette intrusion que si l’attaque échoue. Une utilisation parmi d’autres de cette capacité permet de détecter le stress et le sentiment d’inconfort qui peuvent parfois être la conséquence d’un mensonge. Toutefois, le Tymbri n’est pas capable de détecter la nature exacte d’un tel mensonge et ne peut jamais être certain que le stress n’est pas dû à une autre source.'),
('enchainement', 'Enchaînement (M)', 0, 0, 'savf', 'Lorsque le personnage rend inconscient un adversaire avec une attaque au contact, il peut immédiatement attaquer un autre adversaire à sa portée.'),
('endurant', 'Endurant', 0, 0, 'savf', 'Le personnage a soumis son corps à un entraînement rigoureux et régulier qui l’a rendu plus résistant. Il gagne 1 PV de plus à chaque niveau, à la fois pour les niveaux passés et futurs. De plus, sa vitesse de récupération des PV est doublée.'),
('entraide', 'Entraide', 0, 0, 'cult', 'Le personnage dispose d’un réseau de contacts, des gens de confiance qui peuvent le dépanner en cas de coup dur ou le protéger d’éventuels poursuivants. Pour chaque rang dans cette voie, le personnage peut définir un de ces contacts. Il n’est pas obligé de définir tous ses contacts a priori, et peut tout à fait en définir un nouveau lorsque la situation l’impose.'),
('entrainement-de-haut-niveau', 'Entraînement de haut niveau', 0, 0, 'savf', 'Le personnage augmente l’une de ses caractéristiques physiques de 1. Désormais, il lance deux d20 à tous les tests liés à cette caractéristique et conserve le meilleur résultat.'),
('epiphyse-artificielle', 'Épiphyse artificielle', 0, 0, 'augm', 'Cet implant contrôle l’horloge interne du personnage et contribue à la stabilisation de son système hormonal et au renforcement de ses capacités de récupération. Le personnage est désormais capable de s’endormir à volonté. Quatre heures de sommeil sont pour lui l’équivalent d’une nuit complète de repos. Enfin, il ne peut pas être épuisé. S’il subit l’état épuisé, il est seulement fatigué. La durée des effets secondaires des stimulants injectés via son implant est divisée par 2.'),
('esprit-danalyse', 'Esprit d’analyse', 0, 0, 'savf', 'Le personnage obtient un bonus de compétence de +1 par rang pour les tests d’INT concernant la recherche d’informations. De plus, il bénéficie d’un statut officiel qui lui permet d’accéder à certaines données protégées (plus son rang est élevé, plus les données auxquelles il a accès sont importantes). Si les informations qu’il recherche peuvent être rapprochées de l’activité normale de son profil (par exemple, dossier criminel pour un chasseur de primes), en plus des informations « standards » que tout un chacun peut dénicher, le personnage a accès à des informations confidentielles.'),
('esprit-de-la-ruche', 'Esprit de la ruche', 0, 0, 'espeg', 'Si le personnage est entouré d’au moins dix de ses congénères, il bénéficie d’un bonus de situation de +2 à tous ses tests d’INT et de PER. De plus, une fois par session, lorsqu’un allié du personnage tombe à 0 PV, ce dernier entre dans une rage sourde et vient à la rescousse de son camarade blessé. Il bénéficie alors d’un bonus de situation de +1 à toutes ses attaques et de +2 aux DM pour le reste du combat. Ces bonus sont applicables au combat spatial si le personnage occupe le poste de canonnier.'),
('esquive-instinctive', 'Esquive instinctive', 0, 0, 'savf', 'Lorsque le personnage est ciblé par une attaque à aire d’effet (comme une grenade ou un tir de suppression), il a le droit à un test de DEX (ND 15). Si ce test est réussi, les DM de l’attaque sont divisés par deux. À partir du rang 4, ils sont réduits à 0.'),
('etre-denergie', 'Être d’énergie', 0, 0, 'espbo', 'Les A’gón se défendent généralement en concentrant une part de leur énergie interne en une décharge ciblant un adversaire. C’est une attaque à distance qui suit les règles d’une arme laser, et qui fait 1d8 de DM. De plus, ils sont immunisés aux dégâts des armes laser. Enfin, ils sont capables d’envoyer une décharge d’énergie dans un appareil électronique jusqu’à 3 mètres de distance. Cela peut (au choix) provoquer un court-circuit ou allumer l’appareil en question.'),
('etre-denergie-luminescents', 'Être d’énergie', 0, 0, 'espeg', 'Les êtres luminescents se défendent généralement en concentrant une part de leur énergie interne en une décharge ciblant un adversaire. C’est une attaque à distance qui suit les règles d’une arme laser, et qui fait 1d8 de DM. De plus, ils sont immunisés aux dégâts des armes laser. Enfin, ils sont capables d’envoyer une décharge d’énergie dans un appareil électronique jusqu’à 3 mètres de distance. Cela peut (au choix) provoquer un court-circuit ou allumer l’appareil en question.'),
('examen-psychologique', 'Examen psychologique', 0, 0, 'savf', 'En parlant pendant 1d6 minutes avec sa cible et en réussissant un test opposé de PER contre CHA, le personnage peut déterminer l’état émotionnel de sa cible même si elle tente de le camoufler. Le personnage peut notamment savoir si on tente de lui mentir ou de lui cacher des choses (sans pouvoir déterminer lequel des deux). En cas d’échec, le personnage ne peut plus tenter cette capacité sur la même cible pendant 24 heures.'),
('expert', 'Expert', 0, 0, 'savf', 'Le personnage est une pointure dans le domaine de la chirurgie, il obtient un bonus de compétence de +5 à tous les tests de DEX de précision manuelle et augmente de 1 son INT. Désormais, le joueur lance deux d20 à tous les tests de médecine ou de chirurgie et conserve le meilleur résultat. De plus, son niveau de vie augmente d’une catégorie (maximum: fortuné).'),
('explorateur', 'Explorateur', 0, 0, 'savf', 'Le personnage a l’habitude d’évoluer dans des milieux aux conditions très différentes. Il ne subit aucun malus par rapport à ce qui a trait aux modifications de gravité, de climat, de température ou de pression. Il bénéficie en outre d’un bonus de compétence égal à son rang à tous ses tests ayant trait à la survie en milieu hostile, la détection des dangers ou la résistance à l’environnement (température, poisons, faim, etc.).'),
('feinte', 'Feinte', 0, 0, 'espbo', 'Une fois par round, lorsqu’une attaque fait tomber le personnage à 0 PV, ce dernier peut effectuer un test d’attaque (du même type). Si le résultat de son test est supérieur ou égal à celui de l’adversaire, il esquive ou résiste à cette attaque et ne subit aucun DM. Lors d’un combat spatial, le personnage peut utiliser cette capacité s’il occupe le poste de pilote.'),
('fleur-de-la-mort', 'Fleur de la Mort', 1, 1, 'savf', 'Au prix d’un point d’énergie, le canonnier tire sans distinction sur tous les adversaires à courte portée, quel que soit leur nombre. Le joueur utilise un d12 au lieu du d20 pour déterminer s’il atteint chaque adversaire.');
INSERT INTO `cog_capacites` (`capacite`, `nom`, `limitee`, `sort`, `type`, `description`) VALUES
('flou', 'Flou (M)', 0, 0, 'psych', 'Le psi manipule les ondes lumineuses autour de lui à tel point qu’il paraît flou. Toute attaque à distance le ciblant subit un malus de situation de -2. De plus, les armes (laser et ioniques) subissent un effet de dispersion. Créer ou maintenir cet effet nécessite une action de mouvement.'),
('formation-academique', 'Formation académique', 0, 0, 'cult', 'Le personnage obtient un bonus de compétence de +1 par rang atteint dans cette voie pour tous les tests en rapport avec son domaine d’étude, à choisir parmi : arts et lettres, sciences naturelles, sciences formelles, sciences humaines, sciences économiques, droit, santé, langues, etc.'),
('formation-artistique', 'Formation artistique', 0, 0, 'savf', 'Le personnage obtient un bonus de compétence de +1 par rang à tous les tests en rapport avec la connaissance et l’histoire de l’art. De plus, il choisit une spécialité (littérature, sculpture, peinture, musique, chant, danse, comédie, etc.), pour laquelle il obtient un bonus de compétence de +5.'),
('forme-optimale', 'Forme optimale', 0, 0, 'augm', 'Le personnage peut maintenant transférer son esprit dans des coquilles optimales des trois formes qui lui sont « connues ». Chaque nouvelle coquille est fournie avec trois implants de type B, qui peuvent être différents de ceux sélectionnés précédemment. Le bonus conféré par chacun d’entre eux est de +4. Toutefois, une fois parvenu à ce rang, chaque nouveau transfert a une chance d’être le dernier : le personnage effectue un test de CON (ND 10). En cas d’échec, la lassitude l’emporte, et cette nouvelle coquille sera aussi sa dernière.'),
('frappe-chirurgicale', 'Frappe chirurgicale', 0, 0, 'savf', 'Le personnage connaît les points vitaux de la plupart des créatures vivantes. Il est capable d’utiliser cette connaissance à son avantage. Désormais, il obtient un critique en attaque au contact ou à distance sur un résultat de 19 ou 20 au d20 et il ajoute 1d6 aux DM des critiques obtenus.'),
('genome-ameliore', 'Génome amélioré', 0, 0, 'augm', 'L’inclusion du code génétique de l’autre espèce a un effet sur les capacités du personnage, qui dispose d’un bonus de matériel de +2 à tous les tests et attaques dépendant d’une caractéristique. La caractéristique affectée varie selon l’espèce choisie pour l’hybridation, comme l’indique la Table des bonus d’hybridation.'),
('genome-composite', 'Génome composite', 0, 0, 'augm', 'Le personnage dispose désormais de la capacité de rang 2 de la voie d’espèce choisie pour l’hybridation. L’hybridation devient difficile à dissimuler.'),
('gros-bras', 'Gros bras', 0, 0, 'savf', 'Le personnage est capable d’utiliser les armes lourdes et autres engins explosifs. Il bénéficie d’un bonus de compétence de +1 par rang à tous ses tests concernant la manipulation ou la connaissance des explosifs. De plus, il peut occuper le poste de canonnier (CAN) à bord d’un vaisseau.'),
('grosse-tete', 'Grosse tête', 0, 0, 'cult', 'Une fois par session, en utilisant son intelligence à bon escient, le personnage change la donne d’une action réalisée par lui ou un de ses alliés. Son INT est ajoutée à un test effectué par lui ou un de ses alliés avec qui il peut communiquer. Ce bonus est considéré comme un modificateur de chance et ne peut se cumuler avec l’utilisation d’un PC sur la même action.'),
('guerre-electronique', 'Guerre électronique (A)', 1, 1, 'savf', 'Le personnage a appris à utiliser ses compétences pour affecter les systèmes électroniques d’un vaisseau adverse. Une fois par session, il peut utiliser sa capacité Hacker contre les senseurs d’un vaisseau adverse, en réussissant un test en opposition de [PER du vaisseau]. En cas de réussite, il peut pénaliser n’importe quelle caractéristique du vaisseau adverse (sauf Coque) d’un malus de situation de -2 pour le reste du combat. De plus, si la configuration du vaisseau le permet, il peut occuper les postes SEN et ORD d’un vaisseau en même temps.'),
('hacker', 'Hacker', 1, 1, 'savf', 'Le personnage est désormais capable de pénétrer un système ennemi pour le pirater. Il peut effectuer un test d’INT pour ouvrir une serrure électronique sans déclencher d’alarme, récupérer des données sur un ordinateur, ou perturber un système électronique courant. Le ND dépend du système visé, depuis 10 pour un système civil basique jusqu’à 25 pour un système à la pointe de la technologie.'),
('homo-perfectus', 'Homo perfectus', 0, 0, 'espbo', 'Le personnage augmente la valeur de deux de ses caractéristiques de 1. Lorsqu’il utilise ses capacités d’Apprentissage par induction et d’Apprentissage adaptatif, il peut désormais lancer deux d20 et conserver le meilleur résultat.'),
('hybridation-genetique', 'Hybridation génétique', 0, 0, 'augm', 'Le code génétique du personnage est augmenté de celui d’une autre espèce de son choix. Sélectionnez l’une des voies génériques d’espèce organique (hors voie des parasites) présentées au chapitre 10, Xénomorphes, page XXX. Le personnage dispose désormais de la capacité de rang 1 de cette voie. L’hybridation génétique peut être plus ou moins visible selon les cas et reste encore relativement discrète.'),
('immobilisation', 'Immobilisation (A:CHA)', 0, 0, 'psych', 'Le psi rassemble des forces gravitationnelles en un point précis. Si l’attaque est réussie, la cible est immobilisée jusqu’à la fin de son prochain tour. Dans le cas contraire, elle est simplement ralentie.'),
('immobilisation-vegetaux', 'Immobilisation (A)', 0, 0, 'espeg', 'Le personnage tente d’agripper un adversaire. Il effectue un test d’attaque au contact. Si ce test est réussi, la cible ne subit aucun DM mais est immobilisée. Elle ne peut se libérer de l’emprise du personnage que si celui-ci le décide, s’éloigne de plus de 2 mètres, ou si elle réussit un test opposé de FOR (en utilisant un d12 puisqu’elle est immobilisée).'),
('implant-thyro\"idien', 'Implant thyroïdien', 0, 0, 'augm', 'En préparation des modifications futures, le personnage se voit implanter une thyroïde artificielle capable de réguler son flux hormonal et son métabolisme. Il bénéficie d’un bonus de matériel de +1 par rang à toute activité physique ou sportive. Son total de PV est aussi augmenté de 1 par rang dans cette voie.'),
('imprevisible', 'Imprévisible', 0, 0, 'savf', 'Le personnage ajoute désormais son CHA à son score d’initiative et peut utiliser sa capacité d’Inspiration sur un test lié à une caractéristique physique (FOR, DEX ou CON), y compris les tests d’attaque. De plus, il peut sélectionner une deuxième spécialité artistique.'),
('improviser-un-couvert', 'Improviser un couvert (M)', 0, 0, 'cult', 'Le personnage est capable de dénicher un couvert même dans les endroits les plus improbables : à bord d’un vaisseau ou dans un espace réduit, le personnage peut improviser un couvert qui impose un malus de situation de -2 à quiconque le vise par une attaque à distance.'),
('impulsion-electro-magnetique', 'Impulsion électro-magnétique (A:CHA)', 0, 0, 'psych', 'Le psi génère une impulsion capable de surcharger n’importe quel système électronique avec lequel il est en contact. Il peut s’agir d’un terminal, d’une arme, d’un véhicule ou d’un implant. Seuls les objets archaïques sans aucun composant électrique résistent à l’impulsion. Les autres deviennent inutilisables pendant [ rang + 1d6] tours. Si le d6 est un 6, l’objet est endommagé et nécessite une réparation. Au rang 4, il peut utiliser ce pouvoir jusqu’à 10 mètres de distance.'),
('individualisme', 'Individualisme', 0, 0, 'cult', 'La surpopulation mène à une exaltation de l’individu, parfois au détriment de la communauté. Le personnage dispose d’un bonus de compétence de +5 à toute action qui peut lui permettre d’obtenir un gain personnel d’ordre financier ou social.'),
('influence', 'Influence', 0, 0, 'cult', 'Glisser le bon billet dans la bonne poche ou simplement faire étalage de son influence permet souvent de réduire les difficultés rencontrées. Une fois par session, le personnage dispose d’un bonus de matériel de +5 sur un test opposé de CHA contre un individu dont le niveau de vie est inférieur au sien, y compris après avoir pris connaissance du résultat de l’action.'),
('ingenierie-planetaire', 'Ingénierie planétaire', 1, 1, 'savf', 'Les connaissances du personnage lui permettent d’utiliser les planètes et autres corps stellaires en situation de combat. Une fois par session, il peut utiliser le « terrain » pour dissimuler son vaisseau, échapper à des poursuivants ou automatiquement prendre l’avantage sur un vaisseau adverse. C’est une action qui peut être utilisée même si le personnage n’occupe aucun poste à bord.'),
('ingenieur', 'Ingénieur', 0, 0, 'savf', 'Le personnage connaît le fonctionnement de la plupart des dispositifs impliqués dans le fonctionnement des moteurs, quel que soit le type de véhicule ou de vaisseau. Il peut occuper la salle des machines (MOT). De plus, il obtient un bonus de compétence de +1 par rang à tous les tests visant à réparer ou entretenir un moteur.'),
('inspiration', 'Inspiration', 0, 0, 'savf', 'Le personnage possède une grande sensibilité, les émotions sont chez lui un vecteur puissant de motivation et de réussite. Une fois par session, il peut relancer le dé sur un test lié à une caractéristique mentale (INT, PER ou CHA). Ce choix doit être fait après avoir lancé le dé, mais avant de connaître le résultat de l’action.'),
('instinct-animal', 'Instinct animal', 0, 0, 'espbo', 'Les sens du personnage sont particulièrement aiguisés. Il ne peut plus être surpris dans des conditions normales (il reste vulnérable à des capacités comme embuscade), et il bénéficie d’un bonus de compétence de +5 à tous les tests pour détecter des pièges ou un danger imminent.'),
('instinct-animal-anthropo', 'Instinct animal', 0, 0, 'espeg', 'Les sens du personnage sont particulièrement aiguisés. Il ne peut plus être surpris dans des conditions normales (il reste vulnérable à des capacités comme embuscade), et il bénéficie d’un bonus de compétence de +5 à tous les tests pour détecter des pièges ou un danger imminent.'),
('integration-de-circuit', 'Intégration de circuit', 0, 0, 'espeg', 'Si un terminal électronique de quelque sorte que ce soit (ordinateur, robot, ordinateur de vol, etc.) dispose d’une entrée optique, le personnage peut s’interfacer, communiquer et contrôler totalement ce terminal. Cela se traduit pour le personnage par un bonus de compétence de +5 à tous les tests en rapport avec l’électronique ou l’informatique, ainsi que la capacité à occuper tous les postes d’un vaisseau spatial.'),
('intelligence-heroique', 'Intelligence héroïque', 0, 0, 'cult', 'Le personnage augmente son INT de 1. Il lance désormais deux d20 lors de tous les tests d’INT et conserve le meilleur résultat.'),
('interaction-faible', 'Interaction faible', 0, 0, 'psych', 'Le psi a une connaissance intime du fonctionnement des interactions entre particules. Il sait utiliser cela pour se protéger des radiations, auxquelles il est désormais immunisé.'),
('interface', 'Interface', 0, 0, 'psych', 'Le personnage est capable de s’interfacer avec un composant électronique et de « dialoguer » de manière simple, via des impulsions électriques, avec ce composant. La quantité et la qualité des informations dépendent du type de composant, mais leur interprétation dépend des compétences du personnage. Ainsi, s’il s’interface avec un ordinateur, il est capable d’explorer les données qu’il contient, mais aura besoin d’un test d’INT pour comprendre la nature du contenu ou repérer un document en particulier.'),
('interface-agon', 'Interface', 0, 0, 'espbo', 'Le personnage est désormais capable de s’interfacer avec un composant électronique et de « dialoguer » de manière simple, via des impulsions électriques, avec ce composant. La quantité et la qualité des informations dépendent du type de composant, mais leur interprétation dépend des compétences du personnage. Ainsi, s’il s’interface avec un ordinateur, il est capable d’explorer les données qu’il contient, mais aura besoin d’un test d’INT pour comprendre la nature du contenu ou repérer un document en particulier.'),
('intimidation', 'Intimidation (M)', 0, 0, 'espbo', 'Par une action de mouvement, le personnage adopte une attitude intimidante, faite d’une posture agressive, du gonflement éventuel de certains organes (gorge, thorax, etc.) et de sons sifflants. Le personnage effectue ensuite un test opposé de [rang + CHA] contre l’ensemble des adversaires dans un rayon de 10 mètres. Ceux qui obtiennent un résultat inférieur à celui du personnage subissent un malus de situation de -2 à toutes leurs actions et attaques pour le reste du tour.'),
('intimidation-reptiloides', 'Intimidation (M)', 0, 0, 'espeg', 'Par une action de mouvement, le personnage adopte une attitude intimidante, faite d’une posture agressive, du gonflement éventuel de certains organes (gorge, thorax, etc.) et de sons sifflants. Le personnage effectue ensuite un test opposé de CHA contre l’ensemble des adversaires dans un rayon de 10 mètres. Ceux qui obtiennent un résultat inférieur à celui du personnage subissent un malus de situation de -2 à toutes leurs actions et attaques pour le reste du tour.'),
('intrication-quantique', 'Intrication quantique (M)', 0, 0, 'psych', 'En manipulant l’état quantique d’un ensemble de particules, le psi est capable de transmettre une information instantanément à n’importe quelle distance. Cette information peut prendre la forme d’une courte phrase ou d’une image simple. Le psi est capable de viser un lieu particulier qu’il a déjà visité ou une personne qu’il a déjà rencontrée, où qu’elle se trouve. Cette personne entend ou voit cette information (le médium le plus adapté) et a conscience de la source de l’envoi, mais elle ne peut pas répondre.'),
('intuition-hero\"ique', 'Intuition héroïque', 0, 0, 'savf', 'Le personnage augmente son CHA de 1 et il peut désormais lancer deux d20 et conserver le meilleur résultat, à chaque fois qu’un test de PER lié aux capacités de cette voie lui est demandé.'),
('investigateur', 'Investigateur', 0, 0, 'savf', 'Le personnage bénéficie d’un bonus de compétence de +1 par rang à tous les tests correspondant à la recherche d’indices (PER), à remarquer un détail anormal (INT) ou à obtenir des informations ou des aveux (CHA). Ce bonus s’applique aussi à l’action Aider pendant un combat spatial. Le personnage bénéficie en outre d’un modificateur de situation de +2 lors de toute interaction sociale avec un représentant des forces de l’ordre.'),
('invisibilite', 'Invisibilité', 1, 0, 'psych', 'Le psi est désormais capable de dévier les photons qui devraient passer au travers d’un volume et de les faire reprendre leur course naturelle, ce qui rend le volume en question totalement invisible. Toutefois, le psi n’est capable de réussir cette prouesse que s’il est en contact avec l’objet (ou la personne), que celui (ou celle) ci est totalement immobile, et si sa taille ne dépasse pas celle d’un véhicule personnel. L’objet n’a pas disparu et il est encore possible d’interagir physiquement avec lui (par exemple en le touchant). Mais tout système de perception basé sur le spectre lumineux sera trompé (cela inclut par exemple la vision infrarouge).'),
('invulnerable', 'Invulnérable', 0, 0, 'espbo', 'Les Kneiss sont totalement immunisés aux armes à énergie et aux radiations. Seuls les chocs (armes à feu, explosifs ou coups directs) peuvent les endommager. Ils n’ont pas non plus un cycle biologique qui leur impose de s’alimenter ou de respirer et peuvent donc survivre sans problème dans le vide spatial. Ils restent sensibles à la gravité et un individu « perdu » dans l’espace finira généralement par s’abîmer dans le puits gravitationnel d’une étoile ou d’une planète. De plus, si l’individu est soumis à une faible luminosité, il est affaibli. Dans le noir total, il est considéré comme inconscient.'),
('invulnerable-mineraux', 'Invulnérable', 0, 0, 'espeg', 'Les espèces minérales sont totalement immunisées aux armes à énergie et aux radiations. Seuls les chocs (armes à feu, explosifs ou coups directs) peuvent les endommager. Elles n’ont pas non plus un cycle biologique qui leur impose de s’alimenter ou de respirer et peuvent donc survivre sans problème dans le vide spatial. Elles restent sensibles à la gravité et un individu « perdu » dans l’espace finira généralement par s’abîmer dans le puits gravitationnel d’une étoile ou d’une planète. De plus, si l’individu est soumis à une faible luminosité, il est affaibli. Dans le noir total, il est considéré comme inconscient.'),
('ivan-le-fou', 'Ivan le Fou', 1, 1, 'savf', 'Le pilote effectue une manoeuvre inattendue qui prend de court ses adversaires. Ceux-ci ne peuvent l’attaquer pendant le reste du tour. De plus, il effectue un test d’opposition de Pilotage contre l’un des adversaires. S’il l’emporte, il peut, au choix, prendre automatiquement l’avantage sur ce dernier ou le mettre hors de portée (voir règles sur les combats spatiaux).'),
('joker', 'Joker', 0, 0, 'cult', 'Une fois par aventure, le personnage peut résoudre un obstacle du scénario grâce à l’intervention d’un événement inattendu. Le joueur doit inventer une histoire à peu près crédible (même si elle est improbable) pour justifier ce deus ex-machina. Par exemple, un mercenaire contacte une bande de sa connaissance qui traînait justement dans les parages, ou un pirate utilise le repaire d’un ancien ennemi pour se planquer.'),
('la-mort-venue-den-haut', 'La mort venue d\'en haut', 1, 1, 'savf', 'Si son mecha dispose de fusées d’appoint, le personnage est capable de mener cette attaque spéciale dans des circonstances désespérées. Il fait décoller son mecha pour atterrir directement sur un mecha adverse à portée. C’est une attaque au contact, qui utilise 2 points de la capacité de refroidissement (comme tout usage des fusées d’appoint). Si l’attaque est réussie, la cible subit 4d8 DM. Tout membre d’équipage du mecha ciblé subit la moitié de ces DM. Le mecha réalisant cette manoeuvre subit lui aussi la moitié des DM infligés. Si cela l’amène à 0 PV, cela signifie que les membres inférieurs du mecha ont été irrémédiablement endommagés, il n’est plus capable de se déplacer. Un échec ou un échec critique sur cette attaque n’ont aucun effet : le pilote a simplement manqué sa cible et se retrouve au contact avec celle-ci.'),
('langage-machine', 'Langage machine', 1, 1, 'savf', 'Le personnage augmente son INT de 1. De plus, à chaque fois qu’il effectue une action en rapport avec un ordinateur, une machine ou un robot (qu’il se trouve à bord d’un vaisseau ou non), il lance deux dés et conserve le meilleur résultat.'),
('laser', 'Laser (A:CHA)', 0, 0, 'psych', 'Le psi concentre la lumière en un faisceau directionnel à haute énergie comparable à une arme laser. L’attaque a une portée de 50 mètres et inflige 2d6 DM.'),
('laser-kneiss', 'Laser (A:CHA)', 0, 0, 'espbo', 'Le personnage concentre la lumière en un faisceau directionnel à haute énergie comparable à une arme laser. L’attaque a une portée de 50 mètres et inflige 2d6 DM.'),
('le-geste-parfait', 'Le geste parfait', 0, 0, 'savf', 'Une fois par session, le joueur peut décider de ne pas lancer de dé lors d’un test de caractéristique physique (FOR, DEX ou CON) hors combat. L’action est automatiquement un succès.'),
('levitation', 'Lévitation (M)', 0, 0, 'psych', 'Le psi est capable d’influer sur les ondes gravitationnelles afin de faciliter ses déplacements. Il bénéficie d’un bonus de situation égal à son rang pour tout test lié à un saut ou une acrobatie. De plus, il peut utiliser une action de mouvement pour se déplacer verticalement de 2 mètres vers le haut ou vers le bas. Enfin, il divise par deux les dégâts de chute qu’il subit.'),
('loeil-interieur', 'L’oeil intérieur', 0, 0, 'psych', 'Le psi ne voit plus seulement avec ses sens, mais aussi avec son esprit. Il est capable de discerner les flux et les empreintes psychiques, même ténues. Il bénéficie d’un bonus de compétence de +1 par rang à tous ses tests de PER en rapport avec la vigilance, la découverte d’indices ou d’informations cachées, la détection du mensonge ou des émotions, la détection d’autres psis, etc. Les émotions violentes, la douleur, la peur, causent des perturbations du flux psychique, que le psi est capable de discerner plusieurs heures après les événements.'),
('loup-parmi-les-loups', 'Loup parmi les loups', 0, 0, 'espbo', 'Le personnage gagne +1 aux DM lorsqu’il affronte un adversaire humain, qu’il s’agisse d’un combat normal ou d’un combat spatial contre un vaisseau piloté par un Humain. Ce bonus passe à +2 au rang 4 de la voie.'),
('luminosite', 'Luminosité', 0, 0, 'psych', 'Le psi est capable d’altérer légèrement l’intensité du rayonnement lumineux dans une sphère d’environ 1 mètre de rayon. Cela lui permet d’ignorer tout modificateur de situation lié à la luminosité, ainsi que d’offrir un bonus de situation de +2 (ou un malus de situation de -2) à toute tentative de discrétion.'),
('maitre-darme', 'Maître d’arme', 1, 0, 'savf', 'Le personnage augmente sa DEX de 1. Une fois par session, il peut relancer un test d’attaque à mains nues ou avec une arme de contact.'),
('maitre-des-airs', 'Maître des airs', 0, 0, 'espeg', 'Le personnage est habitué à évoluer en l’air et en trois dimensions, ce qui le rend particulièrement apte au pilotage. Le personnage ajoute sa PER comme un bonus de matériel à tout test visant à effectuer une manoeuvre à bord d’un vaisseau qu’il pilote.'),
('mandarin', 'Mandarin', 0, 0, 'cult', 'Le personnage a acquis un statut important au sein de sa corporation, et son influence est reconnue au-delà de son milieu. Le personnage augmente de 1 ses valeurs de CHA et d’INT. Désormais, il lance deux d20 à tous les tests dépendant du CHA et conserve le meilleur résultat. De plus, son niveau de vie augmente d’une catégorie.'),
('manipulateur', 'Manipulateur', 1, 0, 'savf', 'En parlant pendant 1d6 minutes avec sa cible et en réussissant un test opposé de CHA, le personnage peut influer sur l’état émotionnel superficiel (calme/stressé, joyeux/triste, motivé/déprimé, méfiant/confiant, terrifié/apaisé, etc.). En cas d’échec, l’état émotionnel actuel de la cible en sort renforcé et le personnage ne peut plus tenter de l’influencer pendant 24 heures. En cas de réussite, la cible est considérée sous influence du personnage, et elle aura tendance à accepter ses suggestions pendant 1d6 heures.'),
('manipulation-a-distance', 'Manipulation à distance', 0, 0, 'psych', 'La première étape de l’apprentissage du psi est la télékinésie à proprement parler. Il peut alors déplacer des objets, ou manipuler certaines interfaces physiques (comme un interrupteur ou un clavier) à distance. Au rang 1, les objets déplacés doivent être petits et légers, et la manipulation manque de précision. Au rang 3, le personnage peut « soulever » un véhicule de petite taille et manipuler un clavier ou une console normalement. Au rang 5, le psi peut perturber un vaisseau de transport en plein vol et agir sur plusieurs interfaces à la fois avec une vitesse et une précision surhumaines.'),
('manoeuvre-devitement', 'Manoeuvre d’évitement (M)', 0, 1, 'savf', 'Le personnage effectue des manoeuvres défensives, privilégiant la défense et l’esquive. Le vaisseau dispose d’un bonus de compétence à la DEF égal au rang du pilote. Toutefois, toute attaque à distance subit du même coup un malus de situation de -2.'),
('manoeuvre-inattendue', 'Manoeuvre inattendue (M)', 0, 1, 'espeg', 'Les pilotes issus des espèces aquatiques sont capables d’improviser des manoeuvres de pilotage inconcevables pour les espèces terrestres. Une fois par combat, le pilote peut choisir de bénéficier de l’un des bonus suivants pendant un tour : +5 en DEF, +2 à toutes les attaques, ou automatiquement prendre l’avantage sur un pilote adverse. En outre, la PER du personnage est augmentée de 1.'),
('mecano', 'Mécano', 0, 0, 'savf', 'Le personnage connaît le fonctionnement de nombreux dispositifs mécaniques, des vaisseaux entre autres. Il obtient un bonus de compétence de +1 par rang à tous les tests visant à réparer ou comprendre ce type de mécanismes. En outre, si le personnage dispose de quelques heures et des outils et pièces détachées nécessaires, il peut entreprendre de réparer un vaisseau. Il effectue alors un test d’INT (ND 15). S’il est réussi, le vaisseau récupère l’équivalent d’un dé de vie, sans toutefois pouvoir dépasser son maximum à l’état neuf. 1d6 heures par taille du vaisseau sont nécessaires.'),
('medecin', 'Médecin', 0, 0, 'savf', 'Le personnage sait diagnostiquer les maladies et les traumatismes. Il reçoit un bonus de compétence de +1 par rang à tous les tests de médecine, de biologie ou d’anatomie. S’il accorde des soins à un personnage qui ne dispose pas de l’ensemble de ses PV avant une période de repos, il lui permet de doubler le résultat de son test de récupération. Cela ne nécessite pas de test de médecine.'),
('memoire-cristalline', 'Mémoire cristalline', 0, 0, 'espbo', 'La structure et la croissance des Kneiss leur permet de stocker une quantité d’information quasiment infinie. Le personnage bénéficie d’un bonus de compétence de +5 à tous ses tests de culture générale et de recherche d’informations. De plus, s’il a eu accès à une information au cours de la campagne, il peut effectuer un test de CON (ND 10) pour retrouver cette information au sein même de son organisme (le MJ se doit alors de lui répéter l’information si nécessaire).'),
('memoire-cristalline-mineraux', 'Mémoire cristalline', 0, 0, 'espeg', 'La structure et la croissance des espèces minérales leur permet de stocker une quantité d’information quasiment infinie. Le personnage bénéficie d’un bonus de compétence de +5 à tous ses tests de culture générale et de recherche d’informations. De plus, s’il a eu accès à une information au cours de la campagne, il peut effectuer un test de CON (ND 10) pour retrouver cette information au sein même de son organisme (le MJ se doit alors de lui répéter l’information si nécessaire).'),
('memoire-eidetique', 'Mémoire eidétique', 1, 0, 'savf', 'Le personnage a une mémoire parfaite de tout ce qu’il a vu et entendu. Si le joueur le demande, le MJ doit lui rappeler tous les détails relatifs à un lieu qu’il a visité ou une conversation qu’il a entendue. Cette mémoire exceptionnelle permet aussi au personnage d’obtenir un bonus de compétence de +5 sur tous les tests de culture générale.'),
('mental-dacier', 'Mental d’acier', 0, 0, 'savf', 'Le personnage a étudié ses propres points faibles et il est devenu particulièrement résilient. Sa DEP est augmentée de 2. De plus, lorsqu’il est le défenseur dans un test en opposition basé sur le CHA ou pour résister à la peur, il bénéficie d’un bonus de compétence égal à son rang.'),
('metabolisme-ameliore', 'Métabolisme amélioré (PER)', 1, 0, 'psych', 'Le psi élabore une solution temporaire pour améliorer le métabolisme de sa cible à une fin précise. Il peut s’agir de permettre à un individu de courir plus vite ou plus longtemps, d’améliorer l’irrigation de son cerveau ou d’influencer sa production d’hormones. La cible bénéficie pendant 1 heure d’un bonus de matériel de +2 à tous les tests dépendant d’une caractéristique. À la fin de ce délai, elle est toutefois fatiguée pendant 1d6 heures. Au rang 4, le psi est aussi capable d’influer de manière négative sur le métabolisme d’un adversaire : si l’attaque du psi réussit, sa cible est fatiguée pour 1d6 tours.'),
('metabolisme-ameliore-tymbri', 'Métabolisme amélioré (PER)', 1, 0, 'espbo', 'Le Tymbri élabore une solution temporaire pour améliorer le métabolisme de sa cible à une fin précise. Il peut s’agir de permettre à un individu de courir plus vite ou plus longtemps, d’améliorer l’irrigation de son cerveau ou d’influencer sa production d’hormones. La cible bénéficie pendant 1 heure d’un bonus de matériel de +2 à tous les tests dépendant d’une caractéristique. À la fin de ce délai, elle est toutefois fatiguée pendant 1d6 heures. Au rang 4, le Tymbri est aussi capable d’influer de manière négative sur le métabolisme d’un adversaire : si l’attaque réussit, la cible est fatiguée pour 1d6 tours.'),
('metabolisme-synthetique', 'Métabolisme synthétique', 1, 0, 'espbo', 'L’androïde élabore une solution temporaire pour améliorer son métabolisme à une fin précise. Il peut s’agir d’altérer son système musculaire pour courir plus vite ou plus longtemps, d’améliorer les procédures de refroidissement de son processeur ou de générer la production d’hormones de synthèse appropriées. Le personnage bénéficie pendant 4 heures d’un bonus de matériel de +2 à tous les tests dépendant d’une caractéristique de son choix (y compris les tests d’attaque éventuels). À la fin de ce délai, il est toutefois affaibli pendant 1 heure.'),
('metis-genetique', 'Métis génétique', 0, 0, 'augm', 'Le personnage dispose de la capacité de rang 3 de la voie d’espèce choisie pour l’hybridation. De plus, la caractéristique privilégiée correspondante, indiquée dans la Table des bonus d’hybridation, est augmentée de 1. Désormais, le personnage est visiblement affecté par l’hybridation et il devient impossible de le dissimuler.'),
('microdosage', 'Microdosage', 0, 0, 'augm', 'Le personnage sélectionne un stimulant supplémentaire que ses implants peuvent diffuser dans son organisme. Le seuil d’accoutumance de tous les stimulants sélectionnés est désormais doublé.'),
('microgravite', 'Microgravité', 1, 0, 'cult', 'Le personnage augmente sa DEX de 1. De plus, lorsqu’il utilise sa capacité né dans un vaisseau, il ne divise plus le bonus appliqué au vaisseau.'),
('mieux-que-le-neuf', 'Mieux que le neuf', 0, 0, 'savf', 'Le personnage ne se contente plus de réparer les systèmes et véhicules. Il est maintenant capable d’améliorer tout ce qu’il touche. Une fois par session, en travaillant 1d6 heures, il peut faire bénéficier un objet d’une amélioration légère. Ce peut être un modificateur de matériel de +1 en attaque ou aux DM pour une arme, +1 en DEF ou en RD pour une armure, etc. Le bonus est valable pendant le reste de l’aventure, ensuite l’objet se dégrade et nécessite une nouvelle intervention du mécano. Il peut également optimiser les systèmes d’un vaisseau pour accepter plus de modifications : tant que le mécano opère à bord, on considère que le vaisseau comprend un nombre d’OPT supplémentaires égal à sa Taille (un vaisseau ne peut bénéficier qu’une seule fois de cette capacité).'),
('modif-struct-luminescents', 'Modification structurelle', 0, 0, 'espeg', 'À force de côtoyer les atmosphères des espèces « denses », l’être luminescent a appris à adapter sa morphologie pour surpasser ses limites. Le personnage n’a plus besoin d’une combinaison pour évoluer dans des conditions classiques. Il est capable d’adopter une forme quasi-humanoïde et peut désormais « saisir » ou porter des objets physiques sous cette forme. En outre, il divise désormais par deux tous les dégâts électromagnétiques, tels que décharge d’énergie, électromancie ou onde de choc.'),
('modification-structurelle', 'Modification structurelle', 0, 0, 'espbo', 'À force de côtoyer les atmosphères des espèces « denses », l’être luminescent a appris à adapter sa morphologie pour surpasser ses limites. Le personnage n’a plus besoin d’une combinaison pour évoluer dans des conditions classiques. Il est capable d’adopter une forme quasi-humanoïde et peut désormais « saisir » ou porter des objets physiques sous cette forme. En outre, il divise désormais par deux tous les dégâts électromagnétiques, tels que décharge d’énergie, électromancie ou onde de choc.'),
('monstruosite', 'Monstruosité', 0, 0, 'espeg', 'Le personnage est répugnant et terrifiant pour quiconque n’y est pas habitué. Un individu qui ne côtoie pas régulièrement l’espèce du personnage doit réussir un test de CHA (ND [10 + rang]) avant de pouvoir chercher à intimider ou tromper le personnage. Il doit aussi effectuer ce test au premier tour de combat. En cas d’échec, il subit un malus de situation de -2 à toutes ses actions dirigées contre le personnage lors de son prochain tour.'),
('navigation', 'Navigation', 0, 0, 'espeg', 'Les espèces aquatiques bénéficient d’un don inné pour la navigation, et d’un bonus de compétence de +5 pour tout test visant à se repérer dans l’espace ou à s’orienter (y compris dans un territoire inconnu). À ce rang, le personnage peut occuper le poste de pilotage (PIL) à bord d’un vaisseau. De plus, il choisit s’il ajoute sa DEX ou sa PER à la manoeuvrabilité du vaisseau.'),
('ne-dans-un-vaisseau', 'Né dans un vaisseau', 0, 0, 'cult', 'Le personnage est familier de la plupart des postes de combat d’un vaisseau spatial et peut donc occuper l’ensemble de ces postes. Le bonus appliqué aux caractéristiques du vaisseau est toutefois divisé par deux lorsqu’un poste est occupé grâce à cette capacité. Tout modificateur négatif n’est pas divisé. Le personnage est en outre capable de reconnaître la plupart des vaisseaux de son espèce, ainsi que leurs forces et faiblesses (leurs caractéristiques de base).'),
('neutraliser-laura', 'Neutraliser l’aura (M)', 0, 0, 'psych', 'Le psi est capable de dissimuler son aura ainsi que celles d’un nombre de personnes égal à son rang. Cela confère à toutes un bonus de situation de +2 à tout test de discrétion, et un bonus de compétence égal au rang dans cette voie contre toute tentative de détecter l’esprit du personnage.'),
('nuke', 'Nuke (rang 13)', 0, 0, 'ia', 'L’I.A. s’est propagée au-delà des limites de sa planète d’origine, et est capable de survivre dans les réseaux de communication spatiaux. Son réseau peut désormais s’étendre sur plusieurs unités astronomiques. Elle est en outre capable de concentrer son être dans un petit nombre de terminaux très puissants (ce qui la rend temporairement plus vulnérable), et de se déplacer par ce biais dans d’autres systèmes stellaires. Enfin, elle peut détruire physiquement n’importe quel système électronique dont elle a pris le contrôle.'),
('ombre', 'Ombre', 0, 0, 'savf', 'Le personnage augmente sa DEX de 1. De plus, le personnage est capable de se mouvoir et de disparaître dans les ombres ou dans la foule en un clin d’oeil. Même s’il est observé et visible, si le décor le lui permet, le personnage peut demander un test de DEX (Discrétion) pour échapper à son (ou ses) observateur(s).'),
('onde-de-choc', 'Onde de Choc (PER)', 1, 0, 'psych', 'Le personnage se concentre, avant de déclencher une impulsion électrique qui affecte tout le monde dans un rayon de 10 m. Il effectue une attaque psychique contre chaque cible, sans risque d’egofeedback. Les cibles touchées encaissent 2d6 de DM temporaires s’il s’agit de cibles organiques, et des DM létaux s’il s’agit de cibles synthétiques. Cela inclut robots et androïdes, mais aussi organiques avec des organes cybernétiques.'),
('onde-psi', 'Onde Psi (CHA)', 1, 0, 'psych', 'Le psi projette son esprit vers un nombre de cibles visibles, au maximum égal à son rang, dans un rayon de 10 m. Il effectue une attaque psychique contre chacune d’elle. En cas de réussite, la cible est affectée comme si elle avait été visée par un Assaut Psi. Le personnage ne peut subir d’egofeedback sur ce type d’attaque.'),
('optimisation', 'Optimisation', 0, 0, 'savf', 'Le personnage est un expert dans le réglage des paramètres du réacteur d’un mecha et de ses diverses composantes. Il récupère 2 points de capacité de refroidissement au lieu de 1 au début de chaque tour, et 3 points par tour une fois atteint le rang 5. Il peut aussi choisir d’utiliser sa DEX plutôt que sa FOR lorsqu’il pilote un mecha.'),
('optimisation-quantique', 'Optimisation quantique', 0, 0, 'savf', 'Quand il occupe la salle des moteurs, le personnage optimise les ressources énergétiques du vaisseau, qui gagne autant de points d’énergie disponible que le rang du personnage dans cette voie.'),
('orateur', 'Orateur', 1, 0, 'savf', 'Le personnage augmente son CHA de 1. Il peut en outre utiliser sa capacité de manipulateur contre une foule en faisant un test de CHA. Le ND va de 10 pour un groupe d’une dizaine de personnes, jusqu’à 25 pour une foule de plusieurs milliers de personnes.'),
('organes-non-vitaux', 'Organes non vitaux', 0, 0, 'espeg', 'Par une croissance savamment organisée autour d’organes non vitaux, les espèces végétales s’assurent une résistance étonnante aux dégâts. Le personnage n’est pas affecté par le bois, la pierre, l’électricité ou les radiations. Il reste toutefois vulnérable au feu, qui lui inflige des DM doublés. De plus, à chaque fois qu’il encaisse une blessure grave, le personnage effectue un test de [CON + rang] de ND 15. Si le test est réussi, le personnage ignore purement et simplement la blessure grave (mais pas les DM qui auraient causé cette blessure).'),
('parasitage', 'Parasitage', 0, 0, 'espeg', 'Le personnage choisit une espèce de prédilection à laquelle doivent appartenir ses hôtes. Il dispose désormais de la capacité de rang 1 de la voie d’espèce correspondante. Toutefois, il laisse certains signes sur son hôte qui peuvent permettre de détecter sa vraie nature. Un individu ayant déjà côtoyé un membre de cette espèce peut effectuer un test opposé de PER contre [rang + INT du parasite] afin de détecter sa présence. S’il connaissait l’individu parasité, il bénéficie d’un bonus de situation de +5 à ce test.'),
('perception-hero\"ique', 'Perception héroïque', 1, 0, 'savf', 'Le personnage augmente sa PER de 1. Il peut désormais lancer deux d20 et conserver le meilleur résultat à chaque fois qu’un test de PER lui est demandé.'),
('perception-heroique-aeriens', 'Perception héroïque', 0, 0, 'espeg', 'Le personnage augmente sa PER de 1. Il peut désormais lancer deux d20 et conserver le meilleur résultat à chaque fois qu’un test de PER lui est demandé.'),
('pharmacopee', 'Pharmacopée', 0, 0, 'augm', 'Le personnage sélectionne trois stimulants parmi la liste des stimulants disponibles. Son implant est capable de diffuser les stimulants en question dans son organisme sans risque de dépendance. Le grade des stimulants utilisés dépend du niveau de vie du personnage (ou doivent être achetés si vous utilisez les crédits). Le personnage reste sujet à l’accoutumance et aux effets secondaires.'),
('pieces-detachees', 'Pièces détachées', 0, 0, 'espbo', 'Le personnage est avant tout un assemblage de pièces mécaniques. S’il dispose des pièces adéquates, le personnage peut se modifier (ou se faire modifier) en 1d6 heures. Il s’agit d’un test d’INT (robotique) de ND 15. Si le test est réussi, le personnage peut modifier ses caractéristiques. Il peut réallouer de la sorte 2 points de caractéristiques, sans toutefois pouvoir altérer aucune caractéristique de plus de 1 point par rapport à sa valeur de départ.'),
('pied-a-terre', 'Pied-à-terre', 0, 0, 'cult', 'Le personnage a accès à un logement de qualité sur la plupart des planètes et stations importantes. Il s’agit généralement de quartiers appartenant à un ami ou un allié (ou bien une de leurs sociétés). L’endroit peut être discret ou ostentatoire, au gré du joueur. Il peut aussi inclure du personnel et donner accès à de l’équipement en rapport avec sa fonction, y compris de l’armement ou d’autres produits illégaux (à la discrétion du MJ).5. Relations : Une fois par session, avec l’accord du MJ, le personnage peut faire jouer ses relations et son influence pour obtenir un avantage important. Obtenir un rendez-vous avec un personnage en vue, ralentir (ou accélérer) une enquête en cours, emprunter une grosse somme, etc. 6'),
('pilote-emerite', 'Pilote émérite', 0, 0, 'savf', 'Le personnage peut occuper le poste de pilotage (PIL) à bord d’un vaisseau. De plus, s’il en est capable, il peut choisir lors d’un tour d’occuper un (et un seul) des postes suivants en même temps que le poste de PIL : CAN, SEN ou ORD. Le vaisseau bénéficie alors du bonus correspondant au lieu du bonus du poste de pilotage, mais n’est pas considéré comme un vaisseau sans pilote. Le pilote peut effectuer une action d’attaque s’il occupe un poste de CAN.'),
('pistolero', 'Pistolero', 1, 0, 'savf', 'Remettre en état son arme à feu après un incident de tir est désormais une action gratuite pour le personnage. De plus, le personnage peut cumuler l’usage de Coup rapide et l’action de combat à deux armes, tant qu’il s’agit de deux armes à feu. Dans ce cas, pour une action limitée, il effectue deux attaques avec une main et une attaque avec sa deuxième main. Toutes ces attaques utilisent un d12.'),
('planetologue', 'Planétologue', 0, 0, 'savf', 'Le personnage a une connaissance intime des systèmes planétaires et de leur mode de fonctionnement. En réussissant un test de [INT + rang] contre un ND 15, il peut déterminer avec exactitude des données de survie primordiale, telles que dénicher de l’eau douce ou une terre plus fertile, les points les plus favorables à l’installation d’une population autochtone, les abris et prédateurs potentiels, etc. Ces informations lui confèrent un bonus de compétence égal à son rang pour toutes ses actions hors combat pendant la durée d’une scène qui se déroule sur la planète. Il peut faire cette action une fois par session.'),
('pleine-puissance', 'Pleine puissance', 1, 1, 'savf', 'Si le vaisseau dispose d’au moins un point d’énergie disponible, le personnage peut décider de provoquer un pic temporaire de puissance. Au prix d’un point d’énergie, le vaisseau reçoit pour la durée du combat un bonus égal au rang du personnage, qui s’applique soit à la puissance (cela n’affecte pas l’énergie disponible), soit à la manoeuvrabilité.'),
('polychrone', 'Polychrone', 0, 1, 'savf', 'Lorsqu’il occupe un autre poste en plus du poste de pilotage (voir Pilote émérite), le pilote fait bénéficier son vaisseau des deux bonus : celui du poste de pilotage et celui du poste additionnel.'),
('polydextrie', 'Polydextrie (A)', 0, 0, 'espeg', 'Le personnage augmente sa FOR de 1. De plus, il est capable d’utiliser plusieurs de ses bras pour manipuler des objets sans perte de précision ou de puissance. Lorsqu’il effectue une action d’attaque, il bénéficie d’une attaque supplémentaire. Celle-ci utilise un d12 au lieu d’un d20.'),
('polyvalent', 'Polyvalent', 0, 0, 'espbo', 'Le personnage augmente sa caractéristique la plus faible ainsi qu’une autre caractéristique de son choix de 1.'),
('polyvalent-anthropo', 'Polyvalent', 0, 0, 'espeg', 'Le personnage augmente de 1 sa caractéristique la plus faible ainsi qu’une autre caractéristique de son choix.'),
('postcognition', 'Postcognition (A:PER)', 0, 0, 'psych', 'Le psi est désormais capable d’explorer les ondes psychiques d’une personne ou d’un endroit afin d’explorer virtuellement sa mémoire et d’obtenir une vision du passé relativement précise. Contre une personne, il s’agit d’une attaque psychique standard. Pour un lieu, le ND du test dépend de la taille de l’endroit et de la quantité de temps écoulée depuis les événements : 10 pour une petite pièce ou une plongée de quelques minutes en arrière, 25 pour une ville ou une plongée de plusieurs années dans le passé. De plus, le psi est désormais capable d’utiliser l’action Détecter un psi non seulement contre les psis mais contre tout individu issu d’une espèce sapiente.'),
('precognition', 'Précognition', 1, 0, 'psych', 'Le personnage augmente son score d’INT de 1. Il est maintenant capable de se projeter dans le temps et d’évaluer les différents chemins du temps, sous la forme de visions plus ou moins claires d’avenirs possibles. Une fois par aventure, le personnage peut demander au MJ de lui donner des informations sur une scène à venir.'),
('premier-implant', 'Premier implant', 0, 0, 'augm', 'Le personnage peut sélectionner un implant parmi les implants de type C. Le bonus conféré par cet implant est de +1.'),
('premier-transfert', 'Premier transfert', 0, 0, 'augm', 'Le personnage transfère son esprit dans une nouvelle coquille similaire à sa forme d’origine. Cette coquille peut bénéficier d’un implant de type B. Le bonus conféré par cet implant est de +1.'),
('premiere-greffe', 'Première greffe', 0, 0, 'augm', 'Le personnage peut sélectionner un implant parmi les implants de type B. Le bonus conféré par cet implant est de +1.'),
('programmation-secondaire', 'Programmation secondaire', 0, 0, 'espbo', 'Le personnage dispose d’une deuxième programmation. Cette deuxième programmation lui confère une deuxième spécialité ainsi qu’un trait. Il peut passer d’une programmation à une autre (ou un individu possédant un code particulier peut le faire passer sur sa deuxième programmation) en restant inactif pendant une minute. Lorsqu’il change ainsi de programmation, il peut bénéficier de la capacité pièces détachées sans avoir à être bricolé.'),
('projection-daura', 'Projection d’aura (A:CHA)', 0, 0, 'psych', 'Le personnage augmente son score de PER de 1. Il est désormais capable d’inonder les sens d’une créature de signaux contradictoires en projetant son aura vers elle. Si l’attaque est réussie, la cible est considérée aveuglée pendant 1d6 rounds.'),
('projection-holographique', 'Projection holographique (PER)', 1, 0, 'psych', 'Le personnage est maintenant capable de manipuler les ondes lumineuses pour créer des hologrammes et des illusions plus vraies que nature. Le ND dépend de la complexité de la scène envisagée : 10 pour une illusion de petite taille dans une zone mal éclairée, jusqu’à 25 pour une illusion de plusieurs dizaines de mètres de côté en plein jour. La photokinésie ne cible personne en particulier et le psi ne risque donc aucun egofeedback. L’illusion est uniquement visuelle, et n’affecte pas les autres sens. D’autre part, le personnage augmente son INT de 1.'),
('projection-memorielle', 'Projection mémorielle (PER)', 1, 0, 'espbo', 'Le personnage est désormais capable de projeter ses souvenirs et ses ressentis sous la forme d’une image complexe similaire à un hologramme. Cette image ne peut être falsifiée ou reproduite, garantissant sa véracité. En outre, le personnage augmente son INT de 1.'),
('projection-memorielle-mineraux', 'Projection mémorielle (PER)', 1, 0, 'espeg', 'Le personnage est désormais capable de projeter ses souvenirs et ses ressentis sous la forme d’une image complexe similaire à un hologramme. Cette image ne peut être falsifiée ou reproduite, garantissant sa véracité. En outre, le personnage augmente son INT de 1.'),
('projection-virtuelle', 'Projection virtuelle (CHA)', 1, 0, 'psych', 'Le personnage augmente sa valeur d’INT de 1. Il peut désormais projeter sa conscience dans un système informatique quelconque (ordinateur, vaisseau, ville...) Il bénéficie d’un bonus de matériel de +5 pour tout test visant à prendre le contrôle d’un des systèmes concernés. Il peut aussi provoquer un dysfonctionnement majeur ayant une incidence physique sur l’environnement immédiat d’une des machines du réseau (court-circuit, explosion, etc.). Tout individu se trouvant à moins de 3 mètres de cette machine subit 3d6 DM. Au prix d’une action limitée, le psi peut choisir de rester dans le réseau. À partir du deuxième tour en projection, il doit réussir un test de CHA (ND 15) à chaque début de tour ou être éjecté et subir un egofeedback.'),
('provocateur', 'Provocateur', 1, 0, 'savf', 'Le personnage maîtrise l’art de se rendre désagréable, voire insupportable. Par un test opposé de CHA contre l’INT de la cible, il peut forcer celle-ci à sortir de ses gonds, voire à l’attaquer (au choix du joueur) pendant un tour. Une victime ainsi provoquée agit sans aucune considération pour son intérêt personnel et ses objectifs. Si elle attaque le personnage, elle subit des modificateurs de situation de -5 en attaque et -2 en DEF jusqu’au début de son prochain tour. Une victime ne peut être ciblée que par une seule provocation par session.'),
('quatrieme-greffe', 'Quatrième greffe', 0, 0, 'augm', 'Le personnage peut sélectionner un implant parmi les implants de type B. Le bonus conféré par cet implant est de +1. Les bonus conférés par tous les implants au sein de cette voie préalables sont augmentés de +1.'),
('quatrieme-implant', 'Quatrième implant', 0, 0, 'augm', 'Le personnage peut sélectionner un implant parmi les implants de type C. Le bonus conféré par cet implant est de +4.'),
('rage', 'Rage', 1, 0, 'espeg', 'Le personnage laisse le temps d’une action son instinct animal (souvent de prédateur) prendre le dessus. Il perd 4 points de DEF, mais bénéficie en contrepartie d’un bonus de matériel de +2 à l’attaque et d’une attaque supplémentaire, effectuée avec un d12 au lieu du d20. Le personnage peut utiliser cette rage prédatrice au contact ou à distance, mais pas avec des capacités issues de voies psychiques.'),
('ralentir-le-temps', 'Ralentir le temps', 1, 0, 'psych', 'En contractant les ondes gravitationnelles, le psi parvient à littéralement ralentir le temps autour de lui. À chaque tour pour le reste de la scène, il peut considérer une (et une seule) action de mouvement comme une action gratuite. Seul le déclenchement de l’effet nécessite une action limitée.'),
('regeneration', 'Régénération', 0, 0, 'augm', 'Les modifications génétiques qu’a subies le personnage lui confèrent une capacité de régénération cellulaire accrue. Il double sa vitesse de récupération de PV et tous les tests de médecine ou de chirurgie le ciblant bénéficient d’un bonus de situation de +5. De plus, le personnage ne peut plus être épuisé. S’il doit subir cet état, il est simplement fatigué.'),
('relations', 'Relations', 0, 0, 'cult', 'Une fois par session, avec l’accord du MJ, le personnage peut faire jouer ses relations et son influence pour obtenir un avantage important. Obtenir un rendez-vous avec un personnage en vue, ralentir (ou accélérer) une enquête en cours, emprunter une grosse somme, etc.'),
('relie-a-la-terre', 'Relié à la terre (M)', 0, 0, 'espeg', 'Par une action de mouvement, le personnage prend pied solidement à l’endroit où il se trouve. Tant qu’il utilise une action de mouvement pour conserver sa position, il ne peut plus être renversé ou étourdi et devient immunisé aux DM temporaires.');
INSERT INTO `cog_capacites` (`capacite`, `nom`, `limitee`, `sort`, `type`, `description`) VALUES
('renforcement', 'Renforcement', 0, 0, 'savf', 'Lorsqu’il combat à mains nues, le personnage inflige [1d4 + FOR] DM létaux (et non des DM temporaires). Le dé passe à 1d6 au rang 3 et à 1d8 au rang 5. De plus, le personnage obtient un bonus de compétence de +1 par rang en DEF contre les attaques au contact (sauf s’il est surpris). Le personnage peut choisir d’infliger des DM temporaires s’il le souhaite.'),
('renforcement-parasites', 'Renforcement', 0, 0, 'espeg', 'Le personnage a désormais une connaissance assez intime du fonctionnement de l’espèce hôte et est capable d’accroître sa résistance pendant le temps que dure son parasitage. Son seuil de blessure grave est augmenté de 5 et le personnage bénéficie d’un bonus de compétence de +5 pour résister à toute invasion organique extérieure : maladies, poisons, etc.'),
('rente', 'Rente', 0, 0, 'cult', 'Au début de chaque aventure, vous percevez les rentes de quelque affaire dont vous avez la charge. Vous pouvez faire l’acquisition d’un bien supplémentaire correspondant à votre niveau de vie. Lorsque vous utilisez cette capacité, lancez 1d6. Sur un 1, l’objet vous attire des ennuis : dette, bien volé ou qui intéresse des concurrents ou bien des criminels, etc.'),
('reparation-des-tissus', 'Réparation des tissus (A:PER)', 0, 0, 'psych', 'Le psi connaît intimement le fonctionnement des tissus organiques. Il est maintenant capable d’accélérer le processus de guérison, voire de le rendre instantané. Pour ce faire, le psi doit réussir une attaque psychique contre la cible, mais cette attaque doit aussi dépasser un ND qui dépend du nombre de blessures graves et de leur nature : 10 pour une blessure unique au bras ou à la jambe, jusqu’à 25 pour de multiples blessures à la tête. Si le test est réussi, les tissus sont régénérés en 1d6 tours (pendant lesquels le psi doit rester concentré) et toutes les blessures graves sont annulées. Le processus est toutefois éreintant pour le psi, qui devient épuisé pendant 1d6 heures.'),
('reseau-neuronal', 'Réseau neuronal', 0, 0, 'espbo', 'Au moment de sa fabrication, l’androïde bénéficie d’une programmation initiale en fonction de sa mission et des capacités souhaitées chez l’individu. Le joueur sélectionne trois voies de son choix parmi les voies culturelles (pas plus d’une voie culturelle) et les voies de savoir-faire. Il a désormais accès à ces trois voies et à deux capacités de rang 1 de son choix. Toute progression ultérieure dépend de la dépense de points de capacité, tout comme pour les organiques.'),
('resistance', 'Résistance', 0, 0, 'espeg', 'Le corps du personnage devient extrêmement résistant. Il ne subit plus de dégâts de chute et est immunisé à la plupart des radiations. Il est en outre capable d’évoluer dans le vide sans subir de dégâts pendant [CON] minutes. Au-delà, il suit les règles habituelles (voir chapitre 3, Règles avancées page XXX).'),
('savoir-encyclopedique', 'Savoir encyclopédique', 1, 1, 'savf', 'Le personnage augmente son INT de 1. De plus, à chaque fois qu’il effectue un test de connaissance, de recherche d’information ou de culture générale, il lance deux dés et garde le meilleur résultat.'),
('se-depasser', 'Se dépasser', 0, 0, 'savf', 'En sacrifiant jusqu’à 1 PV par rang, le personnage obtient un bonus de compétence de +1 par PV sacrifié sur n’importe quel test de FOR, DEX ou CON, y compris un test d’attaque.'),
('se-fondre-dans-la-masse', 'Se fondre dans la masse', 1, 0, 'cult', 'Dans un combat mettant aux prises plus de dix combattants, le personnage peut choisir de se dissimuler temporairement. Il effectue un test de DEX (Discrétion) de ND 10. Si le test est réussi, aucun adversaire ne peut cibler le personnage pendant un round. Au round suivant, si le personnage décide d’attaquer, ce sera avec un bonus de compétence de +5.'),
('second-souffle', 'Second souffle (M)', 0, 0, 'psych', 'Une fois par combat, le psi peut concentrer son énergie afin de trouver un second souffle et reprendre la bataille de plus belle. Il regagne 1d6 PV permanents, 2d6 PV temporaires, et bénéficie jusqu’au début de son prochain tour d’un bonus de matériel de +2 à toutes ses attaques psychiques.'),
('secouriste', 'Secouriste', 0, 0, 'savf', 'Le personnage peut stabiliser en quelques minutes un personnage à 0 PV. Celui-ci récupère alors 1d6 PV.'),
('sens-affutes', 'Sens affûtés', 0, 0, 'savf', 'Le personnage gagne un bonus de compétence de +1 par rang à tous les tests de PER destinés à évaluer la perception de son environnement (vue, ouïe, vigilance, etc.). Cela s’applique aussi à l’action Aider lors d’un combat spatial.'),
('sens-de-la-communaute', 'Sens de la communauté', 0, 0, 'cult', 'Lorsqu’il aide un test en coopération, le personnage confère un bonus de +5 (au lieu de +2). De plus, une fois par session, il peut « donner » un PC à l’un de ses compagnons. Le joueur doit justifier comment son personnage peut avoir aidé ce dernier ou contribué à l’action en cours. Le PC « donné » n’est pas enlevé de sa réserve : il s’agit d’un PC supplémentaire disponible uniquement pour cette action ou pour la durée d’une scène.'),
('sens-de-la-confrerie', 'Sens de la confrérie', 1, 0, 'cult', 'Une fois par aventure, le personnage peut faire appel à son réseau de contacts ou tout simplement à la solidarité de ceux qui, comme lui, ont grandi dans les rues. Cette solidarité peut lui permettre de se sortir d’un mauvais pas, de bénéficier d’un coup de pouce inattendu ou d’une information vitale, ou bien encore de récupérer de ses blessures sans l’intervention d’un médecin.'),
('sens-du-danger', 'Sens du danger', 0, 0, 'psych', 'Le psi a toujours un coup d’avance sur le temps. Il ne peut plus être surpris. Il bénéficie de plus d’un bonus de compétence égal à son rang pour tout test en rapport avec sa survie dans un milieu inconnu ou hostile.'),
('sniffing', 'Sniffing', 0, 0, 'ia', 'L’I.A. occupe un réseau de communication de taille réduite : quelques ordinateurs et calculateurs, tout au plus. Elle est capable d’écouter toutes les communications transitant par ce réseau, et d’analyser les signaux. Elle peut entretenir une conversation électronique et commencer à bâtir une « persona », une identité. À ce rang, une I.A. peut encore être détruite de manière assez aisée.'),
('sonar', 'Sonar', 0, 0, 'espeg', 'Le personnage dispose d’organes sensoriels qui lui permettent de visualiser son environnement en trois dimensions, même dans les plus profondes ténèbres. En combat spatial, cette aptitude lui donne un avantage supplémentaire pour visualiser la situation : un pilote aquatique augmente la DEF de son vaisseau de 1. En outre, le personnage ne peut être affecté par un malus de situation dû à la luminosité.'),
('specialiste', 'Spécialiste', 0, 0, 'savf', 'Le personnage choisit une catégorie d’armes de prédilection parmi : ionique, laser, plasma, sonique. Le score de base d’ATD et les DM de toutes les armes de cette catégorie sont augmentés de 1. De plus, il peut tenter de réparer une arme à énergie.'),
('specialiste-armes-a-feu', 'Spécialiste (armes à feu)', 0, 0, 'savf', 'Le score de base d’ATD du personnage et ses DM sont augmentés de 1 lorsqu’il utilise une arme à feu. De plus, il peut tenter de réparer une arme à feu.'),
('specialite', 'Spécialité', 0, 0, 'espbo', 'Le robot dispose d’une spécialité. Celle-ci correspond au pourquoi de sa conception et constitue un domaine de prédilection pour le robot. Le personnage choisit un type de test (mécanique, médecine, observation, attaque à distance, attaque au contact…), lorsqu’il effectue ce type de test il peut lancer deux dés et choisir le meilleur résultat. Ce choix est définitif. Pour les profils de base de robot, la spécialité est indiquée entre parenthèses pour chaque profil.'),
('spoofing', 'Spoofing', 0, 0, 'ia', 'L’I.A occupe un réseau plus important et hétéroclite : quelques dizaines d’ordinateurs, de terminaux et de routeurs, à l’échelle d’un bâtiment, d’un quartier ou d’un petit vaisseau spatial. Elle commence à jouer avec plusieurs persona différentes, plusieurs identités. Elle est capable de dissimuler ses traces grâce à ce système et de hacker de nouveaux systèmes de manière assez basique (cf. la capacité hacker de la voie de l’électronique). Elle dispose aussi d’un module vocal pour dialoguer avec des organiques, et peut « incarner » une partie de ses routines système dans un androïde ou un robot. La détruire devient compliqué'),
('suggestion', 'Suggestion (CHA)', 1, 0, 'psych', 'Le psi ne se contente plus de lire dans l’esprit de sa cible, mais tente d’y implanter une suggestion puissante à laquelle la cible ne pourra résister. S’il a effectué un attrape-rêves avec succès contre cette même cible, le psi bénéficie d’un bonus de situation de +2 pour la suggestion. Si la suggestion réussit, la cible ressent le besoin d’exécuter les ordres du psi aussi vite que possible et fait tout son possible pour y parvenir pendant 24h. Au-delà ou si la suggestion échoue, elle est parfaitement consciente d’avoir été manipulée. Elle peut deviner la source de la manipulation grâce à un test d’INT ou de PER (ND 15). Le psi ne peut implanter une suggestion qui mette directement en danger sa cible et ne peut en aucun cas lui intimer l’ordre de se tuer. Le test d’attaque de la suggestion subit de plus un modificateur de situation dépendant des prédispositions de la cible envers le psi (voir marge).'),
('superposition-quantique', 'Superposition quantique (A:PER)', 0, 0, 'psych', 'Le personnage agit au niveau des particules élémentaires d’un objet de petite taille afin de changer sa position exacte. La portée de cette capacité est de 10 mètres, de même que la distance maximale dont l’objet peut se « déplacer ». L’objet ne se déplace pas réellement et tout obstacle entre la zone de départ et la zone d’arrivée est simplement ignoré. Il n’est pas possible de déplacer l’objet à l’intérieur d’un autre corps solide. Le ND dépend de la taille et du poids de l’objet : 10 pour un objet minuscule et léger (par exemple une pièce de monnaie ou une allumette), 20 pour une arme de poing et jusqu’à 25 pour un objet de taille équivalente à une arme d’épaule.'),
('survie-naturelle', 'Survie naturelle', 0, 0, 'espeg', 'En pleine nature, le personnage bénéficie d’un bonus de compétence de +5 à tous ses tests de survie visant à : trouver de l’eau potable, repérer une plante vénéneuse, un abri, échapper à un prédateur, pister une cible, etc.'),
('survivant', 'Survivant', 0, 0, 'cult', 'Le personnage augmente sa FOR de 1. De plus, il bénéficie d’un bonus de compétence de +5 à toute tentative de résister à un poison ou une maladie. Enfin, s’il subit l’état affaibli, il est seulement blessé.'),
('symbiose', 'Symbiose', 0, 0, 'espeg', 'Le personnage obtient la capacité de rang 3 de la voie d’espèce de son hôte. De plus, il ne peut plus être détecté sans un examen médical complet et approfondi. Enfin, le personnage augmente de 1 une caractéristique de son choix.'),
('systemes-avances', 'Systèmes avancés', 0, 0, 'savf', 'En plus des mécanismes, le personnage est versé dans le fonctionnement des systèmes électroniques et informatiques. Il applique dorénavant son bonus de mécano aux tests concernés. De plus, il est capable de réparer des systèmes d’armement, qu’il s’agisse d’armes personnelles ou d’armes lourdes, ainsi que des tenues de protection ou des armures lourdes.'),
('systemes-de-secours', 'Systèmes de secours', 1, 1, 'savf', 'Une fois par session, le personnage peut faire le nécessaire pour recharger les batteries du vaisseau. Cela requiert un test de [INT + rang] avec un ND de 15. S’il est réussi, le vaisseau regagne la moitié des points d’énergie perdus depuis le début du combat. Une réussite critique permet de récupérer l’ensemble des points perdus.'),
('technomecano', 'Technomécano', 0, 0, 'savf', 'Le personnage a une connaissance superficielle d’un ensemble de systèmes impliqués dans la fabrication des mechas. Il est capable d’employer cette connaissance pour réparer n’importe quelle pièce d’un mecha (en utilisant le bonus de compétence approprié), mais aussi de réparer le blindage d’une armure, une arme lourde ou même le moteur d’un vaisseau (sans toutefois bénéficier de bonus de compétence dans ce cas).'),
('technopilote', 'Technopilote', 0, 0, 'savf', 'Le personnage est un habitué des exo-armures et des mechas. Même s’il ne dispose pas des prérequis nécessaires, il fait bénéficier un mecha qu’il pilote de ses bonus de caractéristiques. Il est aussi capable d’utiliser les armes lourdes et les explosifs, qui font partie de l’arsenal naturel du technopilote.'),
('teleportation', 'Téléportation', 1, 0, 'psych', 'La maîtrise quantique du personnage lui permet désormais de se téléporter lui-même, ainsi que tout ce qu’il porte sur lui, d’un endroit à un autre, sur une distance maximale de 10 mètres. D’autre part, le personnage augmente sa CON de 1.'),
('temporiser', 'Temporiser (A)', 0, 0, 'savf', 'Le personnage s’adresse à un adversaire (ou un groupe d’adversaires) pour tenter de changer la situation. Il doit réussir un test de CHA dont le ND dépend de la relation entre les PNJ et les PJ : 15 pour des mercenaires anonymes, jusqu’à 30 pour un ennemi spécifique qui cherche à se venger des PJ. Si le test est réussi, pendant 1d6 tours et tant que ces adversaires ne sont pas attaqués directement, ils cessent le combat. Sur une réussite critique, le personnage les convainc de quitter les lieux immédiatement.'),
('thermosensible', 'Thermosensible', 0, 0, 'espbo', 'Par le biais de son odorat et de capteurs spécialisés, le personnage est capable de visualiser son environnement immédiat, même dans l’obscurité la plus totale. Il ne peut jamais subir de malus de situation dû à l’obscurité.'),
('thermosensible-reptiloides', 'Thermosensible', 0, 0, 'espeg', 'Par le biais de son odorat et de capteurs spécialisés, le personnage est capable de visualiser son environnement immédiat, même dans l’obscurité la plus totale. Il ne peut jamais subir de malus de situation dû à l’obscurité.'),
('tir-a-haute-energie', 'Tir à haute énergie', 1, 0, 'savf', 'Le personnage accumule le plus de puissance possible avant de tirer. Les DM de l’arme sont augmentés d’un dé du même type que les DM de base (par exemple, un d6 pour une arme laser). Cependant, si un incident de tir survient, l’arme obtient automatiquement un 1 sur le dé d’incident (une arme laser surchauffe et une arme plasmique est endommagée).'),
('tir-de-barrage', 'Tir de barrage (A)', 0, 1, 'savf', 'Le canonnier utilise les armes de bord comme un moyen de défense, tout en essayant d’atteindre sa cible. Au prix d’un point d’énergie disponible, en plus de la tentative de tir du canonnier, le vaisseau bénéficie d’un bonus de compétence de DEF égal au rang du personnage dans cette voie. Si le vaisseau ne dispose d’aucune énergie disponible ou si le canonnier ne souhaite pas en utiliser, il peut choisir de sacrifier son attaque pour bénéficier du bonus de DEF.'),
('tir-de-suppression', 'Tir de suppression', 1, 0, 'savf', 'Le personnage utilise son arme à feu pour effectuer une attaque sur une aire d’effet de 10 mètres de côté sans se soucier de réellement toucher sa cible. Alliés et ennemis pris dans la zone subissent un malus de situation de -2 à toute action d’attaque qu’ils entreprennent jusqu’au début du prochain tour du tireur. De plus, ils sont tous visés par une attaque avec un malus de situation de -5, et un seuil d’incident augmenté de 1.'),
('tirer-la-couverture-a-soi', 'Tirer la couverture à soi', 1, 0, 'cult', 'Le personnage peut utiliser cette capacité une fois par session, lorsque l’un de ses compagnons utilise un PC pour réussir une action. S’il est capable de s’attribuer tout ou partie du mérite de ce succès, alors le personnage récupère le PC dépensé et l’ajoute à ses propres PC, sans toutefois pouvoir dépasser son total de départ.'),
('tireur-delite', 'Tireur d’élite', 1, 0, 'savf', 'Le personnage augmente sa PER de 1. De plus, son expertise lui permet d’ignorer les effets de la dispersion (pour les armes laser) ou de la longue portée (pour les armes soniques et plasmiques), selon la catégorie d’arme sélectionnée.'),
('toile', 'Toile', 1, 0, 'espeg', 'Le personnage est capable de générer une toile résistante qui a de multiples usages : il est considéré comme disposant toujours d’une longueur de corde ou de câble suffisante, qui peut soutenir jusqu’à quatre fois son poids. En combat, le personnage peut utiliser cette toile via une attaque à distance afin d’immobiliser une cible jusqu’à 20 mètres. Si l’attaque est réussie, la cible est ralentie jusqu’à ce qu’elle réussisse un test de FOR (ND [10 + rang]).'),
('transfert-ameliore', 'Transfert amélioré', 0, 0, 'augm', 'Le personnage transfère son esprit dans l’une des deux formes qui lui sont « connues ». Cette nouvelle coquille peut bénéficier de trois implants de type B, qui peuvent être différents de ceux sélectionnés précédemment. Le bonus conféré par chacun d’entre eux est de +2.'),
('troisieme-forme', 'Troisième forme', 0, 0, 'augm', 'Le personnage peut définir une nouvelle forme et y transférer son esprit. Cette coquille peut bénéficier de trois implants de type B, qui peuvent être différents de ceux sélectionnés précédemment. Le bonus conféré par chacun d’entre eux est de +3.'),
('troisieme-greffe', 'Troisième greffe', 0, 0, 'augm', 'Le personnage peut sélectionner un implant parmi les implants de type B. Le bonus conféré par cet implant est de +1. Les bonus conférés par tous les implants préalables au sein de cette voie sont augmentés de +1.'),
('troisieme-implant', 'Troisième implant', 0, 0, 'augm', 'Le personnage peut sélectionner un implant parmi les implants de type C. Le bonus conféré par cet implant est de +3.'),
('trouver-le-point-faible', 'Trouver le point faible', 1, 0, 'savf', 'Dans la plupart des situations, qu’il s’agisse d’un combat ou d’une joute verbale, le personnage est capable de trouver un point faible dans la défense de son adversaire et d’évaluer la meilleure manière de l’utiliser. Pour cela, il doit passer un tour complet pour évaluer sa cible. Il dispose ensuite d’un bonus de compétence égal à son rang, soit à son action (Persuasion, Intimidation, etc.), soit à l’une de ses attaques.'),
('urbanite', 'Urbanité', 1, 0, 'cult', 'Le personnage augmente son CHA de 1. De plus, lorsqu’il réalise une action dans un milieu densément peuplé (hors actions de combat), il peut lancer deux dés et conserver le meilleur résultat.'),
('vehicule-prive', 'Véhicule privé', 0, 0, 'cult', 'Une fois par aventure, le personnage peut obtenir les services temporaires d’un vaisseau de transport. Ce vaisseau appartient à un ami ou un allié (ou bien une de leurs sociétés). Il peut s’agir d’un vaisseau corporatiste ou de luxe, au gré du joueur. Toutefois, le vaisseau n’est pas armé. Il inclut les services d’un équipage. Cet équipage refuse de participer à toute action illégale ou ouvertement violente.'),
('venin', 'Venin (M)', 0, 0, 'espbo', 'Le personnage est capable de secréter un venin ou un poison dangereux pour n’importe quel représentant d’une autre espèce organique. Appliqué sur une arme de contact, le venin ajoute 1d6 de DM à la prochaine attaque. Le personnage peut aussi projeter son venin sur une cible jusqu’à 3 mètres, en réussissant une attaque à distance qui cause 2d6 de DM. Dans les deux cas, il s’agit d’une action de mouvement. Au rang 5, les DM montent à 2d6 pour le venin appliqué sur une arme et 3d6 pour le venin projeté.'),
('venin-reptiloides', 'Venin-reptiloides (M)', 0, 0, 'espeg', 'Le personnage est capable de secréter un venin ou un poison dangereux pour n’importe quel représentant d’une autre espèce organique. Appliqué sur une arme de contact, le venin ajoute 1d6 de DM à la prochaine attaque. Le personnage peut aussi projeter son venin sur une cible jusqu’à 3 mètres, en réussissant une attaque à distance qui cause 2d6 de DM. Dans les deux cas, il s’agit d’une action de mouvement. Au rang 5, les DM montent à 2d6 pour le venin appliqué sur une arme et 3d6 pour le venin projeté.'),
('versatile', 'Versatile', 0, 0, 'espbo', 'Le personnage obtient une capacité de rang 1 ou 2 de n’importe quelle voie.'),
('violon-dingres', 'Violon d’Ingres', 0, 0, 'cult', 'La curiosité naturelle du personnage lui permet de s’intéresser à de nombreux sujets, parfois très éloignés de son domaine d’étude. Il peut choisir n’importe quelle capacité de rang 1 à 3 dans une voie de savoir-faire de son choix. Si celle-ci fait appel au rang du personnage, utilisez le rang atteint dans la voie de l’universitaire.'),
('vision-aceree', 'Vision acérée', 0, 0, 'espeg', 'Le personnage a une vue particulièrement perçante. Il ne subit aucun malus dû à la portée lors d’une attaque à distance. Il bénéficie en outre d’un bonus de compétence de +5 à tout test de PER basé sur la vue. Enfin, lorsqu’il est en vol, un tir visé devient une action d’attaque (A) plutôt qu’une action limitée (L).'),
('vision-lointaine', 'Vision lointaine', 1, 0, 'psych', 'Le psi a appris à projeter son oeil intérieur à de grandes distances. Il peut percevoir avec l’un de ses sens ce qui se passe dans n’importe quel endroit à portée de vue, ou qu’il a visité dans un passé récent (10 jours au maximum). La distance réelle n’a aucune importance (il peut s’agir d’un endroit sur une autre planète visitée quelques jours plus tôt, ou le coin d’un mur situé à quelques mètres devant lui). Le personnage doit réussir un test de PER (ND [ 15 +1 par jour passé depuis sa dernière visite ]). En cas d’échec critique, le psi est aveuglé pendant 1d6 tours.'),
('vision-segmentee', 'Vision segmentée', 0, 0, 'espeg', 'Le personnage dispose d’une vue aiguisée et d’une multitude de récepteurs visuels, qui lui permettent de décomposer efficacement même les mouvements les plus rapides. Il bénéficie d’un bonus de compétence de +5 à l’Init (en combat et en combat spatial). De plus, son vaisseau bénéficie d’un bonus de compétence de +2 en DEF lors d’un combat spatial s’il occupe le poste de pilotage.'),
('vol', 'Vol', 0, 0, 'psych', 'Le psi est désormais capable de s’élever lui-même dans les airs et de voler. Sa vitesse maximale est le double de sa vitesse au sol. Se maintenir en vol est une action gratuite, et le personnage peut donc continuer à agir tout en volant. En outre, le personnage augmente sa FOR de 1.'),
('vol-aeriens', 'Vol (M)', 0, 0, 'espeg', 'Le personnage est capable de prendre son envol par une action de mouvement. Chaque action lui permet de se déplacer verticalement de 10 mètres ou horizontalement de 20 mètres. À chaque tour, il doit ensuite consacrer une action de mouvement à « rester en l’air. » Dans le cas contraire, il descend automatiquement de 10 mètres. Si cela l’amène au sol, il se pose sans dégâts. Le seul cas où un personnage aviaire encaisse des dégâts de chute est s’il est inconscient au moment de cette chute. En outre, le personnage est capable d’occuper le poste de pilotage (PIL) à bord d’un vaisseau.'),
('worm', 'Worm (rang 5)', 0, 0, 'ia', 'À ce stade, l’I.A. devient presque impossible à détruire. Elle a appris à répliquer ses composantes de manière à ce que se débarrasser d’elle revient à annihiler son réseau de communication. Celui-ci occupe l’équivalent d’une fraction de planète ou d’une flotte spatiale. Tous les systèmes informatiques sont infectés. Elle peut désormais prendre le contrôle direct de n’importe quel système dans son réseau, y compris les androïdes, les robots ou les vaisseaux. Si l’I.A. remporte un test opposé d’INT (Électronique), le système devient une extension physique asservie pour le tour. L’I.A. peut contrôler ainsi une centaine de systèmes sans subir de ralentissement.');

-- --------------------------------------------------------

--
-- Table structure for table `cog_capacites_voies`
--

DROP TABLE IF EXISTS `cog_capacites_voies`;
CREATE TABLE IF NOT EXISTS `cog_capacites_voies` (
  `voie` varchar(20) NOT NULL,
  `rang` varchar(1) NOT NULL,
  `capacite` varchar(30) NOT NULL,
  PRIMARY KEY (`voie`,`rang`),
  KEY `cga_capacites_voies_voie` (`voie`),
  KEY `cga_capacites_voies_capacite` (`capacite`)
) ENGINE=InnoDB DEFAULT CHARSET=utf8mb4 COLLATE=utf8mb4_general_ci;

--
-- Dumping data for table `cog_capacites_voies`
--

INSERT INTO `cog_capacites_voies` (`voie`, `rang`, `capacite`) VALUES
('corporations', '3', '50-50'),
('psychologie', '1', 'a-lecoute'),
('luminescents', '2', 'acuite-psychique'),
('biokinesie', '5', 'adaptation'),
('tymbris', '5', 'adaptation-tymbri'),
('robot', '4', 'amelioration-robotique'),
('armes-lourdes', '2', 'anticipation'),
('corporations', '2', 'appel-a-un-ami'),
('androide', '4', 'apprentissage-adaptatif'),
('androide', '3', 'apprentissage-par-induction'),
('robot', '2', 'apprentissage-par-modules'),
('reparation', '2', 'approvisionnement'),
('arts-martiaux', '3', 'arme-de-predilection'),
('bagarre', '2', 'arme-improvisee'),
('armes-a-feu', '5', 'as-de-la-gachette'),
('moteurs', '5', 'as-de-lingenierie'),
('pilotage', '5', 'as-des-as'),
('psychomachie', '2', 'assaut-psi'),
('parasites', '3', 'assimilation'),
('systeme-d', '4', 'attaque-agressive'),
('furtivite', '3', 'attaque-deloyale'),
('aeriens', '4', 'attaque-en-pique'),
('telepathie', '3', 'attrape-reves'),
('arts-martiaux', '4', 'avalanche-de-coups'),
('ia', '3', 'backdoor'),
('psychomachie', '1', 'barriere-psi'),
('discours', '1', 'beau-parleur'),
('reparation', '4', 'bidouilleur'),
('biokinesie', '1', 'bioperception'),
('telepathie', '5', 'bombe-mentale'),
('arachnides', '4', 'bond-de-laraignee'),
('telepathie', '2', 'bouclier-psi'),
('vegetaux', '5', 'bouclier-vegetal'),
('bagarre', '5', 'brute-epaisse'),
('discours', '3', 'cameleon'),
('libilis', '5', 'camouflage'),
('reptiloides', '5', 'camouflage-reptiloides'),
('armes-lourdes', '5', 'carnage'),
('arts', '5', 'celebre'),
('psychokinesie', '3', 'champ-de-force'),
('bas-fonds', '1', 'chance-des-misereux'),
('humains', '1', 'chanceux'),
('parasites', '2', 'changement-dhote'),
('arts', '4', 'charisme-hero\"ique'),
('panacee', '5', 'chimie-therapeuthique'),
('medecine', '3', 'chirurgien'),
('insectoides', '1', 'chitine'),
('bioorg', '5', 'cinquieme-greffe'),
('cyborg', '5', 'cinquieme-implant'),
('espace', '1', 'claustrophile'),
('bagarre', '1', 'combat-de-rue'),
('psychokinesie', '2', 'combat-kinetique'),
('mineraux', '2', 'comm-telepathique-mineraux'),
('aquatiques', '3', 'comme-un-poisson-hors-de-leau'),
('cosmokinesie', '4', 'communication-a-distance'),
('kneiss', '2', 'communication-telepathique'),
('exploration', '2', 'connaissance-des-mondes'),
('universitaire', '2', 'connaissance-theorique'),
('quantakinesie', '1', 'contrafactualite'),
('electrokinesie', '4', 'controle'),
('corporations', '1', 'corporatisme'),
('armes-energetiques', '3', 'coup-chanceux'),
('bas-fonds', '4', 'coup-etourdissant'),
('espace', '4', 'coup-incapacitant'),
('armes-energetiques', '4', 'coup-precis'),
('armes-a-feu', '3', 'coup-rapide'),
('bas-fonds', '2', 'coup-vicieux'),
('bas-fonds', '5', 'cour-des-miracles'),
('ia', '5', 'crash'),
('classe-moyenne', '4', 'credibilite'),
('bagarre', '3', 'creer-un-obstacle'),
('arachnides', '5', 'crochets'),
('vegetaux', '3', 'croissance-acceleree'),
('psychokinesie', '4', 'cryopyrokinesie'),
('mechanaute', '5', 'de-chair-et-dacier'),
('systeme-d', '1', 'debrouillardise'),
('chronokinesie', '3', 'defense-intuitive'),
('chronokinesie', '1', 'deja-vu'),
('agon', '3', 'dephasage-partiel'),
('luminescents', '3', 'dephasage-partiel-luminescents'),
('arachnides', '1', 'deplacement-arachneen'),
('cosmokinesie', '5', 'desintegration'),
('electronique', '2', 'detection-&-recherche'),
('biokinesie', '3', 'detox'),
('posthumain', '2', 'deuxieme-forme'),
('bioorg', '2', 'deuxieme-greffe'),
('cyborg', '2', 'deuxieme-implant'),
('libilis', '2', 'deuxieme-peau'),
('reptiloides', '2', 'deuxieme-peau-reptiloides'),
('furtivite', '1', 'discretion'),
('psychomachie', '5', 'domination'),
('bagarre', '4', 'double-attaque'),
('quantakinesie', '2', 'dualite-onde-corpuscule'),
('aquatiques', '1', 'ecailles-et-branchies'),
('agon', '5', 'electromancie'),
('luminescents', '5', 'electromancie-luminescents'),
('electronique', '1', 'electronicien'),
('furtivite', '4', 'embuscade'),
('telepathie', '1', 'empathie'),
('tymbris', '4', 'empathie-animale'),
('anthropomorphes', '4', 'empathie-animale-anthropo'),
('tymbris', '1', 'empathie-tymbri'),
('arts-martiaux', '2', 'enchainement'),
('exploits-physiques', '2', 'endurant'),
('systeme-d', '2', 'entraide'),
('exploits-physiques', '5', 'entrainement-de-haut-niveau'),
('panacee', '3', 'epiphyse-artificielle'),
('investigation', '1', 'esprit-danalyse'),
('insectoides', '2', 'esprit-de-la-ruche'),
('exploits-physiques', '1', 'esquive-instinctive'),
('agon', '1', 'etre-denergie'),
('luminescents', '1', 'etre-denergie-luminescents'),
('psychologie', '4', 'examen-psychologique'),
('medecine', '5', 'expert'),
('exploration', '1', 'explorateur'),
('humains', '4', 'feinte'),
('armes-lourdes', '4', 'fleur-de-la-mort'),
('photokinesie', '2', 'flou'),
('universitaire', '1', 'formation-academique'),
('arts', '1', 'formation-artistique'),
('posthumain', '5', 'forme-optimale'),
('medecine', '4', 'frappe-chirurgicale'),
('hybride', '2', 'genome-ameliore'),
('hybride', '3', 'genome-composite'),
('armes-lourdes', '1', 'gros-bras'),
('universitaire', '3', 'grosse-tete'),
('electronique', '4', 'guerre-electronique'),
('electronique', '3', 'hacker'),
('androide', '5', 'homo-perfectus'),
('hybride', '1', 'hybridation-genetique'),
('cosmokinesie', '3', 'immobilisation'),
('vegetaux', '4', 'immobilisation-vegetaux'),
('panacee', '1', 'implant-thyro\"idien'),
('arts', '3', 'imprevisible'),
('espace', '3', 'improviser-un-couvert'),
('electrokinesie', '2', 'impulsion-electro-magnetique'),
('classe-moyenne', '1', 'individualisme'),
('aristocratie', '2', 'influence'),
('exploration', '4', 'ingenierie-planetaire'),
('moteurs', '1', 'ingenieur'),
('arts', '2', 'inspiration'),
('tymbris', '2', 'instinct-animal'),
('anthropomorphes', '2', 'instinct-animal-anthropo'),
('mineraux', '4', 'integration-de-circuit'),
('universitaire', '5', 'intelligence-heroique'),
('cosmokinesie', '1', 'interaction-faible'),
('electrokinesie', '1', 'interface'),
('agon', '2', 'interface-agon'),
('libilis', '4', 'intimidation'),
('reptiloides', '4', 'intimidation-reptiloides'),
('quantakinesie', '4', 'intrication-quantique'),
('psychologie', '5', 'intuition-hero\"ique'),
('investigation', '2', 'investigateur'),
('photokinesie', '4', 'invisibilite'),
('kneiss', '1', 'invulnerable'),
('mineraux', '1', 'invulnerable-mineraux'),
('pilotage', '4', 'ivan-le-fou'),
('corporations', '4', 'joker'),
('mechanaute', '4', 'la-mort-venue-den-haut'),
('electronique', '5', 'langage-machine'),
('photokinesie', '3', 'laser'),
('kneiss', '3', 'laser-kneiss'),
('exploits-physiques', '4', 'le-geste-parfait'),
('cosmokinesie', '2', 'levitation'),
('clairvoyance', '1', 'loeil-interieur'),
('humains', '2', 'loup-parmi-les-loups'),
('photokinesie', '1', 'luminosite'),
('arts-martiaux', '5', 'maitre-darme'),
('aeriens', '3', 'maitre-des-airs'),
('corporations', '5', 'mandarin'),
('discours', '4', 'manipulateur'),
('psychokinesie', '1', 'manipulation-a-distance'),
('pilotage', '2', 'manoeuvre-devitement'),
('aquatiques', '5', 'manoeuvre-inattendue'),
('reparation', '1', 'mecano'),
('medecine', '2', 'medecin'),
('kneiss', '4', 'memoire-cristalline'),
('mineraux', '3', 'memoire-cristalline-mineraux'),
('investigation', '4', 'memoire-eidetique'),
('psychologie', '2', 'mental-dacier'),
('biokinesie', '2', 'metabolisme-ameliore'),
('tymbris', '3', 'metabolisme-ameliore-tymbri'),
('androide', '2', 'metabolisme-synthetique'),
('hybride', '5', 'metis-genetique'),
('panacee', '4', 'microdosage'),
('espace', '5', 'microgravite'),
('reparation', '5', 'mieux-que-le-neuf'),
('luminescents', '4', 'modif-struct-luminescents'),
('agon', '4', 'modification-structurelle'),
('arachnides', '2', 'monstruosite'),
('aquatiques', '2', 'navigation'),
('espace', '2', 'ne-dans-un-vaisseau'),
('clairvoyance', '2', 'neutraliser-laura'),
('ia', '6', 'nuke'),
('furtivite', '5', 'ombre'),
('electrokinesie', '3', 'onde-de-choc'),
('psychomachie', '4', 'onde-psi'),
('mechanaute', '3', 'optimisation'),
('moteurs', '2', 'optimisation-quantique'),
('discours', '5', 'orateur'),
('vegetaux', '1', 'organes-non-vitaux'),
('parasites', '1', 'parasitage'),
('investigation', '5', 'perception-hero\"ique'),
('aeriens', '5', 'perception-heroique-aeriens'),
('panacee', '2', 'pharmacopee'),
('robot', '3', 'pieces-detachees'),
('aristocratie', '4', 'pied-a-terre'),
('pilotage', '1', 'pilote-emerite'),
('armes-a-feu', '4', 'pistolero'),
('exploration', '3', 'planetologue'),
('moteurs', '3', 'pleine-puissance'),
('pilotage', '3', 'polychrone'),
('insectoides', '5', 'polydextrie'),
('humains', '5', 'polyvalent'),
('anthropomorphes', '5', 'polyvalent-anthropo'),
('clairvoyance', '3', 'postcognition'),
('chronokinesie', '5', 'precognition'),
('cyborg', '1', 'premier-implant'),
('posthumain', '1', 'premier-transfert'),
('bioorg', '1', 'premiere-greffe'),
('robot', '5', 'programmation-secondaire'),
('clairvoyance', '5', 'projection-daura'),
('photokinesie', '5', 'projection-holographique'),
('kneiss', '5', 'projection-memorielle'),
('mineraux', '5', 'projection-memorielle-mineraux'),
('electrokinesie', '5', 'projection-virtuelle'),
('discours', '2', 'provocateur'),
('bioorg', '4', 'quatrieme-greffe'),
('cyborg', '4', 'quatrieme-implant'),
('anthropomorphes', '3', 'rage'),
('chronokinesie', '4', 'ralentir-le-temps'),
('hybride', '4', 'regeneration'),
('aristocratie', '5', 'relations'),
('vegetaux', '2', 'relie-a-la-terre'),
('arts-martiaux', '1', 'renforcement'),
('parasites', '4', 'renforcement-parasites'),
('aristocratie', '1', 'rente'),
('biokinesie', '4', 'reparation-des-tissus'),
('androide', '1', 'reseau-neuronal'),
('insectoides', '3', 'resistance'),
('exploration', '5', 'savoir-encyclopedique'),
('exploits-physiques', '3', 'se-depasser'),
('classe-moyenne', '2', 'se-fondre-dans-la-masse'),
('psychomachie', '3', 'second-souffle'),
('medecine', '1', 'secouriste'),
('furtivite', '2', 'sens-affutes'),
('systeme-d', '3', 'sens-de-la-communaute'),
('bas-fonds', '3', 'sens-de-la-confrerie'),
('chronokinesie', '2', 'sens-du-danger'),
('ia', '1', 'sniffing'),
('aquatiques', '4', 'sonar'),
('armes-energetiques', '1', 'specialiste'),
('armes-a-feu', '1', 'specialiste-armes-a-feu'),
('robot', '1', 'specialite'),
('ia', '2', 'spoofing'),
('telepathie', '4', 'suggestion'),
('quantakinesie', '3', 'superposition-quantique'),
('anthropomorphes', '1', 'survie-naturelle'),
('systeme-d', '5', 'survivant'),
('parasites', '5', 'symbiose'),
('reparation', '3', 'systemes-avances'),
('moteurs', '4', 'systemes-de-secours'),
('mechanaute', '2', 'technomecano'),
('mechanaute', '1', 'technopilote'),
('quantakinesie', '5', 'teleportation'),
('psychologie', '3', 'temporiser'),
('libilis', '1', 'thermosensible'),
('reptiloides', '1', 'thermosensible-reptiloides'),
('armes-energetiques', '2', 'tir-a-haute-energie'),
('armes-lourdes', '3', 'tir-de-barrage'),
('armes-a-feu', '2', 'tir-de-suppression'),
('classe-moyenne', '3', 'tirer-la-couverture-a-soi'),
('armes-energetiques', '5', 'tireur-delite'),
('arachnides', '3', 'toile'),
('posthumain', '3', 'transfert-ameliore'),
('posthumain', '4', 'troisieme-forme'),
('bioorg', '3', 'troisieme-greffe'),
('cyborg', '3', 'troisieme-implant'),
('investigation', '3', 'trouver-le-point-faible'),
('classe-moyenne', '5', 'urbanite'),
('aristocratie', '3', 'vehicule-prive'),
('libilis', '3', 'venin'),
('reptiloides', '3', 'venin-reptiloides'),
('humains', '3', 'versatile'),
('universitaire', '4', 'violon-dingres'),
('aeriens', '2', 'vision-aceree'),
('clairvoyance', '4', 'vision-lointaine'),
('insectoides', '4', 'vision-segmentee'),
('psychokinesie', '5', 'vol'),
('aeriens', '1', 'vol-aeriens'),
('ia', '4', 'worm');

-- --------------------------------------------------------

--
-- Table structure for table `cog_categories_equipement`
--

DROP TABLE IF EXISTS `cog_categories_equipement`;
CREATE TABLE IF NOT EXISTS `cog_categories_equipement` (
  `code` varchar(20) NOT NULL,
  `libelle` varchar(50) NOT NULL,
  `parent` varchar(20) DEFAULT NULL,
  `sequence` varchar(5) DEFAULT NULL,
  PRIMARY KEY (`code`),
  KEY `cga_categories_equipemet_parent` (`parent`)
) ENGINE=InnoDB DEFAULT CHARSET=utf8mb4 COLLATE=utf8mb4_general_ci;

--
-- Dumping data for table `cog_categories_equipement`
--

INSERT INTO `cog_categories_equipement` (`code`, `libelle`, `parent`, `sequence`) VALUES
('armes', 'Armes', NULL, '0005'),
('armes-a-feu', 'Armes à feu', 'armes', '0015'),
('armes-archaiques', 'Armes archaïques', 'armes', '0005'),
('armes-de-contact', 'Armes de contact', 'armes', '0010'),
('armes-energetiques', 'Armes à énergie', 'armes', '0020'),
('armes-lourdes', 'Armes lourdes', 'armes', '0025'),
('armures', 'Armures', 'protections', '0005'),
('augmentations', 'Augmentations', NULL, '0020'),
('autres', 'Autres', 'divers', '99999'),
('champs-de-force', 'Champs de force', 'protections', '0010'),
('combinaisons', 'Combinaisons', 'protections', '0015'),
('divers', 'Divers', NULL, '0015'),
('drogues', 'Drogues', NULL, '0025'),
('drones', 'Drones', 'divers', '0030'),
('logement', 'Logement', 'divers', '0010'),
('medical', 'Medical', 'divers', '0025'),
('nourriture', 'Nourriture', 'divers', '0015'),
('protections', 'Protections', NULL, '0010'),
('robots', 'Robots', 'divers', '0035'),
('utilitaires', 'Utilitaires', 'divers', '0020'),
('vetements', 'Vêtements', 'divers', '0005');

-- --------------------------------------------------------

--
-- Table structure for table `cog_categories_proprietes`
--

DROP TABLE IF EXISTS `cog_categories_proprietes`;
CREATE TABLE IF NOT EXISTS `cog_categories_proprietes` (
  `code_categorie` varchar(20) NOT NULL,
  `code_propriete` varchar(20) NOT NULL,
  PRIMARY KEY (`code_categorie`,`code_propriete`),
  KEY `cga_categories_proprietes_categorie` (`code_categorie`),
  KEY `cga_categories_proprietes_propriete` (`code_propriete`)
) ENGINE=InnoDB DEFAULT CHARSET=utf8mb4 COLLATE=utf8mb4_general_ci;

--
-- Dumping data for table `cog_categories_proprietes`
--

INSERT INTO `cog_categories_proprietes` (`code_categorie`, `code_propriete`) VALUES
('armes-a-feu', 'aire-deffet'),
('armes-a-feu', 'dm-1-main'),
('armes-a-feu', 'dm-2-mains'),
('armes-a-feu', 'incident-de-tir'),
('armes-a-feu', 'niveau-de-vie'),
('armes-a-feu', 'portee'),
('armes-archaiques', 'dm-1-main'),
('armes-archaiques', 'dm-2-mains'),
('armes-archaiques', 'dm-temp-1m'),
('armes-archaiques', 'dm-temp-2m'),
('armes-archaiques', 'incident-de-tir'),
('armes-archaiques', 'niveau-de-vie'),
('armes-archaiques', 'portee'),
('armes-archaiques', 'type'),
('armes-de-contact', 'action-de-tir'),
('armes-de-contact', 'aire-deffet'),
('armes-de-contact', 'dm-1-main'),
('armes-de-contact', 'dm-2-mains'),
('armes-de-contact', 'dm-temp-1m'),
('armes-de-contact', 'dm-temp-2m'),
('armes-de-contact', 'incident-de-tir'),
('armes-de-contact', 'niveau-de-vie'),
('armes-de-contact', 'type'),
('armes-energetiques', 'aire-deffet'),
('armes-energetiques', 'dm-1-main'),
('armes-energetiques', 'dm-2-mains'),
('armes-energetiques', 'dm-temp-1m'),
('armes-energetiques', 'dm-temp-2m'),
('armes-energetiques', 'incident-de-tir'),
('armes-energetiques', 'niveau-de-vie'),
('armes-energetiques', 'portee'),
('armes-energetiques', 'type'),
('armes-lourdes', 'action-de-tir'),
('armes-lourdes', 'aire-deffet'),
('armes-lourdes', 'dm-1-main'),
('armes-lourdes', 'dm-2-mains'),
('armes-lourdes', 'dm-temp-1m'),
('armes-lourdes', 'dm-temp-2m'),
('armes-lourdes', 'incident-de-tir'),
('armes-lourdes', 'niveau-de-vie'),
('armes-lourdes', 'portee'),
('armes-lourdes', 'type'),
('armures', 'def'),
('armures', 'malus'),
('armures', 'niveau-de-vie'),
('armures', 'rd'),
('champs-de-force', 'def'),
('champs-de-force', 'niveau-de-vie'),
('champs-de-force', 'type'),
('combinaisons', 'def'),
('combinaisons', 'malus'),
('combinaisons', 'niveau-de-vie'),
('combinaisons', 'rd'),
('drones', 'niveau-de-vie'),
('logement', 'niveau-de-vie'),
('medical', 'bonus'),
('medical', 'niveau-de-vie'),
('nourriture', 'niveau-de-vie'),
('robots', 'niveau-de-vie'),
('utilitaires', 'bonus'),
('utilitaires', 'niveau-de-vie'),
('vetements', 'niveau-de-vie');

-- --------------------------------------------------------

--
-- Table structure for table `cog_equipement`
--

DROP TABLE IF EXISTS `cog_equipement`;
CREATE TABLE IF NOT EXISTS `cog_equipement` (
  `code` varchar(20) NOT NULL,
  `designation` varchar(50) NOT NULL,
  `categorie` varchar(20) NOT NULL,
  `sequence` varchar(5) DEFAULT NULL,
  `prix` decimal(16,2) DEFAULT NULL,
  `notes` mediumtext DEFAULT NULL,
  PRIMARY KEY (`code`),
  KEY `cga_equipement_categorie` (`categorie`),
  KEY `cga_equipement_sequence_idx` (`sequence`)
) ENGINE=InnoDB DEFAULT CHARSET=utf8mb4 COLLATE=utf8mb4_general_ci;

--
-- Dumping data for table `cog_equipement`
--

INSERT INTO `cog_equipement` (`code`, `designation`, `categorie`, `sequence`, `prix`, `notes`) VALUES
('analyseur-de-minerai', 'Analyseur de minerai', 'utilitaires', '0010', '500.00', NULL),
('analyseur-eauair', 'Analyseur eau+air', 'utilitaires', '0005', '250.00', NULL),
('antirads', 'Antirads', 'medical', '0005', '50.00', 'Cette pilule à base d\'iode permet d\'atténuer les effets d\'une partie des radiations subies par le personnage et de les évacuer via les urines. Elle confère un bonus de matériel de +5 pour résister aux effets des radiations.'),
('arc', 'Arc', 'armes-archaiques', '005', '75.00', NULL),
('arc-a-poulie', 'Arc à poulie', 'armes-archaiques', '010', '150.00', NULL),
('armure-de-combat', 'Armure de combat', 'armures', '0010', '10000.00', NULL),
('armure-legere', 'Armure légère', 'armures', '0005', '3000.00', NULL),
('autodoc', 'Autodoc', 'medical', '0010', '15000.00', 'Cet équipement autonome statique est à la fois un outil de diagnostic et d\'opération. Il effectue tous ses tests de médecine, de premiers secours ou de chirurgie avec un bonus de compétence de +5. De plus, il permet de diviser par deux tous les temps de récupération. La forme exacte d\'un autodoc dépend largement de l\'espèce l\'ayant fabriqué. Chaque modèle ne fonctionne généralement que pour un nombre limité d\'espéces dont il connaît la biologie.'),
('autre', 'Autre', 'autres', '0005', NULL, NULL),
('baton-a-impulsion', 'Bâton à impulsion', 'armes-de-contact', '0005', '500.00', 'Ce grand bâton a à peu près la même apparence qu\'un bâton ferré, mais il s\'agit aussi d\'une arme sonique à aire d\'effet. Il peut être employé comme un bâton de combat normal. Mais pour une action limitée, son porteur peut le planter au sol et déclencher son effet. Toute personne dans la zone d\'effet (10 m de rayon) à l\'exception de celles qui touchent le bâton sont affectées par une onde sonique qui inflige 2d6 DM. On ne fait qu\'un seul test d\'attaque pour toutes les cibles. Un incident de tir peut survenir lorsque cette attaque spéciale est utilisée et indique tout simplement que la batterie de l\'arme doit être rechargée.'),
('baton-ferre', 'Bâton ferré', 'armes-archaiques', '015', '2.00', NULL),
('biocicatrisant', 'Biocicatrisant', 'medical', '0015', '500.00', 'Concentré de composés analgésiques, stoppant l\'afflux sanguin et ralentissant les fonctions métaboliques. À injecter directement dans la blessure, vendu avec pistolet et réservoir sous pression. Permet de stabiliser et ignorer une blessure grave. La mousse se dissout en 1d6 heures. Au-delà de la première application, le personnage est Ralenti sous l\'effet des analgésiques.'),
('bottes-magnetiques', 'Bottes magnétiques', 'vetements', '0005', '200.00', NULL),
('brise-code', 'Brise-code', 'utilitaires', '0015', '1000.00', 'Cet outil permet de décoder les signaux d\'une serrure électronique afin de falsifier l\'empreinte d\'une carte magnétique ou d\'autres moyens de reconnaissance. Un brise-code permet d\'ajouter un bonus de matériel de +2 ou +5 (selon sa qualité) à toute tentative de crochetage d\'une serrure de ce type.'),
('brise-code-qualite', 'Brise-code de qualité', 'utilitaires', '0020', '2500.00', 'Cet outil permet de décoder les signaux d\'une serrure électronique afin de falsifier l\'empreinte d\'une carte magnétique ou d\'autres moyens de reconnaissance. Un brise-code permet d\'ajouter un bonus de matériel de +2 ou +5 (selon sa qualité) à toute tentative de crochetage d\'une serrure de ce type.'),
('chambre-bus-nuit', 'Chambre business / nuit', 'logement', '0035', '150.00', NULL),
('chambre-eco-nuit', 'Chambre économique / nuit', 'logement', '0030', '50.00', NULL),
('chambre-sup-nuit', 'Chambre supérieure / nuit', 'logement', '0040', '500.00', NULL),
('champ-laser', 'Champ de force laser', 'champs-de-force', '0005', '3000.00', NULL),
('champ-multifonction', 'Champ de force multifonction', 'champs-de-force', '0015', '10000.00', 'Ne peut être réglé que sur un mode de protection à la fois'),
('champ-plasma', 'Champ de force plasma', 'champs-de-force', '0010', '5000.00', NULL),
('combi-extra', 'Combinaison extravéhiculaire', 'combinaisons', '0010', '5000.00', NULL),
('combi-intra', 'Combinaison intravéhiculaire', 'combinaisons', '0005', '1000.00', NULL),
('costume-complet', 'Costume complet', 'vetements', '0040', '1500.00', NULL),
('couteau-de-cuisine', 'Couteau de cuisine', 'armes-archaiques', '020', '5.00', NULL),
('couteau-de-lancer', 'Couteau de lancer', 'armes-archaiques', '025', '10.00', NULL),
('dague-choc', 'Dague choc', 'armes-de-contact', '0010', '20.00', NULL),
('detect-radiations', 'Détecteur de radiations', 'utilitaires', '0025', '1000.00', NULL),
('dortoir-nuit', 'Dortoir / nuit', 'logement', '0025', '20.00', NULL),
('drone-de-combat', 'Drone de combat', 'drones', '0025', '2000.00', NULL),
('drone-espion', 'Drone espion', 'drones', '0020', '1000.00', NULL),
('drone-exploration', 'Drone d\'exploration', 'drones', '0015', '1000.00', NULL),
('drone-miniature', 'Drone miniature', 'drones', '0035', '1000.00', 'DEF +4'),
('drone-minier', 'Drone minier', 'drones', '0010', '1000.00', NULL),
('drone-surveillance', 'Drone de surveillance', 'drones', '0005', '500.00', NULL),
('drone-volant', 'Drone volant', 'drones', '0030', '500.00', NULL),
('fast-street-food', 'Fast-food / Street-food', 'nourriture', '0005', '5.00', NULL),
('filtre-respiratoire', 'Filtre respiratoire', 'vetements', '0010', '200.00', NULL),
('fronde', 'Fronde', 'armes-archaiques', '030', NULL, NULL),
('fusil-a-impulsion', 'Fusil à impulsion', 'armes-energetiques', '0025', '500.00', NULL),
('fusil-a-plasma', 'Fusil à plasma', 'armes-energetiques', '0040', '5000.00', NULL),
('fusil-a-pompe', 'Fusil à pompe', 'armes-a-feu', '0015', '1500.00', NULL),
('fusil-dassaut', 'Fusil d\'assaut', 'armes-a-feu', '0020', '2000.00', NULL),
('fusil-de-precision', 'Fusil de précision', 'armes-a-feu', '0025', '4000.00', NULL),
('fusil-ionique', 'Fusil ionique', 'armes-energetiques', '0030', '1500.00', NULL),
('fusil-laser', 'Fusil laser', 'armes-energetiques', '0035', '1500.00', NULL),
('fusil-laser-precis', 'Fusil laser de précision', 'armes-energetiques', '0045', '6000.00', NULL),
('fusil-plasma-lourd', 'Fusil plasma lourd', 'armes-lourdes', '0005', '10000.00', NULL),
('gourdin', 'Gourdin', 'armes-archaiques', '035', NULL, NULL),
('grenade-flash', 'Grenade flash', 'armes-lourdes', '0020', '150.00', NULL),
('grenade-frag', 'Grenade à fragmentation', 'armes-lourdes', '0010', '150.00', NULL),
('grenade-fumigene', 'Grenade fumigène', 'armes-lourdes', '0015', '100.00', NULL),
('grenade-plasma', 'Grenade plasma', 'armes-lourdes', '0030', '1000.00', NULL),
('grenade-sonique', 'Grenade sonique', 'armes-lourdes', '0025', '50.00', NULL),
('javeline', 'Javeline', 'armes-archaiques', '035', NULL, NULL),
('lame-laser', 'Lame laser', 'armes-de-contact', '0015', '5000.00', 'Cette arme est l\'une des plus difficiles à acquérir (et à maîtriser). Elle a été créée par un ordre secret de guerriers psychiques qui vouent leur vie à la recherche de la perfection. Un personnage qui manie une lame laser peut l\'utiliser pour effectuer une défense simple ou totale, y compris contre les tirs d\'une arme à énergie (quel que soit son type, mais pas une arme à feu).'),
('lame-legere', 'Lame légère', 'armes-de-contact', '0020', '250.00', 'Ces armes blanches légères peuvent prendre diverses formes aisément dissimulables et servent souvent d\'arme de défense personnelle pour des personnes de la haute société. Toute personne qui tente de détecter une telle arme subit un malus de situation de -2 sur son test de PER.'),
('lame-moleculaire', 'Lame moléculaire', 'armes-de-contact', '0025', '1000.00', 'Ces armes constituent le raffinement ultime de l\'art de fabrication des lames. Le fil est constitué d\'une chaîne cohérente d\'atomes dont la structure cristalline renforcée par des atomes de carbone rend la lame à la fois extrêmement solide et parfaitement tranchante. Les lames moléculaires existent en plusieurs formats, depuis des dagues jusqu\'à des lames courbes similaires aux katanas du Japon médiéval. Les dégâts de ces lames ne varient pas en fonction de leur forme.'),
('lance-grenade', 'Lance-grenade', 'armes-lourdes', '0035', '1500.00', NULL),
('lance-plasmique', 'Lance plasmique', 'armes-de-contact', '0030', '5000.00', 'Sous l\'apparence d\'une lance archaïque, il s\'agit en fait d\'une arme plasmique redoutable. La charge à plasma est dissimulée dans le manche de l\'arme et délivrée via sa lame, qui peut prendre diverses formes y compris les plus exotiques. Il est possible d\'attaquer un adversaire jusqu\'à 1,5 m de distance avec cette arme.'),
('logiciel-bd', 'Logiciel / Base de données', 'utilitaires', '0030', '500.00', NULL),
('logiciel-de-pointe', 'Logiciel de pointe', 'utilitaires', '0035', '2000.00', NULL),
('machette-hachette', 'Machette, hachette', 'armes-archaiques', '040', '50.00', NULL),
('mains-nues', 'Mains nues', 'armes-archaiques', '050', NULL, NULL),
('maison-particuliere', 'Maison particulière / mois', 'logement', '0020', '5000.00', NULL),
('matraque-sonique', 'Matraque sonique', 'armes-de-contact', '0035', '100.00', NULL),
('medkit', 'Medkit', 'medical', '0020', '4000.00', 'Lourde valise robotisée équipée d\'un défibrillateur intégré, d\'outils de chirurgie et d\'une IA d\'assistance médicale. Utilisée par un personnage, elle lui confère un bonus de matériel de +2 à tout test de médecine, de premiers secours ou de chirurgie. Elle peut aussi opérer de manière autonome, son modificateur de compétence est alors de +2.'),
('mitrailleuse-lourde', 'Mitrailleuse lourde', 'armes-lourdes', '0040', '5000.00', NULL),
('ordinateur-personnel', 'Ordinateur personnel', 'utilitaires', '0040', '150.00', NULL),
('pistolet-a-impulsion', 'Pistolet à impulsion', 'armes-energetiques', '0005', '250.00', NULL),
('pistolet-a-plasma', 'Pistolet à plasma', 'armes-energetiques', '0020', '1500.00', NULL),
('pistolet-ionique', 'Pistolet ionique', 'armes-energetiques', '0010', '600.00', NULL),
('pistolet-laser', 'Pistolet laser', 'armes-energetiques', '0015', '500.00', NULL),
('pistolet-leger', 'Pistolet léger', 'armes-a-feu', '0005', '150.00', NULL),
('pistolet-lourd', 'Pistolet lourd', 'armes-a-feu', '0010', '400.00', NULL),
('poing-americain', 'Poing américain', 'armes-archaiques', '55', '10.00', NULL),
('radio-portative', 'Radio portative', 'utilitaires', '0045', '150.00', NULL),
('restaurant-correct', 'Restaurant correct', 'nourriture', '0015', '50.00', NULL),
('restaurant-familial', 'Restaurant familial', 'nourriture', '0010', '25.00', NULL),
('restaurant-luxe', 'Restaurant luxe', 'nourriture', '0020', '500.00', NULL),
('robot-assassin', 'Robot assassin', 'robots', '0050', '10000.00', NULL),
('robot-de-loisir', 'Robot de loisir', 'robots', '0030', '2500.00', NULL),
('robot-domestique', 'Robot domestique', 'robots', '0005', '500.00', NULL),
('robot-exploration', 'Robot d\'exploration', 'robots', '0020', '2500.00', NULL),
('robot-maintenance', 'Robot de maintenance', 'robots', '0035', '2500.00', NULL),
('robot-medical', 'Robot médical', 'robots', '0025', '3000.00', NULL),
('robot-minier', 'Robot minier', 'robots', '0010', '2500.00', NULL),
('robot-protocolaire', 'Robot protocolaire', 'robots', '0040', '3000.00', NULL),
('robot-soldat', 'Robot soldat', 'robots', '0045', '7500.00', NULL),
('robot-surveillance', 'Robot de surveillance', 'robots', '0015', '1500.00', NULL),
('stimpack', 'Stimpack', 'medical', '0025', '250.00', 'L\'injection d\'un stimpack rend 2d4 PV par tour pendant 2 tours, jusqu\'à concurrence du maximum de PV du personnage. Il n\'est pas possible de cumuler les effets de plusieurs stimpacks.'),
('suite-de-luxe', 'Suite de luxe', 'logement', '0045', '2500.00', NULL),
('traducteur-universel', 'Traducteur universel', 'utilitaires', '0050', '250.00', NULL),
('trousse-1er-secours', 'Trousse 1er secours', 'medical', '0030', '100.00', 'Petite sacoche contenant le nécessaire de base pour pratiquer la médecine de terrain. Chaque trousse est adaptée à une espèce donnée. Utiliser une trousse de premier secours inadaptée à l\'espèce de la cible implique un malus de situation de -2 à tout test de premiers soins ou de chirurgie.'),
('trousse-a-outils', 'Trousse à outils', 'utilitaires', '0055', '100.00', NULL),
('unite-hab-mini', 'Unité d\'habitation minimale / mois', 'logement', '0005', '200.00', NULL),
('unite-hab-moy', 'Unité d\'habitation moyenne / mois', 'logement', '0010', '500.00', NULL),
('unite-hab-sup', 'Unité habitation supérieure / mois', 'logement', '0015', '1500.00', NULL),
('vapo-autodefense', 'Vaporisateur d\'autodéfense', 'armes-a-feu', '0030', '100.00', 'Cette arme de défense rapprochée peut se présenter sous diverses formes mais est généralement assez petite pour se glisser dans la poche d\'un vêtement ou un sac à main. Même si sa portée effective est réduite, une attaque réussie rend la cible aveuglée pendant 1d6 tours. Un incident de tir indique simplement que la réserve de gaz propulseur est vide et qu\'il est temps de la remplacer.'),
('veste-blindee', 'Veste blindée', 'armures', '0015', '500.00', NULL),
('vetements-a-la-mode', 'Vêtements à la mode', 'vetements', '0035', '300.00', NULL),
('vetements-courants', 'Vêtements courants', 'vetements', '0020', '50.00', NULL),
('vetements-de-luxe', 'Vêtements de luxe', 'vetements', '0045', '3000.00', NULL),
('vetements-de-recup', 'Vêtements de récupération', 'vetements', '0015', '15.00', NULL),
('vetements-de-sport', 'Vêtements de sport', 'vetements', '0030', '100.00', NULL),
('vetements-discrets', 'Vêtements discrets', 'vetements', '0025', '150.00', NULL),
('vetements-renforces', 'Vêtements renforcés', 'armures', '0020', '50.00', NULL),
('vetements-sur-mesure', 'Vêtements sur mesure', 'vetements', '0050', NULL, 'Prix x 3 +1 niveau de vie');

-- --------------------------------------------------------

--
-- Table structure for table `cog_equipement_profils`
--

DROP TABLE IF EXISTS `cog_equipement_profils`;
CREATE TABLE IF NOT EXISTS `cog_equipement_profils` (
  `profil` varchar(20) NOT NULL,
  `sequence` tinyint(4) NOT NULL,
  `equipement` varchar(20) NOT NULL,
  `nombre` tinyint(1) NOT NULL DEFAULT 1,
  `special` varchar(100) DEFAULT NULL,
  PRIMARY KEY (`profil`,`sequence`),
  KEY `cga_equipement_profils_equipement` (`equipement`),
  KEY `cga_equipement_profils_profil` (`profil`)
) ENGINE=InnoDB DEFAULT CHARSET=utf8mb4 COLLATE=utf8mb4_general_ci;

--
-- Dumping data for table `cog_equipement_profils`
--

INSERT INTO `cog_equipement_profils` (`profil`, `sequence`, `equipement`, `nombre`, `special`) VALUES
('activiste', 1, 'autre', 1, 'Papiers officiels'),
('activiste', 2, 'autre', 1, 'Un mois de salaire (850 crédits)'),
('activiste', 3, 'unite-hab-mini', 1, ''),
('activiste', 4, 'traducteur-universel', 1, ''),
('activiste', 5, 'vetements-sur-mesure', 1, '(costume ou robe de grande qualité)'),
('activiste', 6, 'autre', 1, 'Accessoire vestimentaire remarquable (chapeau, lunettes, canne, etc.)'),
('activiste', 7, 'ordinateur-personnel', 1, '(bases de données et logiciels de cryptologie)'),
('adepte', 1, 'autre', 1, 'Des papiers officiels'),
('adepte', 2, 'autre', 1, '2d4 comptes en banque avec chacun 1 000 crédits'),
('adepte', 3, 'unite-hab-sup', 1, ''),
('agent', 1, 'autre', 1, 'Papiers officiels'),
('agent', 2, 'autre', 1, 'Un mois de salaire (850 crédits)'),
('agent', 3, 'unite-hab-mini', 1, ''),
('agent', 4, 'ordinateur-personnel', 1, ''),
('agent', 5, 'radio-portative', 1, ''),
('agent', 6, 'drone-surveillance', 1, '(niveau 3)'),
('agent', 7, 'autre', 1, 'Niveau de vie +1 catégorie (maximum: aisé)'),
('agent', 8, 'vetements-discrets', 1, ''),
('agent', 9, 'brise-code', 1, ''),
('agent', 10, 'autre', 1, 'Arme au choix (lame légère ou matraque sonique)'),
('aristocrate', 1, 'autre', 1, 'Des papiers officiels'),
('aristocrate', 2, 'autre', 1, '2d4 comptes en banque avec chacun 1 000 crédits'),
('aristocrate', 3, 'unite-hab-sup', 1, ''),
('aristocrate', 4, 'autre', 1, 'Arme au choix (couteau de lancer, dague choc, lame légère, matraque sonique)'),
('aristocrate', 5, 'traducteur-universel', 1, ''),
('aristocrate', 6, 'vetements-sur-mesure', 1, '(costume ou robe de grande qualité)'),
('aristocrate', 7, 'autre', 1, 'Accessoire vestimentaire remarquable (chapeau, lunettes, canne, etc.)'),
('artilleur', 1, 'grenade-frag', 1, ''),
('artilleur', 2, 'grenade-fumigene', 1, ''),
('artilleur', 3, 'veste-blindee', 1, ''),
('artilleur', 4, 'autre', 1, 'Costume ou uniforme en rapport avec corporation'),
('artilleur', 5, 'autre', 1, 'Objet symbolique'),
('artilleur', 6, 'autre', 1, 'Un mois de salaire (2 000 crédits)'),
('artilleur', 7, 'unite-hab-moy', 1, 'Proche corpo ou lieu de travail'),
('artilleur', 8, 'trousse-a-outils', 1, ''),
('artilleur', 9, 'ordinateur-personnel', 1, '(logiciels ingénierie)'),
('artiste', 1, 'autre', 1, 'De quoi pratiquer son art'),
('artiste', 2, 'vetements-a-la-mode', 1, ''),
('artiste', 3, 'traducteur-universel', 1, ''),
('artiste', 4, 'ordinateur-personnel', 1, '(bases de données de sciences humaines)'),
('artiste', 5, 'traducteur-universel', 1, ''),
('artiste', 6, 'ordinateur-personnel', 1, ''),
('artiste', 7, 'unite-hab-mini', 1, 'Proche de l\'université'),
('artiste', 8, 'autre', 1, 'Economies (1 000 crédits)'),
('assassin', 1, 'autre', 1, 'Arme au choix (couteau de lancer, dague choc, lame légère, matraque sonique)'),
('assassin', 2, 'autre', 1, 'Costume ou uniforme en rapport avec corporation'),
('assassin', 3, 'autre', 1, 'Objet symbolique'),
('assassin', 4, 'autre', 1, 'Un mois de salaire (2 000 crédits)'),
('assassin', 5, 'unite-hab-moy', 1, 'Proche corpo ou lieu de travail'),
('assassin', 6, 'vetements-discrets', 1, ''),
('assassin', 7, 'brise-code', 1, ''),
('assassin', 8, 'autre', 1, 'Arme au choix (lame légère ou matraque sonique)'),
('asteromineur', 1, 'autre', 1, 'Arme au choix (couteau ou poing américain)'),
('asteromineur', 2, 'autre', 1, 'Vêtements renforcés'),
('asteromineur', 3, 'trousse-a-outils', 1, ''),
('asteromineur', 4, 'ordinateur-personnel', 1, '(logiciels ingénierie)'),
('asteromineur', 5, 'autre', 1, 'Rations de survie'),
('asteromineur', 6, 'analyseur-eauair', 1, ''),
('asteromineur', 7, 'autre', 1, 'Hamac ou sac de couchage'),
('asteromineur', 8, 'autre', 1, 'Objets à troquer (400 crédits)'),
('astrocommando', 1, 'autre', 1, 'Pistolet au choix (armes à énergie)'),
('astrocommando', 2, 'grenade-frag', 1, ''),
('astrocommando', 3, 'grenade-fumigene', 1, ''),
('astrocommando', 4, 'veste-blindee', 1, ''),
('astrocommando', 5, 'autre', 1, 'Filtre respiratoire'),
('astrocommando', 6, 'combi-intra', 1, 'Mauvais état'),
('astrocommando', 7, 'autre', 1, 'Un mois de salaire (850 crédits)'),
('astroingenieur', 1, 'ordinateur-personnel', 1, ''),
('astroingenieur', 2, 'radio-portative', 1, ''),
('astroingenieur', 3, 'drone-surveillance', 1, '(niveau 3)'),
('astroingenieur', 4, 'autre', 1, 'Niveau de vie +1 catégorie (maximum: aisé)'),
('astroingenieur', 5, 'combi-intra', 1, ''),
('astroingenieur', 6, 'trousse-a-outils', 1, ''),
('astroingenieur', 7, 'traducteur-universel', 1, ''),
('astroingenieur', 8, 'ordinateur-personnel', 1, ''),
('astroingenieur', 9, 'unite-hab-mini', 1, 'Proche de l\'université'),
('astroingenieur', 10, 'autre', 1, 'Economies (1 000 crédits)'),
('astronavigateur', 1, 'ordinateur-personnel', 1, '(bases de données et logiciels de cryptologie)'),
('astronavigateur', 2, 'autre', 1, 'Objet fétiche'),
('astronavigateur', 3, 'combi-intra', 1, ''),
('astronavigateur', 4, 'traducteur-universel', 1, ''),
('astronavigateur', 5, 'ordinateur-personnel', 1, ''),
('astronavigateur', 6, 'unite-hab-mini', 1, 'Proche de l\'université'),
('astronavigateur', 7, 'autre', 1, 'Economies (1 000 crédits)'),
('bureaucrate', 1, 'autre', 1, 'Costume ou uniforme en rapport avec corporation'),
('bureaucrate', 2, 'autre', 1, 'Objet symbolique'),
('bureaucrate', 3, 'autre', 1, 'Un mois de salaire (2 000 crédits)'),
('bureaucrate', 4, 'unite-hab-moy', 1, 'Proche corpo ou lieu de travail'),
('bureaucrate', 5, 'ordinateur-personnel', 1, ''),
('bureaucrate', 6, 'radio-portative', 1, ''),
('bureaucrate', 7, 'drone-surveillance', 1, '(niveau 3)'),
('bureaucrate', 8, 'autre', 1, 'Niveau de vie +1 catégorie (maximum: aisé)'),
('bureaucrate', 9, 'ordinateur-personnel', 1, '(bases de données et logiciels de cryptologie)'),
('chasseur-de-primes', 1, 'autre', 1, 'Pistolet au choix (armes à énergie)'),
('chasseur-de-primes', 2, 'autre', 1, 'Filtre respiratoire'),
('chasseur-de-primes', 3, 'combi-intra', 1, 'Mauvais état'),
('chasseur-de-primes', 4, 'autre', 1, 'Un mois de salaire (850 crédits)'),
('chasseur-de-primes', 5, 'ordinateur-personnel', 1, '(bases de données et logiciels de cryptologie)'),
('colon', 1, 'autre', 1, 'Arme au choix (couteau ou poing américain)'),
('colon', 2, 'autre', 1, 'Vêtements renforcés'),
('colon', 3, 'analyseur-eauair', 1, ''),
('colon', 4, 'analyseur-de-minerai', 1, ''),
('colon', 5, 'ordinateur-personnel', 1, '(atlas galactique)'),
('colon', 6, 'autre', 1, 'Rations de survie'),
('colon', 7, 'analyseur-eauair', 1, ''),
('colon', 8, 'autre', 1, 'Hamac ou sac de couchage'),
('colon', 9, 'autre', 1, 'Objets à troquer (400 crédits)'),
('commercant', 1, 'autre', 1, 'Costume ou uniforme en rapport avec corporation'),
('commercant', 2, 'autre', 1, 'Objet symbolique'),
('commercant', 3, 'autre', 1, 'Un mois de salaire (2 000 crédits)'),
('commercant', 4, 'unite-hab-moy', 1, 'Proche corpo ou lieu de travail'),
('commercant', 5, 'traducteur-universel', 1, ''),
('commercant', 6, 'vetements-sur-mesure', 1, '(costume ou robe de grande qualité)'),
('commercant', 7, 'autre', 1, 'Accessoire vestimentaire remarquable (chapeau, lunettes, canne, etc.)'),
('commercant', 8, 'traducteur-universel', 1, ''),
('commercant', 9, 'ordinateur-personnel', 1, '(bases de données de sciences humaines)'),
('contrebandier', 1, 'autre', 1, 'Pistolet au choix (armes à énergie)'),
('contrebandier', 2, 'autre', 1, 'Filtre respiratoire'),
('contrebandier', 3, 'combi-intra', 1, 'Mauvais état'),
('contrebandier', 4, 'autre', 1, 'Un mois de salaire (850 crédits)'),
('contrebandier', 5, 'autre', 1, 'Objet fétiche'),
('contrebandier', 6, 'combi-intra', 1, ''),
('diplomate', 1, 'autre', 1, 'Des papiers officiels'),
('diplomate', 2, 'autre', 1, '2d4 comptes en banque avec chacun 1 000 crédits'),
('diplomate', 3, 'unite-hab-sup', 1, ''),
('diplomate', 4, 'traducteur-universel', 1, ''),
('diplomate', 5, 'vetements-sur-mesure', 1, '(costume ou robe de grande qualité)'),
('diplomate', 6, 'autre', 1, 'Accessoire vestimentaire remarquable (chapeau, lunettes, canne, etc.)'),
('diplomate', 7, 'traducteur-universel', 1, ''),
('diplomate', 8, 'ordinateur-personnel', 1, '(bases de données de sciences humaines)'),
('erudit', 1, 'traducteur-universel', 1, ''),
('erudit', 2, 'vetements-sur-mesure', 1, '(costume ou robe de grande qualité)'),
('erudit', 3, 'autre', 1, 'Accessoire vestimentaire remarquable (chapeau, lunettes, canne, etc.)'),
('erudit', 4, 'analyseur-eauair', 1, ''),
('erudit', 5, 'analyseur-de-minerai', 1, ''),
('erudit', 6, 'ordinateur-personnel', 1, '(atlas galactique)'),
('erudit', 7, 'traducteur-universel', 1, ''),
('erudit', 8, 'ordinateur-personnel', 1, ''),
('erudit', 9, 'unite-hab-mini', 1, 'Proche de l\'université'),
('erudit', 10, 'autre', 1, 'Economies (1 000 crédits)'),
('escroc', 1, 'autre', 1, 'Arme au choix (couteau ou poing américain)'),
('escroc', 2, 'autre', 1, 'Vêtements renforcés'),
('escroc', 3, 'autre', 1, 'Costume ou uniforme en rapport avec corporation'),
('escroc', 4, 'autre', 1, 'Objet symbolique'),
('escroc', 5, 'autre', 1, 'Un mois de salaire (2 000 crédits)'),
('escroc', 6, 'unite-hab-moy', 1, 'Proche corpo ou lieu de travail'),
('escroc', 7, 'traducteur-universel', 1, ''),
('escroc', 8, 'vetements-sur-mesure', 1, '(costume ou robe de grande qualité)'),
('escroc', 9, 'autre', 1, 'Accessoire vestimentaire remarquable (chapeau, lunettes, canne, etc.)'),
('fantassin', 1, 'autre', 1, 'Pistolet au choix (armes à énergie)'),
('fantassin', 2, 'autre', 1, 'Costume ou uniforme en rapport avec corporation'),
('fantassin', 3, 'autre', 1, 'Objet symbolique'),
('fantassin', 4, 'autre', 1, 'Un mois de salaire (2 000 crédits)'),
('fantassin', 5, 'unite-hab-moy', 1, 'Proche corpo ou lieu de travail'),
('fantassin', 6, 'vetements-de-sport', 1, ''),
('fantassin', 7, 'autre', 1, 'Equipement sportif'),
('fantassin', 8, 'stimpack', 1, ''),
('ganger', 1, 'autre', 1, 'Arme au choix (couteau ou poing américain)'),
('ganger', 2, 'autre', 1, 'Vêtements renforcés'),
('ganger', 3, 'autre', 1, 'Arme facilement dissimulable (couteau, poing américain, etc.)'),
('ganger', 4, 'autre', 1, 'Bouteille d\'alcool fort ou narcotiques'),
('ganger', 5, 'autre', 1, 'Place dans unité d\'habitation collective'),
('ganger', 6, 'autre', 1, '100 crédits'),
('ganger', 7, 'vetements-discrets', 1, ''),
('ganger', 8, 'brise-code', 1, ''),
('ganger', 9, 'autre', 1, 'Arme au choix (lame légère ou matraque sonique)'),
('garde-du-corps', 1, 'autre', 1, 'Pistolet au choix (armes à énergie)'),
('garde-du-corps', 2, 'autre', 1, 'Costume ou uniforme en rapport avec corporation'),
('garde-du-corps', 3, 'autre', 1, 'Objet symbolique'),
('garde-du-corps', 4, 'autre', 1, 'Un mois de salaire (2 000 crédits)'),
('garde-du-corps', 5, 'unite-hab-moy', 1, 'Proche corpo ou lieu de travail'),
('garde-du-corps', 6, 'traducteur-universel', 1, ''),
('garde-du-corps', 7, 'ordinateur-personnel', 1, '(bases de données de sciences humaines)'),
('hacker', 1, 'ordinateur-personnel', 1, ''),
('hacker', 2, 'radio-portative', 1, ''),
('hacker', 3, 'drone-surveillance', 1, '(niveau 3)'),
('hacker', 4, 'autre', 1, 'Niveau de vie +1 catégorie (maximum: aisé)'),
('hacker', 5, 'vetements-discrets', 1, ''),
('hacker', 6, 'brise-code', 1, ''),
('hacker', 7, 'autre', 1, 'Arme au choix (lame légère ou matraque sonique)'),
('hacker', 8, 'autre', 1, 'Rations de survie'),
('hacker', 9, 'analyseur-eauair', 1, ''),
('hacker', 10, 'autre', 1, 'Hamac ou sac de couchage'),
('hacker', 11, 'autre', 1, 'Objets à troquer (400 crédits)'),
('hors-la-loi', 1, 'autre', 1, 'Arme au choix (pistolet léger, pistolet lourd, fusil à pompe)'),
('hors-la-loi', 2, 'trousse-a-outils', 1, ''),
('hors-la-loi', 3, 'ordinateur-personnel', 1, '(logiciels ingénierie)'),
('hors-la-loi', 4, 'autre', 1, 'Rations de survie'),
('hors-la-loi', 5, 'analyseur-eauair', 1, ''),
('hors-la-loi', 6, 'autre', 1, 'Hamac ou sac de couchage'),
('hors-la-loi', 7, 'autre', 1, 'Objets à troquer (400 crédits)'),
('journaliste', 1, 'autre', 1, 'Costume ou uniforme en rapport avec corporation'),
('journaliste', 2, 'autre', 1, 'Objet symbolique'),
('journaliste', 3, 'autre', 1, 'Un mois de salaire (2 000 crédits)'),
('journaliste', 4, 'unite-hab-moy', 1, 'Proche corpo ou lieu de travail'),
('journaliste', 5, 'vetements-discrets', 1, ''),
('journaliste', 6, 'brise-code', 1, ''),
('journaliste', 7, 'autre', 1, 'Arme au choix (lame légère ou matraque sonique)'),
('journaliste', 8, 'ordinateur-personnel', 1, '(bases de données et logiciels de cryptologie)'),
('mecanicien', 1, 'autre', 1, 'Papiers officiels'),
('mecanicien', 2, 'autre', 1, 'Un mois de salaire (850 crédits)'),
('mecanicien', 3, 'unite-hab-mini', 1, ''),
('mecanicien', 4, 'combi-intra', 1, ''),
('mecanicien', 5, 'trousse-a-outils', 1, ''),
('mecanicien', 6, 'trousse-a-outils', 1, ''),
('mecanicien', 7, 'ordinateur-personnel', 1, '(logiciels ingénierie)'),
('medecin', 1, 'trousse-1er-secours', 1, ''),
('medecin', 2, 'ordinateur-personnel', 1, '(logiciels de diagnostic)'),
('medecin', 3, 'autre', 1, 'Niveau de vie + 1 catégorie (maximum: fortuné)'),
('medecin', 4, 'traducteur-universel', 1, ''),
('medecin', 5, 'ordinateur-personnel', 1, '(bases de données de sciences humaines)'),
('medecin', 6, 'traducteur-universel', 1, ''),
('medecin', 7, 'ordinateur-personnel', 1, ''),
('medecin', 8, 'unite-hab-mini', 1, 'Proche de l\'université'),
('medecin', 9, 'autre', 1, 'Economies (1 000 crédits)'),
('mercenaire', 1, 'autre', 1, 'Pistolet au choix (armes à énergie)'),
('mercenaire', 2, 'grenade-frag', 1, ''),
('mercenaire', 3, 'grenade-fumigene', 1, ''),
('mercenaire', 4, 'veste-blindee', 1, ''),
('mercenaire', 5, 'autre', 1, 'Arme facilement dissimulable (couteau, poing américain, etc.)'),
('mercenaire', 6, 'autre', 1, 'Bouteille d\'alcool fort ou narcotiques'),
('mercenaire', 7, 'autre', 1, 'Place dans unité d\'habitation collective'),
('mercenaire', 8, 'autre', 1, '100 crédits'),
('missionnaire', 1, 'autre', 1, 'Papiers officiels'),
('missionnaire', 2, 'autre', 1, 'Un mois de salaire (850 crédits)'),
('missionnaire', 3, 'unite-hab-mini', 1, ''),
('missionnaire', 4, 'traducteur-universel', 1, ''),
('missionnaire', 5, 'vetements-sur-mesure', 1, '(costume ou robe de grande qualité)'),
('missionnaire', 6, 'autre', 1, 'Accessoire vestimentaire remarquable (chapeau, lunettes, canne, etc.)'),
('missionnaire', 7, 'trousse-1er-secours', 1, ''),
('missionnaire', 8, 'ordinateur-personnel', 1, '(logiciels de diagnostic)'),
('missionnaire', 9, 'autre', 1, 'Niveau de vie + 1 catégorie (maximum: fortuné)'),
('pilote-de-chasse', 1, 'grenade-frag', 1, ''),
('pilote-de-chasse', 2, 'grenade-fumigene', 1, ''),
('pilote-de-chasse', 3, 'veste-blindee', 1, ''),
('pilote-de-chasse', 4, 'autre', 1, 'Filtre respiratoire'),
('pilote-de-chasse', 5, 'combi-intra', 1, 'Mauvais état'),
('pilote-de-chasse', 6, 'autre', 1, 'Un mois de salaire (850 crédits)'),
('pilote-de-chasse', 7, 'autre', 1, 'Objet fétiche'),
('pilote-de-chasse', 8, 'combi-intra', 1, ''),
('pirate', 1, 'autre', 1, 'Arme au choix (pistolet léger, pistolet lourd, fusil à pompe)'),
('pirate', 2, 'autre', 1, 'Filtre respiratoire'),
('pirate', 3, 'combi-intra', 1, 'Mauvais état'),
('pirate', 4, 'autre', 1, 'Un mois de salaire (850 crédits)'),
('pirate', 5, 'analyseur-eauair', 1, ''),
('pirate', 6, 'analyseur-de-minerai', 1, ''),
('pirate', 7, 'ordinateur-personnel', 1, '(atlas galactique)'),
('recuperateur', 1, 'autre', 1, 'Filtre respiratoire'),
('recuperateur', 2, 'combi-intra', 1, 'Mauvais état'),
('recuperateur', 3, 'autre', 1, 'Un mois de salaire (850 crédits)'),
('recuperateur', 4, 'analyseur-eauair', 1, ''),
('recuperateur', 5, 'analyseur-de-minerai', 1, ''),
('recuperateur', 6, 'ordinateur-personnel', 1, '(atlas galactique)'),
('recuperateur', 7, 'trousse-a-outils', 1, ''),
('recuperateur', 8, 'ordinateur-personnel', 1, '(logiciels ingénierie)'),
('sportif-pro', 1, 'autre', 1, 'Arme au choix (couteau de lancer, dague choc, lame légère, matraque sonique)'),
('sportif-pro', 2, 'vetements-de-sport', 1, ''),
('sportif-pro', 3, 'autre', 1, 'Equipement sportif'),
('sportif-pro', 4, 'stimpack', 1, ''),
('sportif-pro', 5, 'traducteur-universel', 1, ''),
('sportif-pro', 6, 'ordinateur-personnel', 1, ''),
('sportif-pro', 7, 'unite-hab-mini', 1, 'Proche de l\'université'),
('sportif-pro', 8, 'autre', 1, 'Economies (1 000 crédits)'),
('technicien', 1, 'autre', 1, 'Papiers officiels'),
('technicien', 2, 'autre', 1, 'Un mois de salaire (850 crédits)'),
('technicien', 3, 'unite-hab-mini', 1, ''),
('technicien', 4, 'ordinateur-personnel', 1, ''),
('technicien', 5, 'radio-portative', 1, ''),
('technicien', 6, 'drone-surveillance', 1, '(niveau 3)'),
('technicien', 7, 'autre', 1, 'Niveau de vie +1 catégorie (maximum: aisé)'),
('technicien', 8, 'trousse-a-outils', 1, ''),
('technicien', 9, 'ordinateur-personnel', 1, '(logiciels ingénierie)'),
('xenoarcheologue', 1, 'autre', 1, 'De quoi pratiquer son art'),
('xenoarcheologue', 2, 'vetements-a-la-mode', 1, ''),
('xenoarcheologue', 3, 'ordinateur-personnel', 1, '(bases de données et logiciels de cryptologie)'),
('xenoarcheologue', 4, 'traducteur-universel', 1, ''),
('xenoarcheologue', 5, 'ordinateur-personnel', 1, ''),
('xenoarcheologue', 6, 'unite-hab-mini', 1, 'Proche de l\'université'),
('xenoarcheologue', 7, 'autre', 1, 'Economies (1 000 crédits)'),
('xenobiologiste', 1, 'autre', 1, 'Filtre respiratoire'),
('xenobiologiste', 2, 'combi-intra', 1, 'Mauvais état'),
('xenobiologiste', 3, 'autre', 1, 'Un mois de salaire (850 crédits)'),
('xenobiologiste', 4, 'analyseur-eauair', 1, ''),
('xenobiologiste', 5, 'analyseur-de-minerai', 1, ''),
('xenobiologiste', 6, 'ordinateur-personnel', 1, '(atlas galactique)'),
('xenobiologiste', 7, 'trousse-1er-secours', 1, ''),
('xenobiologiste', 8, 'ordinateur-personnel', 1, '(logiciels de diagnostic)'),
('xenobiologiste', 9, 'autre', 1, 'Niveau de vie + 1 catégorie (maximum: fortuné)');

-- --------------------------------------------------------

--
-- Table structure for table `cog_equipement_proprietes`
--

DROP TABLE IF EXISTS `cog_equipement_proprietes`;
CREATE TABLE IF NOT EXISTS `cog_equipement_proprietes` (
  `code_equipement` varchar(20) NOT NULL,
  `code_propriete` varchar(20) NOT NULL,
  `valeur` varchar(250) DEFAULT NULL,
  PRIMARY KEY (`code_equipement`,`code_propriete`),
  KEY `cga_equipement_proprietes_equipement` (`code_equipement`),
  KEY `cga_equipement_proprietes_propriete` (`code_propriete`)
) ENGINE=InnoDB DEFAULT CHARSET=utf8mb4 COLLATE=utf8mb4_general_ci;

--
-- Dumping data for table `cog_equipement_proprietes`
--

INSERT INTO `cog_equipement_proprietes` (`code_equipement`, `code_propriete`, `valeur`) VALUES
('analyseur-de-minerai', 'niveau-de-vie', 'Ais'),
('analyseur-eauair', 'niveau-de-vie', 'Ais'),
('antirads', 'bonus', '+5'),
('antirads', 'niveau-de-vie', 'Mod'),
('arc', 'dm-2-mains', '1d6'),
('arc', 'incident-de-tir', '1-2'),
('arc', 'niveau-de-vie', 'Mod'),
('arc', 'portee', '30'),
('arc-a-poulie', 'dm-2-mains', '1d8'),
('arc-a-poulie', 'incident-de-tir', '1'),
('arc-a-poulie', 'niveau-de-vie', 'Ais'),
('arc-a-poulie', 'portee', '40'),
('armure-de-combat', 'def', '+2'),
('armure-de-combat', 'malus', '-2'),
('armure-de-combat', 'niveau-de-vie', 'Nan'),
('armure-de-combat', 'rd', '10'),
('armure-legere', 'def', '+1'),
('armure-legere', 'niveau-de-vie', 'For'),
('armure-legere', 'rd', '5'),
('autodoc', 'bonus', '+5'),
('autodoc', 'niveau-de-vie', 'Nan'),
('baton-a-impulsion', 'action-de-tir', '(L)'),
('baton-a-impulsion', 'aire-deffet', '10'),
('baton-a-impulsion', 'dm-temp-2m', '2d6+FOR'),
('baton-a-impulsion', 'incident-de-tir', '1-2'),
('baton-a-impulsion', 'niveau-de-vie', 'Ais'),
('baton-a-impulsion', 'type', 'Sonique'),
('baton-ferre', 'dm-temp-2m', '1d6+FOR'),
('baton-ferre', 'incident-de-tir', 'n/a'),
('baton-ferre', 'niveau-de-vie', 'Mis'),
('biocicatrisant', 'niveau-de-vie', 'Ais'),
('bottes-magnetiques', 'niveau-de-vie', 'Mod'),
('brise-code', 'bonus', '+2'),
('brise-code', 'niveau-de-vie', 'Ais'),
('brise-code-qualite', 'bonus', '+5'),
('brise-code-qualite', 'niveau-de-vie', 'For'),
('chambre-bus-nuit', 'niveau-de-vie', 'Ais'),
('chambre-eco-nuit', 'niveau-de-vie', 'Mod'),
('chambre-sup-nuit', 'niveau-de-vie', 'For'),
('champ-laser', 'def', '+4'),
('champ-laser', 'niveau-de-vie', 'For'),
('champ-laser', 'type', 'Laser'),
('champ-multifonction', 'def', '+4'),
('champ-multifonction', 'niveau-de-vie', 'Nan'),
('champ-multifonction', 'type', 'Laser/Plasma'),
('champ-plasma', 'def', '+4'),
('champ-plasma', 'niveau-de-vie', 'For'),
('champ-plasma', 'type', 'Plasma'),
('combi-extra', 'def', '-2'),
('combi-extra', 'malus', '-5'),
('combi-extra', 'niveau-de-vie', 'For'),
('combi-extra', 'rd', '5'),
('combi-intra', 'malus', '-2'),
('combi-intra', 'niveau-de-vie', 'Ais'),
('combi-intra', 'rd', '2'),
('costume-complet', 'niveau-de-vie', 'Ais'),
('couteau-de-cuisine', 'dm-1-main', '1d4+FOR'),
('couteau-de-cuisine', 'incident-de-tir', 'n/a'),
('couteau-de-cuisine', 'niveau-de-vie', 'Mis'),
('couteau-de-lancer', 'dm-1-main', '1d4'),
('couteau-de-lancer', 'incident-de-tir', 'n/a'),
('couteau-de-lancer', 'niveau-de-vie', 'Pau'),
('couteau-de-lancer', 'portee', '5'),
('dague-choc', 'dm-temp-1m', '1d6+FOR'),
('dague-choc', 'incident-de-tir', 'n/a'),
('dague-choc', 'niveau-de-vie', 'Mod'),
('dague-choc', 'type', 'Sonique'),
('detect-radiations', 'niveau-de-vie', 'Ais'),
('dortoir-nuit', 'niveau-de-vie', 'Mis'),
('drone-de-combat', 'niveau-de-vie', 'For (1-5) / Nan (6)'),
('drone-espion', 'niveau-de-vie', 'Ais (1-2) / For (3-6)'),
('drone-exploration', 'niveau-de-vie', 'Ais (1-2) / For (3-6)'),
('drone-minier', 'niveau-de-vie', 'Ais (1-2) / For (3-6)'),
('drone-surveillance', 'niveau-de-vie', 'Ais (1-5) / For (6)'),
('fast-street-food', 'niveau-de-vie', 'Mis'),
('filtre-respiratoire', 'niveau-de-vie', 'Mod'),
('fronde', 'dm-temp-1m', '1d4'),
('fronde', 'incident-de-tir', '1-3'),
('fronde', 'niveau-de-vie', 'Mis'),
('fronde', 'portee', '20'),
('fusil-a-impulsion', 'dm-temp-2m', '4d6'),
('fusil-a-impulsion', 'incident-de-tir', 'n/a'),
('fusil-a-impulsion', 'niveau-de-vie', 'Ais'),
('fusil-a-impulsion', 'portee', '20'),
('fusil-a-impulsion', 'type', 'Sonique'),
('fusil-a-plasma', 'dm-2-mains', '3d8+'),
('fusil-a-plasma', 'incident-de-tir', '1-2'),
('fusil-a-plasma', 'niveau-de-vie', 'For'),
('fusil-a-plasma', 'portee', '40'),
('fusil-a-plasma', 'type', 'Plasma'),
('fusil-a-pompe', 'aire-deffet', '20'),
('fusil-a-pompe', 'dm-2-mains', '2d6+'),
('fusil-a-pompe', 'incident-de-tir', '1-2'),
('fusil-a-pompe', 'niveau-de-vie', 'Ais'),
('fusil-dassaut', 'dm-2-mains', '2d8+'),
('fusil-dassaut', 'incident-de-tir', '1-2'),
('fusil-dassaut', 'niveau-de-vie', 'Ais'),
('fusil-dassaut', 'portee', '50'),
('fusil-de-precision', 'dm-2-mains', '2d8+'),
('fusil-de-precision', 'incident-de-tir', '1'),
('fusil-de-precision', 'niveau-de-vie', 'For'),
('fusil-de-precision', 'portee', '100'),
('fusil-ionique', 'aire-deffet', '30'),
('fusil-ionique', 'incident-de-tir', '1'),
('fusil-ionique', 'niveau-de-vie', 'Ais'),
('fusil-ionique', 'type', 'Ionique'),
('fusil-laser', 'dm-2-mains', '3d6'),
('fusil-laser', 'dm-temp-2m', '2d6'),
('fusil-laser', 'incident-de-tir', '1'),
('fusil-laser', 'niveau-de-vie', 'Ais'),
('fusil-laser', 'type', 'Laser'),
('fusil-laser-precis', 'dm-2-mains', '4d6'),
('fusil-laser-precis', 'dm-temp-2m', '3d6'),
('fusil-laser-precis', 'incident-de-tir', '1-2'),
('fusil-laser-precis', 'niveau-de-vie', 'For'),
('fusil-laser-precis', 'type', 'Laser'),
('fusil-plasma-lourd', 'action-de-tir', '(L)'),
('fusil-plasma-lourd', 'dm-2-mains', '4d8+'),
('fusil-plasma-lourd', 'incident-de-tir', '1-4'),
('fusil-plasma-lourd', 'niveau-de-vie', 'For'),
('fusil-plasma-lourd', 'portee', '30'),
('fusil-plasma-lourd', 'type', 'Plasma'),
('gourdin', 'dm-1-main', '1d4+FOR'),
('gourdin', 'incident-de-tir', 'n/a'),
('gourdin', 'niveau-de-vie', 'Mis'),
('grenade-flash', 'aire-deffet', '5'),
('grenade-flash', 'incident-de-tir', 'n/a'),
('grenade-flash', 'niveau-de-vie', 'Mod'),
('grenade-frag', 'aire-deffet', '5'),
('grenade-frag', 'dm-1-main', '4d6+'),
('grenade-frag', 'incident-de-tir', 'n/a'),
('grenade-frag', 'niveau-de-vie', 'Mod'),
('grenade-fumigene', 'aire-deffet', '5'),
('grenade-fumigene', 'incident-de-tir', 'n/a'),
('grenade-fumigene', 'niveau-de-vie', 'Mod'),
('grenade-plasma', 'aire-deffet', '3'),
('grenade-plasma', 'dm-1-main', '4d8+'),
('grenade-plasma', 'incident-de-tir', 'n/a'),
('grenade-plasma', 'niveau-de-vie', 'Ais'),
('grenade-plasma', 'type', 'Plasma'),
('grenade-sonique', 'aire-deffet', '5'),
('grenade-sonique', 'dm-temp-1m', '4d6'),
('grenade-sonique', 'incident-de-tir', 'n/a'),
('grenade-sonique', 'niveau-de-vie', 'Mod'),
('grenade-sonique', 'type', 'Sonique'),
('javeline', 'dm-1-main', '1d6'),
('javeline', 'incident-de-tir', 'n/a'),
('javeline', 'niveau-de-vie', 'Pau'),
('javeline', 'portee', '20'),
('lame-laser', 'dm-1-main', '2d10'),
('lame-laser', 'incident-de-tir', 'n/a'),
('lame-laser', 'niveau-de-vie', 'For'),
('lame-laser', 'type', 'Laser'),
('lame-legere', 'dm-1-main', '1d6+FOR'),
('lame-legere', 'incident-de-tir', 'n/a'),
('lame-legere', 'niveau-de-vie', 'Ais'),
('lame-moleculaire', 'dm-1-main', '1d10+FOR+'),
('lame-moleculaire', 'incident-de-tir', 'n/a'),
('lame-moleculaire', 'niveau-de-vie', 'Ais'),
('lance-grenade', 'incident-de-tir', '1-2'),
('lance-grenade', 'niveau-de-vie', 'Ais'),
('lance-grenade', 'portee', '40'),
('lance-plasmique', 'dm-2-mains', '2d8+'),
('lance-plasmique', 'incident-de-tir', '1-2'),
('lance-plasmique', 'niveau-de-vie', 'FOR'),
('lance-plasmique', 'type', 'Plasma'),
('logiciel-bd', 'bonus', '+2'),
('logiciel-bd', 'niveau-de-vie', 'Ais'),
('logiciel-de-pointe', 'bonus', '+5'),
('logiciel-de-pointe', 'niveau-de-vie', 'For'),
('machette-hachette', 'dm-1-main', '1d6+FOR'),
('machette-hachette', 'incident-de-tir', 'n/a'),
('machette-hachette', 'niveau-de-vie', 'Mod'),
('mains-nues', 'dm-temp-1m', '1d4+FOR'),
('mains-nues', 'incident-de-tir', 'n/a'),
('maison-particuliere', 'niveau-de-vie', 'For'),
('matraque-sonique', 'dm-temp-1m', '2d6+FOR'),
('matraque-sonique', 'incident-de-tir', 'n/a'),
('matraque-sonique', 'niveau-de-vie', 'Mod'),
('matraque-sonique', 'type', 'Sonique'),
('medkit', 'bonus', '+2'),
('medkit', 'niveau-de-vie', 'For'),
('mitrailleuse-lourde', 'action-de-tir', '(L)'),
('mitrailleuse-lourde', 'dm-2-mains', '3d8+'),
('mitrailleuse-lourde', 'incident-de-tir', '1-3'),
('mitrailleuse-lourde', 'niveau-de-vie', 'For'),
('mitrailleuse-lourde', 'portee', '50'),
('ordinateur-personnel', 'niveau-de-vie', 'Mod'),
('pistolet-a-impulsion', 'dm-temp-1m', '2d6'),
('pistolet-a-impulsion', 'incident-de-tir', 'n/a'),
('pistolet-a-impulsion', 'niveau-de-vie', 'Ais'),
('pistolet-a-impulsion', 'portee', '10'),
('pistolet-a-impulsion', 'type', 'Sonique'),
('pistolet-a-plasma', 'dm-1-main', '2d8+'),
('pistolet-a-plasma', 'incident-de-tir', '1-2'),
('pistolet-a-plasma', 'niveau-de-vie', 'Ais'),
('pistolet-a-plasma', 'portee', '20'),
('pistolet-a-plasma', 'type', 'Plasma'),
('pistolet-ionique', 'incident-de-tir', '1'),
('pistolet-ionique', 'niveau-de-vie', 'Ais'),
('pistolet-ionique', 'portee', '20'),
('pistolet-ionique', 'type', 'Ionique'),
('pistolet-laser', 'dm-1-main', '2d6'),
('pistolet-laser', 'dm-temp-1m', '1d6'),
('pistolet-laser', 'incident-de-tir', '1'),
('pistolet-laser', 'niveau-de-vie', 'Ais'),
('pistolet-laser', 'portee', '-'),
('pistolet-laser', 'type', 'Laser'),
('pistolet-leger', 'dm-1-main', '1d6+'),
('pistolet-leger', 'incident-de-tir', '1'),
('pistolet-leger', 'niveau-de-vie', 'Mod'),
('pistolet-leger', 'portee', '10'),
('pistolet-lourd', 'dm-1-main', '1d10+'),
('pistolet-lourd', 'incident-de-tir', '1'),
('pistolet-lourd', 'niveau-de-vie', 'Ais'),
('pistolet-lourd', 'portee', '20'),
('poing-americain', 'dm-1-main', '1d4+FOR'),
('poing-americain', 'incident-de-tir', 'n/a'),
('poing-americain', 'niveau-de-vie', 'Pau'),
('radio-portative', 'niveau-de-vie', 'Mod'),
('restaurant-correct', 'niveau-de-vie', 'Mod'),
('restaurant-familial', 'niveau-de-vie', 'Pau'),
('restaurant-luxe', 'niveau-de-vie', 'Ais'),
('robot-assassin', 'niveau-de-vie', 'Nan'),
('robot-de-loisir', 'niveau-de-vie', 'Ais'),
('robot-domestique', 'niveau-de-vie', 'Ais'),
('robot-exploration', 'niveau-de-vie', 'For'),
('robot-maintenance', 'niveau-de-vie', 'For'),
('robot-medical', 'niveau-de-vie', 'For'),
('robot-minier', 'niveau-de-vie', 'Ais'),
('robot-protocolaire', 'niveau-de-vie', 'For'),
('robot-soldat', 'niveau-de-vie', 'Nan'),
('robot-surveillance', 'niveau-de-vie', 'Ais'),
('stimpack', 'niveau-de-vie', 'Ais'),
('suite-de-luxe', 'niveau-de-vie', 'Nan'),
('traducteur-universel', 'niveau-de-vie', 'Ais'),
('trousse-1er-secours', 'niveau-de-vie', 'Mod'),
('trousse-a-outils', 'niveau-de-vie', 'Mod'),
('unite-hab-mini', 'niveau-de-vie', 'Pau'),
('unite-hab-moy', 'niveau-de-vie', 'Mod'),
('unite-hab-sup', 'niveau-de-vie', 'Ais'),
('vapo-autodefense', 'incident-de-tir', '1-4'),
('vapo-autodefense', 'niveau-de-vie', 'Mod'),
('vapo-autodefense', 'portee', '2'),
('veste-blindee', 'def', '+2'),
('veste-blindee', 'niveau-de-vie', 'Ais'),
('veste-blindee', 'rd', '2'),
('vetements-a-la-mode', 'niveau-de-vie', 'Ais'),
('vetements-courants', 'niveau-de-vie', 'Mod'),
('vetements-de-luxe', 'niveau-de-vie', 'For'),
('vetements-de-recup', 'niveau-de-vie', 'Pau'),
('vetements-de-sport', 'niveau-de-vie', 'Mod'),
('vetements-discrets', 'niveau-de-vie', 'Mod'),
('vetements-renforces', 'def', '+1'),
('vetements-renforces', 'niveau-de-vie', 'Mod');

-- --------------------------------------------------------

--
-- Table structure for table `cog_familles`
--

DROP TABLE IF EXISTS `cog_familles`;
CREATE TABLE IF NOT EXISTS `cog_familles` (
  `famille` varchar(20) NOT NULL,
  `description` varchar(50) NOT NULL,
  PRIMARY KEY (`famille`)
) ENGINE=InnoDB DEFAULT CHARSET=utf8mb4 COLLATE=utf8mb4_general_ci;

--
-- Dumping data for table `cog_familles`
--

INSERT INTO `cog_familles` (`famille`, `description`) VALUES
('action', 'Action'),
('aventure', 'Aventure'),
('reflexion', 'Réflexion');

-- --------------------------------------------------------

--
-- Table structure for table `cog_profils`
--

DROP TABLE IF EXISTS `cog_profils`;
CREATE TABLE IF NOT EXISTS `cog_profils` (
  `profil` varchar(20) NOT NULL,
  `nom` varchar(50) NOT NULL,
  `description` text DEFAULT NULL,
  `famille` varchar(20) NOT NULL,
  `type` char(1) NOT NULL DEFAULT '0',
  PRIMARY KEY (`profil`),
  KEY `cga_profils_famille` (`famille`)
) ENGINE=InnoDB DEFAULT CHARSET=utf8mb4 COLLATE=utf8mb4_general_ci;

--
-- Dumping data for table `cog_profils`
--

INSERT INTO `cog_profils` (`profil`, `nom`, `description`, `famille`, `type`) VALUES
('activiste', 'Activiste', NULL, 'reflexion', '0'),
('adepte', 'Adepte', NULL, 'action', '1'),
('agent', 'Agent', NULL, 'aventure', '0'),
('aristocrate', 'Aristocrate', NULL, 'reflexion', '0'),
('artilleur', 'Artilleur', NULL, 'action', '0'),
('artiste', 'Artiste', NULL, 'reflexion', '0'),
('assassin', 'Assassin', NULL, 'action', '0'),
('asteromineur', 'Astéromineur', NULL, 'aventure', '0'),
('astrocommando', 'Astrocommando', NULL, 'action', '0'),
('astroingenieur', 'Astroingénieur', NULL, 'reflexion', '0'),
('astronavigateur', 'Astronavigateur', NULL, 'aventure', '0'),
('biogeneticien', 'Biogénéticien', NULL, 'reflexion', '1'),
('bureaucrate', 'Bureaucrate', NULL, 'reflexion', '0'),
('chasseur-de-primes', 'Chasseur de primes', NULL, 'action', '0'),
('colon', 'Colon', NULL, 'aventure', '0'),
('commercant', 'Commerçant', NULL, 'aventure', '0'),
('contrebandier', 'Contrebandier', NULL, 'aventure', '0'),
('diplomate', 'Diplomate', NULL, 'reflexion', '0'),
('erudit', 'Erudit', NULL, 'reflexion', '0'),
('escroc', 'Escroc', NULL, 'aventure', '0'),
('explorateur', 'Explorateur', NULL, 'aventure', '0'),
('fantassin', 'Fantassin', NULL, 'action', '0'),
('ganger', 'Ganger', NULL, 'action', '0'),
('garde-du-corps', 'Garde du corps', NULL, 'action', '0'),
('hacker', 'Hacker', NULL, 'reflexion', '0'),
('hors-la-loi', 'Hors-la-loi', NULL, 'action', '0'),
('journaliste', 'Journaliste', NULL, 'reflexion', '0'),
('limier', 'Limier', NULL, 'action', '1'),
('mecanicien', 'Mécanicien', NULL, 'action', '0'),
('medecin', 'Médecin', NULL, 'reflexion', '0'),
('mentat', 'Mentat', NULL, 'aventure', '1'),
('mercenaire', 'Mercenaire', NULL, 'aventure', '0'),
('missionnaire', 'Missionnaire', NULL, 'reflexion', '0'),
('pilote-de-chasse', 'Pilote de chasse', NULL, 'action', '0'),
('pirate', 'Pirate', NULL, 'action', '0'),
('prescient', 'Prescient', NULL, 'reflexion', '1'),
('psiker', 'Psiker', NULL, 'aventure', '1'),
('psion', 'Psion', NULL, 'reflexion', '1'),
('psitech', 'Psitech', NULL, 'aventure', '1'),
('recuperateur', 'Récupérateur', NULL, 'aventure', '0'),
('spectre', 'Spectre', NULL, 'action', '1'),
('sportif-pro', 'Sportif professionnel', NULL, 'action', '0'),
('technicien', 'Technicien', NULL, 'aventure', '0'),
('xenoarcheologue', 'Xénoarchéologue', NULL, 'aventure', '0'),
('xenobiologiste', 'Xénobiologiste', NULL, 'reflexion', '0');

-- --------------------------------------------------------

--
-- Table structure for table `cog_profils_maitrises`
--

DROP TABLE IF EXISTS `cog_profils_maitrises`;
CREATE TABLE IF NOT EXISTS `cog_profils_maitrises` (
  `profil` varchar(20) NOT NULL,
  `equipement` varchar(20) NOT NULL,
  PRIMARY KEY (`profil`,`equipement`),
  KEY `cga_profils_maitrises_profil` (`profil`),
  KEY `cga_profils_maitrises_equipement` (`equipement`)
) ENGINE=InnoDB DEFAULT CHARSET=utf8mb4 COLLATE=utf8mb4_general_ci;

--
-- Dumping data for table `cog_profils_maitrises`
--

INSERT INTO `cog_profils_maitrises` (`profil`, `equipement`) VALUES
('activiste', 'analyseur-de-minerai'),
('activiste', 'analyseur-eauair'),
('activiste', 'antirads'),
('activiste', 'arc'),
('activiste', 'arc-a-poulie'),
('activiste', 'armure-de-combat'),
('activiste', 'armure-legere'),
('activiste', 'autodoc'),
('activiste', 'autre'),
('activiste', 'baton-a-impulsion'),
('activiste', 'baton-ferre'),
('activiste', 'biocicatrisant'),
('activiste', 'bottes-magnetiques'),
('activiste', 'brise-code'),
('activiste', 'brise-code-qualite'),
('activiste', 'chambre-bus-nuit'),
('activiste', 'chambre-eco-nuit'),
('activiste', 'chambre-sup-nuit'),
('activiste', 'champ-laser'),
('activiste', 'champ-multifonction'),
('activiste', 'champ-plasma'),
('activiste', 'combi-extra'),
('activiste', 'combi-intra'),
('activiste', 'costume-complet'),
('activiste', 'couteau-de-cuisine'),
('activiste', 'couteau-de-lancer'),
('activiste', 'dague-choc'),
('activiste', 'detect-radiations'),
('activiste', 'dortoir-nuit'),
('activiste', 'drone-de-combat'),
('activiste', 'drone-espion'),
('activiste', 'drone-exploration'),
('activiste', 'drone-miniature'),
('activiste', 'drone-minier'),
('activiste', 'drone-surveillance'),
('activiste', 'drone-volant'),
('activiste', 'fast-street-food'),
('activiste', 'filtre-respiratoire'),
('activiste', 'fronde'),
('activiste', 'fusil-a-impulsion'),
('activiste', 'fusil-a-plasma'),
('activiste', 'fusil-a-pompe'),
('activiste', 'fusil-dassaut'),
('activiste', 'fusil-de-precision'),
('activiste', 'fusil-ionique'),
('activiste', 'fusil-laser'),
('activiste', 'fusil-laser-precis'),
('activiste', 'fusil-plasma-lourd'),
('activiste', 'gourdin'),
('activiste', 'grenade-flash'),
('activiste', 'grenade-frag'),
('activiste', 'grenade-fumigene'),
('activiste', 'grenade-plasma'),
('activiste', 'grenade-sonique'),
('activiste', 'javeline'),
('activiste', 'lame-laser'),
('activiste', 'lame-legere'),
('activiste', 'lame-moleculaire'),
('activiste', 'lance-grenade'),
('activiste', 'lance-plasmique'),
('activiste', 'logiciel-bd'),
('activiste', 'logiciel-de-pointe'),
('activiste', 'machette-hachette'),
('activiste', 'mains-nues'),
('activiste', 'maison-particuliere'),
('activiste', 'matraque-sonique'),
('activiste', 'medkit'),
('activiste', 'mitrailleuse-lourde'),
('activiste', 'ordinateur-personnel'),
('activiste', 'pistolet-a-impulsion'),
('activiste', 'pistolet-a-plasma'),
('activiste', 'pistolet-ionique'),
('activiste', 'pistolet-laser'),
('activiste', 'pistolet-leger'),
('activiste', 'pistolet-lourd'),
('activiste', 'poing-americain'),
('activiste', 'radio-portative'),
('activiste', 'restaurant-correct'),
('activiste', 'restaurant-familial'),
('activiste', 'restaurant-luxe'),
('activiste', 'robot-assassin'),
('activiste', 'robot-de-loisir'),
('activiste', 'robot-domestique'),
('activiste', 'robot-exploration'),
('activiste', 'robot-maintenance'),
('activiste', 'robot-medical'),
('activiste', 'robot-minier'),
('activiste', 'robot-protocolaire'),
('activiste', 'robot-soldat'),
('activiste', 'robot-surveillance'),
('activiste', 'stimpack'),
('activiste', 'suite-de-luxe'),
('activiste', 'traducteur-universel'),
('activiste', 'trousse-1er-secours'),
('activiste', 'trousse-a-outils'),
('activiste', 'unite-hab-mini'),
('activiste', 'unite-hab-moy'),
('activiste', 'unite-hab-sup'),
('activiste', 'vapo-autodefense'),
('activiste', 'veste-blindee'),
('activiste', 'vetements-a-la-mode'),
('activiste', 'vetements-courants'),
('activiste', 'vetements-de-luxe'),
('activiste', 'vetements-de-recup'),
('activiste', 'vetements-de-sport'),
('activiste', 'vetements-discrets'),
('activiste', 'vetements-renforces'),
('activiste', 'vetements-sur-mesure'),
('adepte', 'analyseur-de-minerai'),
('adepte', 'analyseur-eauair'),
('adepte', 'antirads'),
('adepte', 'arc'),
('adepte', 'arc-a-poulie'),
('adepte', 'armure-de-combat'),
('adepte', 'armure-legere'),
('adepte', 'autodoc'),
('adepte', 'autre'),
('adepte', 'baton-a-impulsion'),
('adepte', 'baton-ferre'),
('adepte', 'biocicatrisant'),
('adepte', 'bottes-magnetiques'),
('adepte', 'brise-code'),
('adepte', 'brise-code-qualite'),
('adepte', 'chambre-bus-nuit'),
('adepte', 'chambre-eco-nuit'),
('adepte', 'chambre-sup-nuit'),
('adepte', 'champ-laser'),
('adepte', 'champ-multifonction'),
('adepte', 'champ-plasma'),
('adepte', 'combi-extra'),
('adepte', 'combi-intra'),
('adepte', 'costume-complet'),
('adepte', 'couteau-de-cuisine'),
('adepte', 'couteau-de-lancer'),
('adepte', 'dague-choc'),
('adepte', 'detect-radiations'),
('adepte', 'dortoir-nuit'),
('adepte', 'drone-de-combat'),
('adepte', 'drone-espion'),
('adepte', 'drone-exploration'),
('adepte', 'drone-miniature'),
('adepte', 'drone-minier'),
('adepte', 'drone-surveillance'),
('adepte', 'drone-volant'),
('adepte', 'fast-street-food'),
('adepte', 'filtre-respiratoire'),
('adepte', 'fronde'),
('adepte', 'fusil-a-impulsion'),
('adepte', 'fusil-a-plasma'),
('adepte', 'fusil-a-pompe'),
('adepte', 'fusil-dassaut'),
('adepte', 'fusil-de-precision'),
('adepte', 'fusil-ionique'),
('adepte', 'fusil-laser'),
('adepte', 'fusil-laser-precis'),
('adepte', 'fusil-plasma-lourd'),
('adepte', 'gourdin'),
('adepte', 'grenade-flash'),
('adepte', 'grenade-frag'),
('adepte', 'grenade-fumigene'),
('adepte', 'grenade-plasma'),
('adepte', 'grenade-sonique'),
('adepte', 'javeline'),
('adepte', 'lame-laser'),
('adepte', 'lame-legere'),
('adepte', 'lame-moleculaire'),
('adepte', 'lance-grenade'),
('adepte', 'lance-plasmique'),
('adepte', 'logiciel-bd'),
('adepte', 'logiciel-de-pointe'),
('adepte', 'machette-hachette'),
('adepte', 'mains-nues'),
('adepte', 'maison-particuliere'),
('adepte', 'matraque-sonique'),
('adepte', 'medkit'),
('adepte', 'mitrailleuse-lourde'),
('adepte', 'ordinateur-personnel'),
('adepte', 'pistolet-a-impulsion'),
('adepte', 'pistolet-a-plasma'),
('adepte', 'pistolet-ionique'),
('adepte', 'pistolet-laser'),
('adepte', 'pistolet-leger'),
('adepte', 'pistolet-lourd'),
('adepte', 'poing-americain'),
('adepte', 'radio-portative'),
('adepte', 'restaurant-correct'),
('adepte', 'restaurant-familial'),
('adepte', 'restaurant-luxe'),
('adepte', 'robot-assassin'),
('adepte', 'robot-de-loisir'),
('adepte', 'robot-domestique'),
('adepte', 'robot-exploration'),
('adepte', 'robot-maintenance'),
('adepte', 'robot-medical'),
('adepte', 'robot-minier'),
('adepte', 'robot-protocolaire'),
('adepte', 'robot-soldat'),
('adepte', 'robot-surveillance'),
('adepte', 'stimpack'),
('adepte', 'suite-de-luxe'),
('adepte', 'traducteur-universel'),
('adepte', 'trousse-1er-secours'),
('adepte', 'trousse-a-outils'),
('adepte', 'unite-hab-mini'),
('adepte', 'unite-hab-moy'),
('adepte', 'unite-hab-sup'),
('adepte', 'vapo-autodefense'),
('adepte', 'veste-blindee'),
('adepte', 'vetements-a-la-mode'),
('adepte', 'vetements-courants'),
('adepte', 'vetements-de-luxe'),
('adepte', 'vetements-de-recup'),
('adepte', 'vetements-de-sport'),
('adepte', 'vetements-discrets'),
('adepte', 'vetements-renforces'),
('adepte', 'vetements-sur-mesure'),
('agent', 'analyseur-de-minerai'),
('agent', 'analyseur-eauair'),
('agent', 'antirads'),
('agent', 'arc'),
('agent', 'arc-a-poulie'),
('agent', 'armure-de-combat'),
('agent', 'armure-legere'),
('agent', 'autodoc'),
('agent', 'autre'),
('agent', 'baton-a-impulsion'),
('agent', 'baton-ferre'),
('agent', 'biocicatrisant'),
('agent', 'bottes-magnetiques'),
('agent', 'brise-code'),
('agent', 'brise-code-qualite'),
('agent', 'chambre-bus-nuit'),
('agent', 'chambre-eco-nuit'),
('agent', 'chambre-sup-nuit'),
('agent', 'champ-laser'),
('agent', 'champ-multifonction'),
('agent', 'champ-plasma'),
('agent', 'combi-extra'),
('agent', 'combi-intra'),
('agent', 'costume-complet'),
('agent', 'couteau-de-cuisine'),
('agent', 'couteau-de-lancer'),
('agent', 'dague-choc'),
('agent', 'detect-radiations'),
('agent', 'dortoir-nuit'),
('agent', 'drone-de-combat'),
('agent', 'drone-espion'),
('agent', 'drone-exploration'),
('agent', 'drone-miniature'),
('agent', 'drone-minier'),
('agent', 'drone-surveillance'),
('agent', 'drone-volant'),
('agent', 'fast-street-food'),
('agent', 'filtre-respiratoire'),
('agent', 'fronde'),
('agent', 'fusil-a-impulsion'),
('agent', 'fusil-a-plasma'),
('agent', 'fusil-a-pompe'),
('agent', 'fusil-dassaut'),
('agent', 'fusil-de-precision'),
('agent', 'fusil-ionique'),
('agent', 'fusil-laser'),
('agent', 'fusil-laser-precis'),
('agent', 'fusil-plasma-lourd'),
('agent', 'gourdin'),
('agent', 'grenade-flash'),
('agent', 'grenade-frag'),
('agent', 'grenade-fumigene'),
('agent', 'grenade-plasma'),
('agent', 'grenade-sonique'),
('agent', 'javeline'),
('agent', 'lame-laser'),
('agent', 'lame-legere'),
('agent', 'lame-moleculaire'),
('agent', 'lance-grenade'),
('agent', 'lance-plasmique'),
('agent', 'logiciel-bd'),
('agent', 'logiciel-de-pointe'),
('agent', 'machette-hachette'),
('agent', 'mains-nues'),
('agent', 'maison-particuliere'),
('agent', 'matraque-sonique'),
('agent', 'medkit'),
('agent', 'mitrailleuse-lourde'),
('agent', 'ordinateur-personnel'),
('agent', 'pistolet-a-impulsion'),
('agent', 'pistolet-a-plasma'),
('agent', 'pistolet-ionique'),
('agent', 'pistolet-laser'),
('agent', 'pistolet-leger'),
('agent', 'pistolet-lourd'),
('agent', 'poing-americain'),
('agent', 'radio-portative'),
('agent', 'restaurant-correct'),
('agent', 'restaurant-familial'),
('agent', 'restaurant-luxe'),
('agent', 'robot-assassin'),
('agent', 'robot-de-loisir'),
('agent', 'robot-domestique'),
('agent', 'robot-exploration'),
('agent', 'robot-maintenance'),
('agent', 'robot-medical'),
('agent', 'robot-minier'),
('agent', 'robot-protocolaire'),
('agent', 'robot-soldat'),
('agent', 'robot-surveillance'),
('agent', 'stimpack'),
('agent', 'suite-de-luxe'),
('agent', 'traducteur-universel'),
('agent', 'trousse-1er-secours'),
('agent', 'trousse-a-outils'),
('agent', 'unite-hab-mini'),
('agent', 'unite-hab-moy'),
('agent', 'unite-hab-sup'),
('agent', 'vapo-autodefense'),
('agent', 'veste-blindee'),
('agent', 'vetements-a-la-mode'),
('agent', 'vetements-courants'),
('agent', 'vetements-de-luxe'),
('agent', 'vetements-de-recup'),
('agent', 'vetements-de-sport'),
('agent', 'vetements-discrets'),
('agent', 'vetements-renforces'),
('agent', 'vetements-sur-mesure'),
('aristocrate', 'analyseur-de-minerai'),
('aristocrate', 'analyseur-eauair'),
('aristocrate', 'antirads'),
('aristocrate', 'arc'),
('aristocrate', 'arc-a-poulie'),
('aristocrate', 'armure-de-combat'),
('aristocrate', 'armure-legere'),
('aristocrate', 'autodoc'),
('aristocrate', 'autre'),
('aristocrate', 'baton-a-impulsion'),
('aristocrate', 'baton-ferre'),
('aristocrate', 'biocicatrisant'),
('aristocrate', 'bottes-magnetiques'),
('aristocrate', 'brise-code'),
('aristocrate', 'brise-code-qualite'),
('aristocrate', 'chambre-bus-nuit'),
('aristocrate', 'chambre-eco-nuit'),
('aristocrate', 'chambre-sup-nuit'),
('aristocrate', 'champ-laser'),
('aristocrate', 'champ-multifonction'),
('aristocrate', 'champ-plasma'),
('aristocrate', 'combi-extra'),
('aristocrate', 'combi-intra'),
('aristocrate', 'costume-complet'),
('aristocrate', 'couteau-de-cuisine'),
('aristocrate', 'couteau-de-lancer'),
('aristocrate', 'dague-choc'),
('aristocrate', 'detect-radiations'),
('aristocrate', 'dortoir-nuit'),
('aristocrate', 'drone-de-combat'),
('aristocrate', 'drone-espion'),
('aristocrate', 'drone-exploration'),
('aristocrate', 'drone-miniature'),
('aristocrate', 'drone-minier'),
('aristocrate', 'drone-surveillance'),
('aristocrate', 'drone-volant'),
('aristocrate', 'fast-street-food'),
('aristocrate', 'filtre-respiratoire'),
('aristocrate', 'fronde'),
('aristocrate', 'fusil-a-impulsion'),
('aristocrate', 'fusil-a-plasma'),
('aristocrate', 'fusil-a-pompe'),
('aristocrate', 'fusil-dassaut'),
('aristocrate', 'fusil-de-precision'),
('aristocrate', 'fusil-ionique'),
('aristocrate', 'fusil-laser'),
('aristocrate', 'fusil-laser-precis'),
('aristocrate', 'fusil-plasma-lourd'),
('aristocrate', 'gourdin'),
('aristocrate', 'grenade-flash'),
('aristocrate', 'grenade-frag'),
('aristocrate', 'grenade-fumigene'),
('aristocrate', 'grenade-plasma'),
('aristocrate', 'grenade-sonique'),
('aristocrate', 'javeline'),
('aristocrate', 'lame-laser'),
('aristocrate', 'lame-legere'),
('aristocrate', 'lame-moleculaire'),
('aristocrate', 'lance-grenade'),
('aristocrate', 'lance-plasmique'),
('aristocrate', 'logiciel-bd'),
('aristocrate', 'logiciel-de-pointe'),
('aristocrate', 'machette-hachette'),
('aristocrate', 'mains-nues'),
('aristocrate', 'maison-particuliere'),
('aristocrate', 'matraque-sonique'),
('aristocrate', 'medkit'),
('aristocrate', 'mitrailleuse-lourde'),
('aristocrate', 'ordinateur-personnel'),
('aristocrate', 'pistolet-a-impulsion'),
('aristocrate', 'pistolet-a-plasma'),
('aristocrate', 'pistolet-ionique'),
('aristocrate', 'pistolet-laser'),
('aristocrate', 'pistolet-leger'),
('aristocrate', 'pistolet-lourd'),
('aristocrate', 'poing-americain'),
('aristocrate', 'radio-portative'),
('aristocrate', 'restaurant-correct'),
('aristocrate', 'restaurant-familial'),
('aristocrate', 'restaurant-luxe'),
('aristocrate', 'robot-assassin'),
('aristocrate', 'robot-de-loisir'),
('aristocrate', 'robot-domestique'),
('aristocrate', 'robot-exploration'),
('aristocrate', 'robot-maintenance'),
('aristocrate', 'robot-medical'),
('aristocrate', 'robot-minier'),
('aristocrate', 'robot-protocolaire'),
('aristocrate', 'robot-soldat'),
('aristocrate', 'robot-surveillance'),
('aristocrate', 'stimpack'),
('aristocrate', 'suite-de-luxe'),
('aristocrate', 'traducteur-universel'),
('aristocrate', 'trousse-1er-secours'),
('aristocrate', 'trousse-a-outils'),
('aristocrate', 'unite-hab-mini'),
('aristocrate', 'unite-hab-moy'),
('aristocrate', 'unite-hab-sup'),
('aristocrate', 'vapo-autodefense'),
('aristocrate', 'veste-blindee'),
('aristocrate', 'vetements-a-la-mode'),
('aristocrate', 'vetements-courants'),
('aristocrate', 'vetements-de-luxe'),
('aristocrate', 'vetements-de-recup'),
('aristocrate', 'vetements-de-sport'),
('aristocrate', 'vetements-discrets'),
('aristocrate', 'vetements-renforces'),
('aristocrate', 'vetements-sur-mesure'),
('artilleur', 'analyseur-de-minerai'),
('artilleur', 'analyseur-eauair'),
('artilleur', 'antirads'),
('artilleur', 'arc'),
('artilleur', 'arc-a-poulie'),
('artilleur', 'armure-de-combat'),
('artilleur', 'armure-legere'),
('artilleur', 'autodoc'),
('artilleur', 'autre'),
('artilleur', 'baton-a-impulsion'),
('artilleur', 'baton-ferre'),
('artilleur', 'biocicatrisant'),
('artilleur', 'bottes-magnetiques'),
('artilleur', 'brise-code'),
('artilleur', 'brise-code-qualite'),
('artilleur', 'chambre-bus-nuit'),
('artilleur', 'chambre-eco-nuit'),
('artilleur', 'chambre-sup-nuit'),
('artilleur', 'champ-laser'),
('artilleur', 'champ-multifonction'),
('artilleur', 'champ-plasma'),
('artilleur', 'combi-extra'),
('artilleur', 'combi-intra'),
('artilleur', 'costume-complet'),
('artilleur', 'couteau-de-cuisine'),
('artilleur', 'couteau-de-lancer'),
('artilleur', 'dague-choc'),
('artilleur', 'detect-radiations'),
('artilleur', 'dortoir-nuit'),
('artilleur', 'drone-de-combat'),
('artilleur', 'drone-espion'),
('artilleur', 'drone-exploration'),
('artilleur', 'drone-miniature'),
('artilleur', 'drone-minier'),
('artilleur', 'drone-surveillance'),
('artilleur', 'drone-volant'),
('artilleur', 'fast-street-food'),
('artilleur', 'filtre-respiratoire'),
('artilleur', 'fronde'),
('artilleur', 'fusil-a-impulsion'),
('artilleur', 'fusil-a-plasma'),
('artilleur', 'fusil-a-pompe'),
('artilleur', 'fusil-dassaut'),
('artilleur', 'fusil-de-precision'),
('artilleur', 'fusil-ionique'),
('artilleur', 'fusil-laser'),
('artilleur', 'fusil-laser-precis'),
('artilleur', 'fusil-plasma-lourd'),
('artilleur', 'gourdin'),
('artilleur', 'grenade-flash'),
('artilleur', 'grenade-frag'),
('artilleur', 'grenade-fumigene'),
('artilleur', 'grenade-plasma'),
('artilleur', 'grenade-sonique'),
('artilleur', 'javeline'),
('artilleur', 'lame-laser'),
('artilleur', 'lame-legere'),
('artilleur', 'lame-moleculaire'),
('artilleur', 'lance-grenade'),
('artilleur', 'lance-plasmique'),
('artilleur', 'logiciel-bd'),
('artilleur', 'logiciel-de-pointe'),
('artilleur', 'machette-hachette'),
('artilleur', 'mains-nues'),
('artilleur', 'maison-particuliere'),
('artilleur', 'matraque-sonique'),
('artilleur', 'medkit'),
('artilleur', 'mitrailleuse-lourde'),
('artilleur', 'ordinateur-personnel'),
('artilleur', 'pistolet-a-impulsion'),
('artilleur', 'pistolet-a-plasma'),
('artilleur', 'pistolet-ionique'),
('artilleur', 'pistolet-laser'),
('artilleur', 'pistolet-leger'),
('artilleur', 'pistolet-lourd'),
('artilleur', 'poing-americain'),
('artilleur', 'radio-portative'),
('artilleur', 'restaurant-correct'),
('artilleur', 'restaurant-familial'),
('artilleur', 'restaurant-luxe'),
('artilleur', 'robot-assassin'),
('artilleur', 'robot-de-loisir'),
('artilleur', 'robot-domestique'),
('artilleur', 'robot-exploration'),
('artilleur', 'robot-maintenance'),
('artilleur', 'robot-medical'),
('artilleur', 'robot-minier'),
('artilleur', 'robot-protocolaire'),
('artilleur', 'robot-soldat'),
('artilleur', 'robot-surveillance'),
('artilleur', 'stimpack'),
('artilleur', 'suite-de-luxe'),
('artilleur', 'traducteur-universel'),
('artilleur', 'trousse-1er-secours'),
('artilleur', 'trousse-a-outils'),
('artilleur', 'unite-hab-mini'),
('artilleur', 'unite-hab-moy'),
('artilleur', 'unite-hab-sup'),
('artilleur', 'vapo-autodefense'),
('artilleur', 'veste-blindee'),
('artilleur', 'vetements-a-la-mode'),
('artilleur', 'vetements-courants'),
('artilleur', 'vetements-de-luxe'),
('artilleur', 'vetements-de-recup'),
('artilleur', 'vetements-de-sport'),
('artilleur', 'vetements-discrets'),
('artilleur', 'vetements-renforces'),
('artilleur', 'vetements-sur-mesure'),
('artiste', 'analyseur-de-minerai'),
('artiste', 'analyseur-eauair'),
('artiste', 'antirads'),
('artiste', 'arc'),
('artiste', 'arc-a-poulie'),
('artiste', 'armure-de-combat'),
('artiste', 'armure-legere'),
('artiste', 'autodoc'),
('artiste', 'autre'),
('artiste', 'baton-a-impulsion'),
('artiste', 'baton-ferre'),
('artiste', 'biocicatrisant'),
('artiste', 'bottes-magnetiques'),
('artiste', 'brise-code'),
('artiste', 'brise-code-qualite'),
('artiste', 'chambre-bus-nuit'),
('artiste', 'chambre-eco-nuit'),
('artiste', 'chambre-sup-nuit'),
('artiste', 'champ-laser'),
('artiste', 'champ-multifonction'),
('artiste', 'champ-plasma'),
('artiste', 'combi-extra'),
('artiste', 'combi-intra'),
('artiste', 'costume-complet'),
('artiste', 'couteau-de-cuisine'),
('artiste', 'couteau-de-lancer'),
('artiste', 'dague-choc'),
('artiste', 'detect-radiations'),
('artiste', 'dortoir-nuit'),
('artiste', 'drone-de-combat'),
('artiste', 'drone-espion'),
('artiste', 'drone-exploration'),
('artiste', 'drone-miniature'),
('artiste', 'drone-minier'),
('artiste', 'drone-surveillance'),
('artiste', 'drone-volant'),
('artiste', 'fast-street-food'),
('artiste', 'filtre-respiratoire'),
('artiste', 'fronde'),
('artiste', 'fusil-a-impulsion'),
('artiste', 'fusil-a-plasma'),
('artiste', 'fusil-a-pompe'),
('artiste', 'fusil-dassaut'),
('artiste', 'fusil-de-precision'),
('artiste', 'fusil-ionique'),
('artiste', 'fusil-laser'),
('artiste', 'fusil-laser-precis'),
('artiste', 'fusil-plasma-lourd'),
('artiste', 'gourdin'),
('artiste', 'grenade-flash'),
('artiste', 'grenade-frag'),
('artiste', 'grenade-fumigene'),
('artiste', 'grenade-plasma'),
('artiste', 'grenade-sonique'),
('artiste', 'javeline'),
('artiste', 'lame-laser'),
('artiste', 'lame-legere'),
('artiste', 'lame-moleculaire'),
('artiste', 'lance-grenade'),
('artiste', 'lance-plasmique'),
('artiste', 'logiciel-bd'),
('artiste', 'logiciel-de-pointe'),
('artiste', 'machette-hachette'),
('artiste', 'mains-nues'),
('artiste', 'maison-particuliere'),
('artiste', 'matraque-sonique'),
('artiste', 'medkit'),
('artiste', 'mitrailleuse-lourde'),
('artiste', 'ordinateur-personnel'),
('artiste', 'pistolet-a-impulsion'),
('artiste', 'pistolet-a-plasma'),
('artiste', 'pistolet-ionique'),
('artiste', 'pistolet-laser'),
('artiste', 'pistolet-leger'),
('artiste', 'pistolet-lourd'),
('artiste', 'poing-americain'),
('artiste', 'radio-portative'),
('artiste', 'restaurant-correct'),
('artiste', 'restaurant-familial'),
('artiste', 'restaurant-luxe'),
('artiste', 'robot-assassin'),
('artiste', 'robot-de-loisir'),
('artiste', 'robot-domestique'),
('artiste', 'robot-exploration'),
('artiste', 'robot-maintenance'),
('artiste', 'robot-medical'),
('artiste', 'robot-minier'),
('artiste', 'robot-protocolaire'),
('artiste', 'robot-soldat'),
('artiste', 'robot-surveillance'),
('artiste', 'stimpack'),
('artiste', 'suite-de-luxe'),
('artiste', 'traducteur-universel'),
('artiste', 'trousse-1er-secours'),
('artiste', 'trousse-a-outils'),
('artiste', 'unite-hab-mini'),
('artiste', 'unite-hab-moy'),
('artiste', 'unite-hab-sup'),
('artiste', 'vapo-autodefense'),
('artiste', 'veste-blindee'),
('artiste', 'vetements-a-la-mode'),
('artiste', 'vetements-courants'),
('artiste', 'vetements-de-luxe'),
('artiste', 'vetements-de-recup'),
('artiste', 'vetements-de-sport'),
('artiste', 'vetements-discrets'),
('artiste', 'vetements-renforces'),
('artiste', 'vetements-sur-mesure'),
('assassin', 'analyseur-de-minerai'),
('assassin', 'analyseur-eauair'),
('assassin', 'antirads'),
('assassin', 'arc'),
('assassin', 'arc-a-poulie'),
('assassin', 'armure-de-combat'),
('assassin', 'armure-legere'),
('assassin', 'autodoc'),
('assassin', 'autre'),
('assassin', 'baton-a-impulsion'),
('assassin', 'baton-ferre'),
('assassin', 'biocicatrisant'),
('assassin', 'bottes-magnetiques'),
('assassin', 'brise-code'),
('assassin', 'brise-code-qualite'),
('assassin', 'chambre-bus-nuit'),
('assassin', 'chambre-eco-nuit'),
('assassin', 'chambre-sup-nuit'),
('assassin', 'champ-laser'),
('assassin', 'champ-multifonction'),
('assassin', 'champ-plasma'),
('assassin', 'combi-extra'),
('assassin', 'combi-intra'),
('assassin', 'costume-complet'),
('assassin', 'couteau-de-cuisine'),
('assassin', 'couteau-de-lancer'),
('assassin', 'dague-choc'),
('assassin', 'detect-radiations'),
('assassin', 'dortoir-nuit'),
('assassin', 'drone-de-combat'),
('assassin', 'drone-espion'),
('assassin', 'drone-exploration'),
('assassin', 'drone-miniature'),
('assassin', 'drone-minier'),
('assassin', 'drone-surveillance'),
('assassin', 'drone-volant'),
('assassin', 'fast-street-food'),
('assassin', 'filtre-respiratoire'),
('assassin', 'fronde'),
('assassin', 'fusil-a-impulsion'),
('assassin', 'fusil-a-plasma'),
('assassin', 'fusil-a-pompe'),
('assassin', 'fusil-dassaut'),
('assassin', 'fusil-de-precision'),
('assassin', 'fusil-ionique'),
('assassin', 'fusil-laser'),
('assassin', 'fusil-laser-precis'),
('assassin', 'fusil-plasma-lourd'),
('assassin', 'gourdin'),
('assassin', 'grenade-flash'),
('assassin', 'grenade-frag'),
('assassin', 'grenade-fumigene'),
('assassin', 'grenade-plasma'),
('assassin', 'grenade-sonique'),
('assassin', 'javeline'),
('assassin', 'lame-laser'),
('assassin', 'lame-legere'),
('assassin', 'lame-moleculaire'),
('assassin', 'lance-grenade'),
('assassin', 'lance-plasmique'),
('assassin', 'logiciel-bd'),
('assassin', 'logiciel-de-pointe'),
('assassin', 'machette-hachette'),
('assassin', 'mains-nues'),
('assassin', 'maison-particuliere'),
('assassin', 'matraque-sonique'),
('assassin', 'medkit'),
('assassin', 'mitrailleuse-lourde'),
('assassin', 'ordinateur-personnel'),
('assassin', 'pistolet-a-impulsion'),
('assassin', 'pistolet-a-plasma'),
('assassin', 'pistolet-ionique'),
('assassin', 'pistolet-laser'),
('assassin', 'pistolet-leger'),
('assassin', 'pistolet-lourd'),
('assassin', 'poing-americain'),
('assassin', 'radio-portative'),
('assassin', 'restaurant-correct'),
('assassin', 'restaurant-familial'),
('assassin', 'restaurant-luxe'),
('assassin', 'robot-assassin'),
('assassin', 'robot-de-loisir'),
('assassin', 'robot-domestique'),
('assassin', 'robot-exploration'),
('assassin', 'robot-maintenance'),
('assassin', 'robot-medical'),
('assassin', 'robot-minier'),
('assassin', 'robot-protocolaire'),
('assassin', 'robot-soldat'),
('assassin', 'robot-surveillance'),
('assassin', 'stimpack'),
('assassin', 'suite-de-luxe'),
('assassin', 'traducteur-universel'),
('assassin', 'trousse-1er-secours'),
('assassin', 'trousse-a-outils'),
('assassin', 'unite-hab-mini'),
('assassin', 'unite-hab-moy'),
('assassin', 'unite-hab-sup'),
('assassin', 'vapo-autodefense'),
('assassin', 'veste-blindee'),
('assassin', 'vetements-a-la-mode'),
('assassin', 'vetements-courants'),
('assassin', 'vetements-de-luxe'),
('assassin', 'vetements-de-recup'),
('assassin', 'vetements-de-sport'),
('assassin', 'vetements-discrets'),
('assassin', 'vetements-renforces'),
('assassin', 'vetements-sur-mesure'),
('asteromineur', 'analyseur-de-minerai'),
('asteromineur', 'analyseur-eauair'),
('asteromineur', 'antirads'),
('asteromineur', 'arc'),
('asteromineur', 'arc-a-poulie'),
('asteromineur', 'armure-de-combat'),
('asteromineur', 'armure-legere'),
('asteromineur', 'autodoc'),
('asteromineur', 'autre'),
('asteromineur', 'baton-a-impulsion'),
('asteromineur', 'baton-ferre'),
('asteromineur', 'biocicatrisant'),
('asteromineur', 'bottes-magnetiques'),
('asteromineur', 'brise-code'),
('asteromineur', 'brise-code-qualite'),
('asteromineur', 'chambre-bus-nuit'),
('asteromineur', 'chambre-eco-nuit'),
('asteromineur', 'chambre-sup-nuit'),
('asteromineur', 'champ-laser'),
('asteromineur', 'champ-multifonction'),
('asteromineur', 'champ-plasma'),
('asteromineur', 'combi-extra'),
('asteromineur', 'combi-intra'),
('asteromineur', 'costume-complet'),
('asteromineur', 'couteau-de-cuisine'),
('asteromineur', 'couteau-de-lancer'),
('asteromineur', 'dague-choc'),
('asteromineur', 'detect-radiations'),
('asteromineur', 'dortoir-nuit'),
('asteromineur', 'drone-de-combat'),
('asteromineur', 'drone-espion'),
('asteromineur', 'drone-exploration'),
('asteromineur', 'drone-miniature'),
('asteromineur', 'drone-minier'),
('asteromineur', 'drone-surveillance'),
('asteromineur', 'drone-volant'),
('asteromineur', 'fast-street-food'),
('asteromineur', 'filtre-respiratoire'),
('asteromineur', 'fronde'),
('asteromineur', 'fusil-a-impulsion'),
('asteromineur', 'fusil-a-plasma'),
('asteromineur', 'fusil-a-pompe'),
('asteromineur', 'fusil-dassaut'),
('asteromineur', 'fusil-de-precision'),
('asteromineur', 'fusil-ionique'),
('asteromineur', 'fusil-laser'),
('asteromineur', 'fusil-laser-precis'),
('asteromineur', 'fusil-plasma-lourd'),
('asteromineur', 'gourdin'),
('asteromineur', 'grenade-flash'),
('asteromineur', 'grenade-frag'),
('asteromineur', 'grenade-fumigene'),
('asteromineur', 'grenade-plasma'),
('asteromineur', 'grenade-sonique'),
('asteromineur', 'javeline'),
('asteromineur', 'lame-laser'),
('asteromineur', 'lame-legere'),
('asteromineur', 'lame-moleculaire'),
('asteromineur', 'lance-grenade'),
('asteromineur', 'lance-plasmique'),
('asteromineur', 'logiciel-bd'),
('asteromineur', 'logiciel-de-pointe'),
('asteromineur', 'machette-hachette'),
('asteromineur', 'mains-nues'),
('asteromineur', 'maison-particuliere'),
('asteromineur', 'matraque-sonique'),
('asteromineur', 'medkit'),
('asteromineur', 'mitrailleuse-lourde'),
('asteromineur', 'ordinateur-personnel'),
('asteromineur', 'pistolet-a-impulsion'),
('asteromineur', 'pistolet-a-plasma'),
('asteromineur', 'pistolet-ionique'),
('asteromineur', 'pistolet-laser'),
('asteromineur', 'pistolet-leger'),
('asteromineur', 'pistolet-lourd'),
('asteromineur', 'poing-americain'),
('asteromineur', 'radio-portative'),
('asteromineur', 'restaurant-correct'),
('asteromineur', 'restaurant-familial'),
('asteromineur', 'restaurant-luxe'),
('asteromineur', 'robot-assassin'),
('asteromineur', 'robot-de-loisir'),
('asteromineur', 'robot-domestique'),
('asteromineur', 'robot-exploration'),
('asteromineur', 'robot-maintenance'),
('asteromineur', 'robot-medical'),
('asteromineur', 'robot-minier'),
('asteromineur', 'robot-protocolaire'),
('asteromineur', 'robot-soldat'),
('asteromineur', 'robot-surveillance'),
('asteromineur', 'stimpack'),
('asteromineur', 'suite-de-luxe'),
('asteromineur', 'traducteur-universel'),
('asteromineur', 'trousse-1er-secours'),
('asteromineur', 'trousse-a-outils'),
('asteromineur', 'unite-hab-mini'),
('asteromineur', 'unite-hab-moy'),
('asteromineur', 'unite-hab-sup'),
('asteromineur', 'vapo-autodefense'),
('asteromineur', 'veste-blindee'),
('asteromineur', 'vetements-a-la-mode'),
('asteromineur', 'vetements-courants'),
('asteromineur', 'vetements-de-luxe'),
('asteromineur', 'vetements-de-recup'),
('asteromineur', 'vetements-de-sport'),
('asteromineur', 'vetements-discrets'),
('asteromineur', 'vetements-renforces'),
('asteromineur', 'vetements-sur-mesure'),
('astrocommando', 'analyseur-de-minerai'),
('astrocommando', 'analyseur-eauair'),
('astrocommando', 'antirads'),
('astrocommando', 'arc'),
('astrocommando', 'arc-a-poulie'),
('astrocommando', 'armure-de-combat'),
('astrocommando', 'armure-legere'),
('astrocommando', 'autodoc'),
('astrocommando', 'autre'),
('astrocommando', 'baton-a-impulsion'),
('astrocommando', 'baton-ferre'),
('astrocommando', 'biocicatrisant'),
('astrocommando', 'bottes-magnetiques'),
('astrocommando', 'brise-code'),
('astrocommando', 'brise-code-qualite'),
('astrocommando', 'chambre-bus-nuit'),
('astrocommando', 'chambre-eco-nuit'),
('astrocommando', 'chambre-sup-nuit'),
('astrocommando', 'champ-laser'),
('astrocommando', 'champ-multifonction'),
('astrocommando', 'champ-plasma'),
('astrocommando', 'combi-extra'),
('astrocommando', 'combi-intra'),
('astrocommando', 'costume-complet'),
('astrocommando', 'couteau-de-cuisine'),
('astrocommando', 'couteau-de-lancer'),
('astrocommando', 'dague-choc'),
('astrocommando', 'detect-radiations'),
('astrocommando', 'dortoir-nuit'),
('astrocommando', 'drone-de-combat'),
('astrocommando', 'drone-espion'),
('astrocommando', 'drone-exploration'),
('astrocommando', 'drone-miniature'),
('astrocommando', 'drone-minier'),
('astrocommando', 'drone-surveillance'),
('astrocommando', 'drone-volant'),
('astrocommando', 'fast-street-food'),
('astrocommando', 'filtre-respiratoire'),
('astrocommando', 'fronde'),
('astrocommando', 'fusil-a-impulsion'),
('astrocommando', 'fusil-a-plasma'),
('astrocommando', 'fusil-a-pompe'),
('astrocommando', 'fusil-dassaut'),
('astrocommando', 'fusil-de-precision'),
('astrocommando', 'fusil-ionique'),
('astrocommando', 'fusil-laser'),
('astrocommando', 'fusil-laser-precis'),
('astrocommando', 'fusil-plasma-lourd'),
('astrocommando', 'gourdin'),
('astrocommando', 'grenade-flash'),
('astrocommando', 'grenade-frag'),
('astrocommando', 'grenade-fumigene'),
('astrocommando', 'grenade-plasma'),
('astrocommando', 'grenade-sonique'),
('astrocommando', 'javeline'),
('astrocommando', 'lame-laser'),
('astrocommando', 'lame-legere'),
('astrocommando', 'lame-moleculaire'),
('astrocommando', 'lance-grenade'),
('astrocommando', 'lance-plasmique'),
('astrocommando', 'logiciel-bd'),
('astrocommando', 'logiciel-de-pointe'),
('astrocommando', 'machette-hachette'),
('astrocommando', 'mains-nues'),
('astrocommando', 'maison-particuliere'),
('astrocommando', 'matraque-sonique'),
('astrocommando', 'medkit'),
('astrocommando', 'mitrailleuse-lourde'),
('astrocommando', 'ordinateur-personnel'),
('astrocommando', 'pistolet-a-impulsion'),
('astrocommando', 'pistolet-a-plasma'),
('astrocommando', 'pistolet-ionique'),
('astrocommando', 'pistolet-laser'),
('astrocommando', 'pistolet-leger'),
('astrocommando', 'pistolet-lourd'),
('astrocommando', 'poing-americain'),
('astrocommando', 'radio-portative'),
('astrocommando', 'restaurant-correct'),
('astrocommando', 'restaurant-familial'),
('astrocommando', 'restaurant-luxe'),
('astrocommando', 'robot-assassin'),
('astrocommando', 'robot-de-loisir'),
('astrocommando', 'robot-domestique'),
('astrocommando', 'robot-exploration'),
('astrocommando', 'robot-maintenance'),
('astrocommando', 'robot-medical'),
('astrocommando', 'robot-minier'),
('astrocommando', 'robot-protocolaire'),
('astrocommando', 'robot-soldat'),
('astrocommando', 'robot-surveillance'),
('astrocommando', 'stimpack'),
('astrocommando', 'suite-de-luxe'),
('astrocommando', 'traducteur-universel'),
('astrocommando', 'trousse-1er-secours'),
('astrocommando', 'trousse-a-outils'),
('astrocommando', 'unite-hab-mini'),
('astrocommando', 'unite-hab-moy'),
('astrocommando', 'unite-hab-sup'),
('astrocommando', 'vapo-autodefense'),
('astrocommando', 'veste-blindee'),
('astrocommando', 'vetements-a-la-mode'),
('astrocommando', 'vetements-courants'),
('astrocommando', 'vetements-de-luxe'),
('astrocommando', 'vetements-de-recup'),
('astrocommando', 'vetements-de-sport'),
('astrocommando', 'vetements-discrets'),
('astrocommando', 'vetements-renforces'),
('astrocommando', 'vetements-sur-mesure'),
('astroingenieur', 'analyseur-de-minerai'),
('astroingenieur', 'analyseur-eauair'),
('astroingenieur', 'antirads'),
('astroingenieur', 'arc'),
('astroingenieur', 'arc-a-poulie'),
('astroingenieur', 'armure-de-combat'),
('astroingenieur', 'armure-legere'),
('astroingenieur', 'autodoc'),
('astroingenieur', 'autre'),
('astroingenieur', 'baton-a-impulsion'),
('astroingenieur', 'baton-ferre'),
('astroingenieur', 'biocicatrisant'),
('astroingenieur', 'bottes-magnetiques'),
('astroingenieur', 'brise-code'),
('astroingenieur', 'brise-code-qualite'),
('astroingenieur', 'chambre-bus-nuit'),
('astroingenieur', 'chambre-eco-nuit'),
('astroingenieur', 'chambre-sup-nuit'),
('astroingenieur', 'champ-laser'),
('astroingenieur', 'champ-multifonction'),
('astroingenieur', 'champ-plasma'),
('astroingenieur', 'combi-extra'),
('astroingenieur', 'combi-intra'),
('astroingenieur', 'costume-complet'),
('astroingenieur', 'couteau-de-cuisine'),
('astroingenieur', 'couteau-de-lancer'),
('astroingenieur', 'dague-choc'),
('astroingenieur', 'detect-radiations'),
('astroingenieur', 'dortoir-nuit'),
('astroingenieur', 'drone-de-combat'),
('astroingenieur', 'drone-espion'),
('astroingenieur', 'drone-exploration'),
('astroingenieur', 'drone-miniature'),
('astroingenieur', 'drone-minier'),
('astroingenieur', 'drone-surveillance'),
('astroingenieur', 'drone-volant'),
('astroingenieur', 'fast-street-food'),
('astroingenieur', 'filtre-respiratoire'),
('astroingenieur', 'fronde'),
('astroingenieur', 'fusil-a-impulsion'),
('astroingenieur', 'fusil-a-plasma'),
('astroingenieur', 'fusil-a-pompe'),
('astroingenieur', 'fusil-dassaut'),
('astroingenieur', 'fusil-de-precision'),
('astroingenieur', 'fusil-ionique'),
('astroingenieur', 'fusil-laser'),
('astroingenieur', 'fusil-laser-precis'),
('astroingenieur', 'fusil-plasma-lourd'),
('astroingenieur', 'gourdin'),
('astroingenieur', 'grenade-flash'),
('astroingenieur', 'grenade-frag'),
('astroingenieur', 'grenade-fumigene'),
('astroingenieur', 'grenade-plasma'),
('astroingenieur', 'grenade-sonique'),
('astroingenieur', 'javeline'),
('astroingenieur', 'lame-laser'),
('astroingenieur', 'lame-legere'),
('astroingenieur', 'lame-moleculaire'),
('astroingenieur', 'lance-grenade'),
('astroingenieur', 'lance-plasmique'),
('astroingenieur', 'logiciel-bd'),
('astroingenieur', 'logiciel-de-pointe'),
('astroingenieur', 'machette-hachette'),
('astroingenieur', 'mains-nues'),
('astroingenieur', 'maison-particuliere'),
('astroingenieur', 'matraque-sonique'),
('astroingenieur', 'medkit'),
('astroingenieur', 'mitrailleuse-lourde'),
('astroingenieur', 'ordinateur-personnel'),
('astroingenieur', 'pistolet-a-impulsion'),
('astroingenieur', 'pistolet-a-plasma'),
('astroingenieur', 'pistolet-ionique'),
('astroingenieur', 'pistolet-laser'),
('astroingenieur', 'pistolet-leger'),
('astroingenieur', 'pistolet-lourd'),
('astroingenieur', 'poing-americain'),
('astroingenieur', 'radio-portative'),
('astroingenieur', 'restaurant-correct'),
('astroingenieur', 'restaurant-familial'),
('astroingenieur', 'restaurant-luxe'),
('astroingenieur', 'robot-assassin'),
('astroingenieur', 'robot-de-loisir'),
('astroingenieur', 'robot-domestique'),
('astroingenieur', 'robot-exploration'),
('astroingenieur', 'robot-maintenance'),
('astroingenieur', 'robot-medical'),
('astroingenieur', 'robot-minier'),
('astroingenieur', 'robot-protocolaire'),
('astroingenieur', 'robot-soldat'),
('astroingenieur', 'robot-surveillance'),
('astroingenieur', 'stimpack'),
('astroingenieur', 'suite-de-luxe'),
('astroingenieur', 'traducteur-universel'),
('astroingenieur', 'trousse-1er-secours'),
('astroingenieur', 'trousse-a-outils'),
('astroingenieur', 'unite-hab-mini'),
('astroingenieur', 'unite-hab-moy'),
('astroingenieur', 'unite-hab-sup'),
('astroingenieur', 'vapo-autodefense'),
('astroingenieur', 'veste-blindee'),
('astroingenieur', 'vetements-a-la-mode'),
('astroingenieur', 'vetements-courants'),
('astroingenieur', 'vetements-de-luxe'),
('astroingenieur', 'vetements-de-recup'),
('astroingenieur', 'vetements-de-sport'),
('astroingenieur', 'vetements-discrets'),
('astroingenieur', 'vetements-renforces'),
('astroingenieur', 'vetements-sur-mesure'),
('astronavigateur', 'analyseur-de-minerai'),
('astronavigateur', 'analyseur-eauair'),
('astronavigateur', 'antirads'),
('astronavigateur', 'arc'),
('astronavigateur', 'arc-a-poulie'),
('astronavigateur', 'armure-de-combat'),
('astronavigateur', 'armure-legere'),
('astronavigateur', 'autodoc'),
('astronavigateur', 'autre'),
('astronavigateur', 'baton-a-impulsion'),
('astronavigateur', 'baton-ferre'),
('astronavigateur', 'biocicatrisant'),
('astronavigateur', 'bottes-magnetiques'),
('astronavigateur', 'brise-code'),
('astronavigateur', 'brise-code-qualite'),
('astronavigateur', 'chambre-bus-nuit'),
('astronavigateur', 'chambre-eco-nuit'),
('astronavigateur', 'chambre-sup-nuit'),
('astronavigateur', 'champ-laser'),
('astronavigateur', 'champ-multifonction'),
('astronavigateur', 'champ-plasma'),
('astronavigateur', 'combi-extra'),
('astronavigateur', 'combi-intra'),
('astronavigateur', 'costume-complet'),
('astronavigateur', 'couteau-de-cuisine'),
('astronavigateur', 'couteau-de-lancer'),
('astronavigateur', 'dague-choc'),
('astronavigateur', 'detect-radiations'),
('astronavigateur', 'dortoir-nuit'),
('astronavigateur', 'drone-de-combat'),
('astronavigateur', 'drone-espion'),
('astronavigateur', 'drone-exploration'),
('astronavigateur', 'drone-miniature'),
('astronavigateur', 'drone-minier'),
('astronavigateur', 'drone-surveillance'),
('astronavigateur', 'drone-volant'),
('astronavigateur', 'fast-street-food'),
('astronavigateur', 'filtre-respiratoire'),
('astronavigateur', 'fronde'),
('astronavigateur', 'fusil-a-impulsion'),
('astronavigateur', 'fusil-a-plasma'),
('astronavigateur', 'fusil-a-pompe'),
('astronavigateur', 'fusil-dassaut'),
('astronavigateur', 'fusil-de-precision'),
('astronavigateur', 'fusil-ionique'),
('astronavigateur', 'fusil-laser'),
('astronavigateur', 'fusil-laser-precis'),
('astronavigateur', 'fusil-plasma-lourd'),
('astronavigateur', 'gourdin'),
('astronavigateur', 'grenade-flash'),
('astronavigateur', 'grenade-frag'),
('astronavigateur', 'grenade-fumigene'),
('astronavigateur', 'grenade-plasma'),
('astronavigateur', 'grenade-sonique'),
('astronavigateur', 'javeline'),
('astronavigateur', 'lame-laser'),
('astronavigateur', 'lame-legere'),
('astronavigateur', 'lame-moleculaire'),
('astronavigateur', 'lance-grenade'),
('astronavigateur', 'lance-plasmique'),
('astronavigateur', 'logiciel-bd'),
('astronavigateur', 'logiciel-de-pointe'),
('astronavigateur', 'machette-hachette'),
('astronavigateur', 'mains-nues'),
('astronavigateur', 'maison-particuliere'),
('astronavigateur', 'matraque-sonique'),
('astronavigateur', 'medkit'),
('astronavigateur', 'mitrailleuse-lourde'),
('astronavigateur', 'ordinateur-personnel'),
('astronavigateur', 'pistolet-a-impulsion'),
('astronavigateur', 'pistolet-a-plasma'),
('astronavigateur', 'pistolet-ionique'),
('astronavigateur', 'pistolet-laser'),
('astronavigateur', 'pistolet-leger'),
('astronavigateur', 'pistolet-lourd'),
('astronavigateur', 'poing-americain'),
('astronavigateur', 'radio-portative'),
('astronavigateur', 'restaurant-correct'),
('astronavigateur', 'restaurant-familial'),
('astronavigateur', 'restaurant-luxe'),
('astronavigateur', 'robot-assassin'),
('astronavigateur', 'robot-de-loisir'),
('astronavigateur', 'robot-domestique'),
('astronavigateur', 'robot-exploration'),
('astronavigateur', 'robot-maintenance'),
('astronavigateur', 'robot-medical'),
('astronavigateur', 'robot-minier'),
('astronavigateur', 'robot-protocolaire'),
('astronavigateur', 'robot-soldat'),
('astronavigateur', 'robot-surveillance'),
('astronavigateur', 'stimpack'),
('astronavigateur', 'suite-de-luxe'),
('astronavigateur', 'traducteur-universel'),
('astronavigateur', 'trousse-1er-secours'),
('astronavigateur', 'trousse-a-outils'),
('astronavigateur', 'unite-hab-mini'),
('astronavigateur', 'unite-hab-moy'),
('astronavigateur', 'unite-hab-sup'),
('astronavigateur', 'vapo-autodefense'),
('astronavigateur', 'veste-blindee'),
('astronavigateur', 'vetements-a-la-mode'),
('astronavigateur', 'vetements-courants'),
('astronavigateur', 'vetements-de-luxe'),
('astronavigateur', 'vetements-de-recup'),
('astronavigateur', 'vetements-de-sport'),
('astronavigateur', 'vetements-discrets'),
('astronavigateur', 'vetements-renforces'),
('astronavigateur', 'vetements-sur-mesure'),
('biogeneticien', 'analyseur-de-minerai'),
('biogeneticien', 'analyseur-eauair'),
('biogeneticien', 'antirads'),
('biogeneticien', 'arc'),
('biogeneticien', 'arc-a-poulie'),
('biogeneticien', 'armure-de-combat'),
('biogeneticien', 'armure-legere'),
('biogeneticien', 'autodoc'),
('biogeneticien', 'autre'),
('biogeneticien', 'baton-a-impulsion'),
('biogeneticien', 'baton-ferre'),
('biogeneticien', 'biocicatrisant'),
('biogeneticien', 'bottes-magnetiques'),
('biogeneticien', 'brise-code'),
('biogeneticien', 'brise-code-qualite'),
('biogeneticien', 'chambre-bus-nuit'),
('biogeneticien', 'chambre-eco-nuit'),
('biogeneticien', 'chambre-sup-nuit'),
('biogeneticien', 'champ-laser'),
('biogeneticien', 'champ-multifonction'),
('biogeneticien', 'champ-plasma'),
('biogeneticien', 'combi-extra'),
('biogeneticien', 'combi-intra'),
('biogeneticien', 'costume-complet'),
('biogeneticien', 'couteau-de-cuisine'),
('biogeneticien', 'couteau-de-lancer'),
('biogeneticien', 'dague-choc'),
('biogeneticien', 'detect-radiations'),
('biogeneticien', 'dortoir-nuit'),
('biogeneticien', 'drone-de-combat'),
('biogeneticien', 'drone-espion'),
('biogeneticien', 'drone-exploration'),
('biogeneticien', 'drone-miniature'),
('biogeneticien', 'drone-minier'),
('biogeneticien', 'drone-surveillance'),
('biogeneticien', 'drone-volant'),
('biogeneticien', 'fast-street-food'),
('biogeneticien', 'filtre-respiratoire'),
('biogeneticien', 'fronde'),
('biogeneticien', 'fusil-a-impulsion'),
('biogeneticien', 'fusil-a-plasma'),
('biogeneticien', 'fusil-a-pompe'),
('biogeneticien', 'fusil-dassaut'),
('biogeneticien', 'fusil-de-precision'),
('biogeneticien', 'fusil-ionique'),
('biogeneticien', 'fusil-laser'),
('biogeneticien', 'fusil-laser-precis'),
('biogeneticien', 'fusil-plasma-lourd'),
('biogeneticien', 'gourdin'),
('biogeneticien', 'grenade-flash'),
('biogeneticien', 'grenade-frag'),
('biogeneticien', 'grenade-fumigene'),
('biogeneticien', 'grenade-plasma'),
('biogeneticien', 'grenade-sonique'),
('biogeneticien', 'javeline'),
('biogeneticien', 'lame-laser'),
('biogeneticien', 'lame-legere'),
('biogeneticien', 'lame-moleculaire'),
('biogeneticien', 'lance-grenade'),
('biogeneticien', 'lance-plasmique'),
('biogeneticien', 'logiciel-bd'),
('biogeneticien', 'logiciel-de-pointe'),
('biogeneticien', 'machette-hachette'),
('biogeneticien', 'mains-nues'),
('biogeneticien', 'maison-particuliere'),
('biogeneticien', 'matraque-sonique'),
('biogeneticien', 'medkit'),
('biogeneticien', 'mitrailleuse-lourde'),
('biogeneticien', 'ordinateur-personnel'),
('biogeneticien', 'pistolet-a-impulsion'),
('biogeneticien', 'pistolet-a-plasma'),
('biogeneticien', 'pistolet-ionique'),
('biogeneticien', 'pistolet-laser'),
('biogeneticien', 'pistolet-leger'),
('biogeneticien', 'pistolet-lourd'),
('biogeneticien', 'poing-americain'),
('biogeneticien', 'radio-portative'),
('biogeneticien', 'restaurant-correct'),
('biogeneticien', 'restaurant-familial'),
('biogeneticien', 'restaurant-luxe'),
('biogeneticien', 'robot-assassin'),
('biogeneticien', 'robot-de-loisir'),
('biogeneticien', 'robot-domestique'),
('biogeneticien', 'robot-exploration'),
('biogeneticien', 'robot-maintenance'),
('biogeneticien', 'robot-medical'),
('biogeneticien', 'robot-minier'),
('biogeneticien', 'robot-protocolaire'),
('biogeneticien', 'robot-soldat'),
('biogeneticien', 'robot-surveillance'),
('biogeneticien', 'stimpack'),
('biogeneticien', 'suite-de-luxe'),
('biogeneticien', 'traducteur-universel'),
('biogeneticien', 'trousse-1er-secours'),
('biogeneticien', 'trousse-a-outils'),
('biogeneticien', 'unite-hab-mini'),
('biogeneticien', 'unite-hab-moy'),
('biogeneticien', 'unite-hab-sup'),
('biogeneticien', 'vapo-autodefense'),
('biogeneticien', 'veste-blindee'),
('biogeneticien', 'vetements-a-la-mode'),
('biogeneticien', 'vetements-courants'),
('biogeneticien', 'vetements-de-luxe'),
('biogeneticien', 'vetements-de-recup'),
('biogeneticien', 'vetements-de-sport'),
('biogeneticien', 'vetements-discrets'),
('biogeneticien', 'vetements-renforces'),
('biogeneticien', 'vetements-sur-mesure'),
('bureaucrate', 'analyseur-de-minerai'),
('bureaucrate', 'analyseur-eauair'),
('bureaucrate', 'antirads'),
('bureaucrate', 'arc'),
('bureaucrate', 'arc-a-poulie'),
('bureaucrate', 'armure-de-combat'),
('bureaucrate', 'armure-legere'),
('bureaucrate', 'autodoc'),
('bureaucrate', 'autre'),
('bureaucrate', 'baton-a-impulsion'),
('bureaucrate', 'baton-ferre'),
('bureaucrate', 'biocicatrisant'),
('bureaucrate', 'bottes-magnetiques'),
('bureaucrate', 'brise-code'),
('bureaucrate', 'brise-code-qualite'),
('bureaucrate', 'chambre-bus-nuit'),
('bureaucrate', 'chambre-eco-nuit'),
('bureaucrate', 'chambre-sup-nuit'),
('bureaucrate', 'champ-laser'),
('bureaucrate', 'champ-multifonction'),
('bureaucrate', 'champ-plasma'),
('bureaucrate', 'combi-extra'),
('bureaucrate', 'combi-intra'),
('bureaucrate', 'costume-complet'),
('bureaucrate', 'couteau-de-cuisine'),
('bureaucrate', 'couteau-de-lancer'),
('bureaucrate', 'dague-choc'),
('bureaucrate', 'detect-radiations'),
('bureaucrate', 'dortoir-nuit'),
('bureaucrate', 'drone-de-combat'),
('bureaucrate', 'drone-espion'),
('bureaucrate', 'drone-exploration'),
('bureaucrate', 'drone-miniature'),
('bureaucrate', 'drone-minier'),
('bureaucrate', 'drone-surveillance'),
('bureaucrate', 'drone-volant'),
('bureaucrate', 'fast-street-food'),
('bureaucrate', 'filtre-respiratoire'),
('bureaucrate', 'fronde'),
('bureaucrate', 'fusil-a-impulsion'),
('bureaucrate', 'fusil-a-plasma'),
('bureaucrate', 'fusil-a-pompe'),
('bureaucrate', 'fusil-dassaut'),
('bureaucrate', 'fusil-de-precision'),
('bureaucrate', 'fusil-ionique'),
('bureaucrate', 'fusil-laser'),
('bureaucrate', 'fusil-laser-precis'),
('bureaucrate', 'fusil-plasma-lourd'),
('bureaucrate', 'gourdin'),
('bureaucrate', 'grenade-flash'),
('bureaucrate', 'grenade-frag'),
('bureaucrate', 'grenade-fumigene'),
('bureaucrate', 'grenade-plasma'),
('bureaucrate', 'grenade-sonique'),
('bureaucrate', 'javeline'),
('bureaucrate', 'lame-laser'),
('bureaucrate', 'lame-legere'),
('bureaucrate', 'lame-moleculaire'),
('bureaucrate', 'lance-grenade'),
('bureaucrate', 'lance-plasmique'),
('bureaucrate', 'logiciel-bd'),
('bureaucrate', 'logiciel-de-pointe'),
('bureaucrate', 'machette-hachette'),
('bureaucrate', 'mains-nues'),
('bureaucrate', 'maison-particuliere'),
('bureaucrate', 'matraque-sonique'),
('bureaucrate', 'medkit'),
('bureaucrate', 'mitrailleuse-lourde'),
('bureaucrate', 'ordinateur-personnel'),
('bureaucrate', 'pistolet-a-impulsion'),
('bureaucrate', 'pistolet-a-plasma'),
('bureaucrate', 'pistolet-ionique'),
('bureaucrate', 'pistolet-laser'),
('bureaucrate', 'pistolet-leger'),
('bureaucrate', 'pistolet-lourd'),
('bureaucrate', 'poing-americain'),
('bureaucrate', 'radio-portative'),
('bureaucrate', 'restaurant-correct'),
('bureaucrate', 'restaurant-familial'),
('bureaucrate', 'restaurant-luxe'),
('bureaucrate', 'robot-assassin'),
('bureaucrate', 'robot-de-loisir'),
('bureaucrate', 'robot-domestique'),
('bureaucrate', 'robot-exploration'),
('bureaucrate', 'robot-maintenance'),
('bureaucrate', 'robot-medical'),
('bureaucrate', 'robot-minier'),
('bureaucrate', 'robot-protocolaire'),
('bureaucrate', 'robot-soldat'),
('bureaucrate', 'robot-surveillance'),
('bureaucrate', 'stimpack'),
('bureaucrate', 'suite-de-luxe'),
('bureaucrate', 'traducteur-universel'),
('bureaucrate', 'trousse-1er-secours'),
('bureaucrate', 'trousse-a-outils'),
('bureaucrate', 'unite-hab-mini'),
('bureaucrate', 'unite-hab-moy'),
('bureaucrate', 'unite-hab-sup'),
('bureaucrate', 'vapo-autodefense'),
('bureaucrate', 'veste-blindee'),
('bureaucrate', 'vetements-a-la-mode'),
('bureaucrate', 'vetements-courants'),
('bureaucrate', 'vetements-de-luxe'),
('bureaucrate', 'vetements-de-recup'),
('bureaucrate', 'vetements-de-sport'),
('bureaucrate', 'vetements-discrets'),
('bureaucrate', 'vetements-renforces'),
('bureaucrate', 'vetements-sur-mesure'),
('chasseur-de-primes', 'analyseur-de-minerai'),
('chasseur-de-primes', 'analyseur-eauair'),
('chasseur-de-primes', 'antirads'),
('chasseur-de-primes', 'arc'),
('chasseur-de-primes', 'arc-a-poulie'),
('chasseur-de-primes', 'armure-de-combat'),
('chasseur-de-primes', 'armure-legere'),
('chasseur-de-primes', 'autodoc'),
('chasseur-de-primes', 'autre'),
('chasseur-de-primes', 'baton-a-impulsion'),
('chasseur-de-primes', 'baton-ferre'),
('chasseur-de-primes', 'biocicatrisant'),
('chasseur-de-primes', 'bottes-magnetiques'),
('chasseur-de-primes', 'brise-code'),
('chasseur-de-primes', 'brise-code-qualite'),
('chasseur-de-primes', 'chambre-bus-nuit'),
('chasseur-de-primes', 'chambre-eco-nuit'),
('chasseur-de-primes', 'chambre-sup-nuit'),
('chasseur-de-primes', 'champ-laser'),
('chasseur-de-primes', 'champ-multifonction'),
('chasseur-de-primes', 'champ-plasma'),
('chasseur-de-primes', 'combi-extra'),
('chasseur-de-primes', 'combi-intra'),
('chasseur-de-primes', 'costume-complet'),
('chasseur-de-primes', 'couteau-de-cuisine'),
('chasseur-de-primes', 'couteau-de-lancer'),
('chasseur-de-primes', 'dague-choc'),
('chasseur-de-primes', 'detect-radiations'),
('chasseur-de-primes', 'dortoir-nuit'),
('chasseur-de-primes', 'drone-de-combat'),
('chasseur-de-primes', 'drone-espion'),
('chasseur-de-primes', 'drone-exploration'),
('chasseur-de-primes', 'drone-miniature'),
('chasseur-de-primes', 'drone-minier'),
('chasseur-de-primes', 'drone-surveillance'),
('chasseur-de-primes', 'drone-volant'),
('chasseur-de-primes', 'fast-street-food'),
('chasseur-de-primes', 'filtre-respiratoire'),
('chasseur-de-primes', 'fronde'),
('chasseur-de-primes', 'fusil-a-impulsion'),
('chasseur-de-primes', 'fusil-a-plasma'),
('chasseur-de-primes', 'fusil-a-pompe'),
('chasseur-de-primes', 'fusil-dassaut'),
('chasseur-de-primes', 'fusil-de-precision'),
('chasseur-de-primes', 'fusil-ionique'),
('chasseur-de-primes', 'fusil-laser'),
('chasseur-de-primes', 'fusil-laser-precis'),
('chasseur-de-primes', 'fusil-plasma-lourd'),
('chasseur-de-primes', 'gourdin'),
('chasseur-de-primes', 'grenade-flash'),
('chasseur-de-primes', 'grenade-frag'),
('chasseur-de-primes', 'grenade-fumigene'),
('chasseur-de-primes', 'grenade-plasma'),
('chasseur-de-primes', 'grenade-sonique'),
('chasseur-de-primes', 'javeline'),
('chasseur-de-primes', 'lame-laser'),
('chasseur-de-primes', 'lame-legere'),
('chasseur-de-primes', 'lame-moleculaire'),
('chasseur-de-primes', 'lance-grenade'),
('chasseur-de-primes', 'lance-plasmique'),
('chasseur-de-primes', 'logiciel-bd'),
('chasseur-de-primes', 'logiciel-de-pointe'),
('chasseur-de-primes', 'machette-hachette'),
('chasseur-de-primes', 'mains-nues'),
('chasseur-de-primes', 'maison-particuliere'),
('chasseur-de-primes', 'matraque-sonique'),
('chasseur-de-primes', 'medkit'),
('chasseur-de-primes', 'mitrailleuse-lourde'),
('chasseur-de-primes', 'ordinateur-personnel'),
('chasseur-de-primes', 'pistolet-a-impulsion'),
('chasseur-de-primes', 'pistolet-a-plasma'),
('chasseur-de-primes', 'pistolet-ionique'),
('chasseur-de-primes', 'pistolet-laser'),
('chasseur-de-primes', 'pistolet-leger'),
('chasseur-de-primes', 'pistolet-lourd'),
('chasseur-de-primes', 'poing-americain'),
('chasseur-de-primes', 'radio-portative'),
('chasseur-de-primes', 'restaurant-correct'),
('chasseur-de-primes', 'restaurant-familial'),
('chasseur-de-primes', 'restaurant-luxe'),
('chasseur-de-primes', 'robot-assassin'),
('chasseur-de-primes', 'robot-de-loisir'),
('chasseur-de-primes', 'robot-domestique'),
('chasseur-de-primes', 'robot-exploration'),
('chasseur-de-primes', 'robot-maintenance'),
('chasseur-de-primes', 'robot-medical'),
('chasseur-de-primes', 'robot-minier'),
('chasseur-de-primes', 'robot-protocolaire'),
('chasseur-de-primes', 'robot-soldat'),
('chasseur-de-primes', 'robot-surveillance'),
('chasseur-de-primes', 'stimpack'),
('chasseur-de-primes', 'suite-de-luxe'),
('chasseur-de-primes', 'traducteur-universel'),
('chasseur-de-primes', 'trousse-1er-secours'),
('chasseur-de-primes', 'trousse-a-outils'),
('chasseur-de-primes', 'unite-hab-mini');
INSERT INTO `cog_profils_maitrises` (`profil`, `equipement`) VALUES
('chasseur-de-primes', 'unite-hab-moy'),
('chasseur-de-primes', 'unite-hab-sup'),
('chasseur-de-primes', 'vapo-autodefense'),
('chasseur-de-primes', 'veste-blindee'),
('chasseur-de-primes', 'vetements-a-la-mode'),
('chasseur-de-primes', 'vetements-courants'),
('chasseur-de-primes', 'vetements-de-luxe'),
('chasseur-de-primes', 'vetements-de-recup'),
('chasseur-de-primes', 'vetements-de-sport'),
('chasseur-de-primes', 'vetements-discrets'),
('chasseur-de-primes', 'vetements-renforces'),
('chasseur-de-primes', 'vetements-sur-mesure'),
('colon', 'analyseur-de-minerai'),
('colon', 'analyseur-eauair'),
('colon', 'antirads'),
('colon', 'arc'),
('colon', 'arc-a-poulie'),
('colon', 'armure-de-combat'),
('colon', 'armure-legere'),
('colon', 'autodoc'),
('colon', 'autre'),
('colon', 'baton-a-impulsion'),
('colon', 'baton-ferre'),
('colon', 'biocicatrisant'),
('colon', 'bottes-magnetiques'),
('colon', 'brise-code'),
('colon', 'brise-code-qualite'),
('colon', 'chambre-bus-nuit'),
('colon', 'chambre-eco-nuit'),
('colon', 'chambre-sup-nuit'),
('colon', 'champ-laser'),
('colon', 'champ-multifonction'),
('colon', 'champ-plasma'),
('colon', 'combi-extra'),
('colon', 'combi-intra'),
('colon', 'costume-complet'),
('colon', 'couteau-de-cuisine'),
('colon', 'couteau-de-lancer'),
('colon', 'dague-choc'),
('colon', 'detect-radiations'),
('colon', 'dortoir-nuit'),
('colon', 'drone-de-combat'),
('colon', 'drone-espion'),
('colon', 'drone-exploration'),
('colon', 'drone-miniature'),
('colon', 'drone-minier'),
('colon', 'drone-surveillance'),
('colon', 'drone-volant'),
('colon', 'fast-street-food'),
('colon', 'filtre-respiratoire'),
('colon', 'fronde'),
('colon', 'fusil-a-impulsion'),
('colon', 'fusil-a-plasma'),
('colon', 'fusil-a-pompe'),
('colon', 'fusil-dassaut'),
('colon', 'fusil-de-precision'),
('colon', 'fusil-ionique'),
('colon', 'fusil-laser'),
('colon', 'fusil-laser-precis'),
('colon', 'fusil-plasma-lourd'),
('colon', 'gourdin'),
('colon', 'grenade-flash'),
('colon', 'grenade-frag'),
('colon', 'grenade-fumigene'),
('colon', 'grenade-plasma'),
('colon', 'grenade-sonique'),
('colon', 'javeline'),
('colon', 'lame-laser'),
('colon', 'lame-legere'),
('colon', 'lame-moleculaire'),
('colon', 'lance-grenade'),
('colon', 'lance-plasmique'),
('colon', 'logiciel-bd'),
('colon', 'logiciel-de-pointe'),
('colon', 'machette-hachette'),
('colon', 'mains-nues'),
('colon', 'maison-particuliere'),
('colon', 'matraque-sonique'),
('colon', 'medkit'),
('colon', 'mitrailleuse-lourde'),
('colon', 'ordinateur-personnel'),
('colon', 'pistolet-a-impulsion'),
('colon', 'pistolet-a-plasma'),
('colon', 'pistolet-ionique'),
('colon', 'pistolet-laser'),
('colon', 'pistolet-leger'),
('colon', 'pistolet-lourd'),
('colon', 'poing-americain'),
('colon', 'radio-portative'),
('colon', 'restaurant-correct'),
('colon', 'restaurant-familial'),
('colon', 'restaurant-luxe'),
('colon', 'robot-assassin'),
('colon', 'robot-de-loisir'),
('colon', 'robot-domestique'),
('colon', 'robot-exploration'),
('colon', 'robot-maintenance'),
('colon', 'robot-medical'),
('colon', 'robot-minier'),
('colon', 'robot-protocolaire'),
('colon', 'robot-soldat'),
('colon', 'robot-surveillance'),
('colon', 'stimpack'),
('colon', 'suite-de-luxe'),
('colon', 'traducteur-universel'),
('colon', 'trousse-1er-secours'),
('colon', 'trousse-a-outils'),
('colon', 'unite-hab-mini'),
('colon', 'unite-hab-moy'),
('colon', 'unite-hab-sup'),
('colon', 'vapo-autodefense'),
('colon', 'veste-blindee'),
('colon', 'vetements-a-la-mode'),
('colon', 'vetements-courants'),
('colon', 'vetements-de-luxe'),
('colon', 'vetements-de-recup'),
('colon', 'vetements-de-sport'),
('colon', 'vetements-discrets'),
('colon', 'vetements-renforces'),
('colon', 'vetements-sur-mesure'),
('commercant', 'analyseur-de-minerai'),
('commercant', 'analyseur-eauair'),
('commercant', 'antirads'),
('commercant', 'arc'),
('commercant', 'arc-a-poulie'),
('commercant', 'armure-de-combat'),
('commercant', 'armure-legere'),
('commercant', 'autodoc'),
('commercant', 'autre'),
('commercant', 'baton-a-impulsion'),
('commercant', 'baton-ferre'),
('commercant', 'biocicatrisant'),
('commercant', 'bottes-magnetiques'),
('commercant', 'brise-code'),
('commercant', 'brise-code-qualite'),
('commercant', 'chambre-bus-nuit'),
('commercant', 'chambre-eco-nuit'),
('commercant', 'chambre-sup-nuit'),
('commercant', 'champ-laser'),
('commercant', 'champ-multifonction'),
('commercant', 'champ-plasma'),
('commercant', 'combi-extra'),
('commercant', 'combi-intra'),
('commercant', 'costume-complet'),
('commercant', 'couteau-de-cuisine'),
('commercant', 'couteau-de-lancer'),
('commercant', 'dague-choc'),
('commercant', 'detect-radiations'),
('commercant', 'dortoir-nuit'),
('commercant', 'drone-de-combat'),
('commercant', 'drone-espion'),
('commercant', 'drone-exploration'),
('commercant', 'drone-miniature'),
('commercant', 'drone-minier'),
('commercant', 'drone-surveillance'),
('commercant', 'drone-volant'),
('commercant', 'fast-street-food'),
('commercant', 'filtre-respiratoire'),
('commercant', 'fronde'),
('commercant', 'fusil-a-impulsion'),
('commercant', 'fusil-a-plasma'),
('commercant', 'fusil-a-pompe'),
('commercant', 'fusil-dassaut'),
('commercant', 'fusil-de-precision'),
('commercant', 'fusil-ionique'),
('commercant', 'fusil-laser'),
('commercant', 'fusil-laser-precis'),
('commercant', 'fusil-plasma-lourd'),
('commercant', 'gourdin'),
('commercant', 'grenade-flash'),
('commercant', 'grenade-frag'),
('commercant', 'grenade-fumigene'),
('commercant', 'grenade-plasma'),
('commercant', 'grenade-sonique'),
('commercant', 'javeline'),
('commercant', 'lame-laser'),
('commercant', 'lame-legere'),
('commercant', 'lame-moleculaire'),
('commercant', 'lance-grenade'),
('commercant', 'lance-plasmique'),
('commercant', 'logiciel-bd'),
('commercant', 'logiciel-de-pointe'),
('commercant', 'machette-hachette'),
('commercant', 'mains-nues'),
('commercant', 'maison-particuliere'),
('commercant', 'matraque-sonique'),
('commercant', 'medkit'),
('commercant', 'mitrailleuse-lourde'),
('commercant', 'ordinateur-personnel'),
('commercant', 'pistolet-a-impulsion'),
('commercant', 'pistolet-a-plasma'),
('commercant', 'pistolet-ionique'),
('commercant', 'pistolet-laser'),
('commercant', 'pistolet-leger'),
('commercant', 'pistolet-lourd'),
('commercant', 'poing-americain'),
('commercant', 'radio-portative'),
('commercant', 'restaurant-correct'),
('commercant', 'restaurant-familial'),
('commercant', 'restaurant-luxe'),
('commercant', 'robot-assassin'),
('commercant', 'robot-de-loisir'),
('commercant', 'robot-domestique'),
('commercant', 'robot-exploration'),
('commercant', 'robot-maintenance'),
('commercant', 'robot-medical'),
('commercant', 'robot-minier'),
('commercant', 'robot-protocolaire'),
('commercant', 'robot-soldat'),
('commercant', 'robot-surveillance'),
('commercant', 'stimpack'),
('commercant', 'suite-de-luxe'),
('commercant', 'traducteur-universel'),
('commercant', 'trousse-1er-secours'),
('commercant', 'trousse-a-outils'),
('commercant', 'unite-hab-mini'),
('commercant', 'unite-hab-moy'),
('commercant', 'unite-hab-sup'),
('commercant', 'vapo-autodefense'),
('commercant', 'veste-blindee'),
('commercant', 'vetements-a-la-mode'),
('commercant', 'vetements-courants'),
('commercant', 'vetements-de-luxe'),
('commercant', 'vetements-de-recup'),
('commercant', 'vetements-de-sport'),
('commercant', 'vetements-discrets'),
('commercant', 'vetements-renforces'),
('commercant', 'vetements-sur-mesure'),
('contrebandier', 'analyseur-de-minerai'),
('contrebandier', 'analyseur-eauair'),
('contrebandier', 'antirads'),
('contrebandier', 'arc'),
('contrebandier', 'arc-a-poulie'),
('contrebandier', 'armure-de-combat'),
('contrebandier', 'armure-legere'),
('contrebandier', 'autodoc'),
('contrebandier', 'autre'),
('contrebandier', 'baton-a-impulsion'),
('contrebandier', 'baton-ferre'),
('contrebandier', 'biocicatrisant'),
('contrebandier', 'bottes-magnetiques'),
('contrebandier', 'brise-code'),
('contrebandier', 'brise-code-qualite'),
('contrebandier', 'chambre-bus-nuit'),
('contrebandier', 'chambre-eco-nuit'),
('contrebandier', 'chambre-sup-nuit'),
('contrebandier', 'champ-laser'),
('contrebandier', 'champ-multifonction'),
('contrebandier', 'champ-plasma'),
('contrebandier', 'combi-extra'),
('contrebandier', 'combi-intra'),
('contrebandier', 'costume-complet'),
('contrebandier', 'couteau-de-cuisine'),
('contrebandier', 'couteau-de-lancer'),
('contrebandier', 'dague-choc'),
('contrebandier', 'detect-radiations'),
('contrebandier', 'dortoir-nuit'),
('contrebandier', 'drone-de-combat'),
('contrebandier', 'drone-espion'),
('contrebandier', 'drone-exploration'),
('contrebandier', 'drone-miniature'),
('contrebandier', 'drone-minier'),
('contrebandier', 'drone-surveillance'),
('contrebandier', 'drone-volant'),
('contrebandier', 'fast-street-food'),
('contrebandier', 'filtre-respiratoire'),
('contrebandier', 'fronde'),
('contrebandier', 'fusil-a-impulsion'),
('contrebandier', 'fusil-a-plasma'),
('contrebandier', 'fusil-a-pompe'),
('contrebandier', 'fusil-dassaut'),
('contrebandier', 'fusil-de-precision'),
('contrebandier', 'fusil-ionique'),
('contrebandier', 'fusil-laser'),
('contrebandier', 'fusil-laser-precis'),
('contrebandier', 'fusil-plasma-lourd'),
('contrebandier', 'gourdin'),
('contrebandier', 'grenade-flash'),
('contrebandier', 'grenade-frag'),
('contrebandier', 'grenade-fumigene'),
('contrebandier', 'grenade-plasma'),
('contrebandier', 'grenade-sonique'),
('contrebandier', 'javeline'),
('contrebandier', 'lame-laser'),
('contrebandier', 'lame-legere'),
('contrebandier', 'lame-moleculaire'),
('contrebandier', 'lance-grenade'),
('contrebandier', 'lance-plasmique'),
('contrebandier', 'logiciel-bd'),
('contrebandier', 'logiciel-de-pointe'),
('contrebandier', 'machette-hachette'),
('contrebandier', 'mains-nues'),
('contrebandier', 'maison-particuliere'),
('contrebandier', 'matraque-sonique'),
('contrebandier', 'medkit'),
('contrebandier', 'mitrailleuse-lourde'),
('contrebandier', 'ordinateur-personnel'),
('contrebandier', 'pistolet-a-impulsion'),
('contrebandier', 'pistolet-a-plasma'),
('contrebandier', 'pistolet-ionique'),
('contrebandier', 'pistolet-laser'),
('contrebandier', 'pistolet-leger'),
('contrebandier', 'pistolet-lourd'),
('contrebandier', 'poing-americain'),
('contrebandier', 'radio-portative'),
('contrebandier', 'restaurant-correct'),
('contrebandier', 'restaurant-familial'),
('contrebandier', 'restaurant-luxe'),
('contrebandier', 'robot-assassin'),
('contrebandier', 'robot-de-loisir'),
('contrebandier', 'robot-domestique'),
('contrebandier', 'robot-exploration'),
('contrebandier', 'robot-maintenance'),
('contrebandier', 'robot-medical'),
('contrebandier', 'robot-minier'),
('contrebandier', 'robot-protocolaire'),
('contrebandier', 'robot-soldat'),
('contrebandier', 'robot-surveillance'),
('contrebandier', 'stimpack'),
('contrebandier', 'suite-de-luxe'),
('contrebandier', 'traducteur-universel'),
('contrebandier', 'trousse-1er-secours'),
('contrebandier', 'trousse-a-outils'),
('contrebandier', 'unite-hab-mini'),
('contrebandier', 'unite-hab-moy'),
('contrebandier', 'unite-hab-sup'),
('contrebandier', 'vapo-autodefense'),
('contrebandier', 'veste-blindee'),
('contrebandier', 'vetements-a-la-mode'),
('contrebandier', 'vetements-courants'),
('contrebandier', 'vetements-de-luxe'),
('contrebandier', 'vetements-de-recup'),
('contrebandier', 'vetements-de-sport'),
('contrebandier', 'vetements-discrets'),
('contrebandier', 'vetements-renforces'),
('contrebandier', 'vetements-sur-mesure'),
('diplomate', 'analyseur-de-minerai'),
('diplomate', 'analyseur-eauair'),
('diplomate', 'antirads'),
('diplomate', 'arc'),
('diplomate', 'arc-a-poulie'),
('diplomate', 'armure-de-combat'),
('diplomate', 'armure-legere'),
('diplomate', 'autodoc'),
('diplomate', 'autre'),
('diplomate', 'baton-a-impulsion'),
('diplomate', 'baton-ferre'),
('diplomate', 'biocicatrisant'),
('diplomate', 'bottes-magnetiques'),
('diplomate', 'brise-code'),
('diplomate', 'brise-code-qualite'),
('diplomate', 'chambre-bus-nuit'),
('diplomate', 'chambre-eco-nuit'),
('diplomate', 'chambre-sup-nuit'),
('diplomate', 'champ-laser'),
('diplomate', 'champ-multifonction'),
('diplomate', 'champ-plasma'),
('diplomate', 'combi-extra'),
('diplomate', 'combi-intra'),
('diplomate', 'costume-complet'),
('diplomate', 'couteau-de-cuisine'),
('diplomate', 'couteau-de-lancer'),
('diplomate', 'dague-choc'),
('diplomate', 'detect-radiations'),
('diplomate', 'dortoir-nuit'),
('diplomate', 'drone-de-combat'),
('diplomate', 'drone-espion'),
('diplomate', 'drone-exploration'),
('diplomate', 'drone-miniature'),
('diplomate', 'drone-minier'),
('diplomate', 'drone-surveillance'),
('diplomate', 'drone-volant'),
('diplomate', 'fast-street-food'),
('diplomate', 'filtre-respiratoire'),
('diplomate', 'fronde'),
('diplomate', 'fusil-a-impulsion'),
('diplomate', 'fusil-a-plasma'),
('diplomate', 'fusil-a-pompe'),
('diplomate', 'fusil-dassaut'),
('diplomate', 'fusil-de-precision'),
('diplomate', 'fusil-ionique'),
('diplomate', 'fusil-laser'),
('diplomate', 'fusil-laser-precis'),
('diplomate', 'fusil-plasma-lourd'),
('diplomate', 'gourdin'),
('diplomate', 'grenade-flash'),
('diplomate', 'grenade-frag'),
('diplomate', 'grenade-fumigene'),
('diplomate', 'grenade-plasma'),
('diplomate', 'grenade-sonique'),
('diplomate', 'javeline'),
('diplomate', 'lame-laser'),
('diplomate', 'lame-legere'),
('diplomate', 'lame-moleculaire'),
('diplomate', 'lance-grenade'),
('diplomate', 'lance-plasmique'),
('diplomate', 'logiciel-bd'),
('diplomate', 'logiciel-de-pointe'),
('diplomate', 'machette-hachette'),
('diplomate', 'mains-nues'),
('diplomate', 'maison-particuliere'),
('diplomate', 'matraque-sonique'),
('diplomate', 'medkit'),
('diplomate', 'mitrailleuse-lourde'),
('diplomate', 'ordinateur-personnel'),
('diplomate', 'pistolet-a-impulsion'),
('diplomate', 'pistolet-a-plasma'),
('diplomate', 'pistolet-ionique'),
('diplomate', 'pistolet-laser'),
('diplomate', 'pistolet-leger'),
('diplomate', 'pistolet-lourd'),
('diplomate', 'poing-americain'),
('diplomate', 'radio-portative'),
('diplomate', 'restaurant-correct'),
('diplomate', 'restaurant-familial'),
('diplomate', 'restaurant-luxe'),
('diplomate', 'robot-assassin'),
('diplomate', 'robot-de-loisir'),
('diplomate', 'robot-domestique'),
('diplomate', 'robot-exploration'),
('diplomate', 'robot-maintenance'),
('diplomate', 'robot-medical'),
('diplomate', 'robot-minier'),
('diplomate', 'robot-protocolaire'),
('diplomate', 'robot-soldat'),
('diplomate', 'robot-surveillance'),
('diplomate', 'stimpack'),
('diplomate', 'suite-de-luxe'),
('diplomate', 'traducteur-universel'),
('diplomate', 'trousse-1er-secours'),
('diplomate', 'trousse-a-outils'),
('diplomate', 'unite-hab-mini'),
('diplomate', 'unite-hab-moy'),
('diplomate', 'unite-hab-sup'),
('diplomate', 'vapo-autodefense'),
('diplomate', 'veste-blindee'),
('diplomate', 'vetements-a-la-mode'),
('diplomate', 'vetements-courants'),
('diplomate', 'vetements-de-luxe'),
('diplomate', 'vetements-de-recup'),
('diplomate', 'vetements-de-sport'),
('diplomate', 'vetements-discrets'),
('diplomate', 'vetements-renforces'),
('diplomate', 'vetements-sur-mesure'),
('erudit', 'analyseur-de-minerai'),
('erudit', 'analyseur-eauair'),
('erudit', 'antirads'),
('erudit', 'arc'),
('erudit', 'arc-a-poulie'),
('erudit', 'armure-de-combat'),
('erudit', 'armure-legere'),
('erudit', 'autodoc'),
('erudit', 'autre'),
('erudit', 'baton-a-impulsion'),
('erudit', 'baton-ferre'),
('erudit', 'biocicatrisant'),
('erudit', 'bottes-magnetiques'),
('erudit', 'brise-code'),
('erudit', 'brise-code-qualite'),
('erudit', 'chambre-bus-nuit'),
('erudit', 'chambre-eco-nuit'),
('erudit', 'chambre-sup-nuit'),
('erudit', 'champ-laser'),
('erudit', 'champ-multifonction'),
('erudit', 'champ-plasma'),
('erudit', 'combi-extra'),
('erudit', 'combi-intra'),
('erudit', 'costume-complet'),
('erudit', 'couteau-de-cuisine'),
('erudit', 'couteau-de-lancer'),
('erudit', 'dague-choc'),
('erudit', 'detect-radiations'),
('erudit', 'dortoir-nuit'),
('erudit', 'drone-de-combat'),
('erudit', 'drone-espion'),
('erudit', 'drone-exploration'),
('erudit', 'drone-miniature'),
('erudit', 'drone-minier'),
('erudit', 'drone-surveillance'),
('erudit', 'drone-volant'),
('erudit', 'fast-street-food'),
('erudit', 'filtre-respiratoire'),
('erudit', 'fronde'),
('erudit', 'fusil-a-impulsion'),
('erudit', 'fusil-a-plasma'),
('erudit', 'fusil-a-pompe'),
('erudit', 'fusil-dassaut'),
('erudit', 'fusil-de-precision'),
('erudit', 'fusil-ionique'),
('erudit', 'fusil-laser'),
('erudit', 'fusil-laser-precis'),
('erudit', 'fusil-plasma-lourd'),
('erudit', 'gourdin'),
('erudit', 'grenade-flash'),
('erudit', 'grenade-frag'),
('erudit', 'grenade-fumigene'),
('erudit', 'grenade-plasma'),
('erudit', 'grenade-sonique'),
('erudit', 'javeline'),
('erudit', 'lame-laser'),
('erudit', 'lame-legere'),
('erudit', 'lame-moleculaire'),
('erudit', 'lance-grenade'),
('erudit', 'lance-plasmique'),
('erudit', 'logiciel-bd'),
('erudit', 'logiciel-de-pointe'),
('erudit', 'machette-hachette'),
('erudit', 'mains-nues'),
('erudit', 'maison-particuliere'),
('erudit', 'matraque-sonique'),
('erudit', 'medkit'),
('erudit', 'mitrailleuse-lourde'),
('erudit', 'ordinateur-personnel'),
('erudit', 'pistolet-a-impulsion'),
('erudit', 'pistolet-a-plasma'),
('erudit', 'pistolet-ionique'),
('erudit', 'pistolet-laser'),
('erudit', 'pistolet-leger'),
('erudit', 'pistolet-lourd'),
('erudit', 'poing-americain'),
('erudit', 'radio-portative'),
('erudit', 'restaurant-correct'),
('erudit', 'restaurant-familial'),
('erudit', 'restaurant-luxe'),
('erudit', 'robot-assassin'),
('erudit', 'robot-de-loisir'),
('erudit', 'robot-domestique'),
('erudit', 'robot-exploration'),
('erudit', 'robot-maintenance'),
('erudit', 'robot-medical'),
('erudit', 'robot-minier'),
('erudit', 'robot-protocolaire'),
('erudit', 'robot-soldat'),
('erudit', 'robot-surveillance'),
('erudit', 'stimpack'),
('erudit', 'suite-de-luxe'),
('erudit', 'traducteur-universel'),
('erudit', 'trousse-1er-secours'),
('erudit', 'trousse-a-outils'),
('erudit', 'unite-hab-mini'),
('erudit', 'unite-hab-moy'),
('erudit', 'unite-hab-sup'),
('erudit', 'vapo-autodefense'),
('erudit', 'veste-blindee'),
('erudit', 'vetements-a-la-mode'),
('erudit', 'vetements-courants'),
('erudit', 'vetements-de-luxe'),
('erudit', 'vetements-de-recup'),
('erudit', 'vetements-de-sport'),
('erudit', 'vetements-discrets'),
('erudit', 'vetements-renforces'),
('erudit', 'vetements-sur-mesure'),
('escroc', 'analyseur-de-minerai'),
('escroc', 'analyseur-eauair'),
('escroc', 'antirads'),
('escroc', 'arc'),
('escroc', 'arc-a-poulie'),
('escroc', 'armure-de-combat'),
('escroc', 'armure-legere'),
('escroc', 'autodoc'),
('escroc', 'autre'),
('escroc', 'baton-a-impulsion'),
('escroc', 'baton-ferre'),
('escroc', 'biocicatrisant'),
('escroc', 'bottes-magnetiques'),
('escroc', 'brise-code'),
('escroc', 'brise-code-qualite'),
('escroc', 'chambre-bus-nuit'),
('escroc', 'chambre-eco-nuit'),
('escroc', 'chambre-sup-nuit'),
('escroc', 'champ-laser'),
('escroc', 'champ-multifonction'),
('escroc', 'champ-plasma'),
('escroc', 'combi-extra'),
('escroc', 'combi-intra'),
('escroc', 'costume-complet'),
('escroc', 'couteau-de-cuisine'),
('escroc', 'couteau-de-lancer'),
('escroc', 'dague-choc'),
('escroc', 'detect-radiations'),
('escroc', 'dortoir-nuit'),
('escroc', 'drone-de-combat'),
('escroc', 'drone-espion'),
('escroc', 'drone-exploration'),
('escroc', 'drone-miniature'),
('escroc', 'drone-minier'),
('escroc', 'drone-surveillance'),
('escroc', 'drone-volant'),
('escroc', 'fast-street-food'),
('escroc', 'filtre-respiratoire'),
('escroc', 'fronde'),
('escroc', 'fusil-a-impulsion'),
('escroc', 'fusil-a-plasma'),
('escroc', 'fusil-a-pompe'),
('escroc', 'fusil-dassaut'),
('escroc', 'fusil-de-precision'),
('escroc', 'fusil-ionique'),
('escroc', 'fusil-laser'),
('escroc', 'fusil-laser-precis'),
('escroc', 'fusil-plasma-lourd'),
('escroc', 'gourdin'),
('escroc', 'grenade-flash'),
('escroc', 'grenade-frag'),
('escroc', 'grenade-fumigene'),
('escroc', 'grenade-plasma'),
('escroc', 'grenade-sonique'),
('escroc', 'javeline'),
('escroc', 'lame-laser'),
('escroc', 'lame-legere'),
('escroc', 'lame-moleculaire'),
('escroc', 'lance-grenade'),
('escroc', 'lance-plasmique'),
('escroc', 'logiciel-bd'),
('escroc', 'logiciel-de-pointe'),
('escroc', 'machette-hachette'),
('escroc', 'mains-nues'),
('escroc', 'maison-particuliere'),
('escroc', 'matraque-sonique'),
('escroc', 'medkit'),
('escroc', 'mitrailleuse-lourde'),
('escroc', 'ordinateur-personnel'),
('escroc', 'pistolet-a-impulsion'),
('escroc', 'pistolet-a-plasma'),
('escroc', 'pistolet-ionique'),
('escroc', 'pistolet-laser'),
('escroc', 'pistolet-leger'),
('escroc', 'pistolet-lourd'),
('escroc', 'poing-americain'),
('escroc', 'radio-portative'),
('escroc', 'restaurant-correct'),
('escroc', 'restaurant-familial'),
('escroc', 'restaurant-luxe'),
('escroc', 'robot-assassin'),
('escroc', 'robot-de-loisir'),
('escroc', 'robot-domestique'),
('escroc', 'robot-exploration'),
('escroc', 'robot-maintenance'),
('escroc', 'robot-medical'),
('escroc', 'robot-minier'),
('escroc', 'robot-protocolaire'),
('escroc', 'robot-soldat'),
('escroc', 'robot-surveillance'),
('escroc', 'stimpack'),
('escroc', 'suite-de-luxe'),
('escroc', 'traducteur-universel'),
('escroc', 'trousse-1er-secours'),
('escroc', 'trousse-a-outils'),
('escroc', 'unite-hab-mini'),
('escroc', 'unite-hab-moy'),
('escroc', 'unite-hab-sup'),
('escroc', 'vapo-autodefense'),
('escroc', 'veste-blindee'),
('escroc', 'vetements-a-la-mode'),
('escroc', 'vetements-courants'),
('escroc', 'vetements-de-luxe'),
('escroc', 'vetements-de-recup'),
('escroc', 'vetements-de-sport'),
('escroc', 'vetements-discrets'),
('escroc', 'vetements-renforces'),
('escroc', 'vetements-sur-mesure'),
('explorateur', 'analyseur-de-minerai'),
('explorateur', 'analyseur-eauair'),
('explorateur', 'antirads'),
('explorateur', 'arc'),
('explorateur', 'arc-a-poulie'),
('explorateur', 'armure-de-combat'),
('explorateur', 'armure-legere'),
('explorateur', 'autodoc'),
('explorateur', 'autre'),
('explorateur', 'baton-a-impulsion'),
('explorateur', 'baton-ferre'),
('explorateur', 'biocicatrisant'),
('explorateur', 'bottes-magnetiques'),
('explorateur', 'brise-code'),
('explorateur', 'brise-code-qualite'),
('explorateur', 'chambre-bus-nuit'),
('explorateur', 'chambre-eco-nuit'),
('explorateur', 'chambre-sup-nuit'),
('explorateur', 'champ-laser'),
('explorateur', 'champ-multifonction'),
('explorateur', 'champ-plasma'),
('explorateur', 'combi-extra'),
('explorateur', 'combi-intra'),
('explorateur', 'costume-complet'),
('explorateur', 'couteau-de-cuisine'),
('explorateur', 'couteau-de-lancer'),
('explorateur', 'dague-choc'),
('explorateur', 'detect-radiations'),
('explorateur', 'dortoir-nuit'),
('explorateur', 'drone-de-combat'),
('explorateur', 'drone-espion'),
('explorateur', 'drone-exploration'),
('explorateur', 'drone-miniature'),
('explorateur', 'drone-minier'),
('explorateur', 'drone-surveillance'),
('explorateur', 'drone-volant'),
('explorateur', 'fast-street-food'),
('explorateur', 'filtre-respiratoire'),
('explorateur', 'fronde'),
('explorateur', 'fusil-a-impulsion'),
('explorateur', 'fusil-a-plasma'),
('explorateur', 'fusil-a-pompe'),
('explorateur', 'fusil-dassaut'),
('explorateur', 'fusil-de-precision'),
('explorateur', 'fusil-ionique'),
('explorateur', 'fusil-laser'),
('explorateur', 'fusil-laser-precis'),
('explorateur', 'fusil-plasma-lourd'),
('explorateur', 'gourdin'),
('explorateur', 'grenade-flash'),
('explorateur', 'grenade-frag'),
('explorateur', 'grenade-fumigene'),
('explorateur', 'grenade-plasma'),
('explorateur', 'grenade-sonique'),
('explorateur', 'javeline'),
('explorateur', 'lame-laser'),
('explorateur', 'lame-legere'),
('explorateur', 'lame-moleculaire'),
('explorateur', 'lance-grenade'),
('explorateur', 'lance-plasmique'),
('explorateur', 'logiciel-bd'),
('explorateur', 'logiciel-de-pointe'),
('explorateur', 'machette-hachette'),
('explorateur', 'mains-nues'),
('explorateur', 'maison-particuliere'),
('explorateur', 'matraque-sonique'),
('explorateur', 'medkit'),
('explorateur', 'mitrailleuse-lourde'),
('explorateur', 'ordinateur-personnel'),
('explorateur', 'pistolet-a-impulsion'),
('explorateur', 'pistolet-a-plasma'),
('explorateur', 'pistolet-ionique'),
('explorateur', 'pistolet-laser'),
('explorateur', 'pistolet-leger'),
('explorateur', 'pistolet-lourd'),
('explorateur', 'poing-americain'),
('explorateur', 'radio-portative'),
('explorateur', 'restaurant-correct'),
('explorateur', 'restaurant-familial'),
('explorateur', 'restaurant-luxe'),
('explorateur', 'robot-assassin'),
('explorateur', 'robot-de-loisir'),
('explorateur', 'robot-domestique'),
('explorateur', 'robot-exploration'),
('explorateur', 'robot-maintenance'),
('explorateur', 'robot-medical'),
('explorateur', 'robot-minier'),
('explorateur', 'robot-protocolaire'),
('explorateur', 'robot-soldat'),
('explorateur', 'robot-surveillance'),
('explorateur', 'stimpack'),
('explorateur', 'suite-de-luxe'),
('explorateur', 'traducteur-universel'),
('explorateur', 'trousse-1er-secours'),
('explorateur', 'trousse-a-outils'),
('explorateur', 'unite-hab-mini'),
('explorateur', 'unite-hab-moy'),
('explorateur', 'unite-hab-sup'),
('explorateur', 'vapo-autodefense'),
('explorateur', 'veste-blindee'),
('explorateur', 'vetements-a-la-mode'),
('explorateur', 'vetements-courants'),
('explorateur', 'vetements-de-luxe'),
('explorateur', 'vetements-de-recup'),
('explorateur', 'vetements-de-sport'),
('explorateur', 'vetements-discrets'),
('explorateur', 'vetements-renforces'),
('explorateur', 'vetements-sur-mesure'),
('fantassin', 'analyseur-de-minerai'),
('fantassin', 'analyseur-eauair'),
('fantassin', 'antirads'),
('fantassin', 'arc'),
('fantassin', 'arc-a-poulie'),
('fantassin', 'armure-de-combat'),
('fantassin', 'armure-legere'),
('fantassin', 'autodoc'),
('fantassin', 'autre'),
('fantassin', 'baton-a-impulsion'),
('fantassin', 'baton-ferre'),
('fantassin', 'biocicatrisant'),
('fantassin', 'bottes-magnetiques'),
('fantassin', 'brise-code'),
('fantassin', 'brise-code-qualite'),
('fantassin', 'chambre-bus-nuit'),
('fantassin', 'chambre-eco-nuit'),
('fantassin', 'chambre-sup-nuit'),
('fantassin', 'champ-laser'),
('fantassin', 'champ-multifonction'),
('fantassin', 'champ-plasma'),
('fantassin', 'combi-extra'),
('fantassin', 'combi-intra'),
('fantassin', 'costume-complet'),
('fantassin', 'couteau-de-cuisine'),
('fantassin', 'couteau-de-lancer'),
('fantassin', 'dague-choc'),
('fantassin', 'detect-radiations'),
('fantassin', 'dortoir-nuit'),
('fantassin', 'drone-de-combat'),
('fantassin', 'drone-espion'),
('fantassin', 'drone-exploration'),
('fantassin', 'drone-miniature'),
('fantassin', 'drone-minier'),
('fantassin', 'drone-surveillance'),
('fantassin', 'drone-volant'),
('fantassin', 'fast-street-food'),
('fantassin', 'filtre-respiratoire'),
('fantassin', 'fronde'),
('fantassin', 'fusil-a-impulsion'),
('fantassin', 'fusil-a-plasma'),
('fantassin', 'fusil-a-pompe'),
('fantassin', 'fusil-dassaut'),
('fantassin', 'fusil-de-precision'),
('fantassin', 'fusil-ionique'),
('fantassin', 'fusil-laser'),
('fantassin', 'fusil-laser-precis'),
('fantassin', 'fusil-plasma-lourd'),
('fantassin', 'gourdin'),
('fantassin', 'grenade-flash'),
('fantassin', 'grenade-frag'),
('fantassin', 'grenade-fumigene'),
('fantassin', 'grenade-plasma'),
('fantassin', 'grenade-sonique'),
('fantassin', 'javeline'),
('fantassin', 'lame-laser'),
('fantassin', 'lame-legere'),
('fantassin', 'lame-moleculaire'),
('fantassin', 'lance-grenade'),
('fantassin', 'lance-plasmique'),
('fantassin', 'logiciel-bd'),
('fantassin', 'logiciel-de-pointe'),
('fantassin', 'machette-hachette'),
('fantassin', 'mains-nues'),
('fantassin', 'maison-particuliere'),
('fantassin', 'matraque-sonique'),
('fantassin', 'medkit'),
('fantassin', 'mitrailleuse-lourde'),
('fantassin', 'ordinateur-personnel'),
('fantassin', 'pistolet-a-impulsion'),
('fantassin', 'pistolet-a-plasma'),
('fantassin', 'pistolet-ionique'),
('fantassin', 'pistolet-laser'),
('fantassin', 'pistolet-leger'),
('fantassin', 'pistolet-lourd'),
('fantassin', 'poing-americain'),
('fantassin', 'radio-portative'),
('fantassin', 'restaurant-correct'),
('fantassin', 'restaurant-familial'),
('fantassin', 'restaurant-luxe'),
('fantassin', 'robot-assassin'),
('fantassin', 'robot-de-loisir'),
('fantassin', 'robot-domestique'),
('fantassin', 'robot-exploration'),
('fantassin', 'robot-maintenance'),
('fantassin', 'robot-medical'),
('fantassin', 'robot-minier'),
('fantassin', 'robot-protocolaire'),
('fantassin', 'robot-soldat'),
('fantassin', 'robot-surveillance'),
('fantassin', 'stimpack'),
('fantassin', 'suite-de-luxe'),
('fantassin', 'traducteur-universel'),
('fantassin', 'trousse-1er-secours'),
('fantassin', 'trousse-a-outils'),
('fantassin', 'unite-hab-mini'),
('fantassin', 'unite-hab-moy'),
('fantassin', 'unite-hab-sup'),
('fantassin', 'vapo-autodefense'),
('fantassin', 'veste-blindee'),
('fantassin', 'vetements-a-la-mode'),
('fantassin', 'vetements-courants'),
('fantassin', 'vetements-de-luxe'),
('fantassin', 'vetements-de-recup'),
('fantassin', 'vetements-de-sport'),
('fantassin', 'vetements-discrets'),
('fantassin', 'vetements-renforces'),
('fantassin', 'vetements-sur-mesure'),
('ganger', 'analyseur-de-minerai'),
('ganger', 'analyseur-eauair'),
('ganger', 'antirads'),
('ganger', 'arc'),
('ganger', 'arc-a-poulie'),
('ganger', 'armure-de-combat'),
('ganger', 'armure-legere'),
('ganger', 'autodoc'),
('ganger', 'autre'),
('ganger', 'baton-a-impulsion'),
('ganger', 'baton-ferre'),
('ganger', 'biocicatrisant'),
('ganger', 'bottes-magnetiques'),
('ganger', 'brise-code'),
('ganger', 'brise-code-qualite'),
('ganger', 'chambre-bus-nuit'),
('ganger', 'chambre-eco-nuit'),
('ganger', 'chambre-sup-nuit'),
('ganger', 'champ-laser'),
('ganger', 'champ-multifonction'),
('ganger', 'champ-plasma'),
('ganger', 'combi-extra'),
('ganger', 'combi-intra'),
('ganger', 'costume-complet'),
('ganger', 'couteau-de-cuisine'),
('ganger', 'couteau-de-lancer'),
('ganger', 'dague-choc'),
('ganger', 'detect-radiations'),
('ganger', 'dortoir-nuit'),
('ganger', 'drone-de-combat'),
('ganger', 'drone-espion'),
('ganger', 'drone-exploration'),
('ganger', 'drone-miniature'),
('ganger', 'drone-minier'),
('ganger', 'drone-surveillance'),
('ganger', 'drone-volant'),
('ganger', 'fast-street-food'),
('ganger', 'filtre-respiratoire'),
('ganger', 'fronde'),
('ganger', 'fusil-a-impulsion'),
('ganger', 'fusil-a-plasma'),
('ganger', 'fusil-a-pompe'),
('ganger', 'fusil-dassaut'),
('ganger', 'fusil-de-precision'),
('ganger', 'fusil-ionique'),
('ganger', 'fusil-laser'),
('ganger', 'fusil-laser-precis'),
('ganger', 'fusil-plasma-lourd'),
('ganger', 'gourdin'),
('ganger', 'grenade-flash'),
('ganger', 'grenade-frag'),
('ganger', 'grenade-fumigene'),
('ganger', 'grenade-plasma'),
('ganger', 'grenade-sonique'),
('ganger', 'javeline'),
('ganger', 'lame-laser'),
('ganger', 'lame-legere'),
('ganger', 'lame-moleculaire'),
('ganger', 'lance-grenade'),
('ganger', 'lance-plasmique'),
('ganger', 'logiciel-bd'),
('ganger', 'logiciel-de-pointe'),
('ganger', 'machette-hachette'),
('ganger', 'mains-nues'),
('ganger', 'maison-particuliere'),
('ganger', 'matraque-sonique'),
('ganger', 'medkit'),
('ganger', 'mitrailleuse-lourde'),
('ganger', 'ordinateur-personnel'),
('ganger', 'pistolet-a-impulsion'),
('ganger', 'pistolet-a-plasma'),
('ganger', 'pistolet-ionique'),
('ganger', 'pistolet-laser'),
('ganger', 'pistolet-leger'),
('ganger', 'pistolet-lourd'),
('ganger', 'poing-americain'),
('ganger', 'radio-portative'),
('ganger', 'restaurant-correct'),
('ganger', 'restaurant-familial'),
('ganger', 'restaurant-luxe'),
('ganger', 'robot-assassin'),
('ganger', 'robot-de-loisir'),
('ganger', 'robot-domestique'),
('ganger', 'robot-exploration'),
('ganger', 'robot-maintenance'),
('ganger', 'robot-medical'),
('ganger', 'robot-minier'),
('ganger', 'robot-protocolaire'),
('ganger', 'robot-soldat'),
('ganger', 'robot-surveillance'),
('ganger', 'stimpack'),
('ganger', 'suite-de-luxe'),
('ganger', 'traducteur-universel'),
('ganger', 'trousse-1er-secours'),
('ganger', 'trousse-a-outils'),
('ganger', 'unite-hab-mini'),
('ganger', 'unite-hab-moy'),
('ganger', 'unite-hab-sup'),
('ganger', 'vapo-autodefense'),
('ganger', 'veste-blindee'),
('ganger', 'vetements-a-la-mode'),
('ganger', 'vetements-courants'),
('ganger', 'vetements-de-luxe'),
('ganger', 'vetements-de-recup'),
('ganger', 'vetements-de-sport'),
('ganger', 'vetements-discrets'),
('ganger', 'vetements-renforces'),
('ganger', 'vetements-sur-mesure'),
('garde-du-corps', 'analyseur-de-minerai'),
('garde-du-corps', 'analyseur-eauair'),
('garde-du-corps', 'antirads'),
('garde-du-corps', 'arc'),
('garde-du-corps', 'arc-a-poulie'),
('garde-du-corps', 'armure-de-combat'),
('garde-du-corps', 'armure-legere'),
('garde-du-corps', 'autodoc'),
('garde-du-corps', 'autre'),
('garde-du-corps', 'baton-a-impulsion'),
('garde-du-corps', 'baton-ferre'),
('garde-du-corps', 'biocicatrisant'),
('garde-du-corps', 'bottes-magnetiques'),
('garde-du-corps', 'brise-code'),
('garde-du-corps', 'brise-code-qualite'),
('garde-du-corps', 'chambre-bus-nuit'),
('garde-du-corps', 'chambre-eco-nuit'),
('garde-du-corps', 'chambre-sup-nuit'),
('garde-du-corps', 'champ-laser'),
('garde-du-corps', 'champ-multifonction'),
('garde-du-corps', 'champ-plasma'),
('garde-du-corps', 'combi-extra'),
('garde-du-corps', 'combi-intra'),
('garde-du-corps', 'costume-complet'),
('garde-du-corps', 'couteau-de-cuisine'),
('garde-du-corps', 'couteau-de-lancer'),
('garde-du-corps', 'dague-choc'),
('garde-du-corps', 'detect-radiations'),
('garde-du-corps', 'dortoir-nuit'),
('garde-du-corps', 'drone-de-combat'),
('garde-du-corps', 'drone-espion'),
('garde-du-corps', 'drone-exploration'),
('garde-du-corps', 'drone-miniature'),
('garde-du-corps', 'drone-minier'),
('garde-du-corps', 'drone-surveillance'),
('garde-du-corps', 'drone-volant'),
('garde-du-corps', 'fast-street-food'),
('garde-du-corps', 'filtre-respiratoire'),
('garde-du-corps', 'fronde'),
('garde-du-corps', 'fusil-a-impulsion'),
('garde-du-corps', 'fusil-a-plasma'),
('garde-du-corps', 'fusil-a-pompe'),
('garde-du-corps', 'fusil-dassaut'),
('garde-du-corps', 'fusil-de-precision'),
('garde-du-corps', 'fusil-ionique'),
('garde-du-corps', 'fusil-laser'),
('garde-du-corps', 'fusil-laser-precis'),
('garde-du-corps', 'fusil-plasma-lourd'),
('garde-du-corps', 'gourdin'),
('garde-du-corps', 'grenade-flash'),
('garde-du-corps', 'grenade-frag'),
('garde-du-corps', 'grenade-fumigene'),
('garde-du-corps', 'grenade-plasma'),
('garde-du-corps', 'grenade-sonique'),
('garde-du-corps', 'javeline'),
('garde-du-corps', 'lame-laser'),
('garde-du-corps', 'lame-legere'),
('garde-du-corps', 'lame-moleculaire'),
('garde-du-corps', 'lance-grenade'),
('garde-du-corps', 'lance-plasmique'),
('garde-du-corps', 'logiciel-bd'),
('garde-du-corps', 'logiciel-de-pointe'),
('garde-du-corps', 'machette-hachette'),
('garde-du-corps', 'mains-nues'),
('garde-du-corps', 'maison-particuliere'),
('garde-du-corps', 'matraque-sonique'),
('garde-du-corps', 'medkit'),
('garde-du-corps', 'mitrailleuse-lourde'),
('garde-du-corps', 'ordinateur-personnel'),
('garde-du-corps', 'pistolet-a-impulsion'),
('garde-du-corps', 'pistolet-a-plasma'),
('garde-du-corps', 'pistolet-ionique'),
('garde-du-corps', 'pistolet-laser'),
('garde-du-corps', 'pistolet-leger'),
('garde-du-corps', 'pistolet-lourd'),
('garde-du-corps', 'poing-americain'),
('garde-du-corps', 'radio-portative'),
('garde-du-corps', 'restaurant-correct'),
('garde-du-corps', 'restaurant-familial'),
('garde-du-corps', 'restaurant-luxe'),
('garde-du-corps', 'robot-assassin'),
('garde-du-corps', 'robot-de-loisir'),
('garde-du-corps', 'robot-domestique'),
('garde-du-corps', 'robot-exploration'),
('garde-du-corps', 'robot-maintenance'),
('garde-du-corps', 'robot-medical'),
('garde-du-corps', 'robot-minier'),
('garde-du-corps', 'robot-protocolaire'),
('garde-du-corps', 'robot-soldat'),
('garde-du-corps', 'robot-surveillance'),
('garde-du-corps', 'stimpack'),
('garde-du-corps', 'suite-de-luxe'),
('garde-du-corps', 'traducteur-universel'),
('garde-du-corps', 'trousse-1er-secours'),
('garde-du-corps', 'trousse-a-outils'),
('garde-du-corps', 'unite-hab-mini'),
('garde-du-corps', 'unite-hab-moy'),
('garde-du-corps', 'unite-hab-sup'),
('garde-du-corps', 'vapo-autodefense'),
('garde-du-corps', 'veste-blindee'),
('garde-du-corps', 'vetements-a-la-mode'),
('garde-du-corps', 'vetements-courants'),
('garde-du-corps', 'vetements-de-luxe'),
('garde-du-corps', 'vetements-de-recup'),
('garde-du-corps', 'vetements-de-sport'),
('garde-du-corps', 'vetements-discrets'),
('garde-du-corps', 'vetements-renforces'),
('garde-du-corps', 'vetements-sur-mesure'),
('hacker', 'analyseur-de-minerai'),
('hacker', 'analyseur-eauair'),
('hacker', 'antirads'),
('hacker', 'arc'),
('hacker', 'arc-a-poulie'),
('hacker', 'armure-de-combat'),
('hacker', 'armure-legere'),
('hacker', 'autodoc'),
('hacker', 'autre'),
('hacker', 'baton-a-impulsion'),
('hacker', 'baton-ferre'),
('hacker', 'biocicatrisant'),
('hacker', 'bottes-magnetiques'),
('hacker', 'brise-code'),
('hacker', 'brise-code-qualite'),
('hacker', 'chambre-bus-nuit'),
('hacker', 'chambre-eco-nuit'),
('hacker', 'chambre-sup-nuit'),
('hacker', 'champ-laser'),
('hacker', 'champ-multifonction'),
('hacker', 'champ-plasma'),
('hacker', 'combi-extra'),
('hacker', 'combi-intra'),
('hacker', 'costume-complet'),
('hacker', 'couteau-de-cuisine'),
('hacker', 'couteau-de-lancer'),
('hacker', 'dague-choc'),
('hacker', 'detect-radiations'),
('hacker', 'dortoir-nuit'),
('hacker', 'drone-de-combat'),
('hacker', 'drone-espion'),
('hacker', 'drone-exploration'),
('hacker', 'drone-miniature'),
('hacker', 'drone-minier'),
('hacker', 'drone-surveillance'),
('hacker', 'drone-volant'),
('hacker', 'fast-street-food'),
('hacker', 'filtre-respiratoire'),
('hacker', 'fronde'),
('hacker', 'fusil-a-impulsion'),
('hacker', 'fusil-a-plasma'),
('hacker', 'fusil-a-pompe'),
('hacker', 'fusil-dassaut'),
('hacker', 'fusil-de-precision'),
('hacker', 'fusil-ionique'),
('hacker', 'fusil-laser'),
('hacker', 'fusil-laser-precis'),
('hacker', 'fusil-plasma-lourd'),
('hacker', 'gourdin'),
('hacker', 'grenade-flash'),
('hacker', 'grenade-frag'),
('hacker', 'grenade-fumigene'),
('hacker', 'grenade-plasma'),
('hacker', 'grenade-sonique'),
('hacker', 'javeline'),
('hacker', 'lame-laser'),
('hacker', 'lame-legere'),
('hacker', 'lame-moleculaire'),
('hacker', 'lance-grenade'),
('hacker', 'lance-plasmique'),
('hacker', 'logiciel-bd'),
('hacker', 'logiciel-de-pointe'),
('hacker', 'machette-hachette'),
('hacker', 'mains-nues'),
('hacker', 'maison-particuliere'),
('hacker', 'matraque-sonique'),
('hacker', 'medkit'),
('hacker', 'mitrailleuse-lourde'),
('hacker', 'ordinateur-personnel'),
('hacker', 'pistolet-a-impulsion'),
('hacker', 'pistolet-a-plasma'),
('hacker', 'pistolet-ionique'),
('hacker', 'pistolet-laser'),
('hacker', 'pistolet-leger'),
('hacker', 'pistolet-lourd'),
('hacker', 'poing-americain'),
('hacker', 'radio-portative'),
('hacker', 'restaurant-correct'),
('hacker', 'restaurant-familial'),
('hacker', 'restaurant-luxe'),
('hacker', 'robot-assassin'),
('hacker', 'robot-de-loisir'),
('hacker', 'robot-domestique'),
('hacker', 'robot-exploration'),
('hacker', 'robot-maintenance'),
('hacker', 'robot-medical'),
('hacker', 'robot-minier'),
('hacker', 'robot-protocolaire'),
('hacker', 'robot-soldat'),
('hacker', 'robot-surveillance'),
('hacker', 'stimpack'),
('hacker', 'suite-de-luxe'),
('hacker', 'traducteur-universel'),
('hacker', 'trousse-1er-secours'),
('hacker', 'trousse-a-outils'),
('hacker', 'unite-hab-mini'),
('hacker', 'unite-hab-moy'),
('hacker', 'unite-hab-sup'),
('hacker', 'vapo-autodefense'),
('hacker', 'veste-blindee'),
('hacker', 'vetements-a-la-mode'),
('hacker', 'vetements-courants'),
('hacker', 'vetements-de-luxe'),
('hacker', 'vetements-de-recup'),
('hacker', 'vetements-de-sport'),
('hacker', 'vetements-discrets'),
('hacker', 'vetements-renforces'),
('hacker', 'vetements-sur-mesure'),
('hors-la-loi', 'analyseur-de-minerai'),
('hors-la-loi', 'analyseur-eauair'),
('hors-la-loi', 'antirads'),
('hors-la-loi', 'arc'),
('hors-la-loi', 'arc-a-poulie'),
('hors-la-loi', 'armure-de-combat'),
('hors-la-loi', 'armure-legere'),
('hors-la-loi', 'autodoc'),
('hors-la-loi', 'autre'),
('hors-la-loi', 'baton-a-impulsion'),
('hors-la-loi', 'baton-ferre'),
('hors-la-loi', 'biocicatrisant'),
('hors-la-loi', 'bottes-magnetiques'),
('hors-la-loi', 'brise-code'),
('hors-la-loi', 'brise-code-qualite'),
('hors-la-loi', 'chambre-bus-nuit'),
('hors-la-loi', 'chambre-eco-nuit'),
('hors-la-loi', 'chambre-sup-nuit'),
('hors-la-loi', 'champ-laser'),
('hors-la-loi', 'champ-multifonction'),
('hors-la-loi', 'champ-plasma'),
('hors-la-loi', 'combi-extra'),
('hors-la-loi', 'combi-intra'),
('hors-la-loi', 'costume-complet'),
('hors-la-loi', 'couteau-de-cuisine'),
('hors-la-loi', 'couteau-de-lancer'),
('hors-la-loi', 'dague-choc'),
('hors-la-loi', 'detect-radiations'),
('hors-la-loi', 'dortoir-nuit'),
('hors-la-loi', 'drone-de-combat'),
('hors-la-loi', 'drone-espion'),
('hors-la-loi', 'drone-exploration'),
('hors-la-loi', 'drone-miniature'),
('hors-la-loi', 'drone-minier'),
('hors-la-loi', 'drone-surveillance'),
('hors-la-loi', 'drone-volant'),
('hors-la-loi', 'fast-street-food'),
('hors-la-loi', 'filtre-respiratoire'),
('hors-la-loi', 'fronde'),
('hors-la-loi', 'fusil-a-impulsion'),
('hors-la-loi', 'fusil-a-plasma'),
('hors-la-loi', 'fusil-a-pompe'),
('hors-la-loi', 'fusil-dassaut'),
('hors-la-loi', 'fusil-de-precision'),
('hors-la-loi', 'fusil-ionique'),
('hors-la-loi', 'fusil-laser'),
('hors-la-loi', 'fusil-laser-precis'),
('hors-la-loi', 'fusil-plasma-lourd'),
('hors-la-loi', 'gourdin'),
('hors-la-loi', 'grenade-flash'),
('hors-la-loi', 'grenade-frag'),
('hors-la-loi', 'grenade-fumigene'),
('hors-la-loi', 'grenade-plasma'),
('hors-la-loi', 'grenade-sonique'),
('hors-la-loi', 'javeline'),
('hors-la-loi', 'lame-laser'),
('hors-la-loi', 'lame-legere'),
('hors-la-loi', 'lame-moleculaire'),
('hors-la-loi', 'lance-grenade'),
('hors-la-loi', 'lance-plasmique'),
('hors-la-loi', 'logiciel-bd'),
('hors-la-loi', 'logiciel-de-pointe'),
('hors-la-loi', 'machette-hachette'),
('hors-la-loi', 'mains-nues'),
('hors-la-loi', 'maison-particuliere'),
('hors-la-loi', 'matraque-sonique'),
('hors-la-loi', 'medkit'),
('hors-la-loi', 'mitrailleuse-lourde'),
('hors-la-loi', 'ordinateur-personnel'),
('hors-la-loi', 'pistolet-a-impulsion'),
('hors-la-loi', 'pistolet-a-plasma'),
('hors-la-loi', 'pistolet-ionique'),
('hors-la-loi', 'pistolet-laser'),
('hors-la-loi', 'pistolet-leger'),
('hors-la-loi', 'pistolet-lourd'),
('hors-la-loi', 'poing-americain'),
('hors-la-loi', 'radio-portative'),
('hors-la-loi', 'restaurant-correct'),
('hors-la-loi', 'restaurant-familial'),
('hors-la-loi', 'restaurant-luxe'),
('hors-la-loi', 'robot-assassin'),
('hors-la-loi', 'robot-de-loisir'),
('hors-la-loi', 'robot-domestique'),
('hors-la-loi', 'robot-exploration'),
('hors-la-loi', 'robot-maintenance'),
('hors-la-loi', 'robot-medical'),
('hors-la-loi', 'robot-minier'),
('hors-la-loi', 'robot-protocolaire'),
('hors-la-loi', 'robot-soldat'),
('hors-la-loi', 'robot-surveillance'),
('hors-la-loi', 'stimpack'),
('hors-la-loi', 'suite-de-luxe'),
('hors-la-loi', 'traducteur-universel'),
('hors-la-loi', 'trousse-1er-secours'),
('hors-la-loi', 'trousse-a-outils'),
('hors-la-loi', 'unite-hab-mini'),
('hors-la-loi', 'unite-hab-moy'),
('hors-la-loi', 'unite-hab-sup'),
('hors-la-loi', 'vapo-autodefense'),
('hors-la-loi', 'veste-blindee'),
('hors-la-loi', 'vetements-a-la-mode'),
('hors-la-loi', 'vetements-courants'),
('hors-la-loi', 'vetements-de-luxe'),
('hors-la-loi', 'vetements-de-recup'),
('hors-la-loi', 'vetements-de-sport'),
('hors-la-loi', 'vetements-discrets'),
('hors-la-loi', 'vetements-renforces'),
('hors-la-loi', 'vetements-sur-mesure'),
('journaliste', 'analyseur-de-minerai'),
('journaliste', 'analyseur-eauair'),
('journaliste', 'antirads'),
('journaliste', 'arc'),
('journaliste', 'arc-a-poulie'),
('journaliste', 'armure-de-combat'),
('journaliste', 'armure-legere'),
('journaliste', 'autodoc'),
('journaliste', 'autre'),
('journaliste', 'baton-a-impulsion'),
('journaliste', 'baton-ferre'),
('journaliste', 'biocicatrisant'),
('journaliste', 'bottes-magnetiques'),
('journaliste', 'brise-code'),
('journaliste', 'brise-code-qualite'),
('journaliste', 'chambre-bus-nuit'),
('journaliste', 'chambre-eco-nuit'),
('journaliste', 'chambre-sup-nuit'),
('journaliste', 'champ-laser'),
('journaliste', 'champ-multifonction'),
('journaliste', 'champ-plasma'),
('journaliste', 'combi-extra'),
('journaliste', 'combi-intra'),
('journaliste', 'costume-complet'),
('journaliste', 'couteau-de-cuisine'),
('journaliste', 'couteau-de-lancer'),
('journaliste', 'dague-choc'),
('journaliste', 'detect-radiations'),
('journaliste', 'dortoir-nuit'),
('journaliste', 'drone-de-combat'),
('journaliste', 'drone-espion'),
('journaliste', 'drone-exploration'),
('journaliste', 'drone-miniature'),
('journaliste', 'drone-minier'),
('journaliste', 'drone-surveillance'),
('journaliste', 'drone-volant'),
('journaliste', 'fast-street-food'),
('journaliste', 'filtre-respiratoire'),
('journaliste', 'fronde'),
('journaliste', 'fusil-a-impulsion'),
('journaliste', 'fusil-a-plasma'),
('journaliste', 'fusil-a-pompe'),
('journaliste', 'fusil-dassaut'),
('journaliste', 'fusil-de-precision'),
('journaliste', 'fusil-ionique'),
('journaliste', 'fusil-laser'),
('journaliste', 'fusil-laser-precis'),
('journaliste', 'fusil-plasma-lourd'),
('journaliste', 'gourdin'),
('journaliste', 'grenade-flash'),
('journaliste', 'grenade-frag'),
('journaliste', 'grenade-fumigene'),
('journaliste', 'grenade-plasma'),
('journaliste', 'grenade-sonique'),
('journaliste', 'javeline'),
('journaliste', 'lame-laser'),
('journaliste', 'lame-legere'),
('journaliste', 'lame-moleculaire'),
('journaliste', 'lance-grenade'),
('journaliste', 'lance-plasmique'),
('journaliste', 'logiciel-bd'),
('journaliste', 'logiciel-de-pointe'),
('journaliste', 'machette-hachette'),
('journaliste', 'mains-nues'),
('journaliste', 'maison-particuliere'),
('journaliste', 'matraque-sonique'),
('journaliste', 'medkit'),
('journaliste', 'mitrailleuse-lourde'),
('journaliste', 'ordinateur-personnel'),
('journaliste', 'pistolet-a-impulsion'),
('journaliste', 'pistolet-a-plasma'),
('journaliste', 'pistolet-ionique'),
('journaliste', 'pistolet-laser'),
('journaliste', 'pistolet-leger'),
('journaliste', 'pistolet-lourd'),
('journaliste', 'poing-americain'),
('journaliste', 'radio-portative'),
('journaliste', 'restaurant-correct'),
('journaliste', 'restaurant-familial'),
('journaliste', 'restaurant-luxe'),
('journaliste', 'robot-assassin'),
('journaliste', 'robot-de-loisir'),
('journaliste', 'robot-domestique'),
('journaliste', 'robot-exploration'),
('journaliste', 'robot-maintenance'),
('journaliste', 'robot-medical'),
('journaliste', 'robot-minier'),
('journaliste', 'robot-protocolaire'),
('journaliste', 'robot-soldat'),
('journaliste', 'robot-surveillance'),
('journaliste', 'stimpack'),
('journaliste', 'suite-de-luxe'),
('journaliste', 'traducteur-universel'),
('journaliste', 'trousse-1er-secours'),
('journaliste', 'trousse-a-outils'),
('journaliste', 'unite-hab-mini'),
('journaliste', 'unite-hab-moy'),
('journaliste', 'unite-hab-sup'),
('journaliste', 'vapo-autodefense'),
('journaliste', 'veste-blindee'),
('journaliste', 'vetements-a-la-mode'),
('journaliste', 'vetements-courants'),
('journaliste', 'vetements-de-luxe'),
('journaliste', 'vetements-de-recup'),
('journaliste', 'vetements-de-sport'),
('journaliste', 'vetements-discrets'),
('journaliste', 'vetements-renforces'),
('journaliste', 'vetements-sur-mesure'),
('limier', 'analyseur-de-minerai'),
('limier', 'analyseur-eauair'),
('limier', 'antirads'),
('limier', 'arc'),
('limier', 'arc-a-poulie'),
('limier', 'armure-de-combat'),
('limier', 'armure-legere'),
('limier', 'autodoc'),
('limier', 'autre'),
('limier', 'baton-a-impulsion'),
('limier', 'baton-ferre'),
('limier', 'biocicatrisant'),
('limier', 'bottes-magnetiques'),
('limier', 'brise-code'),
('limier', 'brise-code-qualite'),
('limier', 'chambre-bus-nuit'),
('limier', 'chambre-eco-nuit'),
('limier', 'chambre-sup-nuit'),
('limier', 'champ-laser'),
('limier', 'champ-multifonction'),
('limier', 'champ-plasma'),
('limier', 'combi-extra'),
('limier', 'combi-intra'),
('limier', 'costume-complet'),
('limier', 'couteau-de-cuisine'),
('limier', 'couteau-de-lancer'),
('limier', 'dague-choc'),
('limier', 'detect-radiations'),
('limier', 'dortoir-nuit'),
('limier', 'drone-de-combat'),
('limier', 'drone-espion'),
('limier', 'drone-exploration'),
('limier', 'drone-miniature'),
('limier', 'drone-minier'),
('limier', 'drone-surveillance'),
('limier', 'drone-volant'),
('limier', 'fast-street-food'),
('limier', 'filtre-respiratoire'),
('limier', 'fronde'),
('limier', 'fusil-a-impulsion'),
('limier', 'fusil-a-plasma'),
('limier', 'fusil-a-pompe'),
('limier', 'fusil-dassaut'),
('limier', 'fusil-de-precision'),
('limier', 'fusil-ionique'),
('limier', 'fusil-laser'),
('limier', 'fusil-laser-precis'),
('limier', 'fusil-plasma-lourd'),
('limier', 'gourdin'),
('limier', 'grenade-flash'),
('limier', 'grenade-frag'),
('limier', 'grenade-fumigene'),
('limier', 'grenade-plasma'),
('limier', 'grenade-sonique'),
('limier', 'javeline'),
('limier', 'lame-laser'),
('limier', 'lame-legere'),
('limier', 'lame-moleculaire'),
('limier', 'lance-grenade'),
('limier', 'lance-plasmique'),
('limier', 'logiciel-bd'),
('limier', 'logiciel-de-pointe'),
('limier', 'machette-hachette'),
('limier', 'mains-nues'),
('limier', 'maison-particuliere'),
('limier', 'matraque-sonique'),
('limier', 'medkit'),
('limier', 'mitrailleuse-lourde'),
('limier', 'ordinateur-personnel'),
('limier', 'pistolet-a-impulsion'),
('limier', 'pistolet-a-plasma'),
('limier', 'pistolet-ionique'),
('limier', 'pistolet-laser'),
('limier', 'pistolet-leger'),
('limier', 'pistolet-lourd'),
('limier', 'poing-americain'),
('limier', 'radio-portative'),
('limier', 'restaurant-correct'),
('limier', 'restaurant-familial'),
('limier', 'restaurant-luxe'),
('limier', 'robot-assassin'),
('limier', 'robot-de-loisir'),
('limier', 'robot-domestique'),
('limier', 'robot-exploration'),
('limier', 'robot-maintenance'),
('limier', 'robot-medical'),
('limier', 'robot-minier'),
('limier', 'robot-protocolaire'),
('limier', 'robot-soldat'),
('limier', 'robot-surveillance'),
('limier', 'stimpack'),
('limier', 'suite-de-luxe'),
('limier', 'traducteur-universel'),
('limier', 'trousse-1er-secours'),
('limier', 'trousse-a-outils'),
('limier', 'unite-hab-mini'),
('limier', 'unite-hab-moy'),
('limier', 'unite-hab-sup'),
('limier', 'vapo-autodefense'),
('limier', 'veste-blindee'),
('limier', 'vetements-a-la-mode'),
('limier', 'vetements-courants'),
('limier', 'vetements-de-luxe'),
('limier', 'vetements-de-recup'),
('limier', 'vetements-de-sport'),
('limier', 'vetements-discrets'),
('limier', 'vetements-renforces'),
('limier', 'vetements-sur-mesure'),
('mecanicien', 'analyseur-de-minerai'),
('mecanicien', 'analyseur-eauair'),
('mecanicien', 'antirads'),
('mecanicien', 'arc'),
('mecanicien', 'arc-a-poulie'),
('mecanicien', 'armure-de-combat'),
('mecanicien', 'armure-legere'),
('mecanicien', 'autodoc'),
('mecanicien', 'autre'),
('mecanicien', 'baton-a-impulsion'),
('mecanicien', 'baton-ferre'),
('mecanicien', 'biocicatrisant'),
('mecanicien', 'bottes-magnetiques'),
('mecanicien', 'brise-code'),
('mecanicien', 'brise-code-qualite'),
('mecanicien', 'chambre-bus-nuit'),
('mecanicien', 'chambre-eco-nuit'),
('mecanicien', 'chambre-sup-nuit'),
('mecanicien', 'champ-laser'),
('mecanicien', 'champ-multifonction'),
('mecanicien', 'champ-plasma'),
('mecanicien', 'combi-extra'),
('mecanicien', 'combi-intra'),
('mecanicien', 'costume-complet'),
('mecanicien', 'couteau-de-cuisine'),
('mecanicien', 'couteau-de-lancer'),
('mecanicien', 'dague-choc'),
('mecanicien', 'detect-radiations'),
('mecanicien', 'dortoir-nuit'),
('mecanicien', 'drone-de-combat'),
('mecanicien', 'drone-espion'),
('mecanicien', 'drone-exploration'),
('mecanicien', 'drone-miniature'),
('mecanicien', 'drone-minier'),
('mecanicien', 'drone-surveillance'),
('mecanicien', 'drone-volant'),
('mecanicien', 'fast-street-food'),
('mecanicien', 'filtre-respiratoire'),
('mecanicien', 'fronde'),
('mecanicien', 'fusil-a-impulsion'),
('mecanicien', 'fusil-a-plasma'),
('mecanicien', 'fusil-a-pompe'),
('mecanicien', 'fusil-dassaut'),
('mecanicien', 'fusil-de-precision'),
('mecanicien', 'fusil-ionique'),
('mecanicien', 'fusil-laser'),
('mecanicien', 'fusil-laser-precis'),
('mecanicien', 'fusil-plasma-lourd'),
('mecanicien', 'gourdin'),
('mecanicien', 'grenade-flash'),
('mecanicien', 'grenade-frag'),
('mecanicien', 'grenade-fumigene'),
('mecanicien', 'grenade-plasma'),
('mecanicien', 'grenade-sonique'),
('mecanicien', 'javeline'),
('mecanicien', 'lame-laser'),
('mecanicien', 'lame-legere'),
('mecanicien', 'lame-moleculaire'),
('mecanicien', 'lance-grenade'),
('mecanicien', 'lance-plasmique'),
('mecanicien', 'logiciel-bd'),
('mecanicien', 'logiciel-de-pointe'),
('mecanicien', 'machette-hachette');
INSERT INTO `cog_profils_maitrises` (`profil`, `equipement`) VALUES
('mecanicien', 'mains-nues'),
('mecanicien', 'maison-particuliere'),
('mecanicien', 'matraque-sonique'),
('mecanicien', 'medkit'),
('mecanicien', 'mitrailleuse-lourde'),
('mecanicien', 'ordinateur-personnel'),
('mecanicien', 'pistolet-a-impulsion'),
('mecanicien', 'pistolet-a-plasma'),
('mecanicien', 'pistolet-ionique'),
('mecanicien', 'pistolet-laser'),
('mecanicien', 'pistolet-leger'),
('mecanicien', 'pistolet-lourd'),
('mecanicien', 'poing-americain'),
('mecanicien', 'radio-portative'),
('mecanicien', 'restaurant-correct'),
('mecanicien', 'restaurant-familial'),
('mecanicien', 'restaurant-luxe'),
('mecanicien', 'robot-assassin'),
('mecanicien', 'robot-de-loisir'),
('mecanicien', 'robot-domestique'),
('mecanicien', 'robot-exploration'),
('mecanicien', 'robot-maintenance'),
('mecanicien', 'robot-medical'),
('mecanicien', 'robot-minier'),
('mecanicien', 'robot-protocolaire'),
('mecanicien', 'robot-soldat'),
('mecanicien', 'robot-surveillance'),
('mecanicien', 'stimpack'),
('mecanicien', 'suite-de-luxe'),
('mecanicien', 'traducteur-universel'),
('mecanicien', 'trousse-1er-secours'),
('mecanicien', 'trousse-a-outils'),
('mecanicien', 'unite-hab-mini'),
('mecanicien', 'unite-hab-moy'),
('mecanicien', 'unite-hab-sup'),
('mecanicien', 'vapo-autodefense'),
('mecanicien', 'veste-blindee'),
('mecanicien', 'vetements-a-la-mode'),
('mecanicien', 'vetements-courants'),
('mecanicien', 'vetements-de-luxe'),
('mecanicien', 'vetements-de-recup'),
('mecanicien', 'vetements-de-sport'),
('mecanicien', 'vetements-discrets'),
('mecanicien', 'vetements-renforces'),
('mecanicien', 'vetements-sur-mesure'),
('medecin', 'analyseur-de-minerai'),
('medecin', 'analyseur-eauair'),
('medecin', 'antirads'),
('medecin', 'arc'),
('medecin', 'arc-a-poulie'),
('medecin', 'armure-de-combat'),
('medecin', 'armure-legere'),
('medecin', 'autodoc'),
('medecin', 'autre'),
('medecin', 'baton-a-impulsion'),
('medecin', 'baton-ferre'),
('medecin', 'biocicatrisant'),
('medecin', 'bottes-magnetiques'),
('medecin', 'brise-code'),
('medecin', 'brise-code-qualite'),
('medecin', 'chambre-bus-nuit'),
('medecin', 'chambre-eco-nuit'),
('medecin', 'chambre-sup-nuit'),
('medecin', 'champ-laser'),
('medecin', 'champ-multifonction'),
('medecin', 'champ-plasma'),
('medecin', 'combi-extra'),
('medecin', 'combi-intra'),
('medecin', 'costume-complet'),
('medecin', 'couteau-de-cuisine'),
('medecin', 'couteau-de-lancer'),
('medecin', 'dague-choc'),
('medecin', 'detect-radiations'),
('medecin', 'dortoir-nuit'),
('medecin', 'drone-de-combat'),
('medecin', 'drone-espion'),
('medecin', 'drone-exploration'),
('medecin', 'drone-miniature'),
('medecin', 'drone-minier'),
('medecin', 'drone-surveillance'),
('medecin', 'drone-volant'),
('medecin', 'fast-street-food'),
('medecin', 'filtre-respiratoire'),
('medecin', 'fronde'),
('medecin', 'fusil-a-impulsion'),
('medecin', 'fusil-a-plasma'),
('medecin', 'fusil-a-pompe'),
('medecin', 'fusil-dassaut'),
('medecin', 'fusil-de-precision'),
('medecin', 'fusil-ionique'),
('medecin', 'fusil-laser'),
('medecin', 'fusil-laser-precis'),
('medecin', 'fusil-plasma-lourd'),
('medecin', 'gourdin'),
('medecin', 'grenade-flash'),
('medecin', 'grenade-frag'),
('medecin', 'grenade-fumigene'),
('medecin', 'grenade-plasma'),
('medecin', 'grenade-sonique'),
('medecin', 'javeline'),
('medecin', 'lame-laser'),
('medecin', 'lame-legere'),
('medecin', 'lame-moleculaire'),
('medecin', 'lance-grenade'),
('medecin', 'lance-plasmique'),
('medecin', 'logiciel-bd'),
('medecin', 'logiciel-de-pointe'),
('medecin', 'machette-hachette'),
('medecin', 'mains-nues'),
('medecin', 'maison-particuliere'),
('medecin', 'matraque-sonique'),
('medecin', 'medkit'),
('medecin', 'mitrailleuse-lourde'),
('medecin', 'ordinateur-personnel'),
('medecin', 'pistolet-a-impulsion'),
('medecin', 'pistolet-a-plasma'),
('medecin', 'pistolet-ionique'),
('medecin', 'pistolet-laser'),
('medecin', 'pistolet-leger'),
('medecin', 'pistolet-lourd'),
('medecin', 'poing-americain'),
('medecin', 'radio-portative'),
('medecin', 'restaurant-correct'),
('medecin', 'restaurant-familial'),
('medecin', 'restaurant-luxe'),
('medecin', 'robot-assassin'),
('medecin', 'robot-de-loisir'),
('medecin', 'robot-domestique'),
('medecin', 'robot-exploration'),
('medecin', 'robot-maintenance'),
('medecin', 'robot-medical'),
('medecin', 'robot-minier'),
('medecin', 'robot-protocolaire'),
('medecin', 'robot-soldat'),
('medecin', 'robot-surveillance'),
('medecin', 'stimpack'),
('medecin', 'suite-de-luxe'),
('medecin', 'traducteur-universel'),
('medecin', 'trousse-1er-secours'),
('medecin', 'trousse-a-outils'),
('medecin', 'unite-hab-mini'),
('medecin', 'unite-hab-moy'),
('medecin', 'unite-hab-sup'),
('medecin', 'vapo-autodefense'),
('medecin', 'veste-blindee'),
('medecin', 'vetements-a-la-mode'),
('medecin', 'vetements-courants'),
('medecin', 'vetements-de-luxe'),
('medecin', 'vetements-de-recup'),
('medecin', 'vetements-de-sport'),
('medecin', 'vetements-discrets'),
('medecin', 'vetements-renforces'),
('medecin', 'vetements-sur-mesure'),
('mentat', 'analyseur-de-minerai'),
('mentat', 'analyseur-eauair'),
('mentat', 'antirads'),
('mentat', 'arc'),
('mentat', 'arc-a-poulie'),
('mentat', 'armure-de-combat'),
('mentat', 'armure-legere'),
('mentat', 'autodoc'),
('mentat', 'autre'),
('mentat', 'baton-a-impulsion'),
('mentat', 'baton-ferre'),
('mentat', 'biocicatrisant'),
('mentat', 'bottes-magnetiques'),
('mentat', 'brise-code'),
('mentat', 'brise-code-qualite'),
('mentat', 'chambre-bus-nuit'),
('mentat', 'chambre-eco-nuit'),
('mentat', 'chambre-sup-nuit'),
('mentat', 'champ-laser'),
('mentat', 'champ-multifonction'),
('mentat', 'champ-plasma'),
('mentat', 'combi-extra'),
('mentat', 'combi-intra'),
('mentat', 'costume-complet'),
('mentat', 'couteau-de-cuisine'),
('mentat', 'couteau-de-lancer'),
('mentat', 'dague-choc'),
('mentat', 'detect-radiations'),
('mentat', 'dortoir-nuit'),
('mentat', 'drone-de-combat'),
('mentat', 'drone-espion'),
('mentat', 'drone-exploration'),
('mentat', 'drone-miniature'),
('mentat', 'drone-minier'),
('mentat', 'drone-surveillance'),
('mentat', 'drone-volant'),
('mentat', 'fast-street-food'),
('mentat', 'filtre-respiratoire'),
('mentat', 'fronde'),
('mentat', 'fusil-a-impulsion'),
('mentat', 'fusil-a-plasma'),
('mentat', 'fusil-a-pompe'),
('mentat', 'fusil-dassaut'),
('mentat', 'fusil-de-precision'),
('mentat', 'fusil-ionique'),
('mentat', 'fusil-laser'),
('mentat', 'fusil-laser-precis'),
('mentat', 'fusil-plasma-lourd'),
('mentat', 'gourdin'),
('mentat', 'grenade-flash'),
('mentat', 'grenade-frag'),
('mentat', 'grenade-fumigene'),
('mentat', 'grenade-plasma'),
('mentat', 'grenade-sonique'),
('mentat', 'javeline'),
('mentat', 'lame-laser'),
('mentat', 'lame-legere'),
('mentat', 'lame-moleculaire'),
('mentat', 'lance-grenade'),
('mentat', 'lance-plasmique'),
('mentat', 'logiciel-bd'),
('mentat', 'logiciel-de-pointe'),
('mentat', 'machette-hachette'),
('mentat', 'mains-nues'),
('mentat', 'maison-particuliere'),
('mentat', 'matraque-sonique'),
('mentat', 'medkit'),
('mentat', 'mitrailleuse-lourde'),
('mentat', 'ordinateur-personnel'),
('mentat', 'pistolet-a-impulsion'),
('mentat', 'pistolet-a-plasma'),
('mentat', 'pistolet-ionique'),
('mentat', 'pistolet-laser'),
('mentat', 'pistolet-leger'),
('mentat', 'pistolet-lourd'),
('mentat', 'poing-americain'),
('mentat', 'radio-portative'),
('mentat', 'restaurant-correct'),
('mentat', 'restaurant-familial'),
('mentat', 'restaurant-luxe'),
('mentat', 'robot-assassin'),
('mentat', 'robot-de-loisir'),
('mentat', 'robot-domestique'),
('mentat', 'robot-exploration'),
('mentat', 'robot-maintenance'),
('mentat', 'robot-medical'),
('mentat', 'robot-minier'),
('mentat', 'robot-protocolaire'),
('mentat', 'robot-soldat'),
('mentat', 'robot-surveillance'),
('mentat', 'stimpack'),
('mentat', 'suite-de-luxe'),
('mentat', 'traducteur-universel'),
('mentat', 'trousse-1er-secours'),
('mentat', 'trousse-a-outils'),
('mentat', 'unite-hab-mini'),
('mentat', 'unite-hab-moy'),
('mentat', 'unite-hab-sup'),
('mentat', 'vapo-autodefense'),
('mentat', 'veste-blindee'),
('mentat', 'vetements-a-la-mode'),
('mentat', 'vetements-courants'),
('mentat', 'vetements-de-luxe'),
('mentat', 'vetements-de-recup'),
('mentat', 'vetements-de-sport'),
('mentat', 'vetements-discrets'),
('mentat', 'vetements-renforces'),
('mentat', 'vetements-sur-mesure'),
('mercenaire', 'analyseur-de-minerai'),
('mercenaire', 'analyseur-eauair'),
('mercenaire', 'antirads'),
('mercenaire', 'arc'),
('mercenaire', 'arc-a-poulie'),
('mercenaire', 'armure-de-combat'),
('mercenaire', 'armure-legere'),
('mercenaire', 'autodoc'),
('mercenaire', 'autre'),
('mercenaire', 'baton-a-impulsion'),
('mercenaire', 'baton-ferre'),
('mercenaire', 'biocicatrisant'),
('mercenaire', 'bottes-magnetiques'),
('mercenaire', 'brise-code'),
('mercenaire', 'brise-code-qualite'),
('mercenaire', 'chambre-bus-nuit'),
('mercenaire', 'chambre-eco-nuit'),
('mercenaire', 'chambre-sup-nuit'),
('mercenaire', 'champ-laser'),
('mercenaire', 'champ-multifonction'),
('mercenaire', 'champ-plasma'),
('mercenaire', 'combi-extra'),
('mercenaire', 'combi-intra'),
('mercenaire', 'costume-complet'),
('mercenaire', 'couteau-de-cuisine'),
('mercenaire', 'couteau-de-lancer'),
('mercenaire', 'dague-choc'),
('mercenaire', 'detect-radiations'),
('mercenaire', 'dortoir-nuit'),
('mercenaire', 'drone-de-combat'),
('mercenaire', 'drone-espion'),
('mercenaire', 'drone-exploration'),
('mercenaire', 'drone-miniature'),
('mercenaire', 'drone-minier'),
('mercenaire', 'drone-surveillance'),
('mercenaire', 'drone-volant'),
('mercenaire', 'fast-street-food'),
('mercenaire', 'filtre-respiratoire'),
('mercenaire', 'fronde'),
('mercenaire', 'fusil-a-impulsion'),
('mercenaire', 'fusil-a-plasma'),
('mercenaire', 'fusil-a-pompe'),
('mercenaire', 'fusil-dassaut'),
('mercenaire', 'fusil-de-precision'),
('mercenaire', 'fusil-ionique'),
('mercenaire', 'fusil-laser'),
('mercenaire', 'fusil-laser-precis'),
('mercenaire', 'fusil-plasma-lourd'),
('mercenaire', 'gourdin'),
('mercenaire', 'grenade-flash'),
('mercenaire', 'grenade-frag'),
('mercenaire', 'grenade-fumigene'),
('mercenaire', 'grenade-plasma'),
('mercenaire', 'grenade-sonique'),
('mercenaire', 'javeline'),
('mercenaire', 'lame-laser'),
('mercenaire', 'lame-legere'),
('mercenaire', 'lame-moleculaire'),
('mercenaire', 'lance-grenade'),
('mercenaire', 'lance-plasmique'),
('mercenaire', 'logiciel-bd'),
('mercenaire', 'logiciel-de-pointe'),
('mercenaire', 'machette-hachette'),
('mercenaire', 'mains-nues'),
('mercenaire', 'maison-particuliere'),
('mercenaire', 'matraque-sonique'),
('mercenaire', 'medkit'),
('mercenaire', 'mitrailleuse-lourde'),
('mercenaire', 'ordinateur-personnel'),
('mercenaire', 'pistolet-a-impulsion'),
('mercenaire', 'pistolet-a-plasma'),
('mercenaire', 'pistolet-ionique'),
('mercenaire', 'pistolet-laser'),
('mercenaire', 'pistolet-leger'),
('mercenaire', 'pistolet-lourd'),
('mercenaire', 'poing-americain'),
('mercenaire', 'radio-portative'),
('mercenaire', 'restaurant-correct'),
('mercenaire', 'restaurant-familial'),
('mercenaire', 'restaurant-luxe'),
('mercenaire', 'robot-assassin'),
('mercenaire', 'robot-de-loisir'),
('mercenaire', 'robot-domestique'),
('mercenaire', 'robot-exploration'),
('mercenaire', 'robot-maintenance'),
('mercenaire', 'robot-medical'),
('mercenaire', 'robot-minier'),
('mercenaire', 'robot-protocolaire'),
('mercenaire', 'robot-soldat'),
('mercenaire', 'robot-surveillance'),
('mercenaire', 'stimpack'),
('mercenaire', 'suite-de-luxe'),
('mercenaire', 'traducteur-universel'),
('mercenaire', 'trousse-1er-secours'),
('mercenaire', 'trousse-a-outils'),
('mercenaire', 'unite-hab-mini'),
('mercenaire', 'unite-hab-moy'),
('mercenaire', 'unite-hab-sup'),
('mercenaire', 'vapo-autodefense'),
('mercenaire', 'veste-blindee'),
('mercenaire', 'vetements-a-la-mode'),
('mercenaire', 'vetements-courants'),
('mercenaire', 'vetements-de-luxe'),
('mercenaire', 'vetements-de-recup'),
('mercenaire', 'vetements-de-sport'),
('mercenaire', 'vetements-discrets'),
('mercenaire', 'vetements-renforces'),
('mercenaire', 'vetements-sur-mesure'),
('missionnaire', 'analyseur-de-minerai'),
('missionnaire', 'analyseur-eauair'),
('missionnaire', 'antirads'),
('missionnaire', 'arc'),
('missionnaire', 'arc-a-poulie'),
('missionnaire', 'armure-de-combat'),
('missionnaire', 'armure-legere'),
('missionnaire', 'autodoc'),
('missionnaire', 'autre'),
('missionnaire', 'baton-a-impulsion'),
('missionnaire', 'baton-ferre'),
('missionnaire', 'biocicatrisant'),
('missionnaire', 'bottes-magnetiques'),
('missionnaire', 'brise-code'),
('missionnaire', 'brise-code-qualite'),
('missionnaire', 'chambre-bus-nuit'),
('missionnaire', 'chambre-eco-nuit'),
('missionnaire', 'chambre-sup-nuit'),
('missionnaire', 'champ-laser'),
('missionnaire', 'champ-multifonction'),
('missionnaire', 'champ-plasma'),
('missionnaire', 'combi-extra'),
('missionnaire', 'combi-intra'),
('missionnaire', 'costume-complet'),
('missionnaire', 'couteau-de-cuisine'),
('missionnaire', 'couteau-de-lancer'),
('missionnaire', 'dague-choc'),
('missionnaire', 'detect-radiations'),
('missionnaire', 'dortoir-nuit'),
('missionnaire', 'drone-de-combat'),
('missionnaire', 'drone-espion'),
('missionnaire', 'drone-exploration'),
('missionnaire', 'drone-miniature'),
('missionnaire', 'drone-minier'),
('missionnaire', 'drone-surveillance'),
('missionnaire', 'drone-volant'),
('missionnaire', 'fast-street-food'),
('missionnaire', 'filtre-respiratoire'),
('missionnaire', 'fronde'),
('missionnaire', 'fusil-a-impulsion'),
('missionnaire', 'fusil-a-plasma'),
('missionnaire', 'fusil-a-pompe'),
('missionnaire', 'fusil-dassaut'),
('missionnaire', 'fusil-de-precision'),
('missionnaire', 'fusil-ionique'),
('missionnaire', 'fusil-laser'),
('missionnaire', 'fusil-laser-precis'),
('missionnaire', 'fusil-plasma-lourd'),
('missionnaire', 'gourdin'),
('missionnaire', 'grenade-flash'),
('missionnaire', 'grenade-frag'),
('missionnaire', 'grenade-fumigene'),
('missionnaire', 'grenade-plasma'),
('missionnaire', 'grenade-sonique'),
('missionnaire', 'javeline'),
('missionnaire', 'lame-laser'),
('missionnaire', 'lame-legere'),
('missionnaire', 'lame-moleculaire'),
('missionnaire', 'lance-grenade'),
('missionnaire', 'lance-plasmique'),
('missionnaire', 'logiciel-bd'),
('missionnaire', 'logiciel-de-pointe'),
('missionnaire', 'machette-hachette'),
('missionnaire', 'mains-nues'),
('missionnaire', 'maison-particuliere'),
('missionnaire', 'matraque-sonique'),
('missionnaire', 'medkit'),
('missionnaire', 'mitrailleuse-lourde'),
('missionnaire', 'ordinateur-personnel'),
('missionnaire', 'pistolet-a-impulsion'),
('missionnaire', 'pistolet-a-plasma'),
('missionnaire', 'pistolet-ionique'),
('missionnaire', 'pistolet-laser'),
('missionnaire', 'pistolet-leger'),
('missionnaire', 'pistolet-lourd'),
('missionnaire', 'poing-americain'),
('missionnaire', 'radio-portative'),
('missionnaire', 'restaurant-correct'),
('missionnaire', 'restaurant-familial'),
('missionnaire', 'restaurant-luxe'),
('missionnaire', 'robot-assassin'),
('missionnaire', 'robot-de-loisir'),
('missionnaire', 'robot-domestique'),
('missionnaire', 'robot-exploration'),
('missionnaire', 'robot-maintenance'),
('missionnaire', 'robot-medical'),
('missionnaire', 'robot-minier'),
('missionnaire', 'robot-protocolaire'),
('missionnaire', 'robot-soldat'),
('missionnaire', 'robot-surveillance'),
('missionnaire', 'stimpack'),
('missionnaire', 'suite-de-luxe'),
('missionnaire', 'traducteur-universel'),
('missionnaire', 'trousse-1er-secours'),
('missionnaire', 'trousse-a-outils'),
('missionnaire', 'unite-hab-mini'),
('missionnaire', 'unite-hab-moy'),
('missionnaire', 'unite-hab-sup'),
('missionnaire', 'vapo-autodefense'),
('missionnaire', 'veste-blindee'),
('missionnaire', 'vetements-a-la-mode'),
('missionnaire', 'vetements-courants'),
('missionnaire', 'vetements-de-luxe'),
('missionnaire', 'vetements-de-recup'),
('missionnaire', 'vetements-de-sport'),
('missionnaire', 'vetements-discrets'),
('missionnaire', 'vetements-renforces'),
('missionnaire', 'vetements-sur-mesure'),
('pilote-de-chasse', 'analyseur-de-minerai'),
('pilote-de-chasse', 'analyseur-eauair'),
('pilote-de-chasse', 'antirads'),
('pilote-de-chasse', 'arc'),
('pilote-de-chasse', 'arc-a-poulie'),
('pilote-de-chasse', 'armure-de-combat'),
('pilote-de-chasse', 'armure-legere'),
('pilote-de-chasse', 'autodoc'),
('pilote-de-chasse', 'autre'),
('pilote-de-chasse', 'baton-a-impulsion'),
('pilote-de-chasse', 'baton-ferre'),
('pilote-de-chasse', 'biocicatrisant'),
('pilote-de-chasse', 'bottes-magnetiques'),
('pilote-de-chasse', 'brise-code'),
('pilote-de-chasse', 'brise-code-qualite'),
('pilote-de-chasse', 'chambre-bus-nuit'),
('pilote-de-chasse', 'chambre-eco-nuit'),
('pilote-de-chasse', 'chambre-sup-nuit'),
('pilote-de-chasse', 'champ-laser'),
('pilote-de-chasse', 'champ-multifonction'),
('pilote-de-chasse', 'champ-plasma'),
('pilote-de-chasse', 'combi-extra'),
('pilote-de-chasse', 'combi-intra'),
('pilote-de-chasse', 'costume-complet'),
('pilote-de-chasse', 'couteau-de-cuisine'),
('pilote-de-chasse', 'couteau-de-lancer'),
('pilote-de-chasse', 'dague-choc'),
('pilote-de-chasse', 'detect-radiations'),
('pilote-de-chasse', 'dortoir-nuit'),
('pilote-de-chasse', 'drone-de-combat'),
('pilote-de-chasse', 'drone-espion'),
('pilote-de-chasse', 'drone-exploration'),
('pilote-de-chasse', 'drone-miniature'),
('pilote-de-chasse', 'drone-minier'),
('pilote-de-chasse', 'drone-surveillance'),
('pilote-de-chasse', 'drone-volant'),
('pilote-de-chasse', 'fast-street-food'),
('pilote-de-chasse', 'filtre-respiratoire'),
('pilote-de-chasse', 'fronde'),
('pilote-de-chasse', 'fusil-a-impulsion'),
('pilote-de-chasse', 'fusil-a-plasma'),
('pilote-de-chasse', 'fusil-a-pompe'),
('pilote-de-chasse', 'fusil-dassaut'),
('pilote-de-chasse', 'fusil-de-precision'),
('pilote-de-chasse', 'fusil-ionique'),
('pilote-de-chasse', 'fusil-laser'),
('pilote-de-chasse', 'fusil-laser-precis'),
('pilote-de-chasse', 'fusil-plasma-lourd'),
('pilote-de-chasse', 'gourdin'),
('pilote-de-chasse', 'grenade-flash'),
('pilote-de-chasse', 'grenade-frag'),
('pilote-de-chasse', 'grenade-fumigene'),
('pilote-de-chasse', 'grenade-plasma'),
('pilote-de-chasse', 'grenade-sonique'),
('pilote-de-chasse', 'javeline'),
('pilote-de-chasse', 'lame-laser'),
('pilote-de-chasse', 'lame-legere'),
('pilote-de-chasse', 'lame-moleculaire'),
('pilote-de-chasse', 'lance-grenade'),
('pilote-de-chasse', 'lance-plasmique'),
('pilote-de-chasse', 'logiciel-bd'),
('pilote-de-chasse', 'logiciel-de-pointe'),
('pilote-de-chasse', 'machette-hachette'),
('pilote-de-chasse', 'mains-nues'),
('pilote-de-chasse', 'maison-particuliere'),
('pilote-de-chasse', 'matraque-sonique'),
('pilote-de-chasse', 'medkit'),
('pilote-de-chasse', 'mitrailleuse-lourde'),
('pilote-de-chasse', 'ordinateur-personnel'),
('pilote-de-chasse', 'pistolet-a-impulsion'),
('pilote-de-chasse', 'pistolet-a-plasma'),
('pilote-de-chasse', 'pistolet-ionique'),
('pilote-de-chasse', 'pistolet-laser'),
('pilote-de-chasse', 'pistolet-leger'),
('pilote-de-chasse', 'pistolet-lourd'),
('pilote-de-chasse', 'poing-americain'),
('pilote-de-chasse', 'radio-portative'),
('pilote-de-chasse', 'restaurant-correct'),
('pilote-de-chasse', 'restaurant-familial'),
('pilote-de-chasse', 'restaurant-luxe'),
('pilote-de-chasse', 'robot-assassin'),
('pilote-de-chasse', 'robot-de-loisir'),
('pilote-de-chasse', 'robot-domestique'),
('pilote-de-chasse', 'robot-exploration'),
('pilote-de-chasse', 'robot-maintenance'),
('pilote-de-chasse', 'robot-medical'),
('pilote-de-chasse', 'robot-minier'),
('pilote-de-chasse', 'robot-protocolaire'),
('pilote-de-chasse', 'robot-soldat'),
('pilote-de-chasse', 'robot-surveillance'),
('pilote-de-chasse', 'stimpack'),
('pilote-de-chasse', 'suite-de-luxe'),
('pilote-de-chasse', 'traducteur-universel'),
('pilote-de-chasse', 'trousse-1er-secours'),
('pilote-de-chasse', 'trousse-a-outils'),
('pilote-de-chasse', 'unite-hab-mini'),
('pilote-de-chasse', 'unite-hab-moy'),
('pilote-de-chasse', 'unite-hab-sup'),
('pilote-de-chasse', 'vapo-autodefense'),
('pilote-de-chasse', 'veste-blindee'),
('pilote-de-chasse', 'vetements-a-la-mode'),
('pilote-de-chasse', 'vetements-courants'),
('pilote-de-chasse', 'vetements-de-luxe'),
('pilote-de-chasse', 'vetements-de-recup'),
('pilote-de-chasse', 'vetements-de-sport'),
('pilote-de-chasse', 'vetements-discrets'),
('pilote-de-chasse', 'vetements-renforces'),
('pilote-de-chasse', 'vetements-sur-mesure'),
('pirate', 'analyseur-de-minerai'),
('pirate', 'analyseur-eauair'),
('pirate', 'antirads'),
('pirate', 'arc'),
('pirate', 'arc-a-poulie'),
('pirate', 'armure-de-combat'),
('pirate', 'armure-legere'),
('pirate', 'autodoc'),
('pirate', 'autre'),
('pirate', 'baton-a-impulsion'),
('pirate', 'baton-ferre'),
('pirate', 'biocicatrisant'),
('pirate', 'bottes-magnetiques'),
('pirate', 'brise-code'),
('pirate', 'brise-code-qualite'),
('pirate', 'chambre-bus-nuit'),
('pirate', 'chambre-eco-nuit'),
('pirate', 'chambre-sup-nuit'),
('pirate', 'champ-laser'),
('pirate', 'champ-multifonction'),
('pirate', 'champ-plasma'),
('pirate', 'combi-extra'),
('pirate', 'combi-intra'),
('pirate', 'costume-complet'),
('pirate', 'couteau-de-cuisine'),
('pirate', 'couteau-de-lancer'),
('pirate', 'dague-choc'),
('pirate', 'detect-radiations'),
('pirate', 'dortoir-nuit'),
('pirate', 'drone-de-combat'),
('pirate', 'drone-espion'),
('pirate', 'drone-exploration'),
('pirate', 'drone-miniature'),
('pirate', 'drone-minier'),
('pirate', 'drone-surveillance'),
('pirate', 'drone-volant'),
('pirate', 'fast-street-food'),
('pirate', 'filtre-respiratoire'),
('pirate', 'fronde'),
('pirate', 'fusil-a-impulsion'),
('pirate', 'fusil-a-plasma'),
('pirate', 'fusil-a-pompe'),
('pirate', 'fusil-dassaut'),
('pirate', 'fusil-de-precision'),
('pirate', 'fusil-ionique'),
('pirate', 'fusil-laser'),
('pirate', 'fusil-laser-precis'),
('pirate', 'fusil-plasma-lourd'),
('pirate', 'gourdin'),
('pirate', 'grenade-flash'),
('pirate', 'grenade-frag'),
('pirate', 'grenade-fumigene'),
('pirate', 'grenade-plasma'),
('pirate', 'grenade-sonique'),
('pirate', 'javeline'),
('pirate', 'lame-laser'),
('pirate', 'lame-legere'),
('pirate', 'lame-moleculaire'),
('pirate', 'lance-grenade'),
('pirate', 'lance-plasmique'),
('pirate', 'logiciel-bd'),
('pirate', 'logiciel-de-pointe'),
('pirate', 'machette-hachette'),
('pirate', 'mains-nues'),
('pirate', 'maison-particuliere'),
('pirate', 'matraque-sonique'),
('pirate', 'medkit'),
('pirate', 'mitrailleuse-lourde'),
('pirate', 'ordinateur-personnel'),
('pirate', 'pistolet-a-impulsion'),
('pirate', 'pistolet-a-plasma'),
('pirate', 'pistolet-ionique'),
('pirate', 'pistolet-laser'),
('pirate', 'pistolet-leger'),
('pirate', 'pistolet-lourd'),
('pirate', 'poing-americain'),
('pirate', 'radio-portative'),
('pirate', 'restaurant-correct'),
('pirate', 'restaurant-familial'),
('pirate', 'restaurant-luxe'),
('pirate', 'robot-assassin'),
('pirate', 'robot-de-loisir'),
('pirate', 'robot-domestique'),
('pirate', 'robot-exploration'),
('pirate', 'robot-maintenance'),
('pirate', 'robot-medical'),
('pirate', 'robot-minier'),
('pirate', 'robot-protocolaire'),
('pirate', 'robot-soldat'),
('pirate', 'robot-surveillance'),
('pirate', 'stimpack'),
('pirate', 'suite-de-luxe'),
('pirate', 'traducteur-universel'),
('pirate', 'trousse-1er-secours'),
('pirate', 'trousse-a-outils'),
('pirate', 'unite-hab-mini'),
('pirate', 'unite-hab-moy'),
('pirate', 'unite-hab-sup'),
('pirate', 'vapo-autodefense'),
('pirate', 'veste-blindee'),
('pirate', 'vetements-a-la-mode'),
('pirate', 'vetements-courants'),
('pirate', 'vetements-de-luxe'),
('pirate', 'vetements-de-recup'),
('pirate', 'vetements-de-sport'),
('pirate', 'vetements-discrets'),
('pirate', 'vetements-renforces'),
('pirate', 'vetements-sur-mesure'),
('prescient', 'analyseur-de-minerai'),
('prescient', 'analyseur-eauair'),
('prescient', 'antirads'),
('prescient', 'arc'),
('prescient', 'arc-a-poulie'),
('prescient', 'armure-de-combat'),
('prescient', 'armure-legere'),
('prescient', 'autodoc'),
('prescient', 'autre'),
('prescient', 'baton-a-impulsion'),
('prescient', 'baton-ferre'),
('prescient', 'biocicatrisant'),
('prescient', 'bottes-magnetiques'),
('prescient', 'brise-code'),
('prescient', 'brise-code-qualite'),
('prescient', 'chambre-bus-nuit'),
('prescient', 'chambre-eco-nuit'),
('prescient', 'chambre-sup-nuit'),
('prescient', 'champ-laser'),
('prescient', 'champ-multifonction'),
('prescient', 'champ-plasma'),
('prescient', 'combi-extra'),
('prescient', 'combi-intra'),
('prescient', 'costume-complet'),
('prescient', 'couteau-de-cuisine'),
('prescient', 'couteau-de-lancer'),
('prescient', 'dague-choc'),
('prescient', 'detect-radiations'),
('prescient', 'dortoir-nuit'),
('prescient', 'drone-de-combat'),
('prescient', 'drone-espion'),
('prescient', 'drone-exploration'),
('prescient', 'drone-miniature'),
('prescient', 'drone-minier'),
('prescient', 'drone-surveillance'),
('prescient', 'drone-volant'),
('prescient', 'fast-street-food'),
('prescient', 'filtre-respiratoire'),
('prescient', 'fronde'),
('prescient', 'fusil-a-impulsion'),
('prescient', 'fusil-a-plasma'),
('prescient', 'fusil-a-pompe'),
('prescient', 'fusil-dassaut'),
('prescient', 'fusil-de-precision'),
('prescient', 'fusil-ionique'),
('prescient', 'fusil-laser'),
('prescient', 'fusil-laser-precis'),
('prescient', 'fusil-plasma-lourd'),
('prescient', 'gourdin'),
('prescient', 'grenade-flash'),
('prescient', 'grenade-frag'),
('prescient', 'grenade-fumigene'),
('prescient', 'grenade-plasma'),
('prescient', 'grenade-sonique'),
('prescient', 'javeline'),
('prescient', 'lame-laser'),
('prescient', 'lame-legere'),
('prescient', 'lame-moleculaire'),
('prescient', 'lance-grenade'),
('prescient', 'lance-plasmique'),
('prescient', 'logiciel-bd'),
('prescient', 'logiciel-de-pointe'),
('prescient', 'machette-hachette'),
('prescient', 'mains-nues'),
('prescient', 'maison-particuliere'),
('prescient', 'matraque-sonique'),
('prescient', 'medkit'),
('prescient', 'mitrailleuse-lourde'),
('prescient', 'ordinateur-personnel'),
('prescient', 'pistolet-a-impulsion'),
('prescient', 'pistolet-a-plasma'),
('prescient', 'pistolet-ionique'),
('prescient', 'pistolet-laser'),
('prescient', 'pistolet-leger'),
('prescient', 'pistolet-lourd'),
('prescient', 'poing-americain'),
('prescient', 'radio-portative'),
('prescient', 'restaurant-correct'),
('prescient', 'restaurant-familial'),
('prescient', 'restaurant-luxe'),
('prescient', 'robot-assassin'),
('prescient', 'robot-de-loisir'),
('prescient', 'robot-domestique'),
('prescient', 'robot-exploration'),
('prescient', 'robot-maintenance'),
('prescient', 'robot-medical'),
('prescient', 'robot-minier'),
('prescient', 'robot-protocolaire'),
('prescient', 'robot-soldat'),
('prescient', 'robot-surveillance'),
('prescient', 'stimpack'),
('prescient', 'suite-de-luxe'),
('prescient', 'traducteur-universel'),
('prescient', 'trousse-1er-secours'),
('prescient', 'trousse-a-outils'),
('prescient', 'unite-hab-mini'),
('prescient', 'unite-hab-moy'),
('prescient', 'unite-hab-sup'),
('prescient', 'vapo-autodefense'),
('prescient', 'veste-blindee'),
('prescient', 'vetements-a-la-mode'),
('prescient', 'vetements-courants'),
('prescient', 'vetements-de-luxe'),
('prescient', 'vetements-de-recup'),
('prescient', 'vetements-de-sport'),
('prescient', 'vetements-discrets'),
('prescient', 'vetements-renforces'),
('prescient', 'vetements-sur-mesure'),
('psiker', 'analyseur-de-minerai'),
('psiker', 'analyseur-eauair'),
('psiker', 'antirads'),
('psiker', 'arc'),
('psiker', 'arc-a-poulie'),
('psiker', 'armure-de-combat'),
('psiker', 'armure-legere'),
('psiker', 'autodoc'),
('psiker', 'autre'),
('psiker', 'baton-a-impulsion'),
('psiker', 'baton-ferre'),
('psiker', 'biocicatrisant'),
('psiker', 'bottes-magnetiques'),
('psiker', 'brise-code'),
('psiker', 'brise-code-qualite'),
('psiker', 'chambre-bus-nuit'),
('psiker', 'chambre-eco-nuit'),
('psiker', 'chambre-sup-nuit'),
('psiker', 'champ-laser'),
('psiker', 'champ-multifonction'),
('psiker', 'champ-plasma'),
('psiker', 'combi-extra'),
('psiker', 'combi-intra'),
('psiker', 'costume-complet'),
('psiker', 'couteau-de-cuisine'),
('psiker', 'couteau-de-lancer'),
('psiker', 'dague-choc'),
('psiker', 'detect-radiations'),
('psiker', 'dortoir-nuit'),
('psiker', 'drone-de-combat'),
('psiker', 'drone-espion'),
('psiker', 'drone-exploration'),
('psiker', 'drone-miniature'),
('psiker', 'drone-minier'),
('psiker', 'drone-surveillance'),
('psiker', 'drone-volant'),
('psiker', 'fast-street-food'),
('psiker', 'filtre-respiratoire'),
('psiker', 'fronde'),
('psiker', 'fusil-a-impulsion'),
('psiker', 'fusil-a-plasma'),
('psiker', 'fusil-a-pompe'),
('psiker', 'fusil-dassaut'),
('psiker', 'fusil-de-precision'),
('psiker', 'fusil-ionique'),
('psiker', 'fusil-laser'),
('psiker', 'fusil-laser-precis'),
('psiker', 'fusil-plasma-lourd'),
('psiker', 'gourdin'),
('psiker', 'grenade-flash'),
('psiker', 'grenade-frag'),
('psiker', 'grenade-fumigene'),
('psiker', 'grenade-plasma'),
('psiker', 'grenade-sonique'),
('psiker', 'javeline'),
('psiker', 'lame-laser'),
('psiker', 'lame-legere'),
('psiker', 'lame-moleculaire'),
('psiker', 'lance-grenade'),
('psiker', 'lance-plasmique'),
('psiker', 'logiciel-bd'),
('psiker', 'logiciel-de-pointe'),
('psiker', 'machette-hachette'),
('psiker', 'mains-nues'),
('psiker', 'maison-particuliere'),
('psiker', 'matraque-sonique'),
('psiker', 'medkit'),
('psiker', 'mitrailleuse-lourde'),
('psiker', 'ordinateur-personnel'),
('psiker', 'pistolet-a-impulsion'),
('psiker', 'pistolet-a-plasma'),
('psiker', 'pistolet-ionique'),
('psiker', 'pistolet-laser'),
('psiker', 'pistolet-leger'),
('psiker', 'pistolet-lourd'),
('psiker', 'poing-americain'),
('psiker', 'radio-portative'),
('psiker', 'restaurant-correct'),
('psiker', 'restaurant-familial'),
('psiker', 'restaurant-luxe'),
('psiker', 'robot-assassin'),
('psiker', 'robot-de-loisir'),
('psiker', 'robot-domestique'),
('psiker', 'robot-exploration'),
('psiker', 'robot-maintenance'),
('psiker', 'robot-medical'),
('psiker', 'robot-minier'),
('psiker', 'robot-protocolaire'),
('psiker', 'robot-soldat'),
('psiker', 'robot-surveillance'),
('psiker', 'stimpack'),
('psiker', 'suite-de-luxe'),
('psiker', 'traducteur-universel'),
('psiker', 'trousse-1er-secours'),
('psiker', 'trousse-a-outils'),
('psiker', 'unite-hab-mini'),
('psiker', 'unite-hab-moy'),
('psiker', 'unite-hab-sup'),
('psiker', 'vapo-autodefense'),
('psiker', 'veste-blindee'),
('psiker', 'vetements-a-la-mode'),
('psiker', 'vetements-courants'),
('psiker', 'vetements-de-luxe'),
('psiker', 'vetements-de-recup'),
('psiker', 'vetements-de-sport'),
('psiker', 'vetements-discrets'),
('psiker', 'vetements-renforces'),
('psiker', 'vetements-sur-mesure'),
('psion', 'analyseur-de-minerai'),
('psion', 'analyseur-eauair'),
('psion', 'antirads'),
('psion', 'arc'),
('psion', 'arc-a-poulie'),
('psion', 'armure-de-combat'),
('psion', 'armure-legere'),
('psion', 'autodoc'),
('psion', 'autre'),
('psion', 'baton-a-impulsion'),
('psion', 'baton-ferre'),
('psion', 'biocicatrisant'),
('psion', 'bottes-magnetiques'),
('psion', 'brise-code'),
('psion', 'brise-code-qualite'),
('psion', 'chambre-bus-nuit'),
('psion', 'chambre-eco-nuit'),
('psion', 'chambre-sup-nuit'),
('psion', 'champ-laser'),
('psion', 'champ-multifonction'),
('psion', 'champ-plasma'),
('psion', 'combi-extra'),
('psion', 'combi-intra'),
('psion', 'costume-complet'),
('psion', 'couteau-de-cuisine'),
('psion', 'couteau-de-lancer'),
('psion', 'dague-choc'),
('psion', 'detect-radiations'),
('psion', 'dortoir-nuit'),
('psion', 'drone-de-combat'),
('psion', 'drone-espion'),
('psion', 'drone-exploration'),
('psion', 'drone-miniature'),
('psion', 'drone-minier'),
('psion', 'drone-surveillance'),
('psion', 'drone-volant'),
('psion', 'fast-street-food'),
('psion', 'filtre-respiratoire'),
('psion', 'fronde'),
('psion', 'fusil-a-impulsion'),
('psion', 'fusil-a-plasma'),
('psion', 'fusil-a-pompe'),
('psion', 'fusil-dassaut'),
('psion', 'fusil-de-precision'),
('psion', 'fusil-ionique'),
('psion', 'fusil-laser'),
('psion', 'fusil-laser-precis'),
('psion', 'fusil-plasma-lourd'),
('psion', 'gourdin'),
('psion', 'grenade-flash'),
('psion', 'grenade-frag'),
('psion', 'grenade-fumigene'),
('psion', 'grenade-plasma'),
('psion', 'grenade-sonique'),
('psion', 'javeline'),
('psion', 'lame-laser'),
('psion', 'lame-legere'),
('psion', 'lame-moleculaire'),
('psion', 'lance-grenade'),
('psion', 'lance-plasmique'),
('psion', 'logiciel-bd'),
('psion', 'logiciel-de-pointe'),
('psion', 'machette-hachette'),
('psion', 'mains-nues'),
('psion', 'maison-particuliere'),
('psion', 'matraque-sonique'),
('psion', 'medkit'),
('psion', 'mitrailleuse-lourde'),
('psion', 'ordinateur-personnel'),
('psion', 'pistolet-a-impulsion'),
('psion', 'pistolet-a-plasma'),
('psion', 'pistolet-ionique'),
('psion', 'pistolet-laser'),
('psion', 'pistolet-leger'),
('psion', 'pistolet-lourd'),
('psion', 'poing-americain'),
('psion', 'radio-portative'),
('psion', 'restaurant-correct'),
('psion', 'restaurant-familial'),
('psion', 'restaurant-luxe'),
('psion', 'robot-assassin'),
('psion', 'robot-de-loisir'),
('psion', 'robot-domestique'),
('psion', 'robot-exploration'),
('psion', 'robot-maintenance'),
('psion', 'robot-medical'),
('psion', 'robot-minier'),
('psion', 'robot-protocolaire'),
('psion', 'robot-soldat'),
('psion', 'robot-surveillance'),
('psion', 'stimpack'),
('psion', 'suite-de-luxe'),
('psion', 'traducteur-universel'),
('psion', 'trousse-1er-secours'),
('psion', 'trousse-a-outils'),
('psion', 'unite-hab-mini'),
('psion', 'unite-hab-moy'),
('psion', 'unite-hab-sup'),
('psion', 'vapo-autodefense'),
('psion', 'veste-blindee'),
('psion', 'vetements-a-la-mode'),
('psion', 'vetements-courants'),
('psion', 'vetements-de-luxe'),
('psion', 'vetements-de-recup'),
('psion', 'vetements-de-sport'),
('psion', 'vetements-discrets'),
('psion', 'vetements-renforces'),
('psion', 'vetements-sur-mesure'),
('psitech', 'analyseur-de-minerai'),
('psitech', 'analyseur-eauair'),
('psitech', 'antirads'),
('psitech', 'arc'),
('psitech', 'arc-a-poulie'),
('psitech', 'armure-de-combat'),
('psitech', 'armure-legere'),
('psitech', 'autodoc'),
('psitech', 'autre'),
('psitech', 'baton-a-impulsion'),
('psitech', 'baton-ferre'),
('psitech', 'biocicatrisant'),
('psitech', 'bottes-magnetiques'),
('psitech', 'brise-code'),
('psitech', 'brise-code-qualite'),
('psitech', 'chambre-bus-nuit'),
('psitech', 'chambre-eco-nuit'),
('psitech', 'chambre-sup-nuit'),
('psitech', 'champ-laser'),
('psitech', 'champ-multifonction'),
('psitech', 'champ-plasma'),
('psitech', 'combi-extra'),
('psitech', 'combi-intra'),
('psitech', 'costume-complet'),
('psitech', 'couteau-de-cuisine'),
('psitech', 'couteau-de-lancer'),
('psitech', 'dague-choc'),
('psitech', 'detect-radiations'),
('psitech', 'dortoir-nuit'),
('psitech', 'drone-de-combat'),
('psitech', 'drone-espion'),
('psitech', 'drone-exploration'),
('psitech', 'drone-miniature'),
('psitech', 'drone-minier'),
('psitech', 'drone-surveillance'),
('psitech', 'drone-volant'),
('psitech', 'fast-street-food'),
('psitech', 'filtre-respiratoire'),
('psitech', 'fronde'),
('psitech', 'fusil-a-impulsion'),
('psitech', 'fusil-a-plasma'),
('psitech', 'fusil-a-pompe'),
('psitech', 'fusil-dassaut'),
('psitech', 'fusil-de-precision'),
('psitech', 'fusil-ionique'),
('psitech', 'fusil-laser'),
('psitech', 'fusil-laser-precis'),
('psitech', 'fusil-plasma-lourd'),
('psitech', 'gourdin'),
('psitech', 'grenade-flash'),
('psitech', 'grenade-frag'),
('psitech', 'grenade-fumigene'),
('psitech', 'grenade-plasma'),
('psitech', 'grenade-sonique'),
('psitech', 'javeline'),
('psitech', 'lame-laser'),
('psitech', 'lame-legere'),
('psitech', 'lame-moleculaire'),
('psitech', 'lance-grenade'),
('psitech', 'lance-plasmique'),
('psitech', 'logiciel-bd'),
('psitech', 'logiciel-de-pointe'),
('psitech', 'machette-hachette'),
('psitech', 'mains-nues'),
('psitech', 'maison-particuliere'),
('psitech', 'matraque-sonique'),
('psitech', 'medkit'),
('psitech', 'mitrailleuse-lourde'),
('psitech', 'ordinateur-personnel'),
('psitech', 'pistolet-a-impulsion'),
('psitech', 'pistolet-a-plasma'),
('psitech', 'pistolet-ionique'),
('psitech', 'pistolet-laser'),
('psitech', 'pistolet-leger'),
('psitech', 'pistolet-lourd'),
('psitech', 'poing-americain'),
('psitech', 'radio-portative'),
('psitech', 'restaurant-correct'),
('psitech', 'restaurant-familial'),
('psitech', 'restaurant-luxe'),
('psitech', 'robot-assassin'),
('psitech', 'robot-de-loisir'),
('psitech', 'robot-domestique'),
('psitech', 'robot-exploration'),
('psitech', 'robot-maintenance'),
('psitech', 'robot-medical'),
('psitech', 'robot-minier'),
('psitech', 'robot-protocolaire'),
('psitech', 'robot-soldat'),
('psitech', 'robot-surveillance'),
('psitech', 'stimpack'),
('psitech', 'suite-de-luxe'),
('psitech', 'traducteur-universel'),
('psitech', 'trousse-1er-secours'),
('psitech', 'trousse-a-outils'),
('psitech', 'unite-hab-mini'),
('psitech', 'unite-hab-moy'),
('psitech', 'unite-hab-sup'),
('psitech', 'vapo-autodefense'),
('psitech', 'veste-blindee'),
('psitech', 'vetements-a-la-mode'),
('psitech', 'vetements-courants'),
('psitech', 'vetements-de-luxe'),
('psitech', 'vetements-de-recup'),
('psitech', 'vetements-de-sport'),
('psitech', 'vetements-discrets'),
('psitech', 'vetements-renforces'),
('psitech', 'vetements-sur-mesure'),
('recuperateur', 'analyseur-de-minerai'),
('recuperateur', 'analyseur-eauair'),
('recuperateur', 'antirads'),
('recuperateur', 'arc'),
('recuperateur', 'arc-a-poulie'),
('recuperateur', 'armure-de-combat'),
('recuperateur', 'armure-legere'),
('recuperateur', 'autodoc'),
('recuperateur', 'autre'),
('recuperateur', 'baton-a-impulsion'),
('recuperateur', 'baton-ferre'),
('recuperateur', 'biocicatrisant'),
('recuperateur', 'bottes-magnetiques'),
('recuperateur', 'brise-code'),
('recuperateur', 'brise-code-qualite'),
('recuperateur', 'chambre-bus-nuit'),
('recuperateur', 'chambre-eco-nuit'),
('recuperateur', 'chambre-sup-nuit'),
('recuperateur', 'champ-laser'),
('recuperateur', 'champ-multifonction'),
('recuperateur', 'champ-plasma'),
('recuperateur', 'combi-extra'),
('recuperateur', 'combi-intra'),
('recuperateur', 'costume-complet'),
('recuperateur', 'couteau-de-cuisine'),
('recuperateur', 'couteau-de-lancer'),
('recuperateur', 'dague-choc'),
('recuperateur', 'detect-radiations'),
('recuperateur', 'dortoir-nuit'),
('recuperateur', 'drone-de-combat'),
('recuperateur', 'drone-espion'),
('recuperateur', 'drone-exploration'),
('recuperateur', 'drone-miniature'),
('recuperateur', 'drone-minier'),
('recuperateur', 'drone-surveillance'),
('recuperateur', 'drone-volant'),
('recuperateur', 'fast-street-food'),
('recuperateur', 'filtre-respiratoire'),
('recuperateur', 'fronde'),
('recuperateur', 'fusil-a-impulsion'),
('recuperateur', 'fusil-a-plasma'),
('recuperateur', 'fusil-a-pompe'),
('recuperateur', 'fusil-dassaut'),
('recuperateur', 'fusil-de-precision'),
('recuperateur', 'fusil-ionique'),
('recuperateur', 'fusil-laser'),
('recuperateur', 'fusil-laser-precis'),
('recuperateur', 'fusil-plasma-lourd'),
('recuperateur', 'gourdin'),
('recuperateur', 'grenade-flash'),
('recuperateur', 'grenade-frag'),
('recuperateur', 'grenade-fumigene'),
('recuperateur', 'grenade-plasma'),
('recuperateur', 'grenade-sonique'),
('recuperateur', 'javeline'),
('recuperateur', 'lame-laser'),
('recuperateur', 'lame-legere'),
('recuperateur', 'lame-moleculaire'),
('recuperateur', 'lance-grenade'),
('recuperateur', 'lance-plasmique'),
('recuperateur', 'logiciel-bd'),
('recuperateur', 'logiciel-de-pointe'),
('recuperateur', 'machette-hachette'),
('recuperateur', 'mains-nues'),
('recuperateur', 'maison-particuliere'),
('recuperateur', 'matraque-sonique'),
('recuperateur', 'medkit'),
('recuperateur', 'mitrailleuse-lourde'),
('recuperateur', 'ordinateur-personnel'),
('recuperateur', 'pistolet-a-impulsion'),
('recuperateur', 'pistolet-a-plasma'),
('recuperateur', 'pistolet-ionique'),
('recuperateur', 'pistolet-laser'),
('recuperateur', 'pistolet-leger'),
('recuperateur', 'pistolet-lourd'),
('recuperateur', 'poing-americain'),
('recuperateur', 'radio-portative'),
('recuperateur', 'restaurant-correct'),
('recuperateur', 'restaurant-familial'),
('recuperateur', 'restaurant-luxe'),
('recuperateur', 'robot-assassin'),
('recuperateur', 'robot-de-loisir'),
('recuperateur', 'robot-domestique'),
('recuperateur', 'robot-exploration'),
('recuperateur', 'robot-maintenance'),
('recuperateur', 'robot-medical'),
('recuperateur', 'robot-minier'),
('recuperateur', 'robot-protocolaire'),
('recuperateur', 'robot-soldat'),
('recuperateur', 'robot-surveillance'),
('recuperateur', 'stimpack'),
('recuperateur', 'suite-de-luxe'),
('recuperateur', 'traducteur-universel'),
('recuperateur', 'trousse-1er-secours'),
('recuperateur', 'trousse-a-outils'),
('recuperateur', 'unite-hab-mini'),
('recuperateur', 'unite-hab-moy'),
('recuperateur', 'unite-hab-sup'),
('recuperateur', 'vapo-autodefense'),
('recuperateur', 'veste-blindee'),
('recuperateur', 'vetements-a-la-mode'),
('recuperateur', 'vetements-courants'),
('recuperateur', 'vetements-de-luxe'),
('recuperateur', 'vetements-de-recup'),
('recuperateur', 'vetements-de-sport'),
('recuperateur', 'vetements-discrets'),
('recuperateur', 'vetements-renforces'),
('recuperateur', 'vetements-sur-mesure'),
('spectre', 'analyseur-de-minerai'),
('spectre', 'analyseur-eauair'),
('spectre', 'antirads'),
('spectre', 'arc'),
('spectre', 'arc-a-poulie'),
('spectre', 'armure-de-combat'),
('spectre', 'armure-legere'),
('spectre', 'autodoc'),
('spectre', 'autre'),
('spectre', 'baton-a-impulsion'),
('spectre', 'baton-ferre'),
('spectre', 'biocicatrisant'),
('spectre', 'bottes-magnetiques'),
('spectre', 'brise-code'),
('spectre', 'brise-code-qualite'),
('spectre', 'chambre-bus-nuit'),
('spectre', 'chambre-eco-nuit'),
('spectre', 'chambre-sup-nuit'),
('spectre', 'champ-laser'),
('spectre', 'champ-multifonction'),
('spectre', 'champ-plasma'),
('spectre', 'combi-extra'),
('spectre', 'combi-intra'),
('spectre', 'costume-complet'),
('spectre', 'couteau-de-cuisine'),
('spectre', 'couteau-de-lancer'),
('spectre', 'dague-choc'),
('spectre', 'detect-radiations'),
('spectre', 'dortoir-nuit'),
('spectre', 'drone-de-combat'),
('spectre', 'drone-espion'),
('spectre', 'drone-exploration'),
('spectre', 'drone-miniature'),
('spectre', 'drone-minier'),
('spectre', 'drone-surveillance'),
('spectre', 'drone-volant'),
('spectre', 'fast-street-food'),
('spectre', 'filtre-respiratoire'),
('spectre', 'fronde'),
('spectre', 'fusil-a-impulsion'),
('spectre', 'fusil-a-plasma'),
('spectre', 'fusil-a-pompe'),
('spectre', 'fusil-dassaut'),
('spectre', 'fusil-de-precision'),
('spectre', 'fusil-ionique'),
('spectre', 'fusil-laser'),
('spectre', 'fusil-laser-precis'),
('spectre', 'fusil-plasma-lourd'),
('spectre', 'gourdin'),
('spectre', 'grenade-flash'),
('spectre', 'grenade-frag'),
('spectre', 'grenade-fumigene'),
('spectre', 'grenade-plasma'),
('spectre', 'grenade-sonique'),
('spectre', 'javeline'),
('spectre', 'lame-laser'),
('spectre', 'lame-legere'),
('spectre', 'lame-moleculaire'),
('spectre', 'lance-grenade'),
('spectre', 'lance-plasmique'),
('spectre', 'logiciel-bd'),
('spectre', 'logiciel-de-pointe'),
('spectre', 'machette-hachette'),
('spectre', 'mains-nues'),
('spectre', 'maison-particuliere'),
('spectre', 'matraque-sonique'),
('spectre', 'medkit'),
('spectre', 'mitrailleuse-lourde'),
('spectre', 'ordinateur-personnel'),
('spectre', 'pistolet-a-impulsion'),
('spectre', 'pistolet-a-plasma'),
('spectre', 'pistolet-ionique'),
('spectre', 'pistolet-laser'),
('spectre', 'pistolet-leger'),
('spectre', 'pistolet-lourd'),
('spectre', 'poing-americain'),
('spectre', 'radio-portative'),
('spectre', 'restaurant-correct'),
('spectre', 'restaurant-familial'),
('spectre', 'restaurant-luxe'),
('spectre', 'robot-assassin'),
('spectre', 'robot-de-loisir'),
('spectre', 'robot-domestique'),
('spectre', 'robot-exploration'),
('spectre', 'robot-maintenance'),
('spectre', 'robot-medical'),
('spectre', 'robot-minier'),
('spectre', 'robot-protocolaire'),
('spectre', 'robot-soldat'),
('spectre', 'robot-surveillance'),
('spectre', 'stimpack'),
('spectre', 'suite-de-luxe'),
('spectre', 'traducteur-universel'),
('spectre', 'trousse-1er-secours'),
('spectre', 'trousse-a-outils'),
('spectre', 'unite-hab-mini'),
('spectre', 'unite-hab-moy'),
('spectre', 'unite-hab-sup'),
('spectre', 'vapo-autodefense'),
('spectre', 'veste-blindee'),
('spectre', 'vetements-a-la-mode'),
('spectre', 'vetements-courants'),
('spectre', 'vetements-de-luxe'),
('spectre', 'vetements-de-recup'),
('spectre', 'vetements-de-sport'),
('spectre', 'vetements-discrets'),
('spectre', 'vetements-renforces'),
('spectre', 'vetements-sur-mesure'),
('sportif-pro', 'analyseur-de-minerai'),
('sportif-pro', 'analyseur-eauair'),
('sportif-pro', 'antirads'),
('sportif-pro', 'arc'),
('sportif-pro', 'arc-a-poulie'),
('sportif-pro', 'armure-de-combat'),
('sportif-pro', 'armure-legere'),
('sportif-pro', 'autodoc'),
('sportif-pro', 'autre'),
('sportif-pro', 'baton-a-impulsion'),
('sportif-pro', 'baton-ferre'),
('sportif-pro', 'biocicatrisant'),
('sportif-pro', 'bottes-magnetiques'),
('sportif-pro', 'brise-code'),
('sportif-pro', 'brise-code-qualite'),
('sportif-pro', 'chambre-bus-nuit'),
('sportif-pro', 'chambre-eco-nuit'),
('sportif-pro', 'chambre-sup-nuit'),
('sportif-pro', 'champ-laser'),
('sportif-pro', 'champ-multifonction'),
('sportif-pro', 'champ-plasma'),
('sportif-pro', 'combi-extra'),
('sportif-pro', 'combi-intra'),
('sportif-pro', 'costume-complet'),
('sportif-pro', 'couteau-de-cuisine'),
('sportif-pro', 'couteau-de-lancer'),
('sportif-pro', 'dague-choc'),
('sportif-pro', 'detect-radiations'),
('sportif-pro', 'dortoir-nuit'),
('sportif-pro', 'drone-de-combat'),
('sportif-pro', 'drone-espion'),
('sportif-pro', 'drone-exploration'),
('sportif-pro', 'drone-miniature'),
('sportif-pro', 'drone-minier'),
('sportif-pro', 'drone-surveillance'),
('sportif-pro', 'drone-volant'),
('sportif-pro', 'fast-street-food'),
('sportif-pro', 'filtre-respiratoire'),
('sportif-pro', 'fronde'),
('sportif-pro', 'fusil-a-impulsion'),
('sportif-pro', 'fusil-a-plasma'),
('sportif-pro', 'fusil-a-pompe'),
('sportif-pro', 'fusil-dassaut'),
('sportif-pro', 'fusil-de-precision'),
('sportif-pro', 'fusil-ionique'),
('sportif-pro', 'fusil-laser'),
('sportif-pro', 'fusil-laser-precis'),
('sportif-pro', 'fusil-plasma-lourd'),
('sportif-pro', 'gourdin'),
('sportif-pro', 'grenade-flash'),
('sportif-pro', 'grenade-frag'),
('sportif-pro', 'grenade-fumigene'),
('sportif-pro', 'grenade-plasma'),
('sportif-pro', 'grenade-sonique'),
('sportif-pro', 'javeline'),
('sportif-pro', 'lame-laser'),
('sportif-pro', 'lame-legere'),
('sportif-pro', 'lame-moleculaire'),
('sportif-pro', 'lance-grenade'),
('sportif-pro', 'lance-plasmique'),
('sportif-pro', 'logiciel-bd'),
('sportif-pro', 'logiciel-de-pointe'),
('sportif-pro', 'machette-hachette'),
('sportif-pro', 'mains-nues'),
('sportif-pro', 'maison-particuliere'),
('sportif-pro', 'matraque-sonique'),
('sportif-pro', 'medkit'),
('sportif-pro', 'mitrailleuse-lourde'),
('sportif-pro', 'ordinateur-personnel'),
('sportif-pro', 'pistolet-a-impulsion'),
('sportif-pro', 'pistolet-a-plasma'),
('sportif-pro', 'pistolet-ionique'),
('sportif-pro', 'pistolet-laser'),
('sportif-pro', 'pistolet-leger'),
('sportif-pro', 'pistolet-lourd'),
('sportif-pro', 'poing-americain'),
('sportif-pro', 'radio-portative'),
('sportif-pro', 'restaurant-correct'),
('sportif-pro', 'restaurant-familial'),
('sportif-pro', 'restaurant-luxe'),
('sportif-pro', 'robot-assassin'),
('sportif-pro', 'robot-de-loisir'),
('sportif-pro', 'robot-domestique'),
('sportif-pro', 'robot-exploration'),
('sportif-pro', 'robot-maintenance'),
('sportif-pro', 'robot-medical'),
('sportif-pro', 'robot-minier'),
('sportif-pro', 'robot-protocolaire'),
('sportif-pro', 'robot-soldat'),
('sportif-pro', 'robot-surveillance'),
('sportif-pro', 'stimpack'),
('sportif-pro', 'suite-de-luxe'),
('sportif-pro', 'traducteur-universel'),
('sportif-pro', 'trousse-1er-secours'),
('sportif-pro', 'trousse-a-outils'),
('sportif-pro', 'unite-hab-mini'),
('sportif-pro', 'unite-hab-moy'),
('sportif-pro', 'unite-hab-sup'),
('sportif-pro', 'vapo-autodefense'),
('sportif-pro', 'veste-blindee'),
('sportif-pro', 'vetements-a-la-mode'),
('sportif-pro', 'vetements-courants'),
('sportif-pro', 'vetements-de-luxe'),
('sportif-pro', 'vetements-de-recup'),
('sportif-pro', 'vetements-de-sport'),
('sportif-pro', 'vetements-discrets'),
('sportif-pro', 'vetements-renforces'),
('sportif-pro', 'vetements-sur-mesure'),
('technicien', 'analyseur-de-minerai'),
('technicien', 'analyseur-eauair'),
('technicien', 'antirads'),
('technicien', 'arc'),
('technicien', 'arc-a-poulie'),
('technicien', 'armure-de-combat'),
('technicien', 'armure-legere'),
('technicien', 'autodoc'),
('technicien', 'autre'),
('technicien', 'baton-a-impulsion'),
('technicien', 'baton-ferre'),
('technicien', 'biocicatrisant'),
('technicien', 'bottes-magnetiques'),
('technicien', 'brise-code'),
('technicien', 'brise-code-qualite'),
('technicien', 'chambre-bus-nuit'),
('technicien', 'chambre-eco-nuit'),
('technicien', 'chambre-sup-nuit'),
('technicien', 'champ-laser'),
('technicien', 'champ-multifonction'),
('technicien', 'champ-plasma'),
('technicien', 'combi-extra'),
('technicien', 'combi-intra'),
('technicien', 'costume-complet'),
('technicien', 'couteau-de-cuisine'),
('technicien', 'couteau-de-lancer'),
('technicien', 'dague-choc'),
('technicien', 'detect-radiations'),
('technicien', 'dortoir-nuit'),
('technicien', 'drone-de-combat'),
('technicien', 'drone-espion'),
('technicien', 'drone-exploration'),
('technicien', 'drone-miniature'),
('technicien', 'drone-minier'),
('technicien', 'drone-surveillance'),
('technicien', 'drone-volant'),
('technicien', 'fast-street-food'),
('technicien', 'filtre-respiratoire'),
('technicien', 'fronde'),
('technicien', 'fusil-a-impulsion'),
('technicien', 'fusil-a-plasma'),
('technicien', 'fusil-a-pompe'),
('technicien', 'fusil-dassaut'),
('technicien', 'fusil-de-precision'),
('technicien', 'fusil-ionique'),
('technicien', 'fusil-laser'),
('technicien', 'fusil-laser-precis'),
('technicien', 'fusil-plasma-lourd'),
('technicien', 'gourdin'),
('technicien', 'grenade-flash'),
('technicien', 'grenade-frag'),
('technicien', 'grenade-fumigene'),
('technicien', 'grenade-plasma'),
('technicien', 'grenade-sonique'),
('technicien', 'javeline'),
('technicien', 'lame-laser'),
('technicien', 'lame-legere'),
('technicien', 'lame-moleculaire'),
('technicien', 'lance-grenade'),
('technicien', 'lance-plasmique'),
('technicien', 'logiciel-bd'),
('technicien', 'logiciel-de-pointe'),
('technicien', 'machette-hachette'),
('technicien', 'mains-nues'),
('technicien', 'maison-particuliere'),
('technicien', 'matraque-sonique'),
('technicien', 'medkit'),
('technicien', 'mitrailleuse-lourde'),
('technicien', 'ordinateur-personnel'),
('technicien', 'pistolet-a-impulsion'),
('technicien', 'pistolet-a-plasma'),
('technicien', 'pistolet-ionique'),
('technicien', 'pistolet-laser'),
('technicien', 'pistolet-leger'),
('technicien', 'pistolet-lourd'),
('technicien', 'poing-americain'),
('technicien', 'radio-portative'),
('technicien', 'restaurant-correct'),
('technicien', 'restaurant-familial'),
('technicien', 'restaurant-luxe'),
('technicien', 'robot-assassin'),
('technicien', 'robot-de-loisir'),
('technicien', 'robot-domestique'),
('technicien', 'robot-exploration'),
('technicien', 'robot-maintenance'),
('technicien', 'robot-medical'),
('technicien', 'robot-minier'),
('technicien', 'robot-protocolaire'),
('technicien', 'robot-soldat'),
('technicien', 'robot-surveillance'),
('technicien', 'stimpack'),
('technicien', 'suite-de-luxe'),
('technicien', 'traducteur-universel'),
('technicien', 'trousse-1er-secours'),
('technicien', 'trousse-a-outils'),
('technicien', 'unite-hab-mini'),
('technicien', 'unite-hab-moy'),
('technicien', 'unite-hab-sup'),
('technicien', 'vapo-autodefense'),
('technicien', 'veste-blindee'),
('technicien', 'vetements-a-la-mode'),
('technicien', 'vetements-courants'),
('technicien', 'vetements-de-luxe'),
('technicien', 'vetements-de-recup'),
('technicien', 'vetements-de-sport'),
('technicien', 'vetements-discrets'),
('technicien', 'vetements-renforces'),
('technicien', 'vetements-sur-mesure'),
('xenoarcheologue', 'analyseur-de-minerai'),
('xenoarcheologue', 'analyseur-eauair'),
('xenoarcheologue', 'antirads'),
('xenoarcheologue', 'arc'),
('xenoarcheologue', 'arc-a-poulie'),
('xenoarcheologue', 'armure-de-combat'),
('xenoarcheologue', 'armure-legere'),
('xenoarcheologue', 'autodoc'),
('xenoarcheologue', 'autre'),
('xenoarcheologue', 'baton-a-impulsion'),
('xenoarcheologue', 'baton-ferre'),
('xenoarcheologue', 'biocicatrisant'),
('xenoarcheologue', 'bottes-magnetiques'),
('xenoarcheologue', 'brise-code'),
('xenoarcheologue', 'brise-code-qualite'),
('xenoarcheologue', 'chambre-bus-nuit'),
('xenoarcheologue', 'chambre-eco-nuit'),
('xenoarcheologue', 'chambre-sup-nuit'),
('xenoarcheologue', 'champ-laser'),
('xenoarcheologue', 'champ-multifonction'),
('xenoarcheologue', 'champ-plasma'),
('xenoarcheologue', 'combi-extra'),
('xenoarcheologue', 'combi-intra'),
('xenoarcheologue', 'costume-complet');
INSERT INTO `cog_profils_maitrises` (`profil`, `equipement`) VALUES
('xenoarcheologue', 'couteau-de-cuisine'),
('xenoarcheologue', 'couteau-de-lancer'),
('xenoarcheologue', 'dague-choc'),
('xenoarcheologue', 'detect-radiations'),
('xenoarcheologue', 'dortoir-nuit'),
('xenoarcheologue', 'drone-de-combat'),
('xenoarcheologue', 'drone-espion'),
('xenoarcheologue', 'drone-exploration'),
('xenoarcheologue', 'drone-miniature'),
('xenoarcheologue', 'drone-minier'),
('xenoarcheologue', 'drone-surveillance'),
('xenoarcheologue', 'drone-volant'),
('xenoarcheologue', 'fast-street-food'),
('xenoarcheologue', 'filtre-respiratoire'),
('xenoarcheologue', 'fronde'),
('xenoarcheologue', 'fusil-a-impulsion'),
('xenoarcheologue', 'fusil-a-plasma'),
('xenoarcheologue', 'fusil-a-pompe'),
('xenoarcheologue', 'fusil-dassaut'),
('xenoarcheologue', 'fusil-de-precision'),
('xenoarcheologue', 'fusil-ionique'),
('xenoarcheologue', 'fusil-laser'),
('xenoarcheologue', 'fusil-laser-precis'),
('xenoarcheologue', 'fusil-plasma-lourd'),
('xenoarcheologue', 'gourdin'),
('xenoarcheologue', 'grenade-flash'),
('xenoarcheologue', 'grenade-frag'),
('xenoarcheologue', 'grenade-fumigene'),
('xenoarcheologue', 'grenade-plasma'),
('xenoarcheologue', 'grenade-sonique'),
('xenoarcheologue', 'javeline'),
('xenoarcheologue', 'lame-laser'),
('xenoarcheologue', 'lame-legere'),
('xenoarcheologue', 'lame-moleculaire'),
('xenoarcheologue', 'lance-grenade'),
('xenoarcheologue', 'lance-plasmique'),
('xenoarcheologue', 'logiciel-bd'),
('xenoarcheologue', 'logiciel-de-pointe'),
('xenoarcheologue', 'machette-hachette'),
('xenoarcheologue', 'mains-nues'),
('xenoarcheologue', 'maison-particuliere'),
('xenoarcheologue', 'matraque-sonique'),
('xenoarcheologue', 'medkit'),
('xenoarcheologue', 'mitrailleuse-lourde'),
('xenoarcheologue', 'ordinateur-personnel'),
('xenoarcheologue', 'pistolet-a-impulsion'),
('xenoarcheologue', 'pistolet-a-plasma'),
('xenoarcheologue', 'pistolet-ionique'),
('xenoarcheologue', 'pistolet-laser'),
('xenoarcheologue', 'pistolet-leger'),
('xenoarcheologue', 'pistolet-lourd'),
('xenoarcheologue', 'poing-americain'),
('xenoarcheologue', 'radio-portative'),
('xenoarcheologue', 'restaurant-correct'),
('xenoarcheologue', 'restaurant-familial'),
('xenoarcheologue', 'restaurant-luxe'),
('xenoarcheologue', 'robot-assassin'),
('xenoarcheologue', 'robot-de-loisir'),
('xenoarcheologue', 'robot-domestique'),
('xenoarcheologue', 'robot-exploration'),
('xenoarcheologue', 'robot-maintenance'),
('xenoarcheologue', 'robot-medical'),
('xenoarcheologue', 'robot-minier'),
('xenoarcheologue', 'robot-protocolaire'),
('xenoarcheologue', 'robot-soldat'),
('xenoarcheologue', 'robot-surveillance'),
('xenoarcheologue', 'stimpack'),
('xenoarcheologue', 'suite-de-luxe'),
('xenoarcheologue', 'traducteur-universel'),
('xenoarcheologue', 'trousse-1er-secours'),
('xenoarcheologue', 'trousse-a-outils'),
('xenoarcheologue', 'unite-hab-mini'),
('xenoarcheologue', 'unite-hab-moy'),
('xenoarcheologue', 'unite-hab-sup'),
('xenoarcheologue', 'vapo-autodefense'),
('xenoarcheologue', 'veste-blindee'),
('xenoarcheologue', 'vetements-a-la-mode'),
('xenoarcheologue', 'vetements-courants'),
('xenoarcheologue', 'vetements-de-luxe'),
('xenoarcheologue', 'vetements-de-recup'),
('xenoarcheologue', 'vetements-de-sport'),
('xenoarcheologue', 'vetements-discrets'),
('xenoarcheologue', 'vetements-renforces'),
('xenoarcheologue', 'vetements-sur-mesure'),
('xenobiologiste', 'analyseur-de-minerai'),
('xenobiologiste', 'analyseur-eauair'),
('xenobiologiste', 'antirads'),
('xenobiologiste', 'arc'),
('xenobiologiste', 'arc-a-poulie'),
('xenobiologiste', 'armure-de-combat'),
('xenobiologiste', 'armure-legere'),
('xenobiologiste', 'autodoc'),
('xenobiologiste', 'autre'),
('xenobiologiste', 'baton-a-impulsion'),
('xenobiologiste', 'baton-ferre'),
('xenobiologiste', 'biocicatrisant'),
('xenobiologiste', 'bottes-magnetiques'),
('xenobiologiste', 'brise-code'),
('xenobiologiste', 'brise-code-qualite'),
('xenobiologiste', 'chambre-bus-nuit'),
('xenobiologiste', 'chambre-eco-nuit'),
('xenobiologiste', 'chambre-sup-nuit'),
('xenobiologiste', 'champ-laser'),
('xenobiologiste', 'champ-multifonction'),
('xenobiologiste', 'champ-plasma'),
('xenobiologiste', 'combi-extra'),
('xenobiologiste', 'combi-intra'),
('xenobiologiste', 'costume-complet'),
('xenobiologiste', 'couteau-de-cuisine'),
('xenobiologiste', 'couteau-de-lancer'),
('xenobiologiste', 'dague-choc'),
('xenobiologiste', 'detect-radiations'),
('xenobiologiste', 'dortoir-nuit'),
('xenobiologiste', 'drone-de-combat'),
('xenobiologiste', 'drone-espion'),
('xenobiologiste', 'drone-exploration'),
('xenobiologiste', 'drone-miniature'),
('xenobiologiste', 'drone-minier'),
('xenobiologiste', 'drone-surveillance'),
('xenobiologiste', 'drone-volant'),
('xenobiologiste', 'fast-street-food'),
('xenobiologiste', 'filtre-respiratoire'),
('xenobiologiste', 'fronde'),
('xenobiologiste', 'fusil-a-impulsion'),
('xenobiologiste', 'fusil-a-plasma'),
('xenobiologiste', 'fusil-a-pompe'),
('xenobiologiste', 'fusil-dassaut'),
('xenobiologiste', 'fusil-de-precision'),
('xenobiologiste', 'fusil-ionique'),
('xenobiologiste', 'fusil-laser'),
('xenobiologiste', 'fusil-laser-precis'),
('xenobiologiste', 'fusil-plasma-lourd'),
('xenobiologiste', 'gourdin'),
('xenobiologiste', 'grenade-flash'),
('xenobiologiste', 'grenade-frag'),
('xenobiologiste', 'grenade-fumigene'),
('xenobiologiste', 'grenade-plasma'),
('xenobiologiste', 'grenade-sonique'),
('xenobiologiste', 'javeline'),
('xenobiologiste', 'lame-laser'),
('xenobiologiste', 'lame-legere'),
('xenobiologiste', 'lame-moleculaire'),
('xenobiologiste', 'lance-grenade'),
('xenobiologiste', 'lance-plasmique'),
('xenobiologiste', 'logiciel-bd'),
('xenobiologiste', 'logiciel-de-pointe'),
('xenobiologiste', 'machette-hachette'),
('xenobiologiste', 'mains-nues'),
('xenobiologiste', 'maison-particuliere'),
('xenobiologiste', 'matraque-sonique'),
('xenobiologiste', 'medkit'),
('xenobiologiste', 'mitrailleuse-lourde'),
('xenobiologiste', 'ordinateur-personnel'),
('xenobiologiste', 'pistolet-a-impulsion'),
('xenobiologiste', 'pistolet-a-plasma'),
('xenobiologiste', 'pistolet-ionique'),
('xenobiologiste', 'pistolet-laser'),
('xenobiologiste', 'pistolet-leger'),
('xenobiologiste', 'pistolet-lourd'),
('xenobiologiste', 'poing-americain'),
('xenobiologiste', 'radio-portative'),
('xenobiologiste', 'restaurant-correct'),
('xenobiologiste', 'restaurant-familial'),
('xenobiologiste', 'restaurant-luxe'),
('xenobiologiste', 'robot-assassin'),
('xenobiologiste', 'robot-de-loisir'),
('xenobiologiste', 'robot-domestique'),
('xenobiologiste', 'robot-exploration'),
('xenobiologiste', 'robot-maintenance'),
('xenobiologiste', 'robot-medical'),
('xenobiologiste', 'robot-minier'),
('xenobiologiste', 'robot-protocolaire'),
('xenobiologiste', 'robot-soldat'),
('xenobiologiste', 'robot-surveillance'),
('xenobiologiste', 'stimpack'),
('xenobiologiste', 'suite-de-luxe'),
('xenobiologiste', 'traducteur-universel'),
('xenobiologiste', 'trousse-1er-secours'),
('xenobiologiste', 'trousse-a-outils'),
('xenobiologiste', 'unite-hab-mini'),
('xenobiologiste', 'unite-hab-moy'),
('xenobiologiste', 'unite-hab-sup'),
('xenobiologiste', 'vapo-autodefense'),
('xenobiologiste', 'veste-blindee'),
('xenobiologiste', 'vetements-a-la-mode'),
('xenobiologiste', 'vetements-courants'),
('xenobiologiste', 'vetements-de-luxe'),
('xenobiologiste', 'vetements-de-recup'),
('xenobiologiste', 'vetements-de-sport'),
('xenobiologiste', 'vetements-discrets'),
('xenobiologiste', 'vetements-renforces'),
('xenobiologiste', 'vetements-sur-mesure');

-- --------------------------------------------------------

--
-- Table structure for table `cog_profils_traits`
--

DROP TABLE IF EXISTS `cog_profils_traits`;
CREATE TABLE IF NOT EXISTS `cog_profils_traits` (
  `profil` varchar(20) NOT NULL,
  `sequence` tinyint(4) NOT NULL,
  `intitule` varchar(50) NOT NULL,
  `description` text NOT NULL,
  PRIMARY KEY (`profil`,`sequence`),
  KEY `cga_profils_traits_profil` (`profil`)
) ENGINE=InnoDB DEFAULT CHARSET=utf8mb4 COLLATE=utf8mb4_general_ci;

-- --------------------------------------------------------

--
-- Table structure for table `cog_proprietes_equipement`
--

DROP TABLE IF EXISTS `cog_proprietes_equipement`;
CREATE TABLE IF NOT EXISTS `cog_proprietes_equipement` (
  `code` varchar(20) NOT NULL,
  `intitule` varchar(50) NOT NULL,
  `defaut` varchar(250) DEFAULT NULL,
  PRIMARY KEY (`code`)
) ENGINE=InnoDB DEFAULT CHARSET=utf8mb4 COLLATE=utf8mb4_general_ci;

--
-- Dumping data for table `cog_proprietes_equipement`
--

INSERT INTO `cog_proprietes_equipement` (`code`, `intitule`, `defaut`) VALUES
('action-de-tir', 'Action de tir', NULL),
('aire-deffet', 'Aire d&#39;effet', NULL),
('bonus', 'Bonus', NULL),
('def', 'DEF', NULL),
('dm-1-main', 'DM 1 main', NULL),
('dm-2-mains', 'DM 2 mains', NULL),
('dm-temp-1m', 'DM temp 1 main', NULL),
('dm-temp-2m', 'DM temp 2 mains', NULL),
('incident-de-tir', 'Incident de tir', 'n/a'),
('malus', 'Malus', NULL),
('niveau-de-vie', 'Niveau de vie', NULL),
('portee', 'Portée', NULL),
('rd', 'RD', NULL),
('type', 'Type DM', NULL);

-- --------------------------------------------------------

--
-- Table structure for table `cog_races`
--

DROP TABLE IF EXISTS `cog_races`;
CREATE TABLE IF NOT EXISTS `cog_races` (
  `race` varchar(20) NOT NULL,
  `intitule` varchar(50) NOT NULL,
  `mod_for` tinyint(4) DEFAULT NULL,
  `mod_dex` tinyint(4) DEFAULT NULL,
  `mod_con` tinyint(4) DEFAULT NULL,
  `mod_int` tinyint(4) DEFAULT NULL,
  `mod_sag` tinyint(4) DEFAULT NULL,
  `mod_cha` tinyint(4) DEFAULT NULL,
  `age_base` smallint(6) DEFAULT NULL,
  `esperance_vie` smallint(6) DEFAULT NULL,
  `taille_min` decimal(3,2) DEFAULT NULL,
  `taille_max` decimal(3,2) DEFAULT NULL,
  `poids_min` smallint(6) DEFAULT NULL,
  `poids_max` smallint(6) DEFAULT NULL,
  `type_race` varchar(5) DEFAULT NULL,
  PRIMARY KEY (`race`)
) ENGINE=InnoDB DEFAULT CHARSET=utf8mb4 COLLATE=utf8mb4_general_ci;

--
-- Dumping data for table `cog_races`
--

INSERT INTO `cog_races` (`race`, `intitule`, `mod_for`, `mod_dex`, `mod_con`, `mod_int`, `mod_sag`, `mod_cha`, `age_base`, `esperance_vie`, `taille_min`, `taille_max`, `poids_min`, `poids_max`, `type_race`) VALUES
('agon', 'A\'gon (manta lucis sapiens)', NULL, NULL, NULL, NULL, NULL, NULL, NULL, NULL, NULL, NULL, NULL, NULL, NULL),
('humains', 'Humains (homo sapiens sapiens)', NULL, NULL, NULL, NULL, NULL, NULL, NULL, NULL, NULL, NULL, NULL, NULL, NULL),
('kneiss', 'Kneiss (pellucidus lucis sapiens)', NULL, NULL, NULL, NULL, NULL, NULL, NULL, NULL, NULL, NULL, NULL, NULL, NULL),
('libilis', 'Libilis (anguis sapiens)', NULL, NULL, NULL, NULL, NULL, NULL, NULL, NULL, NULL, NULL, NULL, NULL, NULL),
('tymbris', 'Tymbris (timbrimus sapiens)', NULL, NULL, NULL, NULL, NULL, NULL, NULL, NULL, NULL, NULL, NULL, NULL, NULL);

-- --------------------------------------------------------

--
-- Table structure for table `cog_races_capacites`
--

DROP TABLE IF EXISTS `cog_races_capacites`;
CREATE TABLE IF NOT EXISTS `cog_races_capacites` (
  `race` varchar(20) NOT NULL,
  `capacite` varchar(20) NOT NULL,
  PRIMARY KEY (`race`,`capacite`),
  KEY `cga_races_capacites_race` (`race`),
  KEY `cga_races_capacites_capacite` (`capacite`)
) ENGINE=InnoDB DEFAULT CHARSET=utf8mb4 COLLATE=utf8mb4_general_ci;

-- --------------------------------------------------------

--
-- Table structure for table `cog_races_traits`
--

DROP TABLE IF EXISTS `cog_races_traits`;
CREATE TABLE IF NOT EXISTS `cog_races_traits` (
  `race` varchar(20) NOT NULL,
  `sequence` tinyint(4) NOT NULL,
  `intitule` varchar(50) NOT NULL,
  `description` text NOT NULL,
  PRIMARY KEY (`race`,`sequence`),
  KEY `cga_races_traits_race` (`race`)
) ENGINE=InnoDB DEFAULT CHARSET=utf8mb4 COLLATE=utf8mb4_general_ci;

--
-- Dumping data for table `cog_races_traits`
--

INSERT INTO `cog_races_traits` (`race`, `sequence`, `intitule`, `description`) VALUES
('agon', 1, 'Généralités', 'Les A’gón (prononcer ‘éigone’) sont une espèce faite d’énergie et de lumière. Ils prennent le plus souvent la forme de raies manta luminescentes, entourées d’une pellicule irisée. Toutefois, la plupart des scientifiques affirment que leur forme physique est uniquement gouvernée par un processus psychique, et qu’ils peuvent en changer à volonté. Ils sont apparus sur une géante gazeuse dans un système isolé du bras de Persée. De là, ils ont prospéré dans une partie de ce secteur galactique, avant que leur étoile d’origine n’explose en une supernova qui donna naissance à la nébuleuse du Crabe.'),
('agon', 2, 'Mode de communication', 'Impulsions électriques'),
('agon', 3, 'Niveau technologique', 'Type II (certains estiment que les A’gón étaient sur le point d’effectuer la transition vers le Type III au moment où leur étoile a explosé)'),
('agon', 4, 'Culture', 'Erudite'),
('agon', 5, 'Système politique', 'Inconnu'),
('agon', 6, 'Gravité', 'Supérieure'),
('humains', 1, 'Généralités', 'Les Humains, appelés Solaires par les autres espèces peuplant Omega, se caractérisent par une forte capacité d’adaptation à tous les milieux et à toutes les situations, forgée par une histoire chaotique et violente. Cependant, leur espérance de vie limitée les rend souvent difficiles à appréhender pour des espèces plus développées ou disposant d’une plus grande longévité. C’est pourquoi ils ont souvent une réputation négative de « jeunes loups », qui vivent sans réfléchir au lendemain et épuisent leurs ressources dans de vaines et temporaires conquêtes. Ils se trouvent parmi les plus récents arrivés sur Omega et à leur arrivée, ils ont bénéficié de la bienveillance et du support des autres espèces. Pendant un temps, ils ont même contribué et leur avenir au sein de la communauté galactique était prometteur. Las, ce temps est désormais révolu : par des événements qui comportent encore une part de mystère, ils ont failli causer la destruction de la station Omega. L’un des bras de la station a été gravement endommagé, et l’autre (le bras qui accueillait les Humains) rompu en une multitude de débris qui dérivent encore autour de la station. Désormais, les Humains sont une espèce en voie de disparition, des parias et des squatteurs. Leurs droits et privilèges leur ont été retirés, l’accès à leurs systèmes d’origine a été fermé, et ils survivent tant bien que mal en petits groupes sur certains des débris d’Omega. Quelques rares individus parviennent à se tailler une place et une réputation sur Omega, mais nombre d’entre eux sont devenus des hors-la-loi. La plus grande communauté humaine se trouve d’ailleurs sur Omikron.'),
('humains', 2, 'Préjugés typiques', 'Plusieurs espèces extraterrestres considèrent les humains au mieux comme impossibles à comprendre et, au pire, comme indignes de confiance. Les espèces à la longévité la plus importante ne cessent de rappeler aux Humains leur responsabilité dans la situation actuelle de la station Omega.'),
('humains', 3, 'Mode de communication', 'Langage articulé '),
('humains', 4, 'Niveau technologique', 'Type II'),
('humains', 5, 'Culture', 'Diversifiée '),
('humains', 6, 'Système politique', 'Diaspora'),
('humains', 7, 'Gravité', 'Terrestre'),
('kneiss', 1, 'Généralités', 'Les Kneiss sont une espèce minérale étrange, originaire de l’amas Kappa Crucis, dans le bras de la Croix. Télépathes, ils ont colonisé leur planète d’origine en prenant le contrôle d’une espèce insectoïde qui y vivait. Aujourd’hui, ces êtres cristallins fabriquent eux-mêmes les robots insectoïdes dans lesquels ils s’abritent pour se déplacer et manipuler des objets, mais, même si ces robots peuvent prendre de nombreuses formes, la plus courante rappelle leurs symbiotes d’origine, un insecte quadrupède muni de mandibules préhensiles. Les Kneiss présentent d’autre part certaines caractéristiques physiques similaires aux cristaux utilisés dans les matrices psi.'),
('kneiss', 2, 'Mode de communication', 'Télépathie et hologrammes'),
('kneiss', 3, 'Niveau technologique', 'Type II (après les A’gón, les Kneiss sont l’espèce la plus ancienne sur la station Omega)'),
('kneiss', 4, 'Culture', 'Technologique'),
('kneiss', 5, 'Système politique', 'Technocratie (chaque planète colonisée se spécialise dans un domaine technique en fonction des ressources présentes dans le système et de la corpo-ruche qui l’a colonisée)'),
('kneiss', 6, 'Gravité', 'Légère'),
('libilis', 1, 'Généralités', 'Les Libilis sont une espèce de bipèdes sauriens provenant d’une planète relativement similaire à la période terrienne du Crétacé. La planète est en orbite autour de l’étoile double Eta Carinae, dans le bras de Carina. Toutefois, contrairement aux sauriens terrestres, où la bataille évolutive s’est jouée en partie sur la taille, les Libilis ont dominé grâce à leur matière grise. Les conditions sur leur système d’origine et la probabilité d’une explosion prochaine (à l’échelle astronomique) en supernova les ont poussés à développer une technologie spatiale performante et à coloniser plusieurs autres planètes, jusqu’à leur arrivée à Omega.'),
('libilis', 2, 'Mode de communication', 'Langage articulé et phéromones'),
('libilis', 3, 'Niveau technologique', 'Type II'),
('libilis', 4, 'Culture', 'Militaire'),
('libilis', 5, 'Système politique', 'Despotisme (la caste militaire a le pouvoir, et leur représentant est désigné par un conseil des amiraux)'),
('libilis', 6, 'Gravité', 'Forte'),
('tymbris', 1, 'Généralités', 'Derniers arrivés sur l’échiquier galactique avant les Terriens, les Tymbris sont une espèce humanoïde. En croisant un Tymbri la nuit, on pourrait tout à fait le prendre pour un humain. Mais une observation plus attentive permettra de déceler des traits faciaux plus canidés que simiesques, une sorte de museau court, un duvet de pelage recouvrant une partie du dos et parfois du front. Les oreilles sont légèrement allongées et placées plus haut au niveau du crâne, et surtout six petites antennes mobiles surgissent au niveau du nez. Ils sont originaires d’une étoile de l’amas M10, sur le bras du Sagittaire, non loin de W51.'),
('tymbris', 2, 'Mode de communication', 'Langage articulé et télépathie'),
('tymbris', 3, 'Niveau technologique', 'Type II'),
('tymbris', 4, 'Culture', 'Diversifiée (leur premier contact n’a précédé l’arrivée des humains que de quelques décennies)'),
('tymbris', 5, ' Système politique', 'Oligarchie'),
('tymbris', 6, 'Gravité', 'Terrestre');

-- --------------------------------------------------------

--
-- Table structure for table `cog_types_capacite`
--

DROP TABLE IF EXISTS `cog_types_capacite`;
CREATE TABLE IF NOT EXISTS `cog_types_capacite` (
  `type_capacite` varchar(5) NOT NULL,
  `type_capacite_intitule` varchar(50) NOT NULL,
  `type_capacite_config` text DEFAULT NULL,
  PRIMARY KEY (`type_capacite`)
) ENGINE=InnoDB DEFAULT CHARSET=utf8mb4 COLLATE=utf8mb4_general_ci;

--
-- Dumping data for table `cog_types_capacite`
--

INSERT INTO `cog_types_capacite` (`type_capacite`, `type_capacite_intitule`, `type_capacite_config`) VALUES
('augm', 'Augmentations', NULL),
('cult', 'Culturelle', NULL),
('espbo', 'Espèce (Bras d\'Orion)', NULL),
('espeg', 'Espèce (Générique)', NULL),
('ia', 'I.A.', '{ \"ranks\": 13 }'),
('psych', 'PSI', NULL),
('savf', 'Savoir-faire', NULL);

-- --------------------------------------------------------

--
-- Table structure for table `cog_types_races`
--

DROP TABLE IF EXISTS `cog_types_races`;
CREATE TABLE IF NOT EXISTS `cog_types_races` (
  `type_race` varchar(5) NOT NULL,
  `type_race_intitule` varchar(50) NOT NULL,
  `type_race_config` text DEFAULT NULL,
  PRIMARY KEY (`type_race`)
) ENGINE=InnoDB DEFAULT CHARSET=utf8mb4 COLLATE=utf8mb4_general_ci;

-- --------------------------------------------------------

--
-- Table structure for table `cog_types_voie`
--

DROP TABLE IF EXISTS `cog_types_voie`;
CREATE TABLE IF NOT EXISTS `cog_types_voie` (
  `type_voie` varchar(5) NOT NULL,
  `type_voie_intitule` varchar(50) NOT NULL,
  `type_voie_config` text DEFAULT NULL,
  PRIMARY KEY (`type_voie`)
) ENGINE=InnoDB DEFAULT CHARSET=utf8mb4 COLLATE=utf8mb4_general_ci;

--
-- Dumping data for table `cog_types_voie`
--

INSERT INTO `cog_types_voie` (`type_voie`, `type_voie_intitule`, `type_voie_config`) VALUES
('augm', 'Augmentations', NULL),
('cult', 'Culturelle', NULL),
('espbo', 'Espèce (Bras d\'Orion)', NULL),
('espeg', 'Espèce (Générique)', NULL),
('ia', 'I.A.', '{ \"ranks\": 6 }'),
('psych', 'PSI', NULL),
('savf', 'Savoir-faire', NULL);

-- --------------------------------------------------------

--
-- Table structure for table `cog_voies`
--

DROP TABLE IF EXISTS `cog_voies`;
CREATE TABLE IF NOT EXISTS `cog_voies` (
  `voie` varchar(20) NOT NULL,
  `nom` varchar(50) NOT NULL,
  `notes` text DEFAULT NULL,
  `type` varchar(5) DEFAULT NULL,
  `pfx_deladu` char(1) NOT NULL,
  `equipement` varchar(1024) NOT NULL,
  PRIMARY KEY (`voie`)
) ENGINE=InnoDB DEFAULT CHARSET=utf8mb4 COLLATE=utf8mb4_general_ci;

--
-- Dumping data for table `cog_voies`
--

INSERT INTO `cog_voies` (`voie`, `nom`, `notes`, `type`, `pfx_deladu`, `equipement`) VALUES
('aeriens', 'Aériens', 'Ces espèces ont maîtrisé l’art du vol. Soit qu’elles soient issues de planètes à faible gravité ou composées majoritairement de gaz, soit que leur morphologie leur ait permis de s’arracher à sa surface à la manière des oiseaux, elles évoluent dans un univers en trois dimensions loin au-dessus du sol (ou du noyau) de leur planète d’origine.\r\nPréjugés typiques : Les espèces aériennes sont souvent perçues favorablement par les autres espèces organiques, qui leur envient leur capacité à voler de leurs propres ailes. Elles sont toutefois parfois considérées comme physiquement fragiles et arrogantes.', 'espeg', '3', ''),
('agon', 'A\'gon', '', 'espbo', '3', ''),
('androide', 'Androïde', NULL, 'espbo', '2', ''),
('anthropomorphes', 'Anthropomorphes', 'Les espèces anthropomorphiques sont des chimères mêlant humanoïde et animal. Elles bénéficient de l’adaptabilité des humanoïdes couplée à certains atouts provenant du monde animal, le plus souvent des mammifères. Elles sont parfois le résultat d’expériences génétiques ou d’ingénierie évolutive, ce qui cause une certaine méfiance à leur égard. La plupart du temps, les individus, relativement farouches, préfèrent se mêler à d’autres civilisations et conservent assez peu d’attaches avec la planète (ou le laboratoire) dont ils sont issus.\r\nPréjugés typiques : Le rapport qu’ils ont conservé avec leur origine sauvage crée souvent une forme de spécisme et de condescendance de la part des autres espèces.', 'espeg', '3', ''),
('aquatiques', 'Aquatiques', 'Sur bien des planètes, les fonds marins restent très peu explorés. C’est pourtant là que se développent des espèces hors du commun qui font preuve d’ingéniosité et de résistance pour coloniser un environnement extrêmement hostile. Ces espèces se retrouvent avantagées une fois dans l’espace, qui présente beaucoup de similitudes avec leurs océans d’origine. Nombre des meilleurs pilotes de la galaxie sont des aquatiques. Lorsqu’ils évoluent à l’air libre ou au milieu d’autres espèces, les aquatiques ont souvent besoin de scaphandres spéciaux qui assurent leur survie.\r\nPréjugés typiques : Une barrière importante sépare les aquatiques des espèces plus « terrestres ». Très peu d’individus issus de ces dernières franchissent le cap du dégoût et de la répulsion, qui est souvent mutuel.', 'espeg', '3', ''),
('arachnides', 'Arachnides', 'Similaires aux insectoïdes, dont elles sont de lointaines cousines, les espèces arachnides se distinguent à la fois physiquement et socialement. Elles adoptent en effet bien souvent des structures sociales plus individualistes et où l’autonomie reste une vertu cardinale, contrairement aux structures sociales insectoïdes, plus élaborées et plus communautaires. À cause de cela, peu d’espèces arachnides parviennent à s’affranchir de leur monde d’origine sans aide extérieure, même lorsqu’elles atteignent des niveaux technologiques théoriquement suffisants.\r\nPréjugés typiques : Leur individualisme exacerbé rend bien d’autres espèces méfiantes vis-à-vis des arachnides. Mais elles sont aussi connues pour leur aptitude à survivre dans des conditions difficiles et les missions d’exploration aiment compter sur un individu de cette espèce.', 'espeg', '3', ''),
('aristocratie', 'Aristocratie', NULL, 'cult', '2', 'Des papiers officiels\n2d4 comptes en banque avec chacun 1000 cr\npk:unite-hab-sup'),
('armes-a-feu', 'Armes à feu', NULL, 'savf', '3', 'Arme au choix (pistolet léger, pistolet lourd, fusil à pompe)'),
('armes-energetiques', 'Armes énergétiques', NULL, 'savf', '3', 'Pistolet au choix (armes à énergie)'),
('armes-lourdes', 'Armes lourdes', NULL, 'savf', '3', 'pk:grenade-frag,2\r\npk:grenade-fumigene,2\r\npk:veste-blindee'),
('arts', 'Arts', NULL, 'savf', '3', 'De quoi pratiquer son art\r\npk:vetements-a-la-mode'),
('arts-martiaux', 'Arts martiaux', NULL, 'savf', '3', 'Arme au choix (couteau de lancer, dague choc, lame légère, matraque sonique)'),
('bagarre', 'Bagarre', NULL, 'savf', '1', 'Arme au choix (couteau ou poing américain)\nVêtements renforcés'),
('bas-fonds', 'Bas-fonds', NULL, 'cult', '3', 'Arme facilement dissimulable (couteau, poing américain, etc.)\nBouteille d\'alcool fort ou narcotiques\nPlace dans unité d\'habitation collective\n100 cr'),
('biokinesie', 'Biokinésie', NULL, 'psych', '1', ''),
('bioorg', 'Bioorg', 'En atteignant les rangs 2, 4 et 5 de la voie du bioorg, le personnage diminue son INT de 1. Cela reflète les effets de plus en plus néfastes de l’addiction du personnage aux tissus cultivés et aux drogues et composés chimiques requis pour éviter tout rejet par son organisme.', 'augm', '0', ''),
('chronokinesie', 'Chronokinésie', NULL, 'psych', '1', ''),
('clairvoyance', 'Clairvoyance', NULL, 'psych', '1', ''),
('classe-moyenne', 'Classe moyenne', NULL, 'cult', '1', 'Papiers officiels\nUn mois de salaire (850 cr)\npk:unite-hab-mini'),
('corporations', 'Corporations', NULL, 'cult', '3', 'Costume ou uniforme en rapport avec corporation\nObjet symbolique\nUn mois de salaire (2 000 cr)\npk:unite-hab-moy|Proche corpo ou lieu de travail'),
('cosmokinesie', 'Cosmokinésie', NULL, 'psych', '1', ''),
('cyborg', 'Cyborg', 'En atteignant les rangs 2, 4 et 5 de la voie du cyborg, le personnage diminue son CHA de 1. Cela reflète à la fois la perte graduelle d’empathie des êtres organiques qui décident peu à peu de remplacer leurs organes par des machines, ainsi que l’impact social d’un tel choix.', 'augm', '0', ''),
('discours', 'Discours', NULL, 'savf', '0', 'pk:traducteur-universel\npk:vetements-sur-mesure|(costume ou robe de grande qualité)\nAccessoire vestimentaire remarquable (chapeau, lunettes, canne, etc.)'),
('electrokinesie', 'Electrokinésie', NULL, 'psych', '2', ''),
('electronique', 'Electronique', NULL, 'savf', '2', 'pk:ordinateur-personnel\npk:radio-portative\npk:drone-surveillance|(niveau 3)\nNiveau de vie +1 catégorie (maximum: aisé)'),
('espace', 'Espace', NULL, 'cult', '2', 'Filtre respiratoire\npk:combi-intra|Mauvais état\nUn mois de salaire (850 cr)'),
('exploits-physiques', 'Exploits physiques', NULL, 'savf', '3', 'pk:vetements-de-sport\r\nEquipement sportif\r\npk:stimpack'),
('exploration', 'Exploration', NULL, 'savf', '2', 'pk:analyseur-eauair\r\npk:analyseur-de-minerai\r\npk:ordinateur-personnel|(atlas galactique)'),
('furtivite', 'Furtivité', NULL, 'savf', '1', 'pk:vetements-discrets\npk:brise-code\nArme au choix (lame légère ou matraque sonique)'),
('humains', 'Humains', '', 'espbo', '3', ''),
('hybride', 'Hybride', 'En atteignant les rangs 2, 4 et 5 de la voie de l’hybride, le personnage diminue sa FOR de 1. Le procédé d’hybridation est particulièrement « taxant » pour le système musculaire du personnage.', 'augm', '2', ''),
('ia', 'I.A.', NULL, 'ia', '2', ''),
('insectoides', 'Insectoïdes', 'Extrêmement résistantes, les espèces insectoïdes sont présentes dans un grand nombre d’environnements. Elles sont souvent à l’origine de structures sociales complexes rappelant les colonies d’insectes sur Terre. Si l’individualité de certains éléments est devenue possible à force d’évolution, la plupart des espèces de ce type conservent un fort instinct grégaire, un système rigide de castes et l’habitude de compter sur la force du nombre et leur intelligence collective.\r\nPréjugés typiques : La plupart sont mal à l’aise en leur présence, et elles ont la réputation pas toujours usurpée d’être agressives. Le fort individualisme qui caractérise beaucoup d’autres espèces ne se marie généralement pas bien avec l’esprit de ruche qui est encore l’apanage de nombre d’insectoïdes.', 'espeg', '3', ''),
('investigation', 'Investigation', NULL, 'savf', '2', 'pk:ordinateur-personnel|(bases de données et logiciels de cryptologie)'),
('kneiss', 'Kneiss', '', 'espbo', '3', ''),
('libilis', 'Libilis', '', 'espbo', '3', ''),
('luminescents', 'Luminescents', 'Les espèces luminescentes sont des êtres faits d’énergie contenue dans une enveloppe diaphane, capables de subsister dans des environnements inconcevables comme les géantes gazeuses ou même le vide intersidéral. Ils apparaissent comme un mystère pour tous, y compris pour les espèces les plus anciennes, et il se pourrait bien que les luminescents soient les plus anciens êtres doués de sapience de l’univers. Confrontés aux autres espèces, les luminescents ont appris à adopter d’autres formes et modes de communication. Toutefois, il reste rare de les rencontrer en dehors des systèmes qu’ils peuplent, et plusieurs espèces cohabitent avec des luminescents sans le savoir. Les espèces luminescentes sont partiellement immatérielles. Leur intégrité « corporelle » dépend cependant de leur capacité à maintenir un état électromagnétique stable. Les projectiles ou attaques solides perturbent cet état stable et les endommagent donc. Ces êtres sont aussi capables de « voler », au sens où ils peuvent subsister dans le vide ou dans l’atmosphère des géantes gazeuses. Toutefois, pour ce faire, ils ont besoin d’un rayonnement électromagnétique suffisant ou de se trouver dans un environnement gazeux (ou un plasma) assez dense. Ils ne peuvent donc survivre ou se déplacer dans le vide interstellaire ou même au-delà d’une certaine distance depuis une étoile ou une planète. D’autre part, dans un environnement atmosphérique classique, protégé par un champ magnétique (comme la Terre, par exemple) ils ont besoin d’une combinaison spéciale maintenant leur intégrité et ne sont plus capables de voler.\r\nPréjugés typiques : Beaucoup se méfient de ces êtres faits d’énergie et leur prêtent des intentions cachées. D’autres les prennent pour des sortes de divinités des temps anciens qu’il convient de vénérer.', 'espeg', '3', ''),
('mechanaute', 'Méchanaute', NULL, 'savf', '0', ''),
('medecine', 'Médecine', NULL, 'savf', '1', 'pk:trousse-1er-secours\npk:ordinateur-personnel|(logiciels de diagnostic)\nNiveau de vie + 1 catégorie (maximum: fortuné)'),
('mineraux', 'Minéraux', 'Les espèces minérales sont composées de cristaux communiquant par télépathie ou au moyen de la lumière. Elles sont généralement pourvues d’une espérance de vie confinant à l’immortalité, et il n’est pas rare que certains individus aient assisté aux premières étapes de l’exploration spatiale. La connexion à leur planète d’origine est extrêmement importante, et rares sont les espèces de ce type qui s’implantent hors de leur système. Leur durabilité et leur aptitude à interpréter les ondes lumineuses en font toutefois des alliés précieux dans l’espace.  Ces espèces sont toutefois extrêmement dépendantes de la présence d’ondes électromagnétiques « visibles » (ce qui inclut généralement pour ces espèces les infrarouges et les ultraviolets). En l’absence de toute lumière, l’individu se met dans un état similaire à l’hibernation d’une espèce organique ou l’extinction d’un appareil électronique.\r\nPréjugés typiques : Le mode de pensée des espèces minérales est tel que peu d’autres xénomorphes parviennent à les comprendre. Beaucoup les croient insensibles et incapables d’émotions.', 'espeg', '3', ''),
('moteurs', 'Moteurs', NULL, 'savf', '3', 'pk:combi-intra\r\npk:trousse-a-outils'),
('panacee', 'Panacée', 'En atteignant les rangs 2, 4 et 5 de la voie de la panacée, le personnage diminue sa CON de 1 (et perd donc [ niveau/2 ] PV). Son organisme devient si dépendant des suppléments chimiques que ses résistances naturelles diminuent d’autant.', 'augm', '1', ''),
('parasites', 'Parasites', 'Les parasites sont généralement des créatures de petite taille ou d’une morphologie adaptable. Ils présentent tous comme trait principal le fait de devoir disposer d’un hôte, d’un corps d’accueil, pour pouvoir assurer leur survie tout en bénéficiant à la fois d’une plus grande force et d’une plus grande sécurité. Un parasite peut être organique ou non.  Le niveau de symbiose entre parasite et hôte est extrêmement variable selon les espèces. Toutefois, dans le cadre de ces règles, on suppose que la destruction de l’hôte amène la destruction du parasite et qu’enlever le parasite sans détruire l’hôte est impossible. Si le parasite est rencontré sans hôte, il peut être détruit par une simple attaque réussie. La durée de vie d’un tel parasite est intimement liée à sa capacité à trouver périodiquement de nouveaux hôtes.\r\nPréjugés typiques : Les espèces parasitaires sont craintes pour leur capacité à priver leur hôte de libre arbitre. Leur fourberie et leur non-respect total pour la vie d’autrui les relèguent souvent au rang de créatures indésirables chez la plupart des espèces. Toutefois, certaines rares espèces peuvent entretenir des relations plus ambigües avec les parasites lorsque les deux espèces bénéficient de la présence de l’autre.', 'espeg', '3', ''),
('photokinesie', 'Photokinésie', NULL, 'psych', '1', ''),
('pilotage', 'Pilotage', NULL, 'savf', '0', 'Objet fétiche\npk:combi-intra'),
('posthumain', 'Posthumain', 'En atteignant les rangs 2, 4 et 5 de la voie du posthumain, le personnage diminue sa PER de 1. Cela reflète la distance de plus en plus grande qui se crée entre le posthumain et son environnement, qu’il juge de plus en plus insignifiant.', 'augm', '0', ''),
('psychokinesie', 'Psychokinésie', NULL, 'psych', '1', ''),
('psychologie', 'Psychologie', NULL, 'savf', '1', 'pk:traducteur-universel\npk:ordinateur-personnel|(bases de données de sciences humaines)'),
('psychomachie', 'Psychomachie', NULL, 'psych', '1', ''),
('quantakinesie', 'Quantakinésie', NULL, 'psych', '1', ''),
('reparation', 'Réparation', NULL, 'savf', '1', 'pk:trousse-a-outils\npk:ordinateur-personnel|(logiciels ingénierie)'),
('reptiloides', 'Reptiloïdes', 'Cette voie correspond aux espèces issues des reptiles, des amphibiens et des sauriens. Il s’agit généralement d’espèces capables d’évoluer à la fois dans l’eau et sur la terre ferme, et de coloniser ces deux habitats, ce qui leur confère un avantage naturel dans leurs efforts d’expansion. Leurs capacités d’adaptation en font d’excellents explorateurs et soldats. Les espèces reptiliennes font en outre de très bons candidats à l’ingénierie génétique.\r\nPréjugés typiques : Les espèces reptiliennes (ou sauriennes) sont redoutées dans toute la galaxie. Malgré l’évolution et l’accès à la sapience, beaucoup estiment que ces espèces sont incapables de combattre leurs instincts primitifs. De plus, beaucoup les jugent limités intellectuellement.', 'espeg', '3', ''),
('robot', 'Robot', NULL, 'espbo', '0', ''),
('systeme-d', 'Système D', NULL, 'cult', '0', 'Rations de survie\npk:analyseur-eauair\nHamac ou sac de couchage\nObjets à troquer (400 cr)'),
('telepathie', 'Télépathie', NULL, 'psych', '1', ''),
('tymbris', 'Tymbris', '', 'espbo', '3', ''),
('universitaire', 'Universitaire', NULL, 'cult', '2', 'pk:traducteur-universel\npk:ordinateur-personnel\npk:unite-hab-mini|Proche de l\'université\nEconomies (1 000 cr)'),
('vegetaux', 'Végétaux', 'Sur bien des planètes, certains végétaux ont appris à se protéger des prédateurs animaux, voire à se placer eux-mêmes au sommet de la chaîne alimentaire. Certaines de ces espèces ont ainsi accédé à la sapience, en compensant certaines de leurs faiblesses (le manque de mobilité et la dépendance à la lumière) par leur capacité inégalée à adapter les environnements à leurs besoins et à influer sur leur propre métabolisme.\r\nPréjugés typiques : Les espèces végétales sont souvent considérées comme des anomalies, des « sous-êtres » qui sont parvenus à la sapience par hasard ou par le biais d’expériences contre-nature. Les espèces animales, notamment, souffrent d’un complexe de supériorité notable face aux espèces végétales.', 'espeg', '3', '');

-- --------------------------------------------------------

--
-- Table structure for table `cog_voies_profils`
--

DROP TABLE IF EXISTS `cog_voies_profils`;
CREATE TABLE IF NOT EXISTS `cog_voies_profils` (
  `profil` varchar(20) NOT NULL,
  `voie` varchar(20) NOT NULL,
  PRIMARY KEY (`profil`,`voie`),
  KEY `cga_voies_profils_profil` (`profil`),
  KEY `cga_voies_profils_voie` (`voie`)
) ENGINE=InnoDB DEFAULT CHARSET=utf8mb4 COLLATE=utf8mb4_general_ci;

--
-- Dumping data for table `cog_voies_profils`
--

INSERT INTO `cog_voies_profils` (`profil`, `voie`) VALUES
('activiste', 'classe-moyenne'),
('activiste', 'discours'),
('activiste', 'investigation'),
('adepte', 'aristocratie'),
('adepte', 'psychokinesie'),
('adepte', 'psychomachie'),
('agent', 'classe-moyenne'),
('agent', 'electronique'),
('agent', 'furtivite'),
('aristocrate', 'aristocratie'),
('aristocrate', 'arts-martiaux'),
('aristocrate', 'discours'),
('artilleur', 'armes-lourdes'),
('artilleur', 'corporations'),
('artilleur', 'reparation'),
('artiste', 'arts'),
('artiste', 'psychologie'),
('artiste', 'universitaire'),
('assassin', 'arts-martiaux'),
('assassin', 'corporations'),
('assassin', 'furtivite'),
('asteromineur', 'bagarre'),
('asteromineur', 'reparation'),
('asteromineur', 'systeme-d'),
('astrocommando', 'armes-energetiques'),
('astrocommando', 'armes-lourdes'),
('astrocommando', 'espace'),
('astroingenieur', 'electronique'),
('astroingenieur', 'moteurs'),
('astroingenieur', 'universitaire'),
('astronavigateur', 'investigation'),
('astronavigateur', 'pilotage'),
('astronavigateur', 'universitaire'),
('biogeneticien', 'biokinesie'),
('biogeneticien', 'medecine'),
('biogeneticien', 'universitaire'),
('bureaucrate', 'corporations'),
('bureaucrate', 'electronique'),
('bureaucrate', 'investigation'),
('chasseur-de-primes', 'armes-energetiques'),
('chasseur-de-primes', 'espace'),
('chasseur-de-primes', 'investigation'),
('colon', 'bagarre'),
('colon', 'exploration'),
('colon', 'systeme-d'),
('commercant', 'corporations'),
('commercant', 'discours'),
('commercant', 'psychologie'),
('contrebandier', 'armes-energetiques'),
('contrebandier', 'espace'),
('contrebandier', 'pilotage'),
('diplomate', 'aristocratie'),
('diplomate', 'discours'),
('diplomate', 'psychologie'),
('erudit', 'discours'),
('erudit', 'exploration'),
('erudit', 'universitaire'),
('escroc', 'bagarre'),
('escroc', 'corporations'),
('escroc', 'discours'),
('explorateur', 'espace'),
('explorateur', 'exploration'),
('explorateur', 'pilotage'),
('fantassin', 'armes-energetiques'),
('fantassin', 'corporations'),
('fantassin', 'exploits-physiques'),
('ganger', 'bagarre'),
('ganger', 'bas-fonds'),
('ganger', 'furtivite'),
('garde-du-corps', 'armes-energetiques'),
('garde-du-corps', 'corporations'),
('garde-du-corps', 'psychologie'),
('hacker', 'electronique'),
('hacker', 'furtivite'),
('hacker', 'systeme-d'),
('hors-la-loi', 'armes-a-feu'),
('hors-la-loi', 'reparation'),
('hors-la-loi', 'systeme-d'),
('journaliste', 'corporations'),
('journaliste', 'furtivite'),
('journaliste', 'investigation'),
('limier', 'corporations'),
('limier', 'investigation'),
('limier', 'psychomachie'),
('mecanicien', 'classe-moyenne'),
('mecanicien', 'moteurs'),
('mecanicien', 'reparation'),
('medecin', 'medecine'),
('medecin', 'psychologie'),
('medecin', 'universitaire'),
('mentat', 'chronokinesie'),
('mentat', 'psychologie'),
('mentat', 'systeme-d'),
('mercenaire', 'armes-energetiques'),
('mercenaire', 'armes-lourdes'),
('mercenaire', 'bas-fonds'),
('missionnaire', 'classe-moyenne'),
('missionnaire', 'discours'),
('missionnaire', 'medecine'),
('pilote-de-chasse', 'armes-lourdes'),
('pilote-de-chasse', 'espace'),
('pilote-de-chasse', 'pilotage'),
('pirate', 'armes-a-feu'),
('pirate', 'espace'),
('pirate', 'exploration'),
('prescient', 'chronokinesie'),
('prescient', 'clairvoyance'),
('prescient', 'classe-moyenne'),
('psiker', 'bas-fonds'),
('psiker', 'cosmokinesie'),
('psiker', 'quantakinesie'),
('psion', 'clairvoyance'),
('psion', 'corporations'),
('psion', 'telepathie'),
('psitech', 'electrokinesie'),
('psitech', 'electronique'),
('psitech', 'espace'),
('recuperateur', 'espace'),
('recuperateur', 'exploration'),
('recuperateur', 'reparation'),
('spectre', 'furtivite'),
('spectre', 'photokinesie'),
('spectre', 'systeme-d'),
('sportif-pro', 'arts-martiaux'),
('sportif-pro', 'exploits-physiques'),
('sportif-pro', 'universitaire'),
('technicien', 'classe-moyenne'),
('technicien', 'electronique'),
('technicien', 'reparation'),
('xenoarcheologue', 'arts'),
('xenoarcheologue', 'investigation'),
('xenoarcheologue', 'universitaire'),
('xenobiologiste', 'espace'),
('xenobiologiste', 'exploration'),
('xenobiologiste', 'medecine');

-- --------------------------------------------------------

--
-- Table structure for table `cota_capacites`
--

DROP TABLE IF EXISTS `cota_capacites`;
CREATE TABLE IF NOT EXISTS `cota_capacites` (
  `capacite` varchar(20) NOT NULL,
  `nom` varchar(50) NOT NULL,
  `limitee` tinyint(1) DEFAULT NULL,
  `sort` tinyint(1) DEFAULT NULL,
  `type` varchar(5) DEFAULT NULL,
  `description` text NOT NULL,
  PRIMARY KEY (`capacite`)
) ENGINE=InnoDB DEFAULT CHARSET=utf8mb4 COLLATE=utf8mb4_general_ci;

--
-- Dumping data for table `cota_capacites`
--

INSERT INTO `cota_capacites` (`capacite`, `nom`, `limitee`, `sort`, `type`, `description`) VALUES
('a-couvert', 'À couvert', 1, 0, NULL, 'Jusqu’à son prochain tour, le PJ divise par deux les DM dus aux attaques à distance et de zone qu’il reçoit, et peut se déplacer de 20 mètres. Un compagnon du PJ peut profiter de cette aptitude s’il a son accord et reste à son contact. Capacité avancée : jusqu’à [Mod. de CHA] compagnons (minimum 1) du PJ peuvent profiter de cette aptitude s’ils ont son accord et restent à moins de 10 mètres de lui.'),
('absorber-un-coup', 'Absorber un coup', 1, 0, NULL, 'Lors de son tour, le PJ fait seulement une action d’attaque ou de déplacement. Par la suite, à tout moment avant son prochain tour, le PJ peut effectuer un test d’attaque au contact en opposition à un test réussi d’attaque au contact ou à distance d’un adversaire. En cas de réussite, l’attaque adverse est bloquée par le bouclier. Capacité avancée'),
('absorber-un-sort', 'Absorber un sort', 1, 0, NULL, 'Lors de son tour, le PJ fait seulement une action d’attaque ou de déplacement. Par la suite, à tout moment avant son prochain tour, le PJ peut effectuer un test d’attaque magique (Mod. d’INT) en opposition à un test d’attaque magique qui le visait. En cas de réussite, le sort est absorbé par le bouclier et n’a aucun effet sur le PJ.'),
('acrobate', 'Acrobate', 0, 0, NULL, 'Le PJ obtient un bonus de +5 à tous ses tests de DEX visant à réaliser des acrobaties, conserver son équilibre, faire des sauts ou de l’escalade.\r\nCapacité avancée : le bonus passe à +10.'),
('action-concertee', 'Action concertée', 0, 0, NULL, 'Une fois par tour, le PJ peut échanger son initiative avec un autre PJ volontaire. S’il cède son initiative à un PJ plus lent, il gagne un bonus de +1 sur ses tests d’attaque à ce tour. Ce bonus passe à +2 au rang 4 de la voie. Capacité avancée : le bonus aux tests d’attaque est augmenté de +1.'),
('adaptable', 'Adaptable', 0, 0, 'race', 'Après avoir raté un test de Carac., le PJ obtient un bonus de +5 au prochain test pour retenter la même action au prochain tour.'),
('agile-et-sournois', 'Agile et sournois', 0, 0, 'cult', 'Le PJ choisit une capacité de rang 1 ou 2 de la voie de l’acrobatie ou de la voie de l’assassinat. Au rang 4 de cette voie, il gagne une capacité supplémentaire de rang 1 ou 2 de la voie de l’acrobatie ou de la voie de l’assassinat.'),
('ambidextrie', 'Ambidextrie', 1, 0, NULL, 'Le PJ peut à présent utiliser une arme dans chaque main sans pénalité s’il utilise des armes de duel ou des dagues. Avec sa main faible, il peut effectuer une attaque au contact gratuite supplémentaire à chaque tour. Cette seconde attaque n’empêche pas l’utilisation d’une capacité limitée, mais elle ne peut pas en être l’origine.'),
('amitie', 'Amitié', 0, 1, NULL, 'Si le PJ réussit un test d’attaque magique (portée : 10 m) contre le score maximal de PV d’une cible humanoïde, celle-ci se comporte comme un ami de longue date tant qu’elle n’est pas attaquée. Elle peut résister au sort avec un test de SAG difficulté [12 + Mod. d’INT], renouvelable une fois par jour.'),
('animal-fabuleux', 'Animal fabuleux', 0, 0, NULL, 'Le loup du PJ devient un spécimen particulièrement puissant. \r\nMâle alpha : Init. 13, DEF 16, PV [niveau du PJ x 4], attaque au contact = [niveau du PJ + 2], DM 1d6+3, FOR +3, DEX +1, CON* +3, INT -3, SAG* +2, CHA -2'),
('animation-dun-arbre', 'Animation d’un arbre', 0, 1, NULL, 'Une fois par combat, le PJ peut animer un arbre en le touchant. Il combat pendant [niveau du PJ] tours. Arbre animé : Init. 7, DEF 13, PV [rang x 10], attaque de contact = [niveau du PJ], DM 1d6+3, déplacement 10 m par action de mouvement. Réduction de DM de 10 sauf contre les armes tranchantes et le feu.'),
('apprenti-de-slurce', 'Apprenti de Slurce', 0, 0, 'cult', 'Le PJ choisit une capacité de rang 1 ou 2 de de la voie de l’assassinat ou de la voie des sombre savoirs. Au rang 4 de cette voie culturelle, il gagne une capacité supplémentaire de rang 1 ou 2 dans la voie de l’assassinat ou la voie des sombre savoirs.'),
('archer-emerite', 'Archer émérite', 0, 0, 'cult', 'Lorsqu’il utilise un arc, le PJ obtient une réussite critique sur un résultat de 19-20 au d20. Il gagne la maîtrise des armes de trait.'),
('argument-de-taille', 'Argument de taille', 0, 0, NULL, 'Le PJ ajoute son Mod. de FOR à son score de PV maximal ainsi qu’à ses tests de CHA et à ceux de ses alliés au contact pour les tests de négociation, de persuasion ou d’intimidation. Allez savoir pourquoi, sa simple présence donne de la force aux arguments de ses alliés… \r\nCapacité avancée : lorsque le rang 4 est atteint dans cette voie, le PJ ajoute une nouvelle fois son Mod. de FOR à son score de PV maximal.'),
('argumenter', 'Argumenter', 0, 0, NULL, 'Le PJ peut mettre sa logique et sa malice au service de sa force de persuasion. Il obtient un bonus de +5 aux tests de CHA visant à convaincre. \r\nCapacité avancée : le PJ peut également appliquer ce bonus pour tromper, mentir ou séduire (ne se cumule pas avec la capacité Charmant de la voie du charme – cf. ci-après).'),
('arme-de-predilection', 'Arme de prédilection', 0, 0, NULL, 'Le PJ choisit une arme de prédilection (par exemple une épée longue ou une hache à une main, un arc court, etc.), et gagne +1 en attaque lorsqu’il l’utilise. \r\nCapacité avancée : le combattant peut choisir une seconde arme qui devient alors une arme familière. Il gagne un bonus de +1 en attaque lorsqu’il l’utilise. Le bonus de la capacité Spécialisation ne s’applique pas à l’arme familière.'),
('armes-secretes', 'Armes secrètes', 0, 0, 'cult', 'Le PJ a appris l’art et la manière de cacher ses armes et de porter des coups mortels imparables. Il peut dissimuler jusqu’à deux armes légères (d6 maxi) et gagne un bonus de +5 à un test de DEX à opposer à un test de SAG de son adversaire. En cas de réussite, la première attaque portée par chaque arme surprend l’adversaire et inflige les DM maximaux (incluant les DM liés à des dés bonus).'),
('armure-de-terre', 'Armure de terre', 0, 1, NULL, 'Pendant [5 + Mod. de SAG] tours, le PJ retranche à tous les DM de feu, de froid, d’électricité ou d’acide subis un montant égal à deux fois son rang atteint dans cette voie.'),
('armure-lourde', 'Armure lourde', 1, 0, NULL, 'Le PJ peut porter une armure de plaques. Celleci lui confère une DEF de +7 et le protège des attaques critiques (il subit sur un critique des DM normaux au lieu des DM doublés).'),
('armure-naturelle', 'Armure naturelle', 0, 0, NULL, 'Le PJ a endurci son corps. Il bénéficie d’un bonus de +2 à la DEF. \r\nCapacité avancée : le bonus de DEF augmente de +1.'),
('artisan-de-la-forge', 'Artisan de la forge', 0, 0, 'cult', 'Le PJ choisit un métier présent au sein de l’ordre de la Forge (alchimiste, armurier, médecin, orfèvre, mineur, etc.). Il obtient un bonus de +5 à tous les tests en rapport avec ce métier.'),
('artiste-de-lombre', 'Artiste de l’ombre', 0, 0, 'cult', 'Pour dissimuler leurs activités, dans la plupart des pays civilisés, les Elfes noirs se font passer pour des artistes. Ils ont recours à cette couverture pour obtenir les informations nécessaires à l’exécution de leurs contrats. Le PJ choisit un domaine (danse, théâtre, peinture, poésie) et gagne un bonus de +5 à tous les tests de CHA en rapport avec celui-ci, ainsi qu’aux tests visant à trouver ou obtenir des informations secrètes ou sensibles.'),
('as-de-la-gachette', 'As de la gâchette', 1, 0, NULL, 'Lorsqu’il atteint une DEF de 25 ou plus à son attaque à distance avec une arbalète, le PJ ajoute +1d6 aux DM de son attaque.'),
('attaque-brutale', 'Attaque brutale', 1, 0, NULL, 'Le PJ réalise une attaque au contact avec une pénalité de -2 en attaque et +1d6 au DM. Au rang 5 atteint dans cette voie, il peut choisir de subir une pénalité de -5 pour obtenir +2d6 aux DM.'),
('attaque-circulaire', 'Attaque circulaire', 1, 0, NULL, 'Le PJ peut tenter une attaque au contact contre chaque adversaire engagé au contact avec lui.'),
('attaque-eclair', 'Attaque éclair', 1, 0, NULL, 'Le PJ peut effectuer une attaque au contact très percutante. Il ajoute son Mod. de DEX en attaque et aux DM pour cette offensive.'),
('attaque-en-finesse', 'Attaque en finesse', 0, 0, NULL, 'Le PJ peut utiliser son score d’attaque à distance pour porter une attaque au contact lorsqu’il utilise une arme de duel ou une dague. \r\nCapacité avancée : le PJ peut appliquer le bonus de DEF d’une main gauche (cf. « Équipement » page 156) contre les attaques à distance.'),
('attaque-en-traitre', 'Attaque en traître', 1, 0, NULL, 'Une fois par tour, lorsqu’un allié réussit à blesser une créature au contact du PJ, celui-ci peut lui porter une attaque normale gratuite en profitant de l’ouverture.'),
('attaque-flamboyante', 'Attaque flamboyante', 1, 0, NULL, 'Le style de combat du PJ est flamboyant et surprenant : avec cette capacité, il effectue une attaque de contact avec un bonus d’attaque et de DM égal à son Mod. de CHA (en plus du Mod. de FOR ou de DEX).'),
('attaque-massive', 'Attaque massive', 1, 0, 'cult', 'Le PJ réalise une attaque de contact de tout son poids. Il bénéficie d’un bonus au DM égal à son [Mod. de CON] et subit en retour un malus de DEF égal à son [Mod. de CON] pendant un tour.'),
('attaque-paralysante', 'Attaque paralysante', 1, 0, NULL, 'Une fois par combat, le PJ peut, en réussissant une attaque de contact, paralyser un adversaire de douleur. Ce dernier n’encaisse pas de DM, mais ne peut plus attaquer ni se déplacer pendant 1d4 tours.'),
('attaque-parfaite', 'Attaque parfaite', 1, 0, NULL, 'Lancez deux d20 en attaque au contact et gardez le meilleur résultat ; ajoutez +1d6 aux DM.'),
('attaque-puissante', 'Attaque puissante', 1, 0, NULL, 'Le PJ peut choisir d’utiliser 1d12 en attaque au contact au lieu du d20 habituel (il ajoute normalement son score d’attaque). Si une telle attaque est réussie, il ajoute +2d6 aux DM. Cette capacité peut être utilisée avec Double attaque ou Attaque circulaire par exemple.'),
('attaque-sanglante', 'Attaque sanglante', 1, 0, 'cult', 'Le PJ réalise une attaque de contact violente qui provoque une hémorragie. En plus des DM normaux, l’attaque produit un saignement qui inflige à la victime +1d6 DM à chaque tour suivant jusqu’à ce que la cible réussisse un test de CON difficulté [12 + Mod. de FOR] ou qu’elle soit soignée. On ne peut cumuler plusieurs effets de saignement.'),
('attaque-sournoise', 'Attaque sournoise', 1, 0, NULL, 'Quand il attaque un adversaire dans le dos* ou par surprise, le PJ inflige 1d6 de DM supplémentaires par rang atteint dans cette voie (notez que les dés d’attaque sournoise ne sont pas multipliés en cas de critique). *Attaquer de dos : lorsque le PJ attaque la même créature qu’un allié, on considère qu’il peut attaquer celle-ci de dos à deux conditions :1. le PJ et l’allié peuvent se placer de part et d’autre de la cible ;2. la cible n’a pas attaqué le PJ lors de son dernier tour (dans le cas contraire, on considère qu’elle lui fait face). \r\nCapacité avancée'),
('attaque-tourbillon', 'Attaque tourbillon', 1, 0, NULL, 'Une fois par combat, le PJ tourne sur lui-même en assénant des attaques à toutes les cibles au contact. Il inflige automatiquement des DM correspondant à l’arme utilisée (+ tous les bonus habituels) à toutes les cibles dans un rayon de 5 m autour de lui.'),
('autorite-culturelle', 'Autorité culturelle', 0, 0, 'cult', 'Le PJ dégage une impression de confiance, de sagesse et une force de caractère peu communes. Il obtient un bonus de +2 en Initiative et en DEF. À la place de cette capacité, le joueur peut, s’il le veut, choisir un nouveau domaine d’érudition pour son PJ (capacité du rang 1 de cette voie).'),
('baies-magiques', 'Baies magiques', 0, 1, NULL, 'Le PJ doit se trouver devant un buisson ou un arbre vivant. Son incantation fait pousser [1d6 + Mod. d’INT] fruits qu’il peut cueillir. Chaque fruit offre l’équivalent d’un repas et rend [1d10 + niveau du PJ] PV à celui qui le consomme. Les effets de ces fruits ne fonctionnent qu’une fois par jour et par personnage.'),
('barbare', 'Barbare', 0, 0, 'cult', 'Le PJ choisit une capacité de rang 1 ou 2 de la voie de la bravoure ou de la voie de la Chasse. Au rang 4 de cette voie, il gagne une capacité supplémentaire de rang 1 ou 2 de la voie de la bravoure ou de la voie de la chasse.'),
('benediction', 'Bénédiction', 0, 1, NULL, 'Le PJ entonne un chant pour encourager ses compagnons en vue. Ceux-ci (ainsi que le PJ) bénéficient d’un bonus de +1 à tous leurs tests de Carac. et d’attaque pendant [3 + Mod. de SAG] tours. Le bonus passe à +2 au rang 5 atteint dans cette voie. \r\nCapacité avancée : le bonus aux tests est augmenté de 1.'),
('blancheur-immaculee', 'Blancheur immaculée', 0, 0, 'cult', 'Le PJ n’a besoin que de la moitié du repos, de la nourriture ou de la boisson d’un Elfe normal pour être en pleine forme. Il est immunisé aux effets des poisons et des maladies.'),
('botte-mortelle', 'Botte mortelle', 1, 0, NULL, 'Lors d’une attaque au contact, s’il obtient un score total d’attaque supérieur ou égal à la DEF de son adversaire +10 points, le PJ obtient un bonus de +2d6 aux DM de son attaque.'),
('botte-secrete', 'Botte secrète', 1, 0, NULL, 'Lorsque le PJ obtient un critique sur une attaque au contact, l’attaque devient automatiquement une Attaque sournoise. Les effets de la capacité d’Attaque sournoise s’appliquent en plus des effets normaux du critique.'),
('boule-de-feu', 'Boule de feu', 0, 1, NULL, 'Le PJ choisit une cible située à moins de 30 mètres. Il fait un test d’attaque magique et le compare à la DEF de tous les personnages (y compris le PJ et ses compagnons) se trouvant dans un rayon de 6 mètres autour de la cible. Chaque victime pour laquelle le test est un succès encaisse [4d6 + Mod. d’INT] de DM. En cas d’échec, la cible ne subit que la moitié des DM.'),
('briseur-dos', 'Briseur d’os', 1, 0, NULL, 'Les coups critiques du PJ sont terribles et provoquent des handicaps durables. Le PJ obtient un critique sur 19 ou 20 au résultat du d20 en attaque au contact. Lorsqu’il obtient un critique, en plus des DM doublés, il inflige une pénalité de -2 à tous les tests d’attaque, de FOR et de DEX de sa victime. Cette pénalité affecte la cible jusqu’à ce qu’elle soit complètement guérie.'),
('brumes', 'Brumes', 0, 1, NULL, 'Le PJ créé un brouillard très dense jusqu’à une portée de 20 m sur une zone de 20 m de diamètre. Dans cette zone la visibilité est très réduite et équivalente à de la pénombre. Il n’est pas possible de voir par-delà le brouillard qui persiste pendant [5 + Mod. SAG] tours.  Capacité avancée : en doublant le coût en PM, le PJ peut doubler la zone du sort ou la durée du sort – tout en appliquant les effets d’une concentration s’il le souhaite.'),
('brute', 'Brute', 0, 0, 'cult', 'Le PJ choisit une capacité de rang 1 ou 2 de la voie de la férocité ou de la voie du pugilat. Au rang 4 de cette voie, il gagne une capacité supplémentaire de rang 1 ou 2 de la voie de la férocité ou de la voie du pugilat.'),
('cadence-de-tir', 'Cadence de tir', 0, 0, NULL, 'Recharger une arbalète lourde devient une action de mouvement. Dans le cas d’une arbalète de poing ou d’une arbalète légère, l’action devient gratuite. À partir du rang 5 atteint dans cette voie, le PJ peut recharger deux armes en une seule action. \r\nCapacité avancée : si son arme est prête (chargée et tenue en main), le PJ peut tirer à son rang d’initiative +5.'),
('capitaine-bouclier', 'Capitaine du Bouclier', 0, 0, 'cult', 'Lorsque le PJ manie un bouclier, ce dernier confère un bonus supplémentaire de +1 en DEF. De plus, une fois par tour, le PJ peut dévier un projectile (flèche, javelot…) et par conséquent ignorer totalement une attaque à distance qui aurait normalement dû le toucher, sauf si le test d’attaque est un critique.'),
('cavalier-emerite', 'Cavalier émérite', 0, 0, NULL, ' Lorsqu’il est en selle, le PJ gagne un bonus de +2 en attaque au contact et partage sa DEF avec celle de sa monture – on garde le meilleur score des deux. Monter ou descendre de monture est désormais une action gratuite. \r\nCapacité avancée : en selle, le PJ gagne également un bonus de +2 aux DM.'),
('charge', 'Charge', 1, 0, NULL, 'À monture, le PJ peut effectuer un déplacement de 40 m en ligne droite, et une attaque de contact placée au moment son choix. Il doit parcourir au moins 10 m avant d’attaquer, mais peut réaliser le reste du déplacement à sa guise. Le joueur lance deux d20 à son test d’attaque et garde le meilleur résultat, tout en ajoutant +1d6 aux DM. Une créature située sur la trajectoire de la charge doit réussir un test de FOR difficulté 18 ou être contrainte de céder le passage en subissant 1d6 DM. Si elle réussit ce test, la charge est bloquée et le tour du combattant se termine.'),
('charge-fantastique', 'Charge fantastique', 1, 0, NULL, 'Une fois par combat, à l’initiative du PJ, lui-même et tous ses alliés en vue bénéficient immédiatement d’un déplacement d’un maximum de 20 m en ligne droite, suivi d’une action d’attaque avec un bonus de +3 au test de réussite et +1d6 aux dégâts. Résolvez d’abord tous les déplacements en commençant par le PJ, puis par ordre d’initiative. Ensuite, effectuez toutes les attaques dans le même ordre.'),
('charge-ferocite', 'Charge', 1, 0, NULL, 'Le PJ se déplace en ligne droite d’au moins 5 mètres (20 mètres au maximum) et effectue une attaque au contact avec un bonus de +2 en attaque et +1d6 aux DM. \r\nCapacité avancée : le PJ gagne un bonus supplémentaire de +1 en attaque et aux DM.'),
('charisme-hero\"ique', 'Charisme héroïque', 1, 0, NULL, 'Le PJ augmente sa valeur de CHA de +2. Il peut de plus lancer deux d20 à chaque fois qu’un test de CHA lui est demandé et conserver le meilleur résultat.'),
('charmant', 'Charmant', 0, 0, NULL, 'Le PJ obtient un bonus de +5 pour tous ses tests de CHA visant à séduire, baratiner ou mentir. \r\nCapacité avancée : le bonus passe à +10.'),
('chevaucheur-dragons', 'Chevaucheur de dragons', 0, 0, 'cult', 'Le PJ est féru des courses de montures volantes. Il fait l’acquisition d’un dragon d’Akrähyng dont les Caracs. sont les suivantes : Init 15, DEF 16, PV [5 × niveau du PJ], Att +8, DM 1d6+4 (trait de feu, portée 20 m). S’il possède, ou venait à acquérir par la suite, la capacité Monture fantastique (voie voie du combat monté, rang 5) ou Ordre de chevalerie (voie de prestige de l’ordre ailé, rang 1), sa monture gagnerait un bonus de +2 en DEF, attaque et DM pour chacune de ces capacités. Sa monture lui est parfaitement fidèle et il gagne un bonus de +5 aux tests de DEX pour toutes les manoeuvres aériennes réalisées avec elle.'),
('clairvoyance', 'Clairvoyance', 0, 1, NULL, 'Le PJ peut voir et entendre à distance ce qui se passe dans un lieu qu’il connaît, tant qu’il reste concentré (action limitée à chaque tour). Les créatures présentes ont droit à un test de SAG difficulté [12 + Mod. d’INT] : en cas de réussite, elles se sentent observées.'),
('colosse', 'Colosse', 0, 0, 'cult', 'Le PJ augmente ses valeurs de FOR et de CON de +2.'),
('combat', 'Combat', 0, 0, NULL, 'Le loup du PJ peut désormais se battre comme un véritable personnage. Il attaque en même temps que le PJ. \r\nLoup : Init. 13, DEF 14, PV [niveau x 4], attaque au contact = [niveau du PJ], DM 1d6+1, FOR +1, DEX +1, CON* +1, INT -3, SAG* +2, CHA -2.'),
('combat-2a-parfait', 'Combat à deux armes parfait', 0, 0, NULL, 'Le combat à deux armes (et en conséquence la parade croisée) ne nécessite plus qu’une action d’attaque au lieu d’une action limitée pour être utilisé.'),
('combat-a-deux-armes', 'Combat à deux armes', 1, 0, NULL, 'Le PJ effectue une attaque de chaque main. Il utilise 1d20 pour le test d’attaque de sa main directrice et un d12 pour l’attaque portée avec son autre bras. Il doit manier une arme légère dans sa main faible (1d6 de DM maxi). Capacité avancée : s’il utilise deux armes légères (1d6 de DM au maximum), le PJ gagne un bonus de +1 en attaque.'),
('combat-en-phalange', 'Combat en phalange', 0, 0, 'cult', 'Lorsque le PJ combat la même créature qu’un allié, il gagne +1 en attaque et en DEF par allié au contact avec lui et avec la créature.'),
('compagnon-animal-sup', 'Compagnon animal supérieur', 0, 0, 'cult', 'Le PJ a tissé un lien particulier avec un animal qui lutte à ses côtés. Il gagne le rang 3 de la voie du Compagnon animal (voir page 170). S’il possède déjà cette capacité ‒ ou venait à l’acquérir par la suite ‒, son compagnon gagne un bonus de +2 en initiative, en DEF, en attaque et aux DM.'),
('con-heroique', 'Constitution héroïque', 0, 0, NULL, 'Le PJ augmente son score de CON de +2 et peut désormais lancer deux d20 à chaque fois qu’un test de CON lui est demandé et conserver le meilleur résultat.'),
('confusion', 'Confusion', 0, 1, NULL, 'En réussissant un test d’attaque magique opposée (portée : 20 m), le PJ désoriente sa cible pendant [3 + Mod. de SAG] tours. Chaque tour, lancez 1d6'),
('conn-cosmopolites', 'Connaissances cosmopolites', 0, 0, 'cult', 'Le PJ est habitué à négocier avec des humanoïdes issus de toutes les régions du monde. Les us et coutumes des peuples d’Arran n’ont pas de secrets pour lui. Il gagne un bonus de +5 à tous les tests pour négocier, argumenter, mentir ou convaincre un non-humain.'),
('conquerant', 'Conquérant', 0, 0, 'cult', 'Le PJ augmente ses valeurs de DEX et CON de +2.'),
('conspirateur', 'Conspirateur', 0, 0, 'cult', 'Le PJ connaît beaucoup de monde dans les Terres d’Arran. Une fois par aventure, il peut faire appel à un ami ou contact pour en obtenir un service, une information ou sceller une alliance. Pour cela, il doit réussir un test de CHA difficulté 10 si le service est du domaine de la routine, de 15 si le service est difficile à rendre ou s’il peut présenter un risque pour le contact, et de 20 si le service fait appel à une information secrète ou s’il met ouvertement l’allié en danger. En cas d’échec, l’ami peut malgré tout accorder son aide, mais elle ne sera pas gratuite...'),
('coup-de-bouclier', 'Coup de bouclier', 1, 0, NULL, 'Le PJ peut effectuer à chaque tour une attaque au bouclier avec un d12 au lieu du d20 (action gratuite) qui inflige [1d4 + Mod. de FOR] DM.'),
('cri-de-guerre', 'Cri de guerre', 0, 0, NULL, 'Une fois par combat, pour une action d’attaque, le PJ pousse un hurlement qui effraie ses adversaires. Tout ennemi dont la FOR ou les PV maximaux sont inférieurs à ceux du PJ subit un malus de -2 à ses tests d’attaque au contact contre le PJ pour le reste du combat. Capacité avancée : la capacité ne nécessite plus qu’une action de mouvement.'),
('critique-brutal', 'Critique brutal', 0, 0, 'cult', 'Les DM du PJ sont multipliés par 3 (au lieu de 2) lorsqu’il obtient une réussite critique sur une attaque au contact.'),
('croc-en-jambe', 'Croc-en-jambe', 0, 0, NULL, 'Lorsqu’il obtient un score de 17 à 20 sur son d20 en attaque au contact, le PJ fait chuter son adversaire en plus de lui infliger des DM normaux. Un score de 19 ou 20 est nécessaire pour une créature quadrupède.'),
('croyances-pa\"iennes', 'Croyances païennes', 0, 0, 'race', 'Le PJ arbore désormais un tatouage mystique qui améliore ses performances physiques. Au choix : taureau (+5 aux tests de FOR), ours (+5 aux tests de CON), panthère (+5 aux tests de DEX) ou chouette (+5 aux tests de SAG).'),
('dans-le-mille', 'Dans le mille', 1, 0, NULL, 'Pour une attaque à distance, le PJ peut choisir d’utiliser 1d12 en attaque au lieu du d20 habituel (et il ajoute normalement son score d’attaque à distance). Si l’attaque est réussie, il ajoute 2d6 aux DM. Cette capacité peut par exemple être utilisée avec Tir Rapide ou Flèche de mort (le bonus de 2d6 aux DM n’est pas doublé).'),
('debrouillard', 'Débrouillard', 0, 0, NULL, 'Le PJ obtient un bonus de +5 à tous ses tests de survie en nature et aux tests de profession et d’artisanat (forge, charpentier, etc.).'),
('dedoublement', 'Dédoublement', 0, 1, NULL, 'Sur une attaque magique réussie (portée : 20 m), le PJ crée un double translucide de la cible pendant [5 + Mod. de SAG] tours. Le double est sous le contrôle du PJ. Il possède les mêmes caractéristiques que l’original mais seulement la moitié de ses PV, et tous les DM qu’il inflige sont divisés par deux. Il disparaît si ses PV tombent à 0. Une créature ne peut être dédoublée qu’une fois par combat.'),
('deguisement', 'Déguisement', 0, 0, NULL, 'Avec beaucoup d’ingéniosité, un jeu d’acteur hors pair et en disposant des accessoires adéquats, le PJ parvient à prendre l’apparence de n’importe quelle créature de taille à peu près équivalente (avec une marge d’environ 50 cm). S’il subit un examen minutieux, l’aventurier doit réussir un test opposé de CHA contre SAG pour ne pas être découvert. Il a besoin de vingt minutes pour se préparer et le déguisement peut servir pendant deux heures avant que le maquillage ne commence à s’altérer.'),
('delivrance', 'Délivrance', 0, 1, NULL, 'En touchant sa cible, le PJ annule les pénalités infligées par les sorts, les malédictions, la pétrification et les capacités spéciales d’autres personnages ou de créatures (douleur, mutilation, poisons, etc.).'),
('deluge-de-coups', 'Déluge de coups', 1, 0, NULL, 'Lors de son tour, le PJ peut effectuer deux attaques à mains nues sur des cibles de son choix ou deux attaques avec une arme. Alternativement, il peut choisir de porter trois attaques en utilisant un d12 en attaque pour chacune d’elles (au lieu d’un d20).'),
('depassement', 'Dépassement', 0, 0, 'race', 'Le PJ augmente la valeur d’une Carac. au choix de +2.'),
('dernier-rempart', 'Dernier rempart', 1, 0, NULL, 'Le PJ effectue uniquement une attaque au contact durant ce tour. En contrepartie, il bénéficie d’une attaque supplémentaire contre tout ennemi qui se déplace pour venir à son contact. Un adversaire blessé par cette attaque voit son déplacement stoppé.'),
('desarmer', 'Désarmer', 1, 0, NULL, 'Le PJ réalise une attaque au contact et sa victime doit faire un test d’attaque opposé. Si le PJ obtient le plus haut score, l’arme de son adversaire tombe au sol (une action de mouvement doit être employée pour la ramasser). Si le PJ réussit son test avec au moins 10 points de plus que son adversaire, il empêche celui-ci de récupérer son arme (en posant le pied dessus, en l’envoyant hors de portée, etc.). Cette capacité est évidemment sans effet sur les armes naturelles (griffes, crocs, épine dorsale, etc.). Les adversaires qui utilisent des armes à deux mains sont plus difficiles à désarmer, infligeant un malus de -5 au test. \r\nCapacité avancée : la capacité peut être utilisé pour une action d’attaque au lieu d’une action limitée.'),
('detecter-les-pieges', 'Détecter les pièges', 0, 0, NULL, 'En réussissant un test d’INT difficulté 10, le PJ peut détecter (et ensuite contourner sans danger) les pièges (avant qu’ils ne se déclenchent bien entendu). Les pièges magiques exigent un test d’INT de difficulté 15. \r\nCapacité avancée : la détection des pièges non magiques est réussie de façon automatique.'),
('detection-invisible', 'Détection de l\'invisible', 0, 1, NULL, 'Pendant [5 + Mod. de SAG] tours, le PJ détecte les créatures invisibles ou cachées à moins de 30 mètres et perçoit si un sort de Clairvoyance affecte l’endroit. Aveuglé ou dans le noir, ce sort lui permet de voir normalement. \nCapacité avancée : le PJ peut lancer ce sort en action de mouvement au lieu d’une action d’attaque mais ne peut user de concentration dans ces conditions.'),
('detection-magie', 'Détection de la magie', 0, 1, 'tmag', 'Pour une action d’attaque, le mystique se concentre et détecte la présence de toute inscription, aura ou objet magique situé(e) dans la pièce où il se trouve (ou dans les 15 mètres autour de lui).'),
('dex-heroique', 'Dextérité héroïque', 0, 0, NULL, 'Le PJ augmente son score de DEX de +2 et peut désormais lancer deux d20 à chaque fois qu’un test de DEX lui est demandé et conserver le meilleur résultat.'),
('discretion', 'Discrétion', 0, 0, NULL, 'Quand il essaie de passer inaperçu, le PJ bénéficie d’un bonus de +5 à son test de DEX. \r\nCapacité avancée : le bonus passe à +10.'),
('doigts-agiles', 'Doigts agiles', 0, 0, NULL, 'Le PJ reçoit un bonus de +5 pour tous ses tests de DEX liés à la précision : crocheter une serrure, désamorcer un piège, faire les poches de quelqu’un… \r\nCapacité avancée'),
('domination', 'Domination', 0, 1, NULL, 'En réussissant un test d’attaque magique (portée : 20 m) en opposition contre un test d’attaque magique de la cible (si la créature n’a pas d’attaque magique, on utilise alors son attaque au contact en appliquant un malus de -3), le PJ prend contrôle de son esprit pendant [1d4 + Mod. de SAG] minutes. Son propre corps devient inactif. La victime peut résister au sort avec un test de SAG difficulté [10 + Mod. d’INT] à chaque fois qu’elle subit des DM. Si la créature meurt pendant la domination, le PJ réintègre son corps et subit 1d6 DM.'),
('double-attaque', 'Double attaque', 1, 0, NULL, 'Le PJ peut tenter deux attaques au contact durant ce tour avec un malus de -2 à chacune.'),
('double-peine', 'Double peine', 1, 0, NULL, 'Si les deux armes du PJ atteignent la cible lors d’un même tour, le personnage obtient un effet de combo qui ajoute +1d6 DM à l’une des deux attaques selon son choix.'),
('elixir-de-guerison', 'Élixir de guérison', 0, 0, NULL, 'Le PJ peut préparer un élixir qui soigne [3d6 + Mod. d’INT] PV, un empoisonnement ou une hémorragie.'),
('elixirs-protection', 'Elixirs de protection', 0, 0, NULL, 'Le PJ peut préparer une potion de Peau d’écorce (rang 1 de la voie des forêts), d’Image décalée (rang 1 de la voie des illusions) ou de Protection contre les éléments (rang 3 de la voie de la magie élémentaliste). Les effets de ces potions ne sont pas cumulables.'),
('empathie-animale', 'Empathie animale', 0, 0, NULL, 'Le PJ peut parler aux animaux. De plus, lorsqu’il dépense un PR pour récupérer des PV, son loup regagne également un nombre de PV égal à [1d8 + Mod. CON du loup + niveau du PJ].'),
('empathie-elfique', 'Empathie elfique', 0, 0, 'race', 'Le PJ connaît instinctivement la direction à suivre pour retrouver les personnes qui lui sont chères et intimes, quelle que soit la distance qui les sépare. De plus, il ressent, comme une forme de pressentiment, leur état de santé physique et psychologique. Enfin, il perçoit également si un danger les guette.'),
('endurant', 'Endurant', 0, 0, 'race', 'Le maximum de PR de l’Ogre est de 6 – et non de 5 comme pour les autres races.'),
('enfant-de-la-foret', 'Enfant de la forêt', 0, 0, 'cult', 'Le PJ choisit une caste, religieuse ou guerrière. Traditionnellement, les individus féminins choisissent la première, les individus masculins la seconde mais la nouvelle génération fait fi de ces conventions. Le choix est donc totalement ouvert. L’Elfe gagne alors une capacité de rang 1 ou 2 de de la voie des arts druidiques ou voie des forêts pour la caste religieuse ou une capacité de rang 1 ou 2 de de la voie de l’archerie et de la voie du compagnon animal pour la caste guerrière. Au rang 4 de cette voie culturelle, il gagne une capacité supplémentaire de rang 1 ou 2 de sa caste (voie des arts druidiques ou voie des forêts, voie de l’archerie et de la voie du compagnon animal).'),
('ennemis-jures', 'Ennemis jurés', 1, 0, NULL, 'Après avoir tué une créature, le PJ peut décider que tous ceux de sa race sont devenus des ennemis jurés. Contre ces créatures, il bénéficie désormais d’un bonus égal à son Mod. de SAG pour ses attaques et il inflige +1d6 de DM. Au niveau 8, Il peut choisir un second ennemi juré. Le PJ peut changer d’ennemi juré une fois au cours de chaque niveau.'),
('enorme', 'Énorme', 0, 0, 'cult', 'Le PJ peut manier d’une seule main les grandes armes qui nécessitent normalement l’usage des deux mains. Il souffre d’un malus de -2 aux tests d’attaque. Pour les armes traditionnelles ogres, ce malus est augmenté de 1 par niveau de magie (une arme exceptionnelle à deux mains impose un malus de -5 si elle est maniée à une seule main).'),
('enseigne-du-temple', 'Enseigne du Temple', 0, 0, 'cult', 'Le PJ choisit une capacité de rang 1 ou 2 de la voie de la maîtrise des armes ou de la voie du mysticisme. Au rang 4 de cette voie, il gagne une capacité supplémentaire de rang 1 ou 2 de la voie de la maîtrise des armes ou de la voie du mysticisme.'),
('enseignement-exo', 'Enseignement exotique', 0, 0, 'race', 'Le PJ choisit l’une des formations martiales maîtrisées par son personnage ainsi qu’une tradition d’un des peuples des Terres d’Arran : le PJ peut porter et utiliser uniquement les armes ou armures qu’il maîtrise, forgées dans cette tradition. Voir à ce sujet la marge Armes et armures traditionnelles, page 71.'),
('enseignements-eau', 'Enseignements de l\'eau', 0, 0, 'cult', 'Le PJ peut retenir sa respiration sous l’eau pendant 15 minutes. De plus, au plus profond des océans, il n’a pas besoin de la lumière du soleil pour se guider. Il peut aussi supporter les températures glaciales et la pression sans problème.'),
('equilibre-parfait', 'Équilibre parfait', 0, 0, 'cult', 'Habitué aux fluctuations des vagues, le PJ a acquis une coordination hors du commun. Se relever constitue pour lui une action gratuite et il bénéficie d’un bonus de +5 aux tests d’équilibre.'),
('erudition', 'Érudition', 0, 0, 'cult', 'Le PJ sait lire et écrire et gagne +5 aux tests relatifs à un domaine de son choix : histoire et géographie, occultisme et magie, sciences et techniques, plantes et créatures ou langues anciennes.'),
('esquive-acrobatique', 'Esquive acrobatique', 0, 0, NULL, 'Une fois par tour, le PJ peut réaliser une esquive en réussissant un test d’attaque à distance contre une difficulté égale au score obtenu par son adversaire lors de son attaque. En cas de réussite, le PJ ne subit aucun DM. Si cette attaque était un critique, il subit tout de même des DM normaux (et annule donc l’effet critique « dégâts doublés »).'),
('essence-magique', 'Essence magique', 0, 0, 'race', 'Le PJ est naturellement lié à l’essence du monde. Il obtient un bonus de +2 en DEF contre les attaques magiques et à tous les tests destinés à résister à la magie. Ce bonus passe à +4 au rang 4 atteint dans cette voie.'),
('etudes-arcaniques', 'Études arcaniques', 0, 0, 'cult', 'Le PJ choisit une capacité de rang 1 ou 2 de la voie de la magie élémentaliste ou de la voie des illusions. Au rang 4 de cette voie, il gagne une capacité supplémentaire de rang 1 ou 2 de la voie de la magie élémentaliste ou de la voie des illusions.'),
('exemplaire', 'Exemplaire', 1, 0, NULL, 'Une fois par tour, le PJ permet à un allié qui combat le même adversaire que lui de relancer le d20 d’un test d’attaque s’il s’agissait d’un d’échec.'),
('expert-en-filouterie', 'Expert en filouterie', 0, 0, 'cult', 'Le PJ augmente ses valeurs de DEX et CHA de +2.'),
('expertise-des-haches', 'Expertise des haches', 0, 0, 'cult', 'Le PJ gagne un bonus de +1 en attaque et aux DM lorsqu’il manie une hache. De plus, il est formé au maniement de la grande hache de bûcheron.'),
('feinte', 'Feinte', 1, 0, NULL, 'Le PJ effectue une attaque fictive pour déséquilibrer son adversaire et réaliser ensuite une attaque mortelle. Faites un test d’attaque normal lors de ce tour mais n’infligez aucun DM. Au tour suivant, si vous attaquez le même adversaire, vous profiterez d’un bonus de +5 en attaque et, si votre feinte était réussie, de +2d6 aux DM. Au rang 5 atteint dans cette voie, le bonus d’attaque de la feinte passe à +10.'),
('feu-gregeois', 'Feu grégeois', 0, 0, NULL, 'Le PJ lance la fiole à une distance maximum de 10 m grâce à une action d’attaque (réussite automatique). Le contenu explose dans un rayon de 3 m en infligeant 1d6 DM par rang atteint dans cette voie. Un test de DEX difficulté [10 + Mod. d’INT] réussi permet aux victimes de diviser les DM par deux. \r\nCapacité avancée : les flammes du feu grégeois persistent pendant un tour, infligeant 1 DM de feu par rang atteint dans cette voie à toute cible commençant son tour ou traversant la zone. La réussite d’un test de DEX difficulté [10 + Mod. d’INT] permet d’annuler les DM.'),
('fidele-monture', 'Fidèle monture', 0, 0, NULL, 'Le PJ possède un puissant destrier (un cheval de guerre ou un cochon de combat). À dos de monture, il peut ajouter un déplacement de 10 m avant ou après une action normale (par exemple faire 10 m et une action limitée). La monture n’attaque que si elle est elle-même attaquée au contact par une créature.\r\nFidèle monture : FOR +4, DEX +0, CON +4, INT -2, SAG +0, CHA +0, Init. 10, DEF 13, PV 15, ruade +5, DM 1d6+4\r\nCapacité avancée'),
('flamme', 'Flamme', 0, 1, 'tmag', 'Pour une action gratuite, le mystique fait apparaître dans la paume de sa main une petite flamme, à peine assez intense pour éclairer une zone dans un rayon de 5 mètres. Il peut l’utiliser pour mettre le feu à des matières inflammables ou porter une attaque de contact ‒ pour une action d’attaque ‒ à un adversaire en utilisant son score d’attaque magique et infligeant 1d6 DM.'),
('fleche-de-mort', 'Flèche de mort', 1, 0, NULL, 'Le PJ lance deux d20 pour son attaque et conserve le meilleur résultat. Les dégâts de la flèche sont doublés.'),
('for-heroique', 'Force héroïque', 0, 0, NULL, 'Le PJ augmente son score de FOR de +2 et peut désormais lancer deux d20 à chaque fois qu’un test de FOR lui est demandé et conserver le meilleur résultat.'),
('force-de-la-nature', 'Force de la nature', 0, 0, 'cult', 'Le PJ gagne un bonus de +5 à tous les tests de FOR et ajoute son [Mod. de FOR] à son score total de PV.'),
('forgeron', 'Forgeron', 0, 1, NULL, 'Le PJ obtient un bonus de +5 aux tests d’orfèvrerie ou de forge. Au prix d’une action de mouvement, il peut enflammer son arme pour une durée de [5 + Mod. de SAG] tours et gagne alors un bonus aux DM de +1 par rang atteint dans cette voie avec cette arme (DM de feu). \r\nCapacité avancée : le bonus aux tests passe à +10 et enflammer son arme ne nécessite plus qu’une action gratuite au lieu d’une action de mouvement.'),
('forgeron-runique', 'Forgeron runique', 0, 0, 'cult', 'Le PJ choisit une capacité de rang 1 ou 2 de de la voie d’alchimie ou de la voie de la magie runique. Au rang 4 de cette voie, il gagne une capacité supplémentaire de rang 1 ou 2 dans la voie d’alchimie ou de la voie de la magie runique.'),
('formation-militaire', 'Formation militaire', 0, 0, 'cult', 'Le PJ choisit une capacité de rang 1 ou 2 de la voie du bastion ou de la voie du commandement. Au rang 4 de cette voie, il gagne une capacité supplémentaire de rang 1 ou 2 de la voie du bastion ou de la voie du commandement.'),
('fortifiant', 'Fortifiant', 0, 0, NULL, 'Un breuvage étrange qui guérit [1d4 + rang] PV et permet de gagner un bonus de +3 aux [rang + 1] prochains tests effectués (dans une limite de temps de 12 heures). Boire un fortifiant nécessite une action de mouvement. \r\nCapacité avancée : le PJ dispose de deux fortifiants en plus des élixirs qu’il peut normalement préparer chaque jour.'),
('frappe-chirurgicale', 'Frappe chirurgicale', 1, 0, NULL, 'Par sa science de l’escrime (et de la fourberie), le PJ augmente de manière permanente ses chances de porter des coups critiques. Il retranche désormais son Mod. d’INT au score nécessaire pour obtenir un critique en attaque au contact.'),
('frappe-deloyale', 'Frappe déloyale', 0, 0, 'race', 'Une fois par adversaire, après avoir manqué une attaque de contact, le PJ peut annoncer que cette attaque était en réalité une frappe déloyale : le coup avait pour objectif de détourner l’attention de l’adversaire, le temps pour le PJ de placer un coup vicieux. À l’issue d’un test opposé dont la nature est précisée ci-dessous, le personnage peut réaliser l’une des manoeuvres suivantes'),
('fuite-interdite', 'Fuite interdite', 0, 0, 'cult', 'Le PJ tient toujours sa position, jusqu’à la mort. Lorsqu’un adversaire à son contact utilise une action de mouvement pour s’éloigner de lui, il peut immédiatement lui porter une attaque de contact en tant qu’action gratuite. En cas de réussite, l’attaque n’inflige aucun DM mais le déplacement de l’adversaire est annulé.'),
('grace-elfique', 'Grâce elfique', 0, 0, 'race', 'Le PJ gagne +5 à tous les tests de CHA et de déplacement silencieux.'),
('grace-feline', 'Grâce féline', 0, 0, NULL, 'Le PJ ajoute son Mod. de CHA en DEF et en initiative (en plus du Mod. habituel de DEX). \r\nCapacité avancée : le PJ ajoute son Mod. de CHA à tous les tests de discrétion et d’esquive.'),
('grosse-tete', 'Grosse tête', 0, 0, 'cult', 'Le PJ remplace la force brutale par la réflexion. Il peut effectuer un test d’INT au lieu d’un test de FOR (exemple : il utilise un levier pour déplacer une lourde charge). Il obtient un bonus de +5 à tous les tests de bricolage ou de science.'),
('hemorragie', 'Hémorragie', 0, 1, NULL, 'Si le PJ réussit un test d’attaque magique (portée : 10 m), la victime saigne à la moindre blessure. tous les DM des attaques sanglantes infligées à la cible (arme blanche, griffe, saignement, etc.) augmentent de 1d6 pendant [5 + Mod. de SAG] tours. Ce sort ignore la RD d’une cible mais les créatures qui ne saignent pas y sont immunisées (telles que les créatures non vivantes, les goules ou encore les dryades).'),
('heros-tribal', 'Héros tribal', 0, 0, 'race', 'Le PJ peut utiliser 1 PC pour annuler un coup critique à son encontre et le transformer en coup normal. Une fois par jour, il peut utiliser 2 PC pour transformer un test réussi à son encontre en échec. N.B. : il n’est pas possible d’annuler une réussite critique.'),
('homme-des-cites', 'Homme des cités', 0, 0, 'cult', 'Le PJ est à l’aise dans les foules et les cités bondées. Il gagne un bonus de +5 pour tous les tests liés à la perception dans une foule, ainsi que pour trouver l’adresse d’une personne ou l’emplacement d’un lieu précis en zone urbaine.'),
('homme-des-clans', 'Homme des clans', 0, 0, 'cult', 'Le PJ a acquis un tel statut au sein de son clan qu’il dispose maintenant d’un homme de main à son service qui combat à ses côtés et assure ses arrières sur le champ de bataille. Ce dernier lui est totalement fidèle et peut être de plus affecté à quelques basses besognes, telles que l’entretien des armes ou encore l’intendance. Grâce à lui, les armes du personnage sont parfaitement entretenues et infligent des critiques sur un résultat de 19 ou 20. \r\nBras droit : DEF 16, PV [niveau du PJ x 6], attaque [niveau du PJ], DM 1d8+2. FOR +2, DEX +0, CON +2, INT +0, SAG +0, CHA +0. Il agit à l’initiative du PJ. S’il venait à mourir, le PJ pourrait prendre un autre bras droit à son service au niveau suivant.'),
('huile-instable', 'Huile instable', 0, 0, NULL, 'Une fois à l’air libre, l’huile prend feu spontanément et brûle intensément. Il est possible, au prix d’une action limitée, de l’appliquer sur une arme pour bénéficier d’un bonus de +1d6 DM de feu pendant [5 + Mod d’INT] minutes. L’huile peut également être appliquée sur des carreaux d’arbalète ou des pointes de flèche, à raison d’une action d’attaque par lot de projectiles, une dose permettant d’enflammer environ cinq projectiles.'),
('hyperconscience', 'Hyperconscience', 0, 1, NULL, 'Le PJ augmente ses valeurs de SAG et d’INT de +2. Il peut désormais lancer deux d20 à chaque fois qu’un test de SAG ou d’INT lui est demandé et garder le meilleur résultat.'),
('image-decalee', 'Image décalée', 0, 1, NULL, 'Pendant [5 + Mod. de SAG] tours, lorsqu’une attaque le touche, le PJ lance 1d6 : sur 5-6, il ne subit pas les DM. Les DM et effets de zone s’appliquent normalement. \r\nCapacité avancée'),
('imitation', 'Imitation', 0, 1, NULL, 'Le PJ peut prendre l’apparence d’une créature de taille proche (+ ou – 50 cm) qu’il voit au moment de l’incantation. Durée [5 + Mod. de SAG] minutes. Toucher le PJ (par une attaque ou non) met fin au sort.'),
('immortalite', 'Immortalité', 0, 0, 'race', 'Le PJ augmente sa valeur de CON de +2 et ses blessures guérissent plus vite. Lorsqu’il dépense 1 PR, il regagne [2 x DV + niv + Mod. CON].'),
('imperturbable', 'Imperturbable', 0, 0, 'cult', 'Le PJ gagne un bonus de +5 aux tests visant à résister aux effets mentaux (tels que la peur, l’intimidation ou les sorts d’envoûtement). De plus, il gagne un bonus de +3 en Initiative.'),
('injonction', 'Injonction', 0, 1, NULL, 'Le PJ donne à une cible un ordre simple (mais pas dangereux pour elle) que cette dernière doit pouvoir comprendre. Il doit réussir un test d’attaque magique opposé contre la cible (si la créature n’a pas d’attaque magique, on utilise alors son attaque au contact en appliquant un malus de -3) à une portée de 20 mètres. En cas d’échec, la cible exécutera l’ordre pendant son prochain tour. \r\nCapacité avancée : le PJ bénéficie d’un bonus de +2 à son test d’attaque magique.'),
('insignifiant', 'Insignifiant', 0, 0, 'cult', 'Le PJ bénéficie d’une étrange faculté à se faire oublier ou à détourner l’attention. Une fois par combat, alors qu’il était pris pour cible par un ennemi, il peut invoquer cette capacité pour reporter l’attention de son assaillant sur une autre cible ennemie. L’ennemi ne s’en prendra plus au Gobelin, à moins que ce dernier ne l’attaque de nouveau. De plus, le Gobelin bénéficie d’un bonus de +5 à tous les tests visant à se fondre dans la masse.'),
('inspiration', 'Inspiration', 0, 1, 'tmag', 'Au prix d’une action d’attaque, le mystique désigne un allié à moins de 10 mètres et lui octroie un bonus de +1 à tous ses tests pendant [2 + Mod. SAG] tours. Il peut lancer une inspiration à chaque tour mais ne peut maintenir plus de [1 + Mod. INT] inspirations à la fois (minimum 1).'),
('instinct-de-survie', 'Instinct de survie', 0, 0, 'race', 'Lorsqu’une attaque devrait amener le PJ à 0 PV, les DM qu’elle inflige sont divisés par deux (minimum 1).'),
('int-heroique', 'Intelligence héroïque', 0, 0, NULL, 'Le PJ augmente sa valeur d’INT de +2. Il peut désormais lancer deux d20 à chaque fois qu’un test d’INT lui est demandé et conserver le meilleur résultat.'),
('intelligence-combat', 'Intelligence du combat', 0, 0, NULL, 'Le PJ ajoute son Mod. d’INT en initiative et en DEF en plus de son Mod. de DEX. \r\nCapacité avancée : s’il le souhaite, le PJ peut remplacer le Mod. de FOR aux DM par son Mod. d’INT.'),
('intuable', 'Intuable', 0, 0, 'cult', 'Au moment de tomber à 0 PV, le PJ peut décider de ne pas sombrer dans l’inconscience et de continuer à se battre. Il peut encore être blessé, ses PV étant alors décomptés négativement. Il peut descendre jusqu’à un montant égal à sa valeur de Constitution, au-delà de laquelle il meurt. Tant que ses PV sont inférieurs à 0, il ne peut bénéficier d’aucun soin à moins qu’il ne dépense 1 PR.'),
('invention-etrange', 'Invention étrange', 0, 0, 'cult', 'Le PJ invente ‒ ou reçoit en présent de la part d’un collègue ingénieur ‒ une arbalète à répétition. Il gagne la maîtrise des armes de tir ‒ incluant la maîtrise de cette arme.'),
('invocation-dun-demon', 'Invocation d’un démon', 0, 1, NULL, 'Une fois par combat, en sacrifiant 1d6 PV, le PJ invoque un démon qui entre alors à son service pour [5 + Mod. de SAG] tours. Le démon est une grande silhouette noire d’environ 2,30 m, aux contours brumeux et indéterminés et aux yeux larges et écarlates. Le démon divise par deux tous les DM non magiques qu’il subit, les sorts et les armes magiques lui infligent des DM normaux. Il est capable de voler à une vitesse équivalente à un déplacement normal. Lorsque le PJ atteint le niveau 10, le démon devient capable d’attaquer deux fois par tour au prix d’une action limitée. \r\nDémon : FOR +5*, DEX +2, CON +4*, INT +2, SAG +2, CHA +0, Init. 16, DEF 17, PV [niveau du PJ x 5], attaque au contact = [niveau du PJ], DM 1d8+5'),
('joli-coup', 'Joli coup !', 0, 0, NULL, 'Le PJ ignore les pénalités normalement appliquées lorsque la cible est à couvert (généralement -2 à -5). \r\nCapacité avancée : le PJ ajoute +1 aux DM de l’arme tant qu’il l’utilise à une portée optimale.'),
('la-loge-noire', 'Loge noire', 0, 0, 'cult', 'Le PJ, en raison de sa richesse et de son importance au sein de l’ordre, est à présent protégé par un garde. Ce dernier confère un bonus de +3 en DEF à son employeur lorsqu’il est à son contact. Une fois par tour, il peut faire échouer une attaque qui vise le PJ en réussissant un test d’attaque avec un résultat au moins égal à la DEF atteinte par l’attaquant. Le garde est totalement loyal au PJ. S’il vient à mourir, il est possible d’en engager un nouveau en dépensant 500 pa ou lors du passage au niveau suivant. \r\nLe garde : DEF 16, PV [niveau du PJ x 6], attaque [niveau du PJ], DM 1d8+2. FOR +2, DEX +0, CON +2, INT +0, SAG +0, CHA +0. Il agit à l’initiative du PJ.'),
('lanceur-de-couteau', 'Lanceur de couteau', 0, 0, NULL, 'Une fois par tour, en plus de ses autres actions, le PJ peut lancer un couteau ou une dague sur une cible à distance (portée maximale : 10 m) en réussissant un test d’attaque à distance. Cette attaque est une action gratuite. Elle occasionne [1d4 + Mod. de DEX] de DM.'),
('lancier-delite', 'Lancier d’élite', 0, 0, 'cult', 'Le PJ ignore les malus liés à l’usage des armes d’hast. Il gagne la maîtrise des armes d’hast. Il gagne également un bonus de +1 aux tests d’attaque et aux DM avec une arme d’hast.'),
('langage-des-animaux', 'Langage des animaux', 0, 0, NULL, 'Le PJ peut communiquer avec les animaux qui, en général, se comportent avec lui de manière amicale. Il gagne un bonus de +5 à tous les tests destinés à influencer un animal. La communication reste primitive et limitée à l’intelligence de l’animal et à son point de vue (prédateur, proie, etc.). \r\nCapacité avancée : en réussissant un test d’INT difficulté 20 (le bonus de la capacité s’applique à ce test), le PJ peut réussir à entretenir une conversation beaucoup plus poussée avec l’animal, lui prêtant des raisonnements humanoïdes.'),
('le-chant-de-la-terre', 'Le chant de la Terre', 0, 0, 'cult', 'Le PJ bénéficie d’un bonus de +5 aux tests de DEX et SAG lorsqu’il est en forêt.');
INSERT INTO `cota_capacites` (`capacite`, `nom`, `limitee`, `sort`, `type`, `description`) VALUES
('le-guetteur', 'Le guetteur', 0, 1, NULL, 'Le PJ reçoit un oiseau de proie comme compagnon animal. Il possède un lien télépathique avec lui et peut percevoir par ses sens avec un bonus de +5 aux tests fondés sur la perception. Oiseau de proie : Init. 15, DEF 15, PV [niveau du PJ x 3]. Attaque de contact = [attaque magique du PJ], DM 1d4.'),
('loup-parmi-les-loups', 'Loup parmi les loups', 0, 0, 'race', 'Le PJ gagne +1 aux DM lorsqu’il combat un adversaire humanoïde. Ce bonus passe à +2 au rang 4 de cette voie.'),
('lumiere-des-etoiles', 'Lumière des étoiles', 0, 0, 'race', 'Pour un Elfe, l’obscurité de la nuit sous la lumière des étoiles n’est que de la pénombre, où seuls les petits détails lui échappent.'),
('lumieres-dansantes', 'Lumières dansantes', 0, 1, 'tmag', 'Au prix d’une action de mouvement, le mystique fait apparaître trois petites sphères de lumière de la couleur de son choix lévitant autour de son corps. Elles éclairent une zone dans un rayon de 20 mètres et persistent aussi longtemps que le mystique le souhaite. Le moindre DM subi rompt la concentration et les fait disparaître.'),
('mage', 'Mage', 0, 0, 'cult', 'Le PJ augmente ses valeurs d’INT et SAG de +2.'),
('maitre-arme-sauvage', 'Maîtrise des armes sauvages', 0, 0, 'race', 'Le PJ a appris à utiliser aux mieux les traditions étranges de son peuple. Il peut porter et utiliser les armes et armures traditionnelles de son peuple pour lesquelles il possède la formation martiale. Pour les Aberrations (cf. page 97), la nature de la tradition est définie par la Voie culturelle (par exemple une Aberration ayant la Voie culturelle de l’Ogre peut prétendre à la maîtrise des armes traditionnelles ogres). Voir à ce sujet la marge Armes et armures traditionnelles, page 71.'),
('maitre-artisan', 'Maître artisan', 0, 0, 'cult', 'Le PJ augmente ses valeurs de DEX et INT de +2.'),
('maitre-du-temple', 'Maître du temple', 0, 0, 'cult', 'Le PJ augmente ses valeurs de CON et INT de +2.'),
('maitre-marchand', 'Maître marchand', 0, 0, 'cult', 'Le PJ augmente ses valeurs d’INT et CHA de +2.'),
('maitrise-armes-elfes', 'Maîtrise des armes elfiques', 0, 0, 'race', 'Le PJ a appris à manier l’artisanat raffiné de son peuple. Il peut porter et utiliser armes et armures de la tradition elfique, pour lesquels il possède la formation martiale. Voir à ce sujet la marge Armes et armures traditionnelles.'),
('maitrise-armes-runes', 'Maîtrise des armes runiques', 0, 0, 'race', 'Le PJ a appris à tirer parti de la puissance des runes gravées par les artisans de l’ordre de la Forge. Il peut porter et utiliser les armes et armures de la tradition naine pour lesquelles il possède la formation martiale. Voir à ce sujet la marge Armes et armures traditionnelles, page 71.'),
('malediction', 'Malédiction', 0, 1, NULL, 'Le PJ effectue un test d’attaque magique contre une cible située à moins de 20 mètres. En cas de succès, la victime réalise tous ses tests avec deux d20 et garde le résultat le plus faible. Le sort prend fin dès qu’elle aura raté trois tests (il n’y a aucune limite de temps pour effectuer ces tests). Si la cible possède une capacité lui permettant de lancer deux dés et de garder le meilleur, elle ne lance plus qu’un seul dé. Une seule cible à la fois peut être affectée par une malédiction.  \r\nCapacité avancée : le PJ peut affecter un total de [Mod INT] cibles (minimum 1). Le sort doit être lancé pour chaque cible.'),
('marteler-le-metal', 'Marteler le métal', 0, 0, 'cult', 'Le PJ gagne un bonus de +1 en attaque et aux DM lorsqu’il manie un bâton ferré, un marteau de guerre ou un marteau à deux mains.'),
('masque-du-predateur', 'Masque du prédateur', 0, 1, NULL, 'Lorsqu’il est sous l’effet de ce sort, le PJ prend les traits d’un fauve ou d’un loup. Il gagne son Mod. d’INT en initiative, en attaque et aux DM et peut voir dans la nuit (comme un Elfe) pendant [5 + Mod. de SAG] tours.'),
('massacrer-pietaille', 'Massacrer la piétaille', 0, 0, NULL, 'Lorsqu’il est en selle, le PJ ajoute +1d6 aux DM contre la piétaille. S’il y a au moins quatre créatures aux statistiques semblables impliquées dans le combat, elles sont assimilées à de la piétaille (même si leur nombre est par la suite réduit à moins de quatre au cours du combat). Les grandes créatures et les cavaliers ne sont jamais considérés comme de la piétaille.'),
('meme-pas-mal', 'Même pas mal', 1, 0, NULL, 'Lorsqu’il subit un coup critique, cela a pour effet de décupler la rage du PJ. Il peut immédiatement entrer en rage (action gratuite) et gagne un bonus de +1d6 aux DM de ses attaques au contact pour les trois prochains tours. Le joueur note les DM supplémentaires de l’attaque critique à part : le PJ ne perdra ces PV qu’à la fin de la rage.'),
('memoire-du-monde', 'Mémoire du monde', 0, 0, 'cult', 'Le PJ bénéficie d’un bonus de +5 aux tests d’INT relatifs aux connaissances et à l’érudition.'),
('mirage', 'Mirage', 0, 1, NULL, 'Le PJ crée une illusion visuelle et sonore immobile d’une durée de [5 + Mod. de SAG] minutes (ou tours si l’illusion est animée). Le volume maximal de l’illusion est de 10 m de côté par rang atteint dans cette voie (portée : 500 m). Divisez ces paramètres par 10 si l’illusion est animée. Interagir avec l’illusion la fait disparaître. \r\nCapacité avancée'),
('modernisme', 'Modernisme', 0, 0, 'cult', 'Le PJ gagne un bonus de +1 en attaque et aux DM lorsqu’il manie une arbalète. De plus, il gagne la maîtrise des armes de tir.'),
('moins-que-rien', 'Moins que rien', 0, 0, 'cult', 'Le PJ subit un malus de -5 aux tests d’interaction sociale avec les gens de la bonne société, quelle qu’en soit le peuple. En revanche, il gagne un bonus de +5 aux tests auprès des miséreux, là aussi quelle qu’en soit le peuple. Il obtient également un bonus de +5 aux tests de discrétion et on ne se rappelle généralement pas de lui.'),
('monstre', 'Monstre', 0, 0, 'cult', 'Le PJ augmente ses valeurs de FOR et de CON de +2.'),
('monture-fantastique', 'Monture fantastique', 0, 0, NULL, 'Le PJ obtient une monture volante (aspic, dragon, guivre, griffon ou wampür).\r\nFOR +4, DEX +2, CON +4, INT -2, SAG +1, CHA +0, Init. 15, DEF 16, PV [5 × niveau], attaque +8, DM 1d6+4.\r\nLorsqu’il est en selle, le PJ peut faire attaquer sa monture une fois par tour (action gratuite), lors du même tour que lui, avec un score d’attaque égal à son niveau +3. En vol, la monture couvre une distance de 30 m par action de mouvement.'),
('natif-delsemur', 'Natif d’Elsémur', 0, 0, 'cult', 'Le PJ choisit une caste, religieuse ou guerrière. Traditionnellement, les individus féminins choisissent la première, les individus masculins la seconde mais la nouvelle génération fait fi de ces conventions. Le choix est donc totalement ouvert. Il gagne alors une capacité de rang 1 ou 2 de de la voie de la divination ou voie du mysticisme pour la caste religieuse ou une capacité de rang 1 ou 2 de de la voie de la guerre ou voie du combat à deux armes pour la caste guerrière. Au rang 4 de cette voie culturelle, il gagne une capacité supplémentaire de rang 1 ou 2 de sa caste (voie de la divination ou voie du mysticisme, voie de la guerre ou voie du combat à deux armes).'),
('nature-nourriciere', 'Nature nourricière', 0, 0, NULL, 'Si le PJ passe une heure en forêt, il trouve de quoi nourrir deux personnes (pour une journée) pour chaque rang atteint dans cette voie. En passant 1d6 heures et en réussissant un test de SAG difficulté 10, le PJ trouve des plantes médicinales qui lui permettent de soigner 1d6 PV par rang atteint dans cette voie. Ces plantes doivent être utilisées immédiatement. Ces soins peuvent toutefois être répartis sur plusieurs patients : le joueur décide combien de d6 il alloue à chaque patient . \r\nCapacité avancée'),
('noir-comme-le-sang', 'Noir comme le sang', 0, 0, 'cult', 'La noirceur qui coule dans les veines de l’Elfe noir est un fardeau, mais peut aussi se révéler salvatrice dans les pires moments. Une fois par combat, lorsqu’il tombe à 0 PV, le PJ peut continuer à agir normalement mais une nouvelle attaque réussie infligeant au moins 1 point de DM finira par l’achever. Tant qu’il reste à 0 PV, il bénéficie d’un bonus de +2 à tous ses tests.'),
('nuee-dinsectes', 'Nuée d’insectes', 0, 1, NULL, 'En réussissant un test d’attaque magique (portée 20 m), le PJ libère sur sa cible une nuée d’insectes volants qui piquent, aveuglent et la suivent pendant [5 + Mod. de SAG] tours. La victime subit 1 point de DM par tour et un malus de -2 à toutes ses actions. Les DM de zone détruisent la nuée. \r\nCapacité avancée : la victime subit 2 DM par tour et un malus de -3 à toutes ses actions.'),
('odorat', 'Odorat', 0, 0, NULL, 'Le loup du PJ détecte les odeurs des animaux et des créatures là où ils sont passés. Le PJ obtient un bonus de +5 aux tests de SAG pour pister et suivre des traces. \r\nCapacité avancée : le loup peut aider le PJ à débusquer les faux-semblants et les illusions. Il ajoute son bonus aux tests pour ne pas être trompé par ces subterfuges.'),
('ombre-mouvante', 'Ombre mouvante', 1, 0, 'cult', 'En réussissant un test de DEX difficulté 10, le PJ peut se déplacer (sur une distance maximale de 20 m maximum) jusqu’à une zone ténébreuse ou à l’abri des regards (derrière un mur, dans un buisson ou sous une calèche par exemple, du moment que personne ne peut voir précisément la zone) et disparaître à son tour. Il ne réapparaît qu’au tour suivant, au cours de sa phase d’initiative. Aucun adversaire ne peut l’attaquer pendant qu’il a disparu dans les ombres, mais il peut subir des DM de zone. Le Gobelin réapparaît à une distance maximale de 10 m de sa position initiale. S’il a l’initiative sur un adversaire qu’il prend pour cible au contact, il bénéficie d’un bonus de +2d6 DM à son attaque.'),
('ordre-de-bataille', 'Ordre de bataille', 1, 0, NULL, 'Le PJ donne des ordres tactiques pertinents au coeur de la bataille. Une fois par tour, il octroie une action supplémentaire gratuite à un allié en vue (une action de mouvement ou une action d’attaque, mais pas une action limitée).'),
('pacte-sanglant', 'Pacte sanglant', 0, 1, NULL, 'Par une action gratuite, le PJ sacrifie 1d4 PV et gagne immédiatement +3 sur un jet de d20 de son choix ou en DEF contre une attaque. À partir du rang 5 atteint dans cette voie, il peut sacrifier 2d4 PV pour faire passer ce bonus à +5.'),
('parade-croisee', 'Parade croisée', 1, 0, NULL, 'Au cours d’un tour complet, le PJ obtient un bonus en DEF de +2. Il ne réalise qu’une attaque à ce tour. Si le résultat du dé d’attaque est pair, la main principale porte le coup ; si le résultat est impair, c’est la main secondaire. Capacité avancée : le bonus de DEF passe à +4.'),
('parangon-elfe-blanc', 'Parangon elfe blanc', 0, 0, 'cult', 'Le PJ augmente ses valeurs d’INT et SAG de +2.'),
('parangon-elfe-bleu', 'Parangon elfe bleu', 0, 0, 'cult', 'Le PJ augmente ses valeurs de CON et SAG de +2.'),
('parangon-elfe-noir', 'Parangon elfe noir', 0, 0, 'cult', 'Le PJ augmente ses valeurs de DEX et CHA de +2.'),
('parangon-elfe-vert', 'Parangon elfe vert', 0, 0, 'cult', 'Le PJ augmente ses valeurs de DEX et SAG de +2.'),
('passe-revolu', 'Passé révolu', 0, 0, 'cult', 'Le PJ n’a peut-être pas toujours été extérieur à un ordre, ou bien peut-être a-t-il reçu l’enseignement d’un nain déchu ? Il peut choisir une capacité de rang 1 de la voie de l’alchimie, de la voie de la magie runique, de la voie du bohème, de la voie de la fourberie, de la voie de la maîtrise des armes, de la voie du mysticisme, de la voie du bastion ou de la voie du commandement. Au rang 4 de cette voie il peut choisir une nouvelle capacité de rang 2 de la voie de l’alchimie, de la voie de la magie runique, de la voie du bohème, de la voie de la fourberie, de la voie de la maîtrise des armes, de la voie du mysticisme, de la voie du bastion ou de la voie du commandement. Ces capacités ne peuvent devenir des capacités supérieures.'),
('paysan-aguerri', 'Paysan aguerri', 0, 0, 'cult', 'Le PJ gagne un bonus de +1 en attaque et aux DM lorsqu’il manie une arme de paysan. De plus, il est formé au maniement de la grande hache de bûcheron (voir page 157).'),
('peau-dacier', 'Peau d’acier', 0, 0, NULL, 'Le PJ ne sent plus la douleur et ignore les égratignures, il réduit tous les DM subis de 2 points. Il subit toujours au moins 1 point de DM de chaque attaque reçue.'),
('peau-de-pierre', 'Peau de pierre', 0, 0, NULL, 'Le PJ est particulièrement endurci, il reçoit un bonus de DEF égal à son Mod. de CON. \r\nCapacité avancée : le bonus de DEF passe à [Mod. de CON +1].'),
('peau-decorce', 'Peau d’écorce', 0, 1, NULL, 'La peau du PJ prend la consistance de l’écorce. Il gagne +2 en DEF pendant [5 + Mod. de SAG] tours. Ce bonus passe à +4 au rang 4 de cette voie. \r\nCapacité avancée : le PJ applique le bonus de DEF à tous les tests de CON pour résister aux poisons.'),
('perception-hero\"ique', 'Perception héroïque', 1, 0, NULL, 'Le PJ augmente sa valeur de SAG de +2 et il peut désormais lancer deux d20 à chaque fois qu’un test de SAG lui est demandé et conserver le meilleur résultat.'),
('pied-marin', 'Pied marin', 0, 0, 'cult', 'Le PJ obtient un bonus de +5 aux tests de navigation, de natation et d’équilibre.'),
('plein-aux-as', 'Plein aux as', 0, 0, 'cult', 'Le PJ n’est jamais à court de liquidités et obtient pour ses dépenses courantes 25 pièces d’argent (pa) par jour pour chaque rang atteint dans cette voie. S’il n’est pas dépensé, cet argent n’est pas comptabilisé dans les économies du personnage.'),
('poings-de-fer', 'Poings de fer', 0, 0, NULL, 'Lorsqu’il combat à mains nues, le PJ peut (s’il le souhaite) utiliser son score d’attaque à distance au lieu de celui d’attaque au contact. Au rang 1 de cette voie, il inflige [1d6 + Mod. de FOR] DM létaux. Ces DM passent à 1d8 au rang 3 et à 1d10 au rang 5. \r\nCapacité avancée : la valeur du dé des DM est augmentée d’une catégorie, jusqu’au d12 au rang 5.'),
('posture-de-combat', 'Posture de combat', 0, 0, NULL, 'Au début de son tour, le PJ peut choisir d’appliquer jusqu’à -1 par rang atteint dans cette voie en attaque, en DEF ou aux DM et obtenir l’équivalent en bonus au choix en attaque, en DEF ou aux DM jusqu’à son prochain tour. \r\nCapacité avancée : le PJ peut accorder le bonus à l’initiative de son prochain tour.'),
('pot-de-vin', 'Pot-de-vin', 0, 0, 'cult', 'En y mettant le prix, le PJ arrive généralement à obtenir ce qu’il veut. Lorsqu’il rate un test de CHA, il peut obtenir un bonus de +1 autant de fois qu’il paye 10 pa (pour un montant maximal de 100 pa) afin de transformer son échec en réussite.'),
('pour-lhonneur', 'Pour l’honneur', 0, 0, 'race', 'Les peaux vertes sont des parias aux yeux des autres peuples des Terres d’Arran mais, au sein de leurs clans, leurs victoires et leurs faits d’armes forgent leurs légendes. Le PJ gagne un bonus de +5 aux tests de Carac. pour toute interaction sociale avec d’autres Peaux vertes.'),
('predispo-arcaniques', 'Prédispositions arcaniques', 0, 0, 'cult', 'À force d’études et d’expérimentations, le PJ dispose de ressources arcaniques plus importantes. Il ajoute son Mod. de CHA à son total de PM (ce bonus n’est pas doublé pour la classe des mystiques).'),
('predispo-magique', 'Prédispositions magiques', 0, 0, 'cult', 'Le PJ choisit une capacité de rang 1 ou 2 de la voie de l’envoûtement ou de la voie de la magie élémentaliste. Au rang 4 de cette voie, il gagne une capacité supplémentaire de rang 1 ou 2 dans la voie de l’envoûtement ou de la voie de la magie élémentaliste.'),
('prescience', 'Prescience', 0, 1, NULL, 'Une fois par combat, à la fin d’un tour, le PJ peut décider que tout ce qui s’est passé durant ce tour n’était que la vision d’un futur possible. On rejoue alors le tour depuis le début : les autres PJ, créatures et PNJ ne peuvent pas changer leurs actions, contrairement au PJ qui bénéficie d’un bonus de +10 en initiative et en DEF.'),
('prison-vegetale', 'Prison végétale', 0, 1, NULL, 'Le PJ peut commander à la végétation de pousser et bloquer ses ennemis (mais pas ses alliés) dans une zone de 10 m de diamètre (portée : 20 m) pendant [5 + Mod. de SAG] tours. Entravées, les cibles subissent un malus de -2 en attaque et en DEF et ne peuvent pas se déplacer. Chaque tour, une créature peut se libérer avec un test de FOR difficulté [10 + Mod. d’INT]. \r\nCapacité avancée'),
('proche-de-la-nature', 'Proche de la nature', 0, 0, NULL, 'Le PJ obtient un bonus de +5 aux tests de survie, de discrétion ou d’observation en milieu naturel. \r\nCapacité avancée : le bonus passe à +10.'),
('projectile-de-force', 'Projectile de force', 0, 1, 'tmag', 'Pour une action d’attaque, le mystique choisit une cible visible à moins de 50 mètres et projette une onde de choc qui la touche automatiquement, lui infligeant 1d4 DM. Le projectile de force est presque invisible et n’émet aucun son lorsqu’il file dans l’air.'),
('protection-mal', 'Protection contre le mal', 0, 1, NULL, 'Le PJ peut lancer ce sort sur lui ou sur tout allié (portée : au contact) pour la durée d’un combat. La cible obtient alors un bonus de +2 en DEF et pour tous les tests de résistance contre les attaques des morts-vivants, des démons, des élémentaires et des créatures conjurées (appelées d’un autre plan par magie). \r\nCapacité avancée'),
('proteger-un-allie', 'Protéger un allié', 0, 0, NULL, 'Le PJ accorde le Mod. de DEF de son bouclier à un compagnon de son choix qui se trouve juste à côté de lui (il conserve ce bonus pour lui-même aussi). Il peut changer de compagnon à chaque tour durant sa phase d’initiative. C’est une action gratuite. Capacité avancée'),
('prouesse', 'Prouesse', 0, 0, NULL, 'Le PJ réussit souvent des exploits physiques hors norme. Une fois par tour, vous pouvez sacrifier 1d4 PV pour obtenir +5 sur un test de FOR ou de DEX. Vous pouvez annoncer l’utilisation de cette capacité après avoir pris connaissance du résultat du test de caractéristique.'),
('provocation', 'Provocation', 1, 0, NULL, 'Le PJ maîtrise l’art de se rendre désagréable, voire insupportable. Par un test opposé de CHA contre l’INT de la victime, il peut forcer celle-ci à l’attaquer pendant ce tour. Le PJ peut immédiatement riposter par une attaque gratuite. \r\nCapacité avancée : si la cible de la provocation rate le PJ, il peut doubler les DM de son attaque gratuite.'),
('rage-du-berserk', 'Rage du berserk', 1, 0, NULL, 'Le PJ entre dans une rage de berserk pour le reste du combat, ce qui le rend particulièrement dangereux. Il obtient un bonus de +2 en attaque et +1d6 aux DM à toutes ses attaques au contact, mais perd 4 en DEF et ne peut fuir ou attaquer à distance. S’il veut stopper la rage avant d’avoir éliminé tous ses ennemis, le PJ doit réussir un test de SAG difficulté 13 (un seul essai par tour).'),
('regeneration', 'Régénération', 0, 1, NULL, 'La cible touchée par le PJ guérit 3 PV par tour pendant [niveau du PJ + Mod. de SAG] tours. Ce sort ne peut pas affecter une créature plus d’une fois par jour.'),
('rejeton-sang-meles', 'Rejeton de la cité des Sang-mêlés', 0, 0, 'cult', 'Le PJ choisit une capacité de rang 1 ou 2 de la voie du charme ou de la voie de la fourberie. Au rang 4 de cette voie, il gagne une capacité supplémentaire de rang 1 ou 2 de la voie du charme ou de la voie de la fourberie.'),
('resistance', 'Résistance', 0, 0, 'race', 'Le PJ gagne un bonus de +5 à tous les tests de CON.'),
('resistance-magie', 'Résistance à la magie', 0, 0, 'race', 'Chaque fois que le PJ est la cible d’un sort (à l’exception d’un sort de zone), le joueur lance 1d4 : sur un résultat supérieur au rang du sort, il peut en ignorer les effets.'),
('riposte', 'Riposte', 1, 0, NULL, 'En plus de ses actions normales, une fois par tour, lorsqu’un adversaire rate une attaque de contact contre le PJ, ce dernier obtient une attaque supplémentaire contre cet adversaire.'),
('rites-funeraires', 'Rites funéraires', 1, 0, 'cult', 'Le PJ est capable de sentir les âmes des défunts et de communiquer avec elles. Le rituel nécessite une concentration de cinq minutes. L’échange peut prendre des formes variables, qu’il s’agisse d’un dialogue direct, le recours à un support manuscrit ou encore une lecture des vibrations d’une mare d’eau stagnante par exemple. Les défunts s’expriment toujours de façon instinctive et confuse et il peut être délicat de démêler le vrai de l’allégorie ou du cauchemar. De plus, le PJ peut tenter de chasser les esprits vengeurs ou agressifs : au prix d’une action limitée et en réussissant un test d’INT difficulté 15, il inflige 2d6 DM à tous les esprits dans la zone.'),
('rituel-de-puissance', 'Rituel de puissance', 0, 1, NULL, 'Sur une attaque magique, le PJ peut utiliser un d12 en attaque au lieu du d20 habituel. Si l’attaque est réussie, il ajoute 2d6 aux DM. Cette capacité s’utilise uniquement avec les sorts nécessitant un test d’attaque et infligeant des DM. Si les DM sont répartis sur plusieurs tours, seuls les DM initiaux sont modifiés.'),
('robustesse', 'Robustesse', 0, 0, NULL, 'En prenant cette capacité, le PJ gagne 3 PV supplémentaires au rang 1, puis 3 PV de plus au rang 3 atteint dans cette voie et, enfin, 3 PV au rang 5. \r\nCapacité avancée : le bonus de PV passe à 4.'),
('rochassier', 'Rochassier', 1, 0, 'cult', 'Le PJ peut se mouvoir sur les surfaces verticales avec la même aisance que sur une surface horizontale. Il a besoin d’utiliser ses quatre membres pour se déplacer normalement. Cependant, avec trois membres seulement mobilisés, il peut rester immobile ou se déplacer à la moitié de sa vitesse normale (donc 10 m par action de mouvement).'),
('rumeurs-et-legendes', 'Rumeurs et légendes', 0, 0, NULL, 'À force de voyager, le PJ a appris toutes sortes de choses. Il obtient un bonus de +5 aux tests d’INT pour se « souvenir » d’une information historique, politique, géographique ou occulte qui pourrait lui être utile. Ce bonus peut être appliqué aux tests d’identification des objets légendaires. \r\nCapacité avancée : le bonus passe à +10.'),
('rune-de-garde', 'Rune de garde', 0, 1, NULL, 'Le PJ inscrit une rune lumineuse dans les airs (visible pour la durée du sort) et piège une zone allant de 2 à 10 m de diamètre. Toute créature (de taille au moins très petite) qui entre dans la zone déclenche un effet choisi parmi trois au moment où le sort est lancé. \r\n• Alarme : un puissant gong retentit. \r\n• Feu'),
('rune-de-puissance', 'Rune de puissance', 0, 1, NULL, 'En réalisant un rituel de cinq minutes, le PJ enchante une arme pour 24 h. Celle-ci permet d’infliger des DM maximaux, donc sans avoir à jeter le dé, une fois par combat.'),
('rune-de-tradition', 'Rune de tradition', 0, 1, NULL, 'Le PJ peut enchanter des objets. Il peut créer une arme ou une armure dont le niveau de magie est égal au maximum de son [niveau / 3] arrondi au supérieur. Il peut enchanter l’objet à partir des enchantements traditionnels de son peuple (exception : les Humains doivent choisir une tradition parmi celles des Elfes, Nains, Ogres, Orcs et Gobelins). À partir du niveau 8, le PJ peut également utiliser les enchantements légendaires. Tout doit se faire en accord avec le MJ. Plus d’informations au chapitre \"Les objets de traditions et légendaires\" du Livre du meneur. Il faut un mois de travail et la dépense de 100 po par niveau de magie pour créer l’objet. Le PJ doit insuffler un peu d’énergie vitale dans l’objet.'),
('rune-denergie', 'Rune d’énergie', 0, 1, NULL, 'En réalisant un rituel de cinq minutes, le PJ enchante un bijou pour 24 h. Celui-ci permet de relancer un d20 une fois par combat sur un test d’attaque, de FOR, DEX ou CON. Un seul bijou de ce type peut être porté. \r\nCapacité avancée : chaque jour, la première rune d’énergie créée par le PJ ne lui coûte aucun PM.'),
('runes-de-defense', 'Runes de défense', 0, 0, 'cult', 'Le PJ grave des runes de protection sur l’ensemble de son équipement et parfois même sur sa peau. Il obtient un bonus de +2 en DEF.'),
('sagesse-heroique', 'Sagesse héroïque', 0, 1, NULL, 'Le PJ augmente son score de SAG de +2 et peut désormais lancer deux d20 à chaque fois qu’un test de SAG lui est demandé et conserver le meilleur résultat.'),
('saignements', 'Saignements', 0, 1, NULL, 'Le PJ doit réussir un test d’attaque magique (portée : 10 m). Du sang s’écoule de la bouche, du nez, des oreilles et même des yeux de la victime, qui subit 1d6 DM par tour pendant [rang atteint dans la voie] tours. Ce sort ignore la RD d’une cible mais les créatures qui ne saignent pas y sont immunisées (telles que les créatures non vivantes, les goules ou encore les dryades). Les DM passent à 1d8 au rang 4 atteint dans cette voie.  \r\nCapacité avancée'),
('sanctuaire', 'Sanctuaire', 0, 1, NULL, 'Quand le PJ lance ce sort, tous les adversaires qui veulent l’attaquer doivent d’abord réussir un test de SAG difficulté 15. S’ils échouent, ils ne peuvent pas l’attaquer. Les effets de ce sort durent [5 + Mod de SAG] tours, mais s’il tente la moindre attaque, le sort prend fin immédiatement.'),
('science-du-critique', 'Science du critique', 0, 0, NULL, 'Le PJ inflige des critiques sur un résultat de 19 ou 20 (18 ou 20 lorsqu’il emploie une rapière). \r\nCapacité avancée : le PJ obtient un bonus de +1d6 aux DM lorsqu’il inflige un coup critique.'),
('seigneur-du-talion', 'Seigneur du Talion', 0, 0, 'cult', 'Le PJ augmente ses valeurs d’INT et CHA de +2.'),
('sens-affutes', 'Sens affûtés', 0, 0, NULL, 'Le PJ gagne un bonus de +5 à tous ses tests de SAG sollicitant sa la perception (vue, ouïe, vigilance, etc.). De plus, il ajoute son Mod. de SAG aux dégâts qu’il inflige avec un arc. \r\nCapacité avancée : le PJ ajoute son bonus de SAG à l’initiative.'),
('sens-des-affaires', 'Sens des affaires', 0, 0, 'cult', 'Le PJ choisit une capacité de rang 1 ou 2 de de la voie du bohème ou de la voie de la fourberie. Au rang 4 de cette voie, il gagne une capacité supplémentaire de rang 1 ou 2 de la voie du bohème ou de la voie de la fourberie.'),
('sentir-la-magie', 'Sentir la magie', 0, 0, 'cult', 'Le PJ a développé pour sa survie un sens hors du commun pour repérer les lanceurs de sorts – et mieux les fuir ! En réussissant un test de SAG difficulté 15, il sent immédiatement si son interlocuteur est versé dans les arts mystiques – c’est-à-dire s’il maîtrise au moins une voie de la famille des mystiques ou une voie de créature associée à des sorts. De plus, il bénéficie d’un bonus de +5 aux tests visant à résister aux effets magiques.'),
('sixieme-sens', 'Sixième sens', 0, 0, NULL, 'Le PJ sait toujours légèrement en avance ce qui va arriver. Il gagne un bonus de +2 en initiative et en DEF, ainsi qu’un bonus de +5 à tous les tests pour éviter d’être surpris. \r\nCapacité avancée : le bonus en initiative et en DEF passe à +3. Le bonus pour éviter d’être surpris passe à +10.'),
('solidarite-errants', 'Solidarité des Errants', 0, 0, 'cult', 'Les Errants et les miséreux se reconnaissent instinctivement et font parfois preuve d’un grand sens du sacrifice pour leurs semblables. Lorsqu’un autre miséreux a la possibilité d’aider le PJ, lancez 1d6. De 1 à 4, le PNJ apporte son aide totale et inconditionnelle (sans attendre de rémunération et sans tenir compte du danger). Il peut faire jouer ses propres contacts et alliés pour mener à bien la tâche si nécessaire, mais ces intermédiaires peuvent avoir des exigences que les PJ devront peut-être satisfaire. Cependant, le MJ lance également 1d6 en secret : sur un 6, le PNJ fomente en réalité un sale coup afin de se faire un peu d’argent…'),
('solide-comme-un-roc', 'Solide comme un roc', 0, 0, 'race', 'Le PJ réduit tous les DM subis de 1 point (mais il subit toujours au moins 1 point de DM par attaque reçue). Ce bonus est cumulable avec d’autres sources de réduction des DM.'),
('sommeil', 'Sommeil', 0, 1, NULL, '[1d6 + Mod. d’INT] cibles vivantes dans une zone de 10 m de diamètre (portée : 20 m) et dont le score actuel de PV ne dépasse pas le score d’attaque magique du PJ* sombrent dans l’inconscience pendant [5 + Mod. de SAG] minutes. Il est possible de les réveiller en les giflant (action d’attaque). * Les créatures dont les PV sont compris entre le score d’attaque magique du PJ et le double de celui-ci peuvent faire un test de SAG difficulté [10 + Mod. d’INT] pour résister au sort. Les créatures avec des PV supérieurs ne sont pas affectées. \r\nCapacité avancée'),
('sous-tension', 'Sous tension', 0, 1, NULL, 'Le PJ se charge d’énergie électrique pour [5 + Mod. de SAG] tours. Toute créature qui le blesse au contact ou le touche reçoit une décharge infligeant 1d6 DM. Il peut également délivrer une décharge électrique (attaque magique, portée : 10 m) infligeant [1d6 + Mod. d’INT] DM. Au rang 4 de cette voie, les DM passent à 2d6.  Capacité avancée'),
('specialisation', 'Spécialisation', 0, 0, NULL, 'Lorsque le PJ emploie son arme de prédilection, il gagne un bonus de +2 aux DM.'),
('suggestion', 'Suggestion', 1, 0, NULL, 'Une fois par jour, le PJ peut suggérer une action à une créature en réussissant un test opposé de CHA contre la SAG de sa cible. En cas de réussite la créature fera tout son possible pour satisfaire sa demande pendant 24 heures. Elle évitera les actions suicidaires (ce qui lui donnerait immédiatement un test d’INT difficulté 10 pour échapper au sort). Si l’action suggérée est trop incongrue, la cible bénéficie d’un bonus de +5 à son test pour résister.'),
('surprise', 'Surprise', 1, 0, NULL, 'Le PJ n’est jamais surpris. Il peut réaliser une Attaque sournoise en utilisant une action d’attaque plutôt qu’une action limitée contre un adversaire surpris.'),
('surveillance', 'Surveillance', 0, 0, NULL, 'Le loup est constamment sur ses gardes. Le PJ a donc un temps d’avance quand des ennemis essaient de l’attaquer par surprise, il obtient un bonus de +5 pour les tests de surprise (SAG) ainsi qu’en initiative. Lorsqu’il n’est pas surpris, il peut faire une attaque simple à distance avant que ne débute le premier tour de combat. \r\nCapacité avancée : le PJ ne peut plus être surpris.'),
('symetrie', 'Symétrie', 1, 0, NULL, 'Le PJ n’est plus obligé de manier une arme légère dans sa main secondaire. S’il le souhaite, il peut utiliser une arme aussi lourde que dans sa main principale (d8). S’il utilise deux armes légères (1d6 de DM au maximum), il gagne un bonus de +1 en attaque.'),
('talent-pour-violence', 'Talent pour la violence', 0, 0, 'cult', 'Le PJ choisit une capacité de rang 1 ou 2 de la voie de la férocité ou de la voie de la puissance. Au rang 4 de cette voie, il gagne une capacité supplémentaire de rang 1 ou 2 de la voie de la férocité ou de la voie de la puissance.'),
('teigneux', 'Teigneux', 1, 0, 'cult', 'Le PJ augmente ses valeurs de DEX et de INT de +2.'),
('tenacite-naine', 'Ténacité naine', 0, 0, 'race', 'Une fois par jour, lorsque le PJ tombe à 0 PV, il peut immédiatement consommer 1 PR et en appliquer les effets. De plus, il augmente sa valeur de SAG de +2.'),
('tir-aveugle', 'Tir aveugle', 1, 0, NULL, 'Le PJ peut attaquer à distance un ennemi qu’il ne voit pas (par exemple invisible ou dissimulé dans le noir total), mais dont il connaît l’existence et la position approximative, comme s’il le voyait, donc sans le malus causé par le fait qu’il ne le voit pas. \r\nCapacité avancée : l’utilisation de la capacité nécessite une action d’attaque au lieu d’une action limitée.'),
('tir-double', 'Tir double', 1, 0, NULL, 'Le PJ est capable de tirer avec une arbalète de poing dans chaque main sans pénalité. Si le PJ décharge simultanément ses deux armes sur la même cible, il fait un seul test à +2 en attaque (mais il lance séparément les DM). Le joueur peut choisir de ne pas réaliser les deux tirs simultanément, afin, par exemple, de pouvoir tirer sur une autre cible s’il tue la première. Dans ce cas, il n’obtient pas de bonus en attaque.'),
('tir-mortel', 'Tir mortel', 1, 0, NULL, 'Pour une attaque à distance, le PJ peut choisir d’utiliser un d12 pour son attaque au lieu du d20 habituel (et il ajoute normalement son score d’attaque). Si l’attaque est réussie, il ajoute +2d6 aux DM.'),
('tir-rapide', 'Tir rapide', 1, 0, NULL, 'Le PJ peut porter deux attaques à distance pendant ce tour.'),
('touche-a-tout', 'Touche-à-tout', 0, 0, NULL, 'Le PJ peut choisir n’importe quelle capacité de rang 1 à 3 de son choix au sein d’une autre voie de combattant ou d’aventurier.'),
('tour-de-force', 'Tour de force', 0, 0, NULL, 'Le PJ peut temporairement décupler ses ressources physiques pour faire usage d’une force prodigieuse. Il peut ainsi soulever une charge incroyable, briser une épée, tordre des barreaux ou défoncer une porte d’un seul coup de poing. Il obtient un bonus de +10 à son test de FOR, mais cela lui coûte 1d4 PV. \r\nCapacité avancée : une fois par combat, le PJ peut asséner un coup d’une violence incroyable. Il gagne un bonus de 2d6 DM mais cela lui coûte 2d4 PV.'),
('tradition-progres', 'Entre tradition et progrès', 0, 0, 'cult', 'Le PJ choisit une capacité de rang 1 ou 2 de la voie du combat monté ou de la voie de l’arbalétrie. Au rang 4 de cette voie, il gagne une capacité supplémentaire de rang 1 ou 2 de la voie du combat monté ou de la voie voie de l’arbalétrie.'),
('tueur-fantasmagoriq', 'Tueur fantasmagorique', 0, 0, NULL, 'Ce sort invoque les pires terreurs d’une créature vivante et lui fait croire à sa propre mort. Le PJ doit réussir un test d’attaque magique (portée : 20 m) en opposition à un test d’attaque magique de la cible (si la créature n’a pas d’attaque magique, on utilise alors son attaque au contact en appliquant un malus de -3). La victime fait un test de SAG difficulté [10 + Mod. d’INT] pour résister. En cas d’échec, elle tombe à 0 PV. En cas de succès, elle perd l’équilibre et tombe par terre. Une créature ne peut être la cible de ce sort qu’une fois par jour, et le PJ ne peut pas affecter un personnage ou une créature de niveau supérieur au sien.'),
('veilleur-du-roi', 'Veilleur du roi', 0, 0, 'cult', 'Le PJ augmente ses valeurs de FOR et CHA de +2.'),
('versatile', 'Versatile', 0, 0, 'race', 'Le PJ choisit une capacité de rang 1 ou 2 de n’importe quelle voie de profil.'),
('vision-dans-le-noir', 'Vision dans le noir', 0, 0, 'race', 'Dans le noir total, le Gobelin voit comme dans la pénombre à 30 m.'),
('vitalite-debordante', 'Vitalité débordante', 1, 0, NULL, 'Le PJ guérit à une vitesse presque surnaturelle. Tant qu’il lui reste au moins 1 PV, il récupère 1d6 PV par heure, de nuit comme de jour.'),
('volonte-hero\"ique', 'Volonté héroïque', 0, 0, 'cult', 'Le PJ augmente ses valeurs de CON et SAG de +2.');

-- --------------------------------------------------------

--
-- Table structure for table `cota_capacites_voies`
--

DROP TABLE IF EXISTS `cota_capacites_voies`;
CREATE TABLE IF NOT EXISTS `cota_capacites_voies` (
  `voie` varchar(20) NOT NULL,
  `rang` varchar(1) NOT NULL,
  `capacite` varchar(20) NOT NULL,
  PRIMARY KEY (`voie`,`rang`),
  KEY `cota_capacites_voies_voie` (`voie`),
  KEY `cota_capacites_voies_capacite` (`capacite`)
) ENGINE=InnoDB DEFAULT CHARSET=utf8mb4 COLLATE=utf8mb4_general_ci;

--
-- Dumping data for table `cota_capacites_voies`
--

INSERT INTO `cota_capacites_voies` (`voie`, `rang`, `capacite`) VALUES
('commandement', '2', 'a-couvert'),
('commandement', '1', 'action-concertee'),
('humain', '1', 'adaptable'),
('gobelin', '2', 'agile-et-sournois'),
('escrime', '4', 'ambidextrie'),
('envoutement', '4', 'amitie'),
('compagnon-animal', '5', 'animal-fabuleux'),
('forets', '4', 'animation-dun-arbre'),
('elfe-noir', '2', 'apprenti-de-slurce'),
('elfe-sylvain', '3', 'archer-emerite'),
('puissance', '1', 'argument-de-taille'),
('boheme', '2', 'argumenter'),
('maitrise-des-armes', '1', 'arme-de-predilection'),
('elfe-noir', '3', 'armes-secretes'),
('magie-elementaliste', '3', 'armure-de-terre'),
('bravoure', '2', 'armure-naturelle'),
('ordre-de-la-forge', '1', 'artisan-de-la-forge'),
('elfe-noir', '1', 'artiste-de-lombre'),
('arbaletrie', '4', 'as-de-la-gachette'),
('puissance', '3', 'attaque-brutale'),
('bastion', '4', 'attaque-circulaire'),
('guerre', '4', 'attaque-circulaire'),
('chasse', '3', 'attaque-eclair'),
('escrime', '1', 'attaque-en-finesse'),
('fourberie', '5', 'attaque-en-traitre'),
('charme', '3', 'attaque-flamboyante'),
('ogre', '3', 'attaque-massive'),
('fourberie', '4', 'attaque-paralysante'),
('maitrise-des-armes', '4', 'attaque-parfaite'),
('bastion', '5', 'attaque-puissante'),
('guerre', '5', 'attaque-puissante'),
('acrobatie', '4', 'attaque-sanglante'),
('assassinat', '2', 'attaque-sournoise'),
('ferocite', '5', 'attaque-tourbillon'),
('empires-austraux', '3', 'autorite-culturelle'),
('forets', '3', 'baies-magiques'),
('ruines-nordiques', '2', 'barbare'),
('mysticisme', '1', 'benediction'),
('elfe-blanc', '4', 'blancheur-immaculee'),
('escrime', '5', 'botte-mortelle'),
('assassinat', '5', 'botte-secrete'),
('magie-elementaliste', '4', 'boule-de-feu'),
('puissance', '4', 'briseur-dos'),
('magie-elementaliste', '1', 'brumes'),
('ogre', '2', 'brute'),
('arbaletrie', '2', 'cadence-de-tir'),
('ordre-du-bouclier', '3', 'capitaine-bouclier'),
('combat-monte', '2', 'cavalier-emerite'),
('combat-monte', '4', 'charge'),
('commandement', '5', 'charge-fantastique'),
('ferocite', '2', 'charge-ferocite'),
('charme', '5', 'charisme-hero\"ique'),
('charme', '1', 'charmant'),
('terres-orientales', '4', 'chevaucheur-dragons'),
('divination', '3', 'clairvoyance'),
('acrobatie', '5', 'colosse'),
('compagnon-animal', '3', 'combat'),
('combat-a-deux-armes', '5', 'combat-2a-parfait'),
('combat-a-deux-armes', '1', 'combat-a-deux-armes'),
('ordre-du-bouclier', '1', 'combat-en-phalange'),
('elfe-sylvain', '4', 'compagnon-animal-sup'),
('bravoure', '5', 'con-heroique'),
('envoutement', '3', 'confusion'),
('terres-orientales', '1', 'conn-cosmopolites'),
('ruines-nordiques', '5', 'conquerant'),
('mitan', '4', 'conspirateur'),
('ferocite', '1', 'cri-de-guerre'),
('acrobatie', '3', 'critique-brutal'),
('fourberie', '3', 'croc-en-jambe'),
('peaux-vertes', '4', 'croyances-pa\"iennes'),
('archerie', '5', 'dans-le-mille'),
('boheme', '3', 'debrouillard'),
('illusions', '4', 'dedoublement'),
('boheme', '4', 'deguisement'),
('mysticisme', '3', 'delivrance'),
('pugilat', '4', 'deluge-de-coups'),
('humain', '5', 'depassement'),
('bravoure', '4', 'dernier-rempart'),
('bastion', '2', 'desarmer'),
('guerre', '2', 'desarmer'),
('fourberie', '2', 'detecter-les-pieges'),
('divination', '2', 'detection-invisible'),
('assassinat', '1', 'discretion'),
('fourberie', '1', 'doigts-agiles'),
('envoutement', '5', 'domination'),
('bastion', '3', 'double-attaque'),
('guerre', '3', 'double-attaque'),
('combat-a-deux-armes', '4', 'double-peine'),
('alchimie', '4', 'elixir-de-guerison'),
('alchimie', '5', 'elixirs-protection'),
('compagnon-animal', '4', 'empathie-animale'),
('elfe', '4', 'empathie-elfique'),
('elfe-sylvain', '2', 'enfant-de-la-foret'),
('chasse', '4', 'ennemis-jures'),
('ogre', '1', 'enorme'),
('ordre-du-temple', '2', 'enseigne-du-temple'),
('humain', '3', 'enseignement-exo'),
('elfe-bleu', '4', 'enseignements-eau'),
('elfe-bleu', '1', 'equilibre-parfait'),
('empires-austraux', '1', 'erudition'),
('elfe', '2', 'essence-magique'),
('empires-austraux', '2', 'etudes-arcaniques'),
('commandement', '3', 'exemplaire'),
('terres-orientales', '5', 'expert-en-filouterie'),
('ruines-nordiques', '3', 'expertise-des-haches'),
('escrime', '3', 'feinte'),
('alchimie', '2', 'feu-gregeois'),
('combat-monte', '1', 'fidele-monture'),
('archerie', '4', 'fleche-de-mort'),
('pugilat', '5', 'for-heroique'),
('acrobatie', '1', 'force-de-la-nature'),
('magie-runique', '1', 'forgeron'),
('ordre-de-la-forge', '2', 'forgeron-runique'),
('ordre-du-bouclier', '2', 'formation-militaire'),
('alchimie', '1', 'fortifiant'),
('assassinat', '3', 'frappe-chirurgicale'),
('peaux-vertes', '2', 'frappe-deloyale'),
('ordre-du-bouclier', '4', 'fuite-interdite'),
('elfe', '1', 'grace-elfique'),
('ordre-du-temple', '1', 'grosse-tete'),
('sombres-savoirs', '4', 'hemorragie'),
('peaux-vertes', '5', 'heros-tribal'),
('mitan', '1', 'homme-des-cites'),
('ruines-nordiques', '4', 'homme-des-clans'),
('alchimie', '3', 'huile-instable'),
('divination', '5', 'hyperconscience'),
('illusions', '1', 'image-decalee'),
('illusions', '3', 'imitation'),
('elfe', '5', 'immortalite'),
('elfe-bleu', '3', 'imperturbable'),
('envoutement', '1', 'injonction'),
('gobelin', '1', 'insignifiant'),
('magie-elementaliste', '5', 'int-heroique'),
('escrime', '2', 'intelligence-combat'),
('ogre', '4', 'intuable'),
('ordre-du-temple', '3', 'invention-etrange'),
('sombres-savoirs', '5', 'invocation-dun-demon'),
('arbaletrie', '1', 'joli-coup'),
('ordre-du-talion', '4', 'la-loge-noire'),
('elfe-blanc', '3', 'lancier-delite'),
('arts-druidiques', '1', 'langage-des-animaux'),
('elfe-sylvain', '1', 'le-chant-de-la-terre'),
('arts-druidiques', '3', 'le-guetteur'),
('humain', '2', 'loup-parmi-les-loups'),
('empires-austraux', '5', 'mage'),
('peaux-vertes', '3', 'maitre-arme-sauvage'),
('ordre-de-la-forge', '5', 'maitre-artisan'),
('ordre-du-temple', '5', 'maitre-du-temple'),
('mitan', '5', 'maitre-marchand'),
('elfe', '3', 'maitrise-armes-elfes'),
('nain', '3', 'maitrise-armes-runes'),
('sombres-savoirs', '2', 'malediction'),
('ordre-de-la-forge', '3', 'marteler-le-metal'),
('arts-druidiques', '4', 'masque-du-predateur'),
('combat-monte', '3', 'massacrer-pietaille'),
('ferocite', '4', 'meme-pas-mal'),
('elfe-blanc', '1', 'memoire-du-monde'),
('illusions', '2', 'mirage'),
('mitan', '3', 'modernisme'),
('ordre-des-errants', '1', 'moins-que-rien'),
('ogre', '5', 'monstre'),
('combat-monte', '5', 'monture-fantastique'),
('elfe-bleu', '2', 'natif-delsemur'),
('chasse', '2', 'nature-nourriciere'),
('elfe-noir', '4', 'noir-comme-le-sang'),
('arts-druidiques', '2', 'nuee-dinsectes'),
('compagnon-animal', '1', 'odorat'),
('gobelin', '3', 'ombre-mouvante'),
('commandement', '4', 'ordre-de-bataille'),
('sombres-savoirs', '3', 'pacte-sanglant'),
('combat-a-deux-armes', '2', 'parade-croisee'),
('elfe-blanc', '5', 'parangon-elfe-blanc'),
('elfe-bleu', '5', 'parangon-elfe-bleu'),
('elfe-noir', '5', 'parangon-elfe-noir'),
('elfe-sylvain', '5', 'parangon-elfe-vert'),
('ordre-des-errants', '2', 'passe-revolu'),
('ordre-des-errants', '3', 'paysan-aguerri'),
('pugilat', '3', 'peau-dacier'),
('pugilat', '2', 'peau-de-pierre'),
('forets', '1', 'peau-decorce'),
('chasse', '5', 'perception-hero\"ique'),
('ruines-nordiques', '1', 'pied-marin'),
('ordre-du-talion', '1', 'plein-aux-as'),
('pugilat', '1', 'poings-de-fer'),
('bastion', '1', 'posture-de-combat'),
('guerre', '1', 'posture-de-combat'),
('ordre-du-talion', '3', 'pot-de-vin'),
('peaux-vertes', '1', 'pour-lhonneur'),
('empires-austraux', '4', 'predispo-arcaniques'),
('elfe-blanc', '2', 'predispo-magique'),
('divination', '4', 'prescience'),
('forets', '2', 'prison-vegetale'),
('chasse', '1', 'proche-de-la-nature'),
('mysticisme', '2', 'protection-mal'),
('bravoure', '3', 'prouesse'),
('charme', '2', 'provocation'),
('ferocite', '3', 'rage-du-berserk'),
('forets', '5', 'regeneration'),
('terres-orientales', '2', 'rejeton-sang-meles'),
('nain', '1', 'resistance'),
('nain', '4', 'resistance-magie'),
('maitrise-des-armes', '5', 'riposte'),
('ordre-du-temple', '4', 'rites-funeraires'),
('mysticisme', '5', 'rituel-de-puissance'),
('bravoure', '1', 'robustesse'),
('gobelin', '4', 'rochassier'),
('boheme', '1', 'rumeurs-et-legendes'),
('magie-runique', '4', 'rune-de-garde'),
('magie-runique', '3', 'rune-de-puissance'),
('magie-runique', '5', 'rune-de-tradition'),
('magie-runique', '2', 'rune-denergie'),
('ordre-de-la-forge', '4', 'runes-de-defense'),
('arts-druidiques', '5', 'sagesse-heroique'),
('sombres-savoirs', '1', 'saignements'),
('mysticisme', '4', 'sanctuaire'),
('maitrise-des-armes', '2', 'science-du-critique'),
('ordre-du-talion', '5', 'seigneur-du-talion'),
('archerie', '1', 'sens-affutes'),
('ordre-du-talion', '2', 'sens-des-affaires'),
('terres-orientales', '3', 'sentir-la-magie'),
('divination', '1', 'sixieme-sens'),
('ordre-des-errants', '4', 'solidarite-errants'),
('nain', '2', 'solide-comme-un-roc'),
('envoutement', '2', 'sommeil'),
('magie-elementaliste', '2', 'sous-tension'),
('maitrise-des-armes', '3', 'specialisation'),
('charme', '4', 'suggestion'),
('assassinat', '4', 'surprise'),
('compagnon-animal', '2', 'surveillance'),
('combat-a-deux-armes', '3', 'symetrie'),
('acrobatie', '2', 'talent-pour-violence'),
('gobelin', '5', 'teigneux'),
('nain', '5', 'tenacite-naine'),
('archerie', '2', 'tir-aveugle'),
('arbaletrie', '3', 'tir-double'),
('arbaletrie', '5', 'tir-mortel'),
('archerie', '3', 'tir-rapide'),
('boheme', '5', 'touche-a-tout'),
('puissance', '2', 'tour-de-force'),
('mitan', '2', 'tradition-progres'),
('illusions', '5', 'tueur-fantasmagoriq'),
('ordre-du-bouclier', '5', 'veilleur-du-roi'),
('humain', '4', 'versatile'),
('puissance', '5', 'vitalite-debordante'),
('ordre-des-errants', '5', 'volonte-hero\"ique');

-- --------------------------------------------------------

--
-- Table structure for table `cota_categories_equipement`
--

DROP TABLE IF EXISTS `cota_categories_equipement`;
CREATE TABLE IF NOT EXISTS `cota_categories_equipement` (
  `code` varchar(20) NOT NULL,
  `libelle` varchar(50) NOT NULL,
  `parent` varchar(20) DEFAULT NULL,
  `sequence` varchar(5) DEFAULT NULL,
  PRIMARY KEY (`code`),
  KEY `cota_fk_categorie_parente_idx` (`parent`)
) ENGINE=InnoDB DEFAULT CHARSET=utf8mb4 COLLATE=utf8mb4_general_ci;

--
-- Dumping data for table `cota_categories_equipement`
--

INSERT INTO `cota_categories_equipement` (`code`, `libelle`, `parent`, `sequence`) VALUES
('armes-a-distance', 'Armes à distance', NULL, '0010'),
('armes-de-contact', 'Armes de contact', NULL, '0005'),
('armes-de-duel', 'Armes de duel', 'armes-de-contact', '0025'),
('armes-de-guerre', 'Armes de guerre', 'armes-de-contact', '0010'),
('armes-de-jet', 'Armes de jet', 'armes-a-distance', '0010'),
('armes-de-paysan', 'Armes de paysan', 'armes-de-contact', '0005'),
('armes-de-tir', 'Armes de tir', 'armes-a-distance', '0025'),
('armes-de-trait', 'Armes de trait', 'armes-a-distance', '0020'),
('armes-dhast', 'Armes d&#39;hast', 'armes-de-contact', '0020'),
('armes-dhast-cad', 'Armes d&#39;hast', 'armes-a-distance', '0015'),
('armes-guerre-lourdes', 'Armes de guerre lourdes', 'armes-de-contact', '0015'),
('armes-paysan-cad', 'Armes de paysan', 'armes-a-distance', '0005'),
('armures-legeres', 'Armures légères', 'boucliers-et-armures', '0005'),
('armures-lourdes', 'Armures lourdes', 'boucliers-et-armures', '0010'),
('auberge', 'Auberge', 'divers', '0010'),
('boucliers-et-armures', 'Boucliers et armures', NULL, '0015'),
('divers', 'Divers', NULL, '0020'),
('immobilier', 'Immobilier', 'divers', '0015'),
('materiel', 'Matériel', 'divers', '0005'),
('poisons', 'Poisons', 'divers', '0025'),
('soins', 'Soins', 'divers', '0020');

-- --------------------------------------------------------

--
-- Table structure for table `cota_categories_proprietes`
--

DROP TABLE IF EXISTS `cota_categories_proprietes`;
CREATE TABLE IF NOT EXISTS `cota_categories_proprietes` (
  `code_categorie` varchar(20) NOT NULL,
  `code_propriete` varchar(20) NOT NULL,
  PRIMARY KEY (`code_categorie`,`code_propriete`),
  KEY `cota_categories_proprietes_categorie` (`code_categorie`),
  KEY `cota_categories_proprietes_propriete` (`code_propriete`)
) ENGINE=InnoDB DEFAULT CHARSET=utf8mb4 COLLATE=utf8mb4_general_ci;

--
-- Dumping data for table `cota_categories_proprietes`
--

INSERT INTO `cota_categories_proprietes` (`code_categorie`, `code_propriete`) VALUES
('poisons', 'type-poison'),
('poisons', 'virulence');

-- --------------------------------------------------------

--
-- Table structure for table `cota_equipement`
--

DROP TABLE IF EXISTS `cota_equipement`;
CREATE TABLE IF NOT EXISTS `cota_equipement` (
  `code` varchar(20) NOT NULL,
  `designation` varchar(50) NOT NULL,
  `categorie` varchar(20) NOT NULL,
  `sequence` varchar(5) DEFAULT NULL,
  `prix` decimal(16,2) DEFAULT NULL,
  `notes` mediumtext DEFAULT NULL,
  PRIMARY KEY (`code`),
  KEY `cota_fk_categorie_equipement_idx` (`categorie`),
  KEY `cota_equipement_sequence_idx` (`sequence`)
) ENGINE=InnoDB DEFAULT CHARSET=utf8mb4 COLLATE=utf8mb4_general_ci;

--
-- Dumping data for table `cota_equipement`
--

INSERT INTO `cota_equipement` (`code`, `designation`, `categorie`, `sequence`, `prix`, `notes`) VALUES
('test', 'Test', 'poisons', NULL, '6.00', NULL);

-- --------------------------------------------------------

--
-- Table structure for table `cota_equipement_profils`
--

DROP TABLE IF EXISTS `cota_equipement_profils`;
CREATE TABLE IF NOT EXISTS `cota_equipement_profils` (
  `profil` varchar(20) NOT NULL,
  `sequence` tinyint(4) NOT NULL,
  `equipement` varchar(20) NOT NULL,
  `nombre` tinyint(1) NOT NULL DEFAULT 1,
  `special` varchar(100) DEFAULT NULL,
  PRIMARY KEY (`profil`,`sequence`),
  KEY `cota_equipement_profils_profil` (`profil`),
  KEY `cota_equipement_profils_equipement` (`equipement`)
) ENGINE=InnoDB DEFAULT CHARSET=utf8mb4 COLLATE=utf8mb4_general_ci;

-- --------------------------------------------------------

--
-- Table structure for table `cota_equipement_proprietes`
--

DROP TABLE IF EXISTS `cota_equipement_proprietes`;
CREATE TABLE IF NOT EXISTS `cota_equipement_proprietes` (
  `code_equipement` varchar(20) NOT NULL,
  `code_propriete` varchar(20) NOT NULL,
  `valeur` varchar(250) DEFAULT NULL,
  PRIMARY KEY (`code_equipement`,`code_propriete`),
  KEY `cota_equipement_proprietes_equipement` (`code_equipement`),
  KEY `cota_equipement_proprietes_propriete` (`code_propriete`)
) ENGINE=InnoDB DEFAULT CHARSET=utf8mb4 COLLATE=utf8mb4_general_ci;

-- --------------------------------------------------------

--
-- Table structure for table `cota_familles`
--

DROP TABLE IF EXISTS `cota_familles`;
CREATE TABLE IF NOT EXISTS `cota_familles` (
  `famille` varchar(20) NOT NULL,
  `description` varchar(50) NOT NULL,
  PRIMARY KEY (`famille`)
) ENGINE=InnoDB DEFAULT CHARSET=utf8mb4 COLLATE=utf8mb4_general_ci;

--
-- Dumping data for table `cota_familles`
--

INSERT INTO `cota_familles` (`famille`, `description`) VALUES
('aventuriers', 'Aventuriers'),
('combattants', 'Combattants'),
('mystiques', 'Mystiques');

-- --------------------------------------------------------

--
-- Table structure for table `cota_profils`
--

DROP TABLE IF EXISTS `cota_profils`;
CREATE TABLE IF NOT EXISTS `cota_profils` (
  `profil` varchar(20) NOT NULL,
  `nom` varchar(50) NOT NULL,
  `description` text DEFAULT NULL,
  `famille` varchar(20) NOT NULL,
  `type` char(1) NOT NULL DEFAULT '0',
  PRIMARY KEY (`profil`),
  KEY `cota_profils_famille` (`famille`)
) ENGINE=InnoDB DEFAULT CHARSET=utf8mb4 COLLATE=utf8mb4_general_ci;

--
-- Dumping data for table `cota_profils`
--

INSERT INTO `cota_profils` (`profil`, `nom`, `description`, `famille`, `type`) VALUES
('alchimiste', 'Alchimiste', 'L’alchimiste ‒ sous ses airs de savante folle ou d’hérétique ‒ ne cherche qu’une seule chose : repousser les limites du possible et dompter les règles de la matière et de la vie. Pour le meilleur ou pour le pire.', 'mystiques', '0'),
('ancien', 'Ancien', '« Ancien » ne désigne pas forcément une personne expérimentée ou âgée. C’est un titre transmis par un mystique à son apprenti en même temps que l’enseignement de traditions arcaniques séculaires. Si les anciens sont respectés pour la puissance de leurs pouvoirs, ils doivent également faire leurs preuves pour justifier leur statut au sein de leur tribu.', 'mystiques', '0'),
('apothicaire', 'Apothicaire', 'Également appelé guérisseur, médecin ou charlatan au sein des divers peuples d’Arran, l’apothicaire utilise la science ou les traditions pour produire médicaments et décoctions en vue de guérir les maux du corps. Il a également développé des notions de combat pour se défendre des mauvais payeurs.', 'aventuriers', '0'),
('archer', 'Archer', 'Combattante spécialisée dans l’usage de l’arc, l’archère est capable de dispenser la mort à distance et d’achever les adversaires qui auraient le malheur de la provoquer au corps-à-corps. Les escouades d’archères gobelines sont réputées pour leur efficacité et les ravages qu’elles peuvent causer. ', 'combattants', '0'),
('assassin', 'Assassin', 'La pénombre est la compagne funèbre de l’assassine. Elle n’accepte de la quitter qu’une fraction de seconde, le temps de porter un coup fatal à sa cible avant de disparaître de nouveau. Experte dans l’art du crochetage, rares sont les portes capables de l’empêcher d’arriver à ses fins.', 'aventuriers', '0'),
('aumonier', 'Aumonier', 'L’aumônière est une mystique ayant fait le choix surprenant de combattre sur le champ de bataille. Soutenant ses alliés avec de complexes incantations, elle est également capable de foudroyer ses ennemis à l’aide des éléments. Les loges les plus obscures et inavouables ont recours à la magie du sang.', 'mystiques', '0'),
('barbare', 'Barbare', 'Le barbare est un guerrier qui affronte la mort avec courage, mu par une soif inaltérable de gloire et de renommée. Jugé rustre par les populations plus civilisées, il impressionne par son stoïcisme et sa robustesse.', 'combattants', '0'),
('castagneur', 'Castagneur', 'Pour la castagneuse, la force de ses poings est capable de venir à bout de tous les problèmes et de toutes les situations. En cas d’échec, c’est qu’elle n’a pas frappé assez fort. Le plus important est d’être toujours debout à la fin.  ', 'combattants', '0'),
('chasseur', 'Chasseur', 'Le chasseur est un élément vital à la plupart des communautés tribales et rurales des Terres d’Arran. Chargé de traquer le gibier pour nourrir les siens, il n’est pas rare qu’il se retrouve à protéger la communauté face à des périls plus grands. On jauge sa valeur à la taille ou la dangerosité de ses proies.', 'aventuriers', '0'),
('conseiller', 'Conseiller', 'Le conseiller est naturellement ouvert aux autres cultures et utilise ses connaissances et sa soif de rencontres pour lier les peuples et les individus. Diplomate, ambassadeur ou émissaire, ses discours sont capables d’éteindre des incendies ou de déclencher des guerres.', 'mystiques', '0'),
('courtisan', 'Courtisan', 'Experte dans l’art du langage, de la diplomatie et des faux-semblants, la courtisane évolue dans les hautes sphères des cités les plus civilisées des Terres d’Arran. Ses sourires sont aussi mortels que la pointe de sa rapière.', 'aventuriers', '0'),
('druide', 'Druide', 'La druidesse est une sage des forêts. Respectueuse de la nature, elle apporte conseil et soutien aux peuples pour maintenir l’équilibre de la vie, quitte à déchaîner une magie impétueuse sur quiconque viendrait à le menacer.', 'mystiques', '0'),
('eclaireur', 'Eclaireur', 'Bien qu’opérant en général au sein d’une armée ou d’un groupe de mercenaires, l’éclaireur accomplit ses missions en solitaire : chargé de la tâche périlleuse consistant à anticiper les dangers et à dresser l’état des lieux des forces en présence, la responsabilité d’une victoire éclatante ou d’une défaite implacable repose souvent sur ses épaules.', 'aventuriers', '0'),
('elementaliste', 'Elementaliste', 'L’élémentaliste est un mystique raffiné, généralement un Elfe blanc, capable d’allier la puissance des magies élémentaires avec celle de l’acier raffiné des lames de duellistes.', 'mystiques', '0'),
('ensorceleur', 'Ensorceleur', 'L’ensorceleuse mobilise son charme ainsi que des rituels magiques pour envoûter les gens et altérer leurs émotions, désamorcer des conflits ou rallier des individus à sa cause contre leur volonté. Elle dissimule souvent ses dons, par crainte du rejet qu’ils provoquent. Cela dit, on la retrouve fréquemment dans le premier cercle des puissants de ce monde.', 'mystiques', '0'),
('ermite', 'Ermite', 'L’ermite est un étrange individu vivant seul et isolé du monde, souvent pour des motifs spirituels. Lorsque les événements l’exigent, il peut arriver qu’il quitte sa retraite pour rejoindre la civilisation et partager ses dons.', 'mystiques', '0'),
('escroc', 'Escroc', 'Évoluant dans les bas-fonds des cités, l’escroc utilise son bagout et son charme pour se sortir des guêpiers dans lesquels elle finit inlassablement par replonger, toujours à l’affût de l’affaire du siècle qui lui permettra de s’extraire enfin un jour de sa condition. ', 'aventuriers', '0'),
('espion', 'Espion', 'L’espionne vit de la revente d’informations sensibles. Au coeur des cours des plus grandes cités, dans des environnements plus mortels que le plus violent des champs de bataille, elle ne doit sa survie qu’à la finesse de son esprit et aux poids de ses contacts.', 'mystiques', '0'),
('executeur', 'Executeur', 'L’exécuteur maîtrise les lames avec brio, que ce soit les dagues, les épées ou les rapières. Bien que moins représenté que les assassins au sein des Elfes noirs en raison de son manque de discrétion, il n’en reste pas moins extrêmement dangereux et d’une grande aide face aux menaces les plus brutales.', 'combattants', '0'),
('explorateur', 'Explorateur', 'Parcourant le monde pour étudier les mystères des Terres d’Arran ou établir de nouvelles cartographies, l’explorateur est un aventurier itinérant débrouillard et astucieux, capable de se sortir de bien des situations.', 'aventuriers', '0'),
('fauconnier', 'Fauconnier', 'Le fauconnier est un individu - généralement issu de la haute société des cités-États du Tarascon - ayant suivi un enseignement occulte pour tisser un lien particulier avec un oiseau de proie. Archer d’exception, il peut servir dans les milices ou armées locales à des postes d’officier ou simplement jouir de l’opulence des soirées mondaines auxquelles il est régulièrement convié.', 'mystiques', '0'),
('forestier', 'Forestier', 'Parcourant les forêts et les paysages naturels des Terres d’Arran comme si elle en connaissait les moindres sentiers, la forestière vit en harmonie avec le monde sauvage. Protectrice de la nature, elle ne se sent dans son élément qu’avec le ciel pour seul toit.', 'aventuriers', '0'),
('forgeron', 'Forgeron', 'Plus qu’un art, le travail du métal est un véritable mode de vie pour la forgeronne. Ne se sentant jamais mieux que dans la chaleur étouffante de sa forge ou dans les arènes à éprouver le fruit de son oeuvre, elle est respectée partout où la guerre se fait par les armes.', 'combattants', '0'),
('garde-des-sceaux', 'Garde des sceaux', 'Le garde des sceaux est le bras armé du peuple, celui que l’on envoie contrer les menaces ésotériques lorsque la force est le seul remède.', 'combattants', '0'),
('garde-du-corps', 'Garde du corps', 'Les gardes du corps existent dans la majorité des communautés plus ou moins civilisées des Terres d’Arran sans pour autant toujours recevoir ce titre. C’est ainsi que l’on entend parler de bras droit, femme de confiance, premier bouclier, etc. Dans tous les cas, il s’agit d’individus rares et précieux auxquels les puissants du monde confient leur vie.', 'combattants', '0'),
('guerrier-tribal', 'Guerrier tribal', 'Le guerrier tribal est un combattant primitif, proche de ses instincts. Véritable force de la nature que rien ne peut arrêter, il suit généralement un code propre à celui de son clan ou de sa tribu, que ce soit le respect de lois ancestrales ou un culte voué à un dieu païen.', 'combattants', '0'),
('ingenieur', 'Ingénieur', 'L’ingénieur utilise ses connaissances pour faire chaque jour de nouvelles découvertes scientifiques, améliorer la vie de ses congénères ou réaliser l’impossible. Les esprits chagrins clament qu’ils aiment jouer avec des forces qui le dépassent, ce qui n’est pas forcément inexact...', 'aventuriers', '0'),
('mage', 'Mage', 'La mage voue sa vie à l’apprentissage et la maîtrise des forces surnaturelles qui régissent ce monde. Prise dans une lutte de chaque instant pour ne pas sombrer et laisser sa soif de puissance la consumer, elle inspire crainte et respect partout sur les Terres d’Arran.', 'mystiques', '0'),
('marchand', 'Marchand', 'L’art du commerce est ancestral mais n’a jamais été aussi influent et déterminant qu’aujourd’hui. Des guerres éclatent pour ouvrir des routes commerciales tandis que les royaumes ont besoin de fonds pour entretenir leurs armées. La cheville ouvrière essentielle de toute l’économie est la marchande.', 'aventuriers', '0'),
('marin', 'Marin', 'Ayant fait de la mer son foyer et des embruns son parfum, le marin passe l’essentiel de sa vie sur les flots. Il ne reste jamais bien longtemps sur la terre ferme et retourne rapidement vers les océans, que ce soit à bord d’un navire marchand, d’un bateau de pêche ou d’un bâtiment militaire.', 'aventuriers', '0'),
('mercenaire', 'Mercenaire', 'La mercenaire est une combattante qui loue ses talents martiaux contre quelques pièces d’or. Polyvalente, elle a développé de nombreux styles de combat pour s’adapter au mieux au danger.', 'combattants', '0'),
('milicien', 'Milicien', 'Combattant d’élite capable de défendre les positions retranchées des plus hauts remparts ou de semer la mort depuis les ponts des navires.', 'combattants', '0'),
('monteur-de-cochon', 'Monteur de cochon', 'Parcourant les plaines à dos de cochon de combat, la monteuse est une farouche combattante capable de prouesses admirables à en faire rougir d’humilité les cavaliers les plus prestigieux.', 'combattants', '0'),
('necromancien', 'Nécromancien', 'Rares sont les arts mystiques aussi répudiés que ceux en rapport avec la mort. C’est pourtant vers cette discipline que s’est tourné le nécromancien, pour des raisons qui n’appartiennent qu’à lui, le condamnant à une vie solitaire de paria.', 'mystiques', '0'),
('noble', 'Noble', 'Le noble est un aristocrate, membre de la caste dirigeante de son peuple, aussi prompt à commander depuis la cours d’un château que sur le champ de bataille.', 'combattants', '0'),
('ombre-lame', 'Ombre-lame', 'L’ombre-lame serait une assassine qui utiliserait la magie pour parvenir à ses fins. Personne n’a la preuve que cette caste existe vraiment et le fait qu’on dit que seuls les Elfes noirs suivent cette voie ne fait qu’épaissir les rumeurs à ce sujet.', 'mystiques', '0'),
('pelerin', 'Pélerin', 'Le pèlerin erre sur les routes des Terres d’Arran en quête de spiritualité. Il est particulièrement commun dans l’empire nain où il voyage entre les campagnes et fermes des Errants pour apporter aide et réconfort.', 'mystiques', '0'),
('pirate', 'Pirate', 'Voguant sur les océans à la recherche d’aventures, de terres sauvages à explorer, de ruines oubliées ou de navires marchands à piller, le pirate est un combattant qui n’aspire qu’à la liberté. Il s’affranchit des contraintes et vit chaque jour comme si c’était le dernier.', 'aventuriers', '0'),
('pisteur', 'Pisteur', 'Les pisteuses sont des combattantes choisies par les Elfes blancs pour parcourir le monde, recueillir des reliques et sauvegarder les héritages menacés de disparition des Terres d’Arran. À la fois voyageuses, exploratrices et guerrières, elles jouissent d’un statut prestigieux au sein de leur communauté.', 'aventuriers', '0'),
('porte-bouclier', 'Porte-bouclier', 'Le porte-bouclier est un titre qui désigne traditionnellement les guerriers nains chargés de défendre les frontières des cités-forteresses. Lourdement armés, ils gardent la ligne de front et ne reculent devant rien.', 'combattants', '0'),
('porte-etendard', 'Porte-étendard', 'La porte-étendard (ou porte-bannière) est un soutien singulier au milieu du champ de bataille. Haranguant les troupes, elle gonfle les coeurs et peut inverser le cours d’un combat. Au sein des tribus ogres, la porte-étendard est même initiée à certains rites mystiques pour inciter les forces naturelles à servir sa cause.', 'aventuriers', '0'),
('pretre', 'Prêtre', 'OEuvrant pour un culte, la prêtresse soulage les maux des communautés et rend la justice. Son statut social varie en fonction des civilisations mais elle est toujours respectée et écoutée.', 'mystiques', '0'),
('prophete', 'Prophète', 'Guide mystérieux, le prophète lit l’avenir dans le fil de l’eau, le chant de la terre ou la course des nuages. La plupart du temps, il utilise ses enseignements pour comprendre les événements mais, en de très rares exceptions, il peut rompre ses voeux pour tenter de changer l’avenir.', 'mystiques', '0'),
('protecteur', 'Protecteur', 'La protectrice est une combattante chargée de protéger les cités elfiques. Première ligne de défense contre les menaces, agent de la loi, protecteur de la veuve et de l’orphelin, elle se doit d’être exemplaire en toutes circonstances.', 'combattants', '0'),
('rodeur', 'Rôdeur', 'La rôdeuse est une combattante calme et méthodique, proche de la nature et capable de bénéficier de ses bienfaits. Elle traque également tout ennemi ou proie ayant mérité son courroux.', 'combattants', '0'),
('sanguinaire', 'Sanguinaire', 'Le sanguinaire n’est que violence, rage et puissance à l’état brut. Souvent présent au sein des cultures primitives, il peut également incarner un mode de vie volontaire et assumé par les combattants ayant décidé de mobiliser leurs instincts comme des armes plutôt qu’un fardeau.', 'combattants', '0'),
('shaman', 'Shaman', 'La chaman utilise les forces occultes de la nature pour endurcir son corps et affronter les ennemis de son peuple sans craindre la mort. Suivant les préceptes d’une entité totémique, elle est aussi sage que féroce.', 'mystiques', '0'),
('soldat', 'Soldat', 'Toujours l’arme au poing, la soldate est une combattante qui a fait de la guerre son gagnepain. Que ce soit pour défendre une ville, un pays ou un idéal, c’est sur le champ de bataille qu’elle vit pleinement.', 'combattants', '0'),
('trappeur', 'Trappeur', 'Le trappeur est un chasseur spécialisé dans la pose et le désamorçage des pièges. Utile à toutes les communautés rurales, il n’est pas rare que les milices ou groupes de mercenaires fassent appel à ses talents pour renforcer les défenses d’un site à protéger ou s’assurer qu’aucun mécanisme mortel ne provoque des pertes inutiles.', 'aventuriers', '0'),
('voleur', 'Voleur', 'La voleuse se faufile dans les ombres ou dans les foules pour s’approprier les biens d’autrui, que ce soit pour son propre compte ou celui d’une tierce personne. Elle est particulièrement à l’aise dans les cités cosmopolites où elle évolue comme un poisson dans l’eau. Peuple privilégié : Gobelin Formations martiales : armures légères, armes de duel', 'aventuriers', '0'),
('voyageur', 'Voyageur', 'Le voyageur arpente les Terres d’Arran, se nourrissant des rencontres et de la richesse ethnique du monde. S’il est capable d’embrasser des causes qui lui tiennent à coeur pendant un temps, il finira par reprendre la route une fois son devoir accompli, l’appel du voyage restant le plus fort.\r\nPeuple privilégié : Semi-Elfe\r\nFormations martiales : armes de trait, Armes de duel', 'aventuriers', '0');

-- --------------------------------------------------------

--
-- Table structure for table `cota_profils_maitrises`
--

DROP TABLE IF EXISTS `cota_profils_maitrises`;
CREATE TABLE IF NOT EXISTS `cota_profils_maitrises` (
  `profil` varchar(20) NOT NULL,
  `equipement` varchar(20) NOT NULL,
  PRIMARY KEY (`profil`,`equipement`),
  KEY `cota_profils_maitrises_profil` (`profil`),
  KEY `cota_profils_maitrises_equipement` (`equipement`)
) ENGINE=InnoDB DEFAULT CHARSET=utf8mb4 COLLATE=utf8mb4_general_ci;

-- --------------------------------------------------------

--
-- Table structure for table `cota_profils_traits`
--

DROP TABLE IF EXISTS `cota_profils_traits`;
CREATE TABLE IF NOT EXISTS `cota_profils_traits` (
  `profil` varchar(20) NOT NULL,
  `sequence` tinyint(4) NOT NULL,
  `intitule` varchar(50) NOT NULL,
  `description` text NOT NULL,
  PRIMARY KEY (`profil`,`sequence`),
  KEY `cota_profils_traits_profil` (`profil`)
) ENGINE=InnoDB DEFAULT CHARSET=utf8mb4 COLLATE=utf8mb4_general_ci;

--
-- Dumping data for table `cota_profils_traits`
--

INSERT INTO `cota_profils_traits` (`profil`, `sequence`, `intitule`, `description`) VALUES
('alchimiste', 1, 'Peuple privilégié', 'Nain de l’ordre de la Forge'),
('alchimiste', 2, 'Formation martiale', 'armures légères'),
('alchimiste', 3, 'Talent magique', 'Lumières dansantes'),
('apothicaire', 1, 'Peuple privilégié', 'Nain de l’ordre de la Forge'),
('apothicaire', 2, 'Formations martiales', 'armures légères, armes de tir'),
('archer', 1, 'Peuple privilégié', 'Gobelin'),
('archer', 2, 'Formations martiales', 'armures légères, armes de guerre, armes de trait'),
('assassin', 1, 'Peuple privilégié', 'Elfe noir'),
('assassin', 2, 'Formations martiales', 'armures légères, armes de duel'),
('barbare', 1, 'Peuple privilégié', 'Humain des ruines nordiques'),
('barbare', 2, 'Formations martiales', 'armures légères, armes de guerre, armes de guerre lourdes'),
('castagneur', 1, 'Peuple privilégié', 'Humain des Terres orientales'),
('castagneur', 2, 'Formations martiales', 'armures légères, armes de jet, armes de tir'),
('chasseur', 1, 'Peuple privilégié', 'Orc'),
('chasseur', 2, 'Formations martiales', 'armures légères, armes de trait'),
('courtisan', 1, 'Peuple privilégié', 'Humain des cités du Mitan'),
('courtisan', 2, 'Formations martiales', 'armures légères, armes de duel'),
('eclaireur', 1, 'Peuple privilégié', 'Nain de l’ordre du Bouclier'),
('eclaireur', 2, 'Formations martiales', 'armures légères, armes de trait'),
('escroc', 1, 'Peuple privilégié', 'Humain des Terres orientales'),
('escroc', 2, 'Formations martiales', 'armures légères, armes de duel'),
('executeur', 1, 'Peuple privilégié', 'Elfe noir'),
('executeur', 2, 'Formations martiales', 'armures lourdes, armes de duel, armes de guerre'),
('explorateur', 1, 'Peuple privilégié', 'Humain des empires austraux'),
('explorateur', 2, 'Formations martiales', 'armures légères, armes de guerre'),
('forestier', 1, 'Peuple privilégié', 'Elfe sylvain'),
('forestier', 2, 'Formations martiales', 'armures légères, armes de trait'),
('forgeron', 1, 'Peuple privilégié', 'Nain de l’ordre de la Forge'),
('forgeron', 2, 'Formations martiales', 'armures lourdes, armes de guerre, armes de guerre lourdes'),
('garde-des-sceaux', 1, 'Peuple privilégié', 'Nain de l’ordre du Temple'),
('garde-des-sceaux', 2, 'Formations martiales', 'armures légères, armes de guerre, armes de tir'),
('garde-du-corps', 1, 'Peuple privilégié', 'Nain de l’ordre du Talion'),
('garde-du-corps', 2, 'Formations martiales', 'armures lourdes, armes de guerre, armes de tir'),
('guerrier-tribal', 1, 'Peuple privilégié', 'Orc'),
('guerrier-tribal', 2, 'Formations martiales', 'armures légères, armes de guerre, armes de guerre lourdes'),
('ingenieur', 1, 'Peuple privilégié', 'Nain de l’ordre du Temple'),
('ingenieur', 2, 'Formations martiales', 'armures légères, armes de tir'),
('marchand', 1, 'Peuple privilégié', 'Nain de l’ordre du Talion'),
('marchand', 2, 'Formations martiales', 'armures légères, armes de tir'),
('marin', 1, 'Peuple privilégié', 'Elfe bleu'),
('marin', 2, 'Formations martiales', 'armures légères, armes de trait'),
('mercenaire', 1, 'Peuple privilégié', 'Semi-Elfe'),
('mercenaire', 2, 'Formations martiales', 'armures légères, armes de guerre, armes de trait'),
('milicien', 1, 'Peuple privilégié', 'Humain des cités du Mitan'),
('milicien', 2, 'Formations martiales', 'armures lourdes, armes de tir, armes de guerre'),
('monteur-de-cochon', 1, 'Peuple privilégié', 'Nain de l’ordre des Errants'),
('monteur-de-cochon', 2, 'Formations martiales', 'armures légères, armes d’hast, armes de jet'),
('noble', 1, 'Peuple privilégié', 'Elfe blanc'),
('noble', 2, 'Formations martiales', 'armures lourdes, armes de guerre lourde, armes d’hast'),
('pirate', 1, 'Peuple privilégié', 'Humain des ruines nordiques'),
('pirate', 2, 'Formations martiales', 'armes de guerre, armes de tir'),
('pisteur', 1, 'Peuple privilégié', 'Elfe blanc'),
('pisteur', 2, 'Formations martiales', 'armures légères, armes de guerre'),
('porte-bouclier', 1, 'Peuple privilégié', 'Nain de l’ordre du Bouclier'),
('porte-bouclier', 2, 'Formations martiales', 'armures lourdes, armes de guerre, armes de guerre lourdes'),
('porte-etendard', 1, 'Peuple privilégié', 'Ogre'),
('porte-etendard', 2, 'Formations martiales', 'armures légères, armes de guerre'),
('protecteur', 1, 'Peuple privilégié', 'Elfe bleu'),
('protecteur', 2, 'Formations martiales', 'armures lourdes, armes de guerre, armes de trait'),
('rodeur', 1, 'Peuple privilégié', 'Elfe sylvain'),
('rodeur', 2, 'Formations martiales', 'armures lourdes, armes de guerre, armes de jet'),
('sanguinaire', 1, 'Peuple privilégié', 'Ogre'),
('sanguinaire', 2, 'Formations martiales', 'armures légères, armes de guerre lourdes, armes de jet'),
('soldat', 1, 'Peuple privilégié', 'Humain des empires austraux'),
('soldat', 2, 'Formations martiales', 'armures lourdes, armes de guerre, armes de guerres lourdes'),
('trappeur', 1, 'Peuple privilégié', 'Nain de l’ordre des Errants'),
('trappeur', 2, 'Formations martiales', 'armures légères, armes de guerre');

-- --------------------------------------------------------

--
-- Table structure for table `cota_proprietes_equipement`
--

DROP TABLE IF EXISTS `cota_proprietes_equipement`;
CREATE TABLE IF NOT EXISTS `cota_proprietes_equipement` (
  `code` varchar(20) NOT NULL,
  `intitule` varchar(50) NOT NULL,
  `defaut` varchar(250) DEFAULT NULL,
  PRIMARY KEY (`code`)
) ENGINE=InnoDB DEFAULT CHARSET=utf8mb4 COLLATE=utf8mb4_general_ci;

--
-- Dumping data for table `cota_proprietes_equipement`
--

INSERT INTO `cota_proprietes_equipement` (`code`, `intitule`, `defaut`) VALUES
('critique', 'Critique', '20'),
('def', 'DEF', NULL),
('dm1m', 'DM 1 main', NULL),
('dm2m', 'DM 2 mains', NULL),
('for-mini', 'FOR mini', NULL),
('maitrise', 'Maitrise', NULL),
('portee', 'Portée', NULL),
('recharge', 'Recharge', 'M'),
('type-poison', 'Type poison', '[Affaiblissant,Paralysant,Tétanisant,Aveuglant,Lent,Rapide,Violent]'),
('virulence', 'Virulence', NULL);

-- --------------------------------------------------------

--
-- Table structure for table `cota_races`
--

DROP TABLE IF EXISTS `cota_races`;
CREATE TABLE IF NOT EXISTS `cota_races` (
  `race` varchar(20) NOT NULL,
  `intitule` varchar(50) NOT NULL,
  `mod_for` tinyint(4) DEFAULT NULL,
  `mod_dex` tinyint(4) DEFAULT NULL,
  `mod_con` tinyint(4) DEFAULT NULL,
  `mod_int` tinyint(4) DEFAULT NULL,
  `mod_sag` tinyint(4) DEFAULT NULL,
  `mod_cha` tinyint(4) DEFAULT NULL,
  `age_base` smallint(6) DEFAULT NULL,
  `esperance_vie` smallint(6) DEFAULT NULL,
  `taille_min` decimal(3,2) DEFAULT NULL,
  `taille_max` decimal(3,2) DEFAULT NULL,
  `poids_min` smallint(6) DEFAULT NULL,
  `poids_max` smallint(6) DEFAULT NULL,
  `type_race` varchar(5) DEFAULT NULL,
  PRIMARY KEY (`race`)
) ENGINE=InnoDB DEFAULT CHARSET=utf8mb4 COLLATE=utf8mb4_general_ci;

--
-- Dumping data for table `cota_races`
--

INSERT INTO `cota_races` (`race`, `intitule`, `mod_for`, `mod_dex`, `mod_con`, `mod_int`, `mod_sag`, `mod_cha`, `age_base`, `esperance_vie`, `taille_min`, `taille_max`, `poids_min`, `poids_max`, `type_race`) VALUES
('elfe', 'Elfe', -2, NULL, NULL, NULL, NULL, 2, 80, NULL, '1.65', '1.90', 50, 80, NULL),
('gobelin', 'Gobelin', -2, 2, -2, 2, NULL, NULL, 12, 30, '1.00', '1.20', 20, 40, NULL),
('humain', 'Humain', NULL, NULL, NULL, NULL, NULL, NULL, 18, 70, '1.50', '2.00', 40, 120, NULL),
('nain', 'Nain', NULL, -2, 2, NULL, NULL, NULL, 40, 250, '1.15', '1.35', 50, 100, NULL),
('ogre', 'Ogre', 2, -4, 4, -2, NULL, -2, 15, 60, '2.00', '2.50', 200, 340, NULL),
('orc', 'Orc', 2, NULL, 2, -2, NULL, -2, 15, 50, '1.70', '2.20', 70, 170, NULL),
('peaux-vertes', 'Peau verte', NULL, NULL, NULL, NULL, NULL, NULL, NULL, NULL, NULL, NULL, NULL, NULL, NULL),
('semi-elfe', 'Semi-elfe', NULL, NULL, NULL, NULL, NULL, NULL, 20, 150, '1.50', '1.90', 40, 80, NULL);

-- --------------------------------------------------------

--
-- Table structure for table `cota_races_capacites`
--

DROP TABLE IF EXISTS `cota_races_capacites`;
CREATE TABLE IF NOT EXISTS `cota_races_capacites` (
  `race` varchar(20) NOT NULL,
  `capacite` varchar(20) NOT NULL,
  PRIMARY KEY (`race`,`capacite`),
  KEY `cota_races_capacites_race` (`race`),
  KEY `cota_races_capacites_capacite` (`capacite`)
) ENGINE=InnoDB DEFAULT CHARSET=utf8mb4 COLLATE=utf8mb4_general_ci;

--
-- Dumping data for table `cota_races_capacites`
--

INSERT INTO `cota_races_capacites` (`race`, `capacite`) VALUES
('elfe', 'lumiere-des-etoiles'),
('gobelin', 'vision-dans-le-noir'),
('nain', 'instinct-de-survie'),
('ogre', 'endurant'),
('orc', 'instinct-de-survie');

-- --------------------------------------------------------

--
-- Table structure for table `cota_races_traits`
--

DROP TABLE IF EXISTS `cota_races_traits`;
CREATE TABLE IF NOT EXISTS `cota_races_traits` (
  `race` varchar(20) NOT NULL,
  `sequence` tinyint(4) NOT NULL,
  `intitule` varchar(50) NOT NULL,
  `description` text NOT NULL,
  PRIMARY KEY (`race`,`sequence`),
  KEY `cota_races_traits_race` (`race`)
) ENGINE=InnoDB DEFAULT CHARSET=utf8mb4 COLLATE=utf8mb4_general_ci;

--
-- Dumping data for table `cota_races_traits`
--

INSERT INTO `cota_races_traits` (`race`, `sequence`, `intitule`, `description`) VALUES
('elfe', 1, 'Généralités', 'Selon les légendes, les Elfes sont des esprits immortels, seconds enfants d’Arran venus au monde après les dragons et avant les Hommes. Installés partout sur les Terres d’Arran, ils vivent en communautés relativement fermées. Leur immortalité est un don autant qu’une malédiction : elle leur confère une sagesse infinie et en même temps les détache lentement du sort du monde, les entraînant dans une sorte de torpeur.\r\nEn dépit de la nature immortelle des individus qui les composent, la plupart des grandes communautés comptent en leur sein des sages, prophètes ou vénérables à la peau flétrie et l’âge abyssal. Les rumeurs prétendent que le corps et l’âme d’un Elfe sont si intimement liés qu’ils sont le reflet l’un de l’autre, ce qui expliquerait que certains Elfes fatigués ou las paraîtraient bien plus âgés que d’autres.'),
('elfe', 2, 'Noms typiques', 'Noms féminins : Adoraa, Amarie, Aril’em, Bi’leth, Dilya, Eelmyra, Faetris, Fin’nea, Ilimys, Ilsewël, Inaëra, Keydi, Li’erin, Mylaelä, Nälaea, Nue’leth, Phivaaris, Reywarin, Saëli’hn, Selussa, Shaë’len, Sihanien, Teriiani, Tisha, Yes’rieth, Yllagwyn, Yn’asel. \r\nNoms masculins : Arel, Ayen, Carfell, Dae’kalyn, Daemys, Eldaeren, Eld’uin, Elluin, Erolwen, Faardan, Faeren, Ianjyr, Iewin, Ilthur, Kerr’yth, Khaa’ris, Lathaïen, Liagwyn, Mlartlar, Nael, Nar’wen, Nyll, Preswë, Qiro, Rilatar, Tanithil, Yelg’wyn, Ylyn, Waera, Wysalei.'),
('gobelin', 1, 'Généralités', 'Petits, frêles mais rusés, les Gobelins ont pu survivre à la violence des Terres d’Arran et à de nombreux conflits armés l’asservissement par les Orcs ou l’appétit vénal des esclavagistes grâce à deux capacités uniques : une faculté d’adaptation extraordinaire et une propension presque surnaturelle à tirer leur épingle d’un jeu dont ils nient les règles en permanence.\r\nOrganisés en tribus, ils sont capables de mener des guérillas mortelles à l’aide d’escadrons d’archers d’élite ou encore de s’associer avec des groupes d’Ogres ou d’Orcs pour mener des sièges usants et de nature à faire tomber les villes les plus fortifiées.\r\nAu final, le Gobelin reste aventureux. Si la vie de groupe présente des atouts évidents, elle constitue également un frein à l’épanouissement personnel. De nombreux Gobelins ont quitté le mode de vie tribal pour rejoindre de grandes cités humaines et y mener des carrières de brigand et de voleur avec plus ou moins de réussite. Qu’importe, la vie est courte et elle mérite d’être vécue pleinement.'),
('gobelin', 2, 'Noms typiques', 'Noms féminins : Bhui, Elxia, Etolki, Fell, Clyrt, Kiria, Kle, Lluia, Mazzia, Og, Ovyf, Pra, Pyho, Ruir, Selsi, Shee, Sria, Strotha, Ufla, Uggi, Yzzia, Viee. \r\nNoms masculins : Ald, Biek, Brom, Cla’as, Ciz, Dekz, Draam, Fra’asm, Gribs, Iebsic, Iolrirm, Iord, Kabkoic, Kliq, Rerr, Siarkin, Slobs, Vos, Vres, Zral, Zren.'),
('humain', 1, 'Généralités', 'Les Humains constituent un peuple très hétéroclite et très commun sur les Terres d’Arran. Leur installation se fait souvent au détriment des autres peuples. Ils ont colonisé les steppes nordiques hostiles pour fonder la cité d’Aspen en Borduria et ont rendu habitables les terres arides aux marges de la Terre des Ogres pour bâtir l’immense empire Assanide. Les forêts de Duhann et de Daëdenn cèdent chaque année de plus en plus de terrain au développement des cités-Etats de Tarascon et il n’y a guère que les Nains cloîtrés dans leurs imprenables Forteresses-Etats qui ne semblent pas menacés par cette expansion. Pas encore en tout cas.  Les Humains n’ont certes pas la longévité des Elfes ni la robustesse des Nains, mais ils compensent par leur incroyable capacité d’adaptation et une fécondité impressionnante.\r\nCapables du meilleur comme du pire, les sociétés humaines sont variées et il est impossible de les réduire à une définition générale. Les peuples d’Arran victimes de leur xénophobie n’ont souvent connu que les mauvais côtés de certaines communautés humaines. Mais d’autres peuplades, quelques frontières plus loin, vivent en respectant des valeurs et des traditions tout à fait inverses.'),
('humain', 2, 'Noms typiques', 'Noms féminins : Aethria, Aales, Ann, Aphra, Ashae, Ayfara, Bryde, Clymoni, Daeira, Dalleira, Dhesah, Elianora, Elise, Emelyne, Egelina, Gaynore, Helleori, Ianthe, Inle, Jehane, Jivete, Malie, Mareona, Mattie, Melisenda, Merily, Nota, Phaio, Ptelera, Rose, Ulshee, Ysabea.\r\nNoms masculins : Alvan, Ancelm, Daue, Iohannes, Gallien, Geffery, Geoff, Gerald, Hamo, Herry, Herval, Joa, Joscell, Jun, Maina, Mauklom, Nicoll, Niel, Oenus, Raimn, Ran, Ranort, Robb, Roff, Rullo, Simm, Teebald, Tericio, Thomme, Vinlam, Yvoe.'),
('nain', 1, 'Généralités', 'Les Nains sont petits mais musclés et dotés d’une constitution à toute épreuve. Peuple guerrier par excellence, ce sont également des artisans, architectes, médecins et savants d’exception. Leur empire éclaté, majoritairement situé au nord et au sud de l’Ourann, est organisé en ordres rigoureusement cloisonnés et chargés de maintenir la cohésion de forteresses-États. Le plus grand malheur d’un Nain est d’être déchu de son ordre et de devenir un Errant. Une fois atteint l’âge de raison, la plupart des individus masculins arborent une barbe dense, soigneusement coiffée ou tressée et parfois agrémentée d’anneaux en métal. Seules exceptions, notables, les savants et ingénieurs arborent souvent un visage glabre ‒ tantôt par volonté de se démarquer des valeurs guerrières de leurs semblables, tantôt simplement pour des questions pratiques, la pilosité développée pouvant interférer avec l’exercice de leur métier.  Les individus féminins sont tout aussi robustes et vifs d’esprit que leurs homologues masculins mais doivent généralement se faire une place en faisant preuve de caractère dans ces communautés dominées par des traditions patriarcales. La nouvelle génération est en train de bousculer cette construction sociale et, désormais, aucun parcours n’est impossible à une Naine qui voudrait vraiment s’y engager.'),
('nain', 2, 'Noms typiques', 'Noms féminins : Allya, Aravug, Axeel, Damanel, Dey, Dhoki, Dhran, Druseel, Elka, Hazura, Hilde, Hulda, Juvaan, Kimeen, Luzy, Lynn, Lyv, Makrell, Marrea, Meel, Mudd, Oolra, Sapphir, Skodae, Sweel, Thaniss, Tyreen, Uminn, Uriss, Yvren, Zae.\r\nNoms masculins : Alfoldrul, Barikk, Bokhil, Brann, Brarberlug, Damoth, Delver, Caven, Granroc, Flintmaul, Folonor, Grim, Grorroun, Grurrig, Horngut, Komn, Krosseac, Loddoic, Mumdoc, Nalmod, Saggad, Sivras, Thabral, Thunfrak, Warbane.'),
('ogre', 1, 'Généralités', 'Les ogres comptent parmi les humanoïdes les plus grands et puissants des Terres d’Arran. Massifs, musclés, arborant de larges cornes sur leur crâne et souvent disgracieux, ils sont rarement aperçus en dehors des régions du sud, de l’Orient ou des frontières les plus orientales de l’Ourann. Ils sont tellement craints que la plupart des communautés les chassent à vue.\r\nCependant, il arrive que des sociétés commerciales fassent appel à ces êtres d’exception en tant que main-d’oeuvre ou mercenaire. Leur vie n’est pas forcément facile au milieu de la civilisation, mais un simple regard ou grognement suffit à taire toute forme de velléité à leur encontre.\r\nSur le champ de bataille, l’ogre fait partie des adversaires les plus grands : bien que sa taille en fasse une cible facile, toute personne en ayant déjà combattu un – et survécu pour en parler – livrera le témoignage glaçant d’une force de la nature capable de combattre et de tuer malgré des blessures manifestement mortelles.'),
('ogre', 2, 'Noms typiques', 'Les noms ogres sont assez mixtes. Pour les autres peuples, il est impossible de faire la différence entre une femelle et un mâle sur la simple base du prénom. \r\nAnozur, Arog, Brakik, Broukork, Daduzar, Droozug, Gaarag, Glarok, Grezog, Klikor, Murag, Muzig, Nezig, Nizir, Treirig, Uzur, Vaukag, Vrork, Vrigruk, Vroxarag, Vrugark, Xakohr, Xogark, Vrokurek, Wigrut.'),
('orc', 1, 'Généralités', 'Les Orcs sont de grandes créatures incroyablement musclées. Leur visage, généralement considéré comme disgracieux par les autres peuples, n’attire guère la sympathie. Il faut avouer que leurs canines inférieures proéminentes leur confèrent un air perpétuellement féroce. \r\nLe clan ou le groupe est souvent au centre de la vie des Orcs, symbole de stabilité mais aussi synonyme de survie dans un monde qui leur particulièrement hostile. C’est pourquoi, malgré les mésententes ou les conflits, rien n’est plus important que la loyauté envers le clan ou la famille. Dans ce type de communauté, le statut social de l’Orc est lié à sa force, sa capacité à prendre la place du dominant ou bien ses exploits, qu’ils soient liés à la guerre ou à la chasse. \r\nÀ l’extérieur des territoires de leurs clans, les Orcs sont craints pour leur puissance et leurs capacités de combat. Ils sont de ce fait bien souvent traqués comme des bêtes dangereuses.'),
('orc', 2, 'Noms typiques', 'Noms féminins : Bashuk, Batul, Boora, Deleeg, Dura, Durgat, Durz, Elisha, Gashnakh, Kharza, Lambee, Melash, Morn, Olaan, Rysha, Shag’dub, Shel, Shena, Thabel, Tuzel, Urzeel, Usha’an, Yshela, Zera’an.\r\nNoms masculins : Atulg, Cuba, Gorgo, Horr, Igubat, Knah, Krug, Kul’gha, Naguk, Narod, Pomg, Rilug, Saba, Slogh, Ulag, Ur’am, Urlgan, Verr, Viggu, Vitgut, Yakha, Yam, Yogg.'),
('peaux-vertes', 1, 'Généralités', 'Les Peaux vertes forment un grand peuple qui regroupe plusieurs ethnies très différentes les unes des autres, que ce soit morphologiquement ou culturellement. Cependant, à l’échelle des Terres d’Arran, toutes sont souvent considérées de la même façon par les autres peuples en raison de la couleur de leur peau et du danger que peuvent représenter les clans organisés aux frontières de la civilisation. Il est vrai que toutes les Peaux vertes ont des choses en commun. Depuis les temps immémoriaux, les Orcs semblent être en guerre permanente contre la plupart des peuples des Terres d’Arran. Au nord-est, les Ogres menacent dangereusement les forteresses-États naines tandis que souvent les Gobelins prolifèrent dans les bas-fonds des plus grandes villes ou bien s’organisent en tribus de pillards dans les contrées sauvages.\r\nS’il est vrai que les Peaux vertes sont craintes et méprisées, il n’est pas rare pour autant de les croiser en nombre restreint dans certaines villes cosmopolites, négociant leurs services en tant que mercenaires, voleurs ou gardes du corps, la nature les ayant pourvues de formidables capacités physiques prêtes à être monnayées. ');

-- --------------------------------------------------------

--
-- Table structure for table `cota_types_capacite`
--

DROP TABLE IF EXISTS `cota_types_capacite`;
CREATE TABLE IF NOT EXISTS `cota_types_capacite` (
  `type_capacite` varchar(5) NOT NULL,
  `type_capacite_intitule` varchar(50) NOT NULL,
  `type_capacite_config` text DEFAULT NULL,
  PRIMARY KEY (`type_capacite`)
) ENGINE=InnoDB DEFAULT CHARSET=utf8mb4 COLLATE=utf8mb4_general_ci;

--
-- Dumping data for table `cota_types_capacite`
--

INSERT INTO `cota_types_capacite` (`type_capacite`, `type_capacite_intitule`, `type_capacite_config`) VALUES
('cult', 'Culturelle', NULL),
('prest', 'Prestige', NULL),
('race', 'Peuple', NULL),
('tmag', 'Talent magique', NULL);

-- --------------------------------------------------------

--
-- Table structure for table `cota_types_races`
--

DROP TABLE IF EXISTS `cota_types_races`;
CREATE TABLE IF NOT EXISTS `cota_types_races` (
  `type_race` varchar(5) NOT NULL,
  `type_race_intitule` varchar(50) NOT NULL,
  `type_race_config` text DEFAULT NULL,
  PRIMARY KEY (`type_race`)
) ENGINE=InnoDB DEFAULT CHARSET=utf8mb4 COLLATE=utf8mb4_general_ci;

-- --------------------------------------------------------

--
-- Table structure for table `cota_types_voie`
--

DROP TABLE IF EXISTS `cota_types_voie`;
CREATE TABLE IF NOT EXISTS `cota_types_voie` (
  `type_voie` varchar(5) NOT NULL,
  `type_voie_intitule` varchar(50) NOT NULL,
  `type_voie_config` text DEFAULT NULL,
  PRIMARY KEY (`type_voie`)
) ENGINE=InnoDB DEFAULT CHARSET=utf8mb4 COLLATE=utf8mb4_general_ci;

--
-- Dumping data for table `cota_types_voie`
--

INSERT INTO `cota_types_voie` (`type_voie`, `type_voie_intitule`, `type_voie_config`) VALUES
('cult', 'Culturelle', NULL),
('prest', 'Prestige', NULL),
('race', 'Peuple', NULL);

-- --------------------------------------------------------

--
-- Table structure for table `cota_voies`
--

DROP TABLE IF EXISTS `cota_voies`;
CREATE TABLE IF NOT EXISTS `cota_voies` (
  `voie` varchar(20) NOT NULL,
  `nom` varchar(50) NOT NULL,
  `notes` varchar(1024) DEFAULT NULL,
  `type` varchar(5) DEFAULT NULL,
  `pfx_deladu` char(1) NOT NULL,
  `equipement` varchar(1024) NOT NULL,
  PRIMARY KEY (`voie`)
) ENGINE=InnoDB DEFAULT CHARSET=utf8mb4 COLLATE=utf8mb4_general_ci;

--
-- Dumping data for table `cota_voies`
--

INSERT INTO `cota_voies` (`voie`, `nom`, `notes`, `type`, `pfx_deladu`, `equipement`) VALUES
('acrobatie', 'Acrobatie', NULL, NULL, '2', ''),
('alchimie', 'Alchimie', 'Les élixirs alchimiques sont des décoctions instables. Chaque jour, le PJ peut créer jusqu’à deux élixirs par rang atteint dans cette voie. Produire un lot d’élixirs prend une heure, quel qu’en soit le nombre. Ce sont des mélanges instables qui deviennent inopérants après 24 h. Si le PJ ne dispose pas du local ou du matériel adéquat, il peut quand même tenter de préparer des élixirs – avec l’accord du MJ – mais produit, au choix : soit la moitié des élixirs prévus soit des élixirs de qualité médiocre (toutes les variables sont divisées par deux, arrondies à l’inférieur avec une valeur minimale de 1).', NULL, '2', ''),
('arbaletrie', 'Arbalètrie', 'Pour utiliser les capacités suivantes, le PJ doit obligatoirement manier une arme de tir.', NULL, '2', ''),
('archerie', 'Archerie', NULL, NULL, '2', ''),
('arts-druidiques', 'Arts druidiques', NULL, NULL, '3', ''),
('assassinat', 'Assassinat', NULL, NULL, '2', ''),
('bastion', 'Bastion', 'Pour utiliser les capacités suivantes, le PJ doit obligatoirement manier un bouclier.', NULL, '0', ''),
('boheme', 'Bohème', NULL, NULL, '0', ''),
('bravoure', 'Bravoure', NULL, NULL, '1', ''),
('charme', 'Charme', NULL, NULL, '0', ''),
('chasse', 'Chasse', NULL, NULL, '1', ''),
('combat-a-deux-armes', 'Combat à deux armes', NULL, NULL, '0', ''),
('combat-monte', 'Combat monté', NULL, NULL, '0', ''),
('commandement', 'Commandement', NULL, NULL, '0', ''),
('compagnon-animal', 'Compagnon animal', NULL, NULL, '0', ''),
('divination', 'Divination', NULL, NULL, '1', ''),
('elfe', 'Elfe', NULL, 'race', '2', ''),
('elfe-blanc', 'Elfe blanc', NULL, 'cult', '2', ''),
('elfe-bleu', 'Elfe bleu', NULL, 'cult', '2', ''),
('elfe-noir', 'Elfe noir', NULL, 'cult', '2', ''),
('elfe-sylvain', 'Elfe sylvain', NULL, 'cult', '2', ''),
('empires-austraux', 'Humains des Empires austraux', NULL, 'cult', '3', ''),
('envoutement', 'Envoûtement', 'Si une victime résiste à un sort de cette voie, elle y est immunisée pendant 24 h.', NULL, '2', ''),
('escrime', 'Escrime', NULL, NULL, '2', ''),
('ferocite', 'Férocité', NULL, NULL, '1', ''),
('forets', 'Forêts', NULL, NULL, '3', ''),
('fourberie', 'Fourberie', NULL, NULL, '1', ''),
('gobelin', 'Gobelin', NULL, 'cult', '0', ''),
('guerre', 'Guerre', NULL, NULL, '1', ''),
('humain', 'Humain', NULL, 'race', '2', ''),
('illusions', 'Illusions', NULL, NULL, '3', ''),
('magie-elementaliste', 'Magie élémentaliste', NULL, NULL, '1', ''),
('magie-runique', 'Magie runique', 'Aucun des sorts de la voie de la magie runique ne peut bénéficier des effets d’une concentration.', NULL, '1', ''),
('maitrise-des-armes', 'Maitrise des armes', NULL, NULL, '1', ''),
('mitan', 'Humains du Mitan', NULL, 'cult', '3', ''),
('mysticisme', 'Mysticisme', NULL, NULL, '0', ''),
('nain', 'Nain', NULL, 'race', '0', ''),
('ogre', 'Ogre', NULL, 'cult', '2', ''),
('orc', 'Orc', NULL, 'cult', '2', ''),
('ordre-de-la-forge', 'Ordre de la Forge', NULL, 'cult', '2', ''),
('ordre-des-errants', 'Ordre des Errants', NULL, 'cult', '2', ''),
('ordre-du-bouclier', 'Ordre du Bouclier', NULL, 'cult', '2', ''),
('ordre-du-talion', 'Ordre du Talion', NULL, 'cult', '2', ''),
('ordre-du-temple', 'Ordre du Temple', NULL, 'cult', '2', ''),
('peaux-vertes', 'Peaux-vertes', NULL, 'race', '3', ''),
('pugilat', 'Pugilat', NULL, NULL, '0', ''),
('puissance', 'Puissance', NULL, NULL, '1', ''),
('ruines-nordiques', 'Humains des Ruines nordiques', NULL, 'cult', '3', ''),
('sombres-savoirs', 'Sombres savoirs', NULL, NULL, '3', ''),
('terres-orientales', 'Humains des Terres orientales', NULL, 'cult', '3', '');

-- --------------------------------------------------------

--
-- Table structure for table `cota_voies_profils`
--

DROP TABLE IF EXISTS `cota_voies_profils`;
CREATE TABLE IF NOT EXISTS `cota_voies_profils` (
  `profil` varchar(20) NOT NULL,
  `voie` varchar(20) NOT NULL,
  PRIMARY KEY (`profil`,`voie`),
  KEY `cota_voies_profils_profil` (`profil`),
  KEY `cota_voies_profils_voie` (`voie`)
) ENGINE=InnoDB DEFAULT CHARSET=utf8mb4 COLLATE=utf8mb4_general_ci;

--
-- Dumping data for table `cota_voies_profils`
--

INSERT INTO `cota_voies_profils` (`profil`, `voie`) VALUES
('alchimiste', 'alchimie'),
('alchimiste', 'magie-runique'),
('alchimiste', 'sombres-savoirs'),
('ancien', 'forets'),
('ancien', 'magie-elementaliste'),
('ancien', 'sombres-savoirs'),
('apothicaire', 'alchimie'),
('apothicaire', 'arbaletrie'),
('apothicaire', 'bravoure'),
('archer', 'archerie'),
('archer', 'bravoure'),
('archer', 'maitrise-des-armes'),
('assassin', 'assassinat'),
('assassin', 'escrime'),
('assassin', 'fourberie'),
('aumonier', 'commandement'),
('aumonier', 'magie-elementaliste'),
('aumonier', 'sombres-savoirs'),
('barbare', 'bravoure'),
('barbare', 'ferocite'),
('barbare', 'puissance'),
('castagneur', 'bravoure'),
('castagneur', 'fourberie'),
('castagneur', 'pugilat'),
('chasseur', 'archerie'),
('chasseur', 'chasse'),
('chasseur', 'guerre'),
('conseiller', 'boheme'),
('conseiller', 'divination'),
('conseiller', 'envoutement'),
('courtisan', 'boheme'),
('courtisan', 'charme'),
('courtisan', 'escrime'),
('druide', 'arts-druidiques'),
('druide', 'compagnon-animal'),
('druide', 'forets'),
('eclaireur', 'archerie'),
('eclaireur', 'chasse'),
('eclaireur', 'combat-monte'),
('elementaliste', 'escrime'),
('elementaliste', 'magie-elementaliste'),
('elementaliste', 'magie-runique'),
('ensorceleur', 'charme'),
('ensorceleur', 'envoutement'),
('ensorceleur', 'illusions'),
('ermite', 'divination'),
('ermite', 'illusions'),
('ermite', 'pugilat'),
('escroc', 'assassinat'),
('escroc', 'charme'),
('escroc', 'escrime'),
('espion', 'alchimie'),
('espion', 'fourberie'),
('espion', 'illusions'),
('executeur', 'combat-a-deux-armes'),
('executeur', 'guerre'),
('executeur', 'maitrise-des-armes'),
('explorateur', 'boheme'),
('explorateur', 'compagnon-animal'),
('explorateur', 'fourberie'),
('fauconnier', 'archerie'),
('fauconnier', 'arts-druidiques'),
('fauconnier', 'mysticisme'),
('forestier', 'archerie'),
('forestier', 'arts-druidiques'),
('forestier', 'compagnon-animal'),
('forgeron', 'guerre'),
('forgeron', 'magie-runique'),
('forgeron', 'puissance'),
('garde-des-sceaux', 'arbaletrie'),
('garde-des-sceaux', 'combat-a-deux-armes'),
('garde-des-sceaux', 'guerre'),
('garde-du-corps', 'bastion'),
('garde-du-corps', 'maitrise-des-armes'),
('garde-du-corps', 'puissance'),
('guerrier-tribal', 'bastion'),
('guerrier-tribal', 'ferocite'),
('guerrier-tribal', 'guerre'),
('ingenieur', 'arbaletrie'),
('ingenieur', 'magie-runique'),
('ingenieur', 'maitrise-des-armes'),
('mage', 'envoutement'),
('mage', 'illusions'),
('mage', 'magie-elementaliste'),
('marchand', 'boheme'),
('marchand', 'charme'),
('marchand', 'fourberie'),
('marin', 'acrobatie'),
('marin', 'archerie'),
('marin', 'pugilat'),
('mercenaire', 'archerie'),
('mercenaire', 'combat-a-deux-armes'),
('mercenaire', 'maitrise-des-armes'),
('milicien', 'arbaletrie'),
('milicien', 'commandement'),
('milicien', 'maitrise-des-armes'),
('monteur-de-cochon', 'bravoure'),
('monteur-de-cochon', 'combat-monte'),
('monteur-de-cochon', 'guerre'),
('necromancien', 'bravoure'),
('necromancien', 'divination'),
('necromancien', 'sombres-savoirs'),
('noble', 'combat-monte'),
('noble', 'commandement'),
('noble', 'guerre'),
('ombre-lame', 'assassinat'),
('ombre-lame', 'envoutement'),
('ombre-lame', 'sombres-savoirs'),
('pelerin', 'combat-monte'),
('pelerin', 'illusions'),
('pelerin', 'mysticisme'),
('pirate', 'acrobatie'),
('pirate', 'arbaletrie'),
('pirate', 'ferocite'),
('pisteur', 'boheme'),
('pisteur', 'chasse'),
('pisteur', 'maitrise-des-armes'),
('porte-bouclier', 'bastion'),
('porte-bouclier', 'bravoure'),
('porte-bouclier', 'commandement'),
('porte-etendard', 'arts-druidiques'),
('porte-etendard', 'chasse'),
('porte-etendard', 'commandement'),
('pretre', 'commandement'),
('pretre', 'divination'),
('pretre', 'mysticisme'),
('prophete', 'divination'),
('prophete', 'envoutement'),
('prophete', 'mysticisme'),
('protecteur', 'acrobatie'),
('protecteur', 'combat-a-deux-armes'),
('protecteur', 'guerre'),
('rodeur', 'chasse'),
('rodeur', 'combat-a-deux-armes'),
('rodeur', 'maitrise-des-armes'),
('sanguinaire', 'ferocite'),
('sanguinaire', 'guerre'),
('sanguinaire', 'puissance'),
('shaman', 'alchimie'),
('shaman', 'forets'),
('shaman', 'pugilat'),
('soldat', 'bastion'),
('soldat', 'guerre'),
('soldat', 'maitrise-des-armes'),
('trappeur', 'chasse'),
('trappeur', 'compagnon-animal'),
('trappeur', 'fourberie'),
('voleur', 'acrobatie'),
('voleur', 'escrime'),
('voleur', 'fourberie'),
('voyageur', 'archerie'),
('voyageur', 'boheme'),
('voyageur', 'escrime');

-- --------------------------------------------------------

--
-- Table structure for table `pma__bookmark`
--

DROP TABLE IF EXISTS `pma__bookmark`;
CREATE TABLE IF NOT EXISTS `pma__bookmark` (
  `id` int(10) UNSIGNED NOT NULL AUTO_INCREMENT,
  `dbase` varchar(255) NOT NULL DEFAULT '',
  `user` varchar(255) NOT NULL DEFAULT '',
  `label` varchar(255) NOT NULL DEFAULT '',
  `query` text NOT NULL,
  PRIMARY KEY (`id`)
) ENGINE=InnoDB DEFAULT CHARSET=utf8mb4 COLLATE=utf8mb4_general_ci COMMENT='Bookmarks';

-- --------------------------------------------------------

--
-- Table structure for table `pma__central_columns`
--

DROP TABLE IF EXISTS `pma__central_columns`;
CREATE TABLE IF NOT EXISTS `pma__central_columns` (
  `db_name` varchar(64) NOT NULL,
  `col_name` varchar(64) NOT NULL,
  `col_type` varchar(64) NOT NULL,
  `col_length` text DEFAULT NULL,
  `col_collation` varchar(64) NOT NULL,
  `col_isNull` tinyint(1) NOT NULL,
  `col_extra` varchar(255) DEFAULT '',
  `col_default` text DEFAULT NULL,
  PRIMARY KEY (`db_name`,`col_name`)
) ENGINE=InnoDB DEFAULT CHARSET=utf8mb4 COLLATE=utf8mb4_general_ci COMMENT='Central list of columns';

-- --------------------------------------------------------

--
-- Table structure for table `pma__column_info`
--

DROP TABLE IF EXISTS `pma__column_info`;
CREATE TABLE IF NOT EXISTS `pma__column_info` (
  `id` int(10) UNSIGNED NOT NULL AUTO_INCREMENT,
  `db_name` varchar(64) NOT NULL DEFAULT '',
  `table_name` varchar(64) NOT NULL DEFAULT '',
  `column_name` varchar(64) NOT NULL DEFAULT '',
  `comment` varchar(255) NOT NULL DEFAULT '',
  `mimetype` varchar(255) NOT NULL DEFAULT '',
  `transformation` varchar(255) NOT NULL DEFAULT '',
  `transformation_options` varchar(255) NOT NULL DEFAULT '',
  `input_transformation` varchar(255) NOT NULL DEFAULT '',
  `input_transformation_options` varchar(255) NOT NULL DEFAULT '',
  PRIMARY KEY (`id`),
  UNIQUE KEY `db_name` (`db_name`,`table_name`,`column_name`)
) ENGINE=InnoDB DEFAULT CHARSET=utf8mb4 COLLATE=utf8mb4_general_ci COMMENT='Column information for phpMyAdmin';

--
-- Constraints for dumped tables
--

--
-- Constraints for table `coct_capacites_voies`
--
ALTER TABLE `coct_capacites_voies`
  ADD CONSTRAINT `coct_fk_capacites_voies_capacite` FOREIGN KEY (`capacite`) REFERENCES `coct_capacites` (`capacite`) ON UPDATE CASCADE,
  ADD CONSTRAINT `coct_fk_capacites_voies_voie` FOREIGN KEY (`voie`) REFERENCES `coct_voies` (`voie`) ON UPDATE CASCADE;

--
-- Constraints for table `coct_categories_equipement`
--
ALTER TABLE `coct_categories_equipement`
  ADD CONSTRAINT `coct_fk_categorie_parente` FOREIGN KEY (`parent`) REFERENCES `coct_categories_equipement` (`code`) ON UPDATE CASCADE;

--
-- Constraints for table `coct_categories_proprietes`
--
ALTER TABLE `coct_categories_proprietes`
  ADD CONSTRAINT `coct_fk_categories_proprietes_categorie` FOREIGN KEY (`code_categorie`) REFERENCES `coct_categories_equipement` (`code`) ON UPDATE CASCADE,
  ADD CONSTRAINT `coct_fk_categories_proprietes_propriete` FOREIGN KEY (`code_propriete`) REFERENCES `coct_proprietes_equipement` (`code`) ON UPDATE CASCADE;

--
-- Constraints for table `coct_equipement`
--
ALTER TABLE `coct_equipement`
  ADD CONSTRAINT `coct_fk_categorie_equipement` FOREIGN KEY (`categorie`) REFERENCES `coct_categories_equipement` (`code`) ON UPDATE CASCADE;

--
-- Constraints for table `coct_equipement_profils`
--
ALTER TABLE `coct_equipement_profils`
  ADD CONSTRAINT `coct_fk_equipement_profils_equipement` FOREIGN KEY (`equipement`) REFERENCES `coct_equipement` (`code`) ON UPDATE CASCADE,
  ADD CONSTRAINT `coct_fk_equipement_profils_profil` FOREIGN KEY (`profil`) REFERENCES `coct_profils` (`profil`) ON UPDATE CASCADE;

--
-- Constraints for table `coct_equipement_proprietes`
--
ALTER TABLE `coct_equipement_proprietes`
  ADD CONSTRAINT `coct_fk_equipement_proprietes_equipement` FOREIGN KEY (`code_equipement`) REFERENCES `coct_equipement` (`code`) ON UPDATE CASCADE,
  ADD CONSTRAINT `coct_fk_equipement_proprietes_propriete` FOREIGN KEY (`code_propriete`) REFERENCES `coct_proprietes_equipement` (`code`) ON UPDATE CASCADE;

--
-- Constraints for table `coct_profils`
--
ALTER TABLE `coct_profils`
  ADD CONSTRAINT `coct_fk_profils_famille` FOREIGN KEY (`famille`) REFERENCES `coct_familles` (`famille`) ON UPDATE CASCADE;

--
-- Constraints for table `coct_profils_maitrises`
--
ALTER TABLE `coct_profils_maitrises`
  ADD CONSTRAINT `coct_fk_profils_maitrises_equipement` FOREIGN KEY (`equipement`) REFERENCES `coct_equipement` (`code`) ON UPDATE CASCADE,
  ADD CONSTRAINT `coct_fk_profils_maitrises_profil` FOREIGN KEY (`profil`) REFERENCES `coct_profils` (`profil`) ON UPDATE CASCADE;

--
-- Constraints for table `coct_profils_traits`
--
ALTER TABLE `coct_profils_traits`
  ADD CONSTRAINT `coct_fk_profils_traits_profil` FOREIGN KEY (`profil`) REFERENCES `coct_profils` (`profil`) ON UPDATE CASCADE;

--
-- Constraints for table `coct_races_capacites`
--
ALTER TABLE `coct_races_capacites`
  ADD CONSTRAINT `coct_fk_races_capacites_capacite` FOREIGN KEY (`capacite`) REFERENCES `coct_capacites` (`capacite`) ON UPDATE CASCADE,
  ADD CONSTRAINT `coct_fk_races_capacites_race` FOREIGN KEY (`race`) REFERENCES `coct_races` (`race`) ON UPDATE CASCADE;

--
-- Constraints for table `coct_races_traits`
--
ALTER TABLE `coct_races_traits`
  ADD CONSTRAINT `coct_fk_races_traits_race` FOREIGN KEY (`race`) REFERENCES `coct_races` (`race`) ON UPDATE CASCADE;

--
-- Constraints for table `coct_voies_profils`
--
ALTER TABLE `coct_voies_profils`
  ADD CONSTRAINT `coct_fk_voies_profils_profil` FOREIGN KEY (`profil`) REFERENCES `coct_profils` (`profil`) ON UPDATE CASCADE,
  ADD CONSTRAINT `coct_fk_voies_profils_voie` FOREIGN KEY (`voie`) REFERENCES `coct_voies` (`voie`) ON UPDATE CASCADE;

--
-- Constraints for table `cocy_capacites_voies`
--
ALTER TABLE `cocy_capacites_voies`
  ADD CONSTRAINT `cocy_fk_capacites_voies_capacite` FOREIGN KEY (`capacite`) REFERENCES `cocy_capacites` (`capacite`) ON UPDATE CASCADE,
  ADD CONSTRAINT `cocy_fk_capacites_voies_voie` FOREIGN KEY (`voie`) REFERENCES `cocy_voies` (`voie`) ON UPDATE CASCADE;

--
-- Constraints for table `cocy_categories_equipement`
--
ALTER TABLE `cocy_categories_equipement`
  ADD CONSTRAINT `cocy_fk_categorie_parente` FOREIGN KEY (`parent`) REFERENCES `cocy_categories_equipement` (`code`) ON UPDATE CASCADE;

--
-- Constraints for table `cocy_categories_proprietes`
--
ALTER TABLE `cocy_categories_proprietes`
  ADD CONSTRAINT `cocy_fk_categories_proprietes_categorie` FOREIGN KEY (`code_categorie`) REFERENCES `cocy_categories_equipement` (`code`) ON UPDATE CASCADE,
  ADD CONSTRAINT `cocy_fk_categories_proprietes_propriete` FOREIGN KEY (`code_propriete`) REFERENCES `cocy_proprietes_equipement` (`code`) ON UPDATE CASCADE;

--
-- Constraints for table `cocy_equipement`
--
ALTER TABLE `cocy_equipement`
  ADD CONSTRAINT `cocy_fk_equipement_categorie` FOREIGN KEY (`categorie`) REFERENCES `cocy_categories_equipement` (`code`) ON DELETE CASCADE;

--
-- Constraints for table `cocy_equipement_profils`
--
ALTER TABLE `cocy_equipement_profils`
  ADD CONSTRAINT `cocy_fk_equipement_profils_equipement` FOREIGN KEY (`equipement`) REFERENCES `cocy_equipement` (`code`) ON UPDATE CASCADE,
  ADD CONSTRAINT `cocy_fk_equipement_profils_profil` FOREIGN KEY (`profil`) REFERENCES `cocy_profils` (`profil`) ON UPDATE CASCADE;

--
-- Constraints for table `cocy_equipement_proprietes`
--
ALTER TABLE `cocy_equipement_proprietes`
  ADD CONSTRAINT `cocy_fk_equipement_proprietes_equipement` FOREIGN KEY (`code_equipement`) REFERENCES `cocy_equipement` (`code`) ON UPDATE CASCADE,
  ADD CONSTRAINT `cocy_fk_equipement_proprietes_propriete` FOREIGN KEY (`code_propriete`) REFERENCES `cocy_proprietes_equipement` (`code`) ON UPDATE CASCADE;

--
-- Constraints for table `cocy_profils`
--
ALTER TABLE `cocy_profils`
  ADD CONSTRAINT `cocy_fk_profils_famille` FOREIGN KEY (`famille`) REFERENCES `cocy_familles` (`famille`) ON UPDATE CASCADE;

--
-- Constraints for table `cocy_profils_maitrises`
--
ALTER TABLE `cocy_profils_maitrises`
  ADD CONSTRAINT `cocy_fk_profils_maitrises_equipement` FOREIGN KEY (`equipement`) REFERENCES `cocy_equipement` (`code`) ON UPDATE CASCADE,
  ADD CONSTRAINT `cocy_fk_profils_maitrises_profil` FOREIGN KEY (`profil`) REFERENCES `cocy_profils` (`profil`) ON UPDATE CASCADE;

--
-- Constraints for table `cocy_profils_traits`
--
ALTER TABLE `cocy_profils_traits`
  ADD CONSTRAINT `cocy_fk_profils_traits_profil` FOREIGN KEY (`profil`) REFERENCES `cocy_profils` (`profil`) ON UPDATE CASCADE;

--
-- Constraints for table `cocy_races_capacites`
--
ALTER TABLE `cocy_races_capacites`
  ADD CONSTRAINT `cocy_fk_races_capacites_capacite` FOREIGN KEY (`capacite`) REFERENCES `cocy_capacites` (`capacite`) ON UPDATE CASCADE,
  ADD CONSTRAINT `cocy_fk_races_capacites_race` FOREIGN KEY (`race`) REFERENCES `cocy_races` (`race`) ON UPDATE CASCADE;

--
-- Constraints for table `cocy_races_traits`
--
ALTER TABLE `cocy_races_traits`
  ADD CONSTRAINT `cocy_fk_races_traits_race` FOREIGN KEY (`race`) REFERENCES `cocy_races` (`race`) ON UPDATE CASCADE;

--
-- Constraints for table `cocy_voies_profils`
--
ALTER TABLE `cocy_voies_profils`
  ADD CONSTRAINT `cocy_fk_voies_profils_profil` FOREIGN KEY (`profil`) REFERENCES `cocy_profils` (`profil`) ON UPDATE CASCADE,
  ADD CONSTRAINT `cocy_fk_voies_profils_voie` FOREIGN KEY (`voie`) REFERENCES `cocy_voies` (`voie`) ON UPDATE CASCADE;

--
-- Constraints for table `coc_capacites_voies`
--
ALTER TABLE `coc_capacites_voies`
  ADD CONSTRAINT `coc_fk_capacites_voies_capacite` FOREIGN KEY (`capacite`) REFERENCES `coc_capacites` (`capacite`) ON UPDATE CASCADE,
  ADD CONSTRAINT `coc_fk_capacites_voies_voie` FOREIGN KEY (`voie`) REFERENCES `coc_voies` (`voie`) ON UPDATE CASCADE;

--
-- Constraints for table `coc_categories_equipement`
--
ALTER TABLE `coc_categories_equipement`
  ADD CONSTRAINT `coc_fk_categorie_parente` FOREIGN KEY (`parent`) REFERENCES `coc_categories_equipement` (`code`) ON UPDATE CASCADE;

--
-- Constraints for table `coc_categories_proprietes`
--
ALTER TABLE `coc_categories_proprietes`
  ADD CONSTRAINT `coc_fk_categories_proprietes_categorie` FOREIGN KEY (`code_categorie`) REFERENCES `coc_categories_equipement` (`code`) ON UPDATE CASCADE,
  ADD CONSTRAINT `coc_fk_categories_proprietes_propriete` FOREIGN KEY (`code_propriete`) REFERENCES `coc_proprietes_equipement` (`code`) ON UPDATE CASCADE;

--
-- Constraints for table `coc_equipement`
--
ALTER TABLE `coc_equipement`
  ADD CONSTRAINT `coc_fk_equipement_categorie` FOREIGN KEY (`categorie`) REFERENCES `coc_categories_equipement` (`code`) ON DELETE CASCADE;

--
-- Constraints for table `coc_equipement_profils`
--
ALTER TABLE `coc_equipement_profils`
  ADD CONSTRAINT `coc_fk_equipement_profils_equipement` FOREIGN KEY (`equipement`) REFERENCES `coc_equipement` (`code`) ON UPDATE CASCADE,
  ADD CONSTRAINT `coc_fk_equipement_profils_profil` FOREIGN KEY (`profil`) REFERENCES `coc_profils` (`profil`) ON UPDATE CASCADE;

--
-- Constraints for table `coc_equipement_proprietes`
--
ALTER TABLE `coc_equipement_proprietes`
  ADD CONSTRAINT `coc_fk_equipement_proprietes_equipement` FOREIGN KEY (`code_equipement`) REFERENCES `coc_equipement` (`code`) ON UPDATE CASCADE,
  ADD CONSTRAINT `coc_fk_equipement_proprietes_propriete` FOREIGN KEY (`code_propriete`) REFERENCES `coc_proprietes_equipement` (`code`) ON UPDATE CASCADE;

--
-- Constraints for table `coc_profils`
--
ALTER TABLE `coc_profils`
  ADD CONSTRAINT `coc_fk_profils_famille` FOREIGN KEY (`famille`) REFERENCES `coc_familles` (`famille`) ON UPDATE CASCADE;

--
-- Constraints for table `coc_profils_maitrises`
--
ALTER TABLE `coc_profils_maitrises`
  ADD CONSTRAINT `coc_fk_profils_maitrises_equipement` FOREIGN KEY (`equipement`) REFERENCES `coc_equipement` (`code`) ON UPDATE CASCADE,
  ADD CONSTRAINT `coc_fk_profils_maitrises_profil` FOREIGN KEY (`profil`) REFERENCES `coc_profils` (`profil`) ON UPDATE CASCADE;

--
-- Constraints for table `coc_profils_traits`
--
ALTER TABLE `coc_profils_traits`
  ADD CONSTRAINT `coc_fk_profils_traits_profil` FOREIGN KEY (`profil`) REFERENCES `coc_profils` (`profil`) ON UPDATE CASCADE;

--
-- Constraints for table `coc_races_capacites`
--
ALTER TABLE `coc_races_capacites`
  ADD CONSTRAINT `coc_fk_races_capacites_capacite` FOREIGN KEY (`capacite`) REFERENCES `coc_capacites` (`capacite`) ON UPDATE CASCADE,
  ADD CONSTRAINT `coc_fk_races_capacites_race` FOREIGN KEY (`race`) REFERENCES `coc_races` (`race`) ON UPDATE CASCADE;

--
-- Constraints for table `coc_races_traits`
--
ALTER TABLE `coc_races_traits`
  ADD CONSTRAINT `coc_fk_races_traits_race` FOREIGN KEY (`race`) REFERENCES `coc_races` (`race`) ON UPDATE CASCADE;

--
-- Constraints for table `coc_voies_profils`
--
ALTER TABLE `coc_voies_profils`
  ADD CONSTRAINT `coc_fk_voies_profils_profil` FOREIGN KEY (`profil`) REFERENCES `coc_profils` (`profil`) ON UPDATE CASCADE,
  ADD CONSTRAINT `coc_fk_voies_profils_voie` FOREIGN KEY (`voie`) REFERENCES `coc_voies` (`voie`) ON UPDATE CASCADE;

--
-- Constraints for table `cof_capacites_voies`
--
ALTER TABLE `cof_capacites_voies`
  ADD CONSTRAINT `cof_fk_capacites_voies_capacite` FOREIGN KEY (`capacite`) REFERENCES `cof_capacites` (`capacite`) ON UPDATE CASCADE,
  ADD CONSTRAINT `cof_fk_capacites_voies_voie` FOREIGN KEY (`voie`) REFERENCES `cof_voies` (`voie`) ON UPDATE CASCADE;

--
-- Constraints for table `cof_categories_equipement`
--
ALTER TABLE `cof_categories_equipement`
  ADD CONSTRAINT `cof_fk_categorie_parente` FOREIGN KEY (`parent`) REFERENCES `cof_categories_equipement` (`code`) ON UPDATE CASCADE;

--
-- Constraints for table `cof_categories_proprietes`
--
ALTER TABLE `cof_categories_proprietes`
  ADD CONSTRAINT `cof_fk_categories_proprietes_categorie` FOREIGN KEY (`code_categorie`) REFERENCES `cof_categories_equipement` (`code`) ON UPDATE CASCADE,
  ADD CONSTRAINT `cof_fk_categories_proprietes_propriete` FOREIGN KEY (`code_propriete`) REFERENCES `cof_proprietes_equipement` (`code`) ON UPDATE CASCADE;

--
-- Constraints for table `cof_equipement`
--
ALTER TABLE `cof_equipement`
  ADD CONSTRAINT `cof_fk_categorie_equipement` FOREIGN KEY (`categorie`) REFERENCES `cof_categories_equipement` (`code`) ON UPDATE CASCADE;

--
-- Constraints for table `cof_equipement_profils`
--
ALTER TABLE `cof_equipement_profils`
  ADD CONSTRAINT `cof_fk_equipement_profils_equipement` FOREIGN KEY (`equipement`) REFERENCES `cof_equipement` (`code`) ON UPDATE CASCADE,
  ADD CONSTRAINT `cof_fk_equipement_profils_profil` FOREIGN KEY (`profil`) REFERENCES `cof_profils` (`profil`) ON UPDATE CASCADE;

--
-- Constraints for table `cof_equipement_proprietes`
--
ALTER TABLE `cof_equipement_proprietes`
  ADD CONSTRAINT `cof_fk_equipement_proprietes_equipement` FOREIGN KEY (`code_equipement`) REFERENCES `cof_equipement` (`code`) ON UPDATE CASCADE,
  ADD CONSTRAINT `cof_fk_equipement_proprietes_propriete` FOREIGN KEY (`code_propriete`) REFERENCES `cof_proprietes_equipement` (`code`) ON UPDATE CASCADE;

--
-- Constraints for table `cof_profils`
--
ALTER TABLE `cof_profils`
  ADD CONSTRAINT `cof_fk_profils_famille` FOREIGN KEY (`famille`) REFERENCES `cof_familles` (`famille`) ON UPDATE CASCADE;

--
-- Constraints for table `cof_profils_maitrises`
--
ALTER TABLE `cof_profils_maitrises`
  ADD CONSTRAINT `cof_fk_profils_maitrises_equipement` FOREIGN KEY (`equipement`) REFERENCES `cof_equipement` (`code`) ON UPDATE CASCADE,
  ADD CONSTRAINT `cof_fk_profils_maitrises_profil` FOREIGN KEY (`profil`) REFERENCES `cof_profils` (`profil`) ON UPDATE CASCADE;

--
-- Constraints for table `cof_profils_traits`
--
ALTER TABLE `cof_profils_traits`
  ADD CONSTRAINT `cof_fk_profils_traits_profil` FOREIGN KEY (`profil`) REFERENCES `cof_profils` (`profil`) ON UPDATE CASCADE;

--
-- Constraints for table `cof_races_capacites`
--
ALTER TABLE `cof_races_capacites`
  ADD CONSTRAINT `cof_fk_races_capacites_capacite` FOREIGN KEY (`capacite`) REFERENCES `cof_capacites` (`capacite`) ON UPDATE CASCADE,
  ADD CONSTRAINT `cof_fk_races_capacites_race` FOREIGN KEY (`race`) REFERENCES `cof_races` (`race`) ON UPDATE CASCADE;

--
-- Constraints for table `cof_races_traits`
--
ALTER TABLE `cof_races_traits`
  ADD CONSTRAINT `cof_fk_races_traits_race` FOREIGN KEY (`race`) REFERENCES `cof_races` (`race`) ON UPDATE CASCADE;

--
-- Constraints for table `cof_voies_profils`
--
ALTER TABLE `cof_voies_profils`
  ADD CONSTRAINT `cof_fk_voies_profils_profil` FOREIGN KEY (`profil`) REFERENCES `cof_profils` (`profil`) ON UPDATE CASCADE,
  ADD CONSTRAINT `cof_fk_voies_profils_voie` FOREIGN KEY (`voie`) REFERENCES `cof_voies` (`voie`) ON UPDATE CASCADE;

--
-- Constraints for table `cog_capacites_voies`
--
ALTER TABLE `cog_capacites_voies`
  ADD CONSTRAINT `cga_fk_capacites_voies_capacite` FOREIGN KEY (`capacite`) REFERENCES `cog_capacites` (`capacite`) ON UPDATE CASCADE,
  ADD CONSTRAINT `cga_fk_capacites_voies_voie` FOREIGN KEY (`voie`) REFERENCES `cog_voies` (`voie`) ON UPDATE CASCADE;

--
-- Constraints for table `cog_categories_equipement`
--
ALTER TABLE `cog_categories_equipement`
  ADD CONSTRAINT `cga_fk_categorie_parente` FOREIGN KEY (`parent`) REFERENCES `cog_categories_equipement` (`code`) ON UPDATE CASCADE;

--
-- Constraints for table `cog_categories_proprietes`
--
ALTER TABLE `cog_categories_proprietes`
  ADD CONSTRAINT `cga_fk_categories_proprietes_categorie` FOREIGN KEY (`code_categorie`) REFERENCES `cog_categories_equipement` (`code`) ON UPDATE CASCADE,
  ADD CONSTRAINT `cga_fk_categories_proprietes_propriete` FOREIGN KEY (`code_propriete`) REFERENCES `cog_proprietes_equipement` (`code`) ON UPDATE CASCADE;

--
-- Constraints for table `cog_equipement`
--
ALTER TABLE `cog_equipement`
  ADD CONSTRAINT `cga_fk_equipement_categorie` FOREIGN KEY (`categorie`) REFERENCES `cog_categories_equipement` (`code`) ON DELETE CASCADE;

--
-- Constraints for table `cog_equipement_profils`
--
ALTER TABLE `cog_equipement_profils`
  ADD CONSTRAINT `cga_fk_equipement_profils_equipement` FOREIGN KEY (`equipement`) REFERENCES `cog_equipement` (`code`) ON UPDATE CASCADE,
  ADD CONSTRAINT `cga_fk_equipement_profils_profil` FOREIGN KEY (`profil`) REFERENCES `cog_profils` (`profil`) ON UPDATE CASCADE;

--
-- Constraints for table `cog_equipement_proprietes`
--
ALTER TABLE `cog_equipement_proprietes`
  ADD CONSTRAINT `cga_fk_equipement_proprietes_equipement` FOREIGN KEY (`code_equipement`) REFERENCES `cog_equipement` (`code`) ON UPDATE CASCADE,
  ADD CONSTRAINT `cga_fk_equipement_proprietes_propriete` FOREIGN KEY (`code_propriete`) REFERENCES `cog_proprietes_equipement` (`code`) ON UPDATE CASCADE;

--
-- Constraints for table `cog_profils`
--
ALTER TABLE `cog_profils`
  ADD CONSTRAINT `cga_fk_profils_famille` FOREIGN KEY (`famille`) REFERENCES `cog_familles` (`famille`) ON UPDATE CASCADE;

--
-- Constraints for table `cog_profils_maitrises`
--
ALTER TABLE `cog_profils_maitrises`
  ADD CONSTRAINT `cga_fk_profils_maitrises_equipement` FOREIGN KEY (`equipement`) REFERENCES `cog_equipement` (`code`) ON UPDATE CASCADE,
  ADD CONSTRAINT `cga_fk_profils_maitrises_profil` FOREIGN KEY (`profil`) REFERENCES `cog_profils` (`profil`) ON UPDATE CASCADE;

--
-- Constraints for table `cog_profils_traits`
--
ALTER TABLE `cog_profils_traits`
  ADD CONSTRAINT `cga_fk_profils_traits_profil` FOREIGN KEY (`profil`) REFERENCES `cog_profils` (`profil`) ON UPDATE CASCADE;

--
-- Constraints for table `cog_races_capacites`
--
ALTER TABLE `cog_races_capacites`
  ADD CONSTRAINT `cga_fk_races_capacites_capacite` FOREIGN KEY (`capacite`) REFERENCES `cog_capacites` (`capacite`) ON UPDATE CASCADE,
  ADD CONSTRAINT `cga_fk_races_capacites_race` FOREIGN KEY (`race`) REFERENCES `cog_races` (`race`) ON UPDATE CASCADE;

--
-- Constraints for table `cog_races_traits`
--
ALTER TABLE `cog_races_traits`
  ADD CONSTRAINT `cga_fk_races_traits_race` FOREIGN KEY (`race`) REFERENCES `cog_races` (`race`) ON UPDATE CASCADE;

--
-- Constraints for table `cog_voies_profils`
--
ALTER TABLE `cog_voies_profils`
  ADD CONSTRAINT `cga_fk_voies_profils_profil` FOREIGN KEY (`profil`) REFERENCES `cog_profils` (`profil`) ON UPDATE CASCADE,
  ADD CONSTRAINT `cga_fk_voies_profils_voie` FOREIGN KEY (`voie`) REFERENCES `cog_voies` (`voie`) ON UPDATE CASCADE;

--
-- Constraints for table `cota_capacites_voies`
--
ALTER TABLE `cota_capacites_voies`
  ADD CONSTRAINT `cota_fk_capacites_voies_capacite` FOREIGN KEY (`capacite`) REFERENCES `cota_capacites` (`capacite`) ON UPDATE CASCADE,
  ADD CONSTRAINT `cota_fk_capacites_voies_voie` FOREIGN KEY (`voie`) REFERENCES `cota_voies` (`voie`) ON UPDATE CASCADE;

--
-- Constraints for table `cota_categories_equipement`
--
ALTER TABLE `cota_categories_equipement`
  ADD CONSTRAINT `cota_fk_categorie_parente` FOREIGN KEY (`parent`) REFERENCES `cota_categories_equipement` (`code`) ON UPDATE CASCADE;

--
-- Constraints for table `cota_categories_proprietes`
--
ALTER TABLE `cota_categories_proprietes`
  ADD CONSTRAINT `cota_fk_categories_proprietes_categorie` FOREIGN KEY (`code_categorie`) REFERENCES `cota_categories_equipement` (`code`) ON UPDATE CASCADE,
  ADD CONSTRAINT `cota_fk_categories_proprietes_propriete` FOREIGN KEY (`code_propriete`) REFERENCES `cota_proprietes_equipement` (`code`) ON UPDATE CASCADE;

--
-- Constraints for table `cota_equipement`
--
ALTER TABLE `cota_equipement`
  ADD CONSTRAINT `cota_fk_categorie_equipement` FOREIGN KEY (`categorie`) REFERENCES `cota_categories_equipement` (`code`) ON UPDATE CASCADE;

--
-- Constraints for table `cota_equipement_profils`
--
ALTER TABLE `cota_equipement_profils`
  ADD CONSTRAINT `cota_fk_equipement_profils_equipement` FOREIGN KEY (`equipement`) REFERENCES `cota_equipement` (`code`) ON UPDATE CASCADE,
  ADD CONSTRAINT `cota_fk_equipement_profils_profil` FOREIGN KEY (`profil`) REFERENCES `cota_profils` (`profil`) ON UPDATE CASCADE;

--
-- Constraints for table `cota_equipement_proprietes`
--
ALTER TABLE `cota_equipement_proprietes`
  ADD CONSTRAINT `cota_fk_equipement_proprietes_equipement` FOREIGN KEY (`code_equipement`) REFERENCES `cota_equipement` (`code`) ON UPDATE CASCADE,
  ADD CONSTRAINT `cota_fk_equipement_proprietes_propriete` FOREIGN KEY (`code_propriete`) REFERENCES `cota_proprietes_equipement` (`code`) ON UPDATE CASCADE;

--
-- Constraints for table `cota_profils`
--
ALTER TABLE `cota_profils`
  ADD CONSTRAINT `cota_fk_profils_famille` FOREIGN KEY (`famille`) REFERENCES `cota_familles` (`famille`) ON UPDATE CASCADE;

--
-- Constraints for table `cota_profils_maitrises`
--
ALTER TABLE `cota_profils_maitrises`
  ADD CONSTRAINT `cota_fk_profils_maitrises_equipement` FOREIGN KEY (`equipement`) REFERENCES `cota_equipement` (`code`) ON UPDATE CASCADE,
  ADD CONSTRAINT `cota_fk_profils_maitrises_profil` FOREIGN KEY (`profil`) REFERENCES `cota_profils` (`profil`) ON UPDATE CASCADE;

--
-- Constraints for table `cota_profils_traits`
--
ALTER TABLE `cota_profils_traits`
  ADD CONSTRAINT `cota_fk_profils_traits_profil` FOREIGN KEY (`profil`) REFERENCES `cota_profils` (`profil`) ON UPDATE CASCADE;

--
-- Constraints for table `cota_races_capacites`
--
ALTER TABLE `cota_races_capacites`
  ADD CONSTRAINT `cota_fk_races_capacites_capacite` FOREIGN KEY (`capacite`) REFERENCES `cota_capacites` (`capacite`) ON UPDATE CASCADE,
  ADD CONSTRAINT `cota_fk_races_capacites_race` FOREIGN KEY (`race`) REFERENCES `cota_races` (`race`) ON UPDATE CASCADE;

--
-- Constraints for table `cota_races_traits`
--
ALTER TABLE `cota_races_traits`
  ADD CONSTRAINT `cota_fk_races_traits_race` FOREIGN KEY (`race`) REFERENCES `cota_races` (`race`) ON UPDATE CASCADE;

--
-- Constraints for table `cota_voies_profils`
--
ALTER TABLE `cota_voies_profils`
  ADD CONSTRAINT `cota_fk_voies_profils_profil` FOREIGN KEY (`profil`) REFERENCES `cota_profils` (`profil`) ON UPDATE CASCADE,
  ADD CONSTRAINT `cota_fk_voies_profils_voie` FOREIGN KEY (`voie`) REFERENCES `cota_voies` (`voie`) ON UPDATE CASCADE;
COMMIT;

/*!40101 SET CHARACTER_SET_CLIENT=@OLD_CHARACTER_SET_CLIENT */;
/*!40101 SET CHARACTER_SET_RESULTS=@OLD_CHARACTER_SET_RESULTS */;
/*!40101 SET COLLATION_CONNECTION=@OLD_COLLATION_CONNECTION */;
